ordinal,name,primary,secondary,rarity,archetype,biomes,time_lock,weekday_lock,weather_boost,final_size,max_kb,evolves_from,evolves_to,evolution_trigger,start_level,guaranteed_level,ai_prompt
0,Lobstepi,Fire,Wood,Common,crab,Desert|Cave,any,Saturday,Heat,96x96,5,,,,,,"Pokemon-style monster creature named ""Lobstepi"". RARITY TIER: Common (simple form, 1-2 distinguishing details). OUTPUT VIEWS: render three separate images per creature — (1) full-body front view, (2) three-quarter back view rotated ~135 degrees from front, (3) pure side-profile view. GENERATION RES: render at 512x512 for AI quality, then DOWNSCALE to FINAL 96x96 PNG. FINAL IMAGE SPECS: 96x96 PNG, transparent background, indexed palette (max 256 colors), TARGET FILE SIZE: under 5 KB per image. Use clean Pokemon-style line art, vibrant saturated colors, single creature centered in frame, tightly cropped to creature edges (no padding wider than 2px), no text or watermarks."
1,Croloon,Water,,Common,quadruped,Beach|Harbor|Marsh,any,Friday,Rain,96x96,5,Chimemite,,,,,"Pokemon-style monster creature named ""Croloon"". RARITY TIER: Common (simple form, 1-2 distinguishing details). EVOLUTION CHAIN: stage 2 of 2 (chain ""water_chain_2""). Pre-evolution: ""Chimemite"" — this creature evolved FROM ""Chimemite"". Preserve a recognizably similar body shape and family identity to ""Chimemite"", but with extra detail layers, larger size (~10-15%), upgraded markings, more pronounced presence. Maintain visual continuity across the entire 2-stage chain — same family identity, recognizable shape across stages. OUTPUT VIEWS: render three separate images per creature — (1) full-body front view, (2) three-quarter back view rotated ~135 degrees from front, (3) pure side-profile view. GENERATION RES: render at 512x512 for AI quality, then DOWNSCALE to FINAL 96x96 PNG. FINAL IMAGE SPECS: 96x96 PNG, transparent background, indexed palette (max 256 colors), TARGET FILE SIZE: under 5 KB per image. Use clean Pokemon-style line art, vibrant saturated colors, single creature centered in frame, tightly cropped to creature edges (no padding wider than 2px), no text or watermarks."
2,Hippong,Ice,Wind,Common,mythic-form,Mountain|WaterSurface,any,Wednesday,Snow,96x96,5,,,,,,"Pokemon-style monster creature named ""Hippong"". RARITY TIER: Common (simple form, 1-2 distinguishing details). OUTPUT VIEWS: render three separate images per creature — (1) full-body front view, (2) three-quarter back view rotated ~135 degrees from front, (3) pure side-profile view. GENERATION RES: render at 512x512 for AI quality, then DOWNSCALE to FINAL 96x96 PNG. FINAL IMAGE SPECS: 96x96 PNG, transparent background, indexed palette (max 256 colors), TARGET FILE SIZE: under 5 KB per image. Use clean Pokemon-style line art, vibrant saturated colors, single creature centered in frame, tightly cropped to creature edges (no padding wider than 2px), no text or watermarks."
3,Demonkey,Earth,Fire,Common,simian,Forest|Mountain|Desert,any,Sunday,any,96x96,5,Crocodos,,,,,"Pokemon-style monster creature named ""Demonkey"". RARITY TIER: Common (simple form, 1-2 distinguishing details). EVOLUTION CHAIN: stage 3 of 3 (chain ""earth_chain_6""). Pre-evolution: ""Crocodos"" — this creature evolved FROM ""Crocodos"". Preserve a recognizably similar body shape and family identity to ""Crocodos"", but with extra detail layers, larger size (~10-15%), upgraded markings, more pronounced presence. Maintain visual continuity across the entire 3-stage chain — same family identity, recognizable shape across stages. OUTPUT VIEWS: render three separate images per creature — (1) full-body front view, (2) three-quarter back view rotated ~135 degrees from front, (3) pure side-profile view. GENERATION RES: render at 512x512 for AI quality, then DOWNSCALE to FINAL 96x96 PNG. FINAL IMAGE SPECS: 96x96 PNG, transparent background, indexed palette (max 256 colors), TARGET FILE SIZE: under 5 KB per image. Use clean Pokemon-style line art, vibrant saturated colors, single creature centered in frame, tightly cropped to creature edges (no padding wider than 2px), no text or watermarks."
4,Octopaza,Wood,,Common,octopus,Forest|Plains,day-preferred,Sunday,any,96x96,5,,,,,,"Pokemon-style monster creature named ""Octopaza"". RARITY TIER: Common (simple form, 1-2 distinguishing details). OUTPUT VIEWS: render three separate images per creature — (1) full-body front view, (2) three-quarter back view rotated ~135 degrees from front, (3) pure side-profile view. GENERATION RES: render at 512x512 for AI quality, then DOWNSCALE to FINAL 96x96 PNG. FINAL IMAGE SPECS: 96x96 PNG, transparent background, indexed palette (max 256 colors), TARGET FILE SIZE: under 5 KB per image. Use clean Pokemon-style line art, vibrant saturated colors, single creature centered in frame, tightly cropped to creature edges (no padding wider than 2px), no text or watermarks."
5,Shaplume,Metal,Crystal,Common,bird,Cave|Castle|Harbor,any,Monday,any,96x96,5,,,,,,"Pokemon-style monster creature named ""Shaplume"". RARITY TIER: Common (simple form, 1-2 distinguishing details). OUTPUT VIEWS: render three separate images per creature — (1) full-body front view, (2) three-quarter back view rotated ~135 degrees from front, (3) pure side-profile view. GENERATION RES: render at 512x512 for AI quality, then DOWNSCALE to FINAL 96x96 PNG. FINAL IMAGE SPECS: 96x96 PNG, transparent background, indexed palette (max 256 colors), TARGET FILE SIZE: under 5 KB per image. Use clean Pokemon-style line art, vibrant saturated colors, single creature centered in frame, tightly cropped to creature edges (no padding wider than 2px), no text or watermarks."
6,Armanium,Storm,,Common,mythic-form,Beach|Mountain,any,Thursday,Rain,96x96,5,,Baphy,level,10,20,"Pokemon-style monster creature named ""Armanium"". RARITY TIER: Common (simple form, 1-2 distinguishing details). EVOLUTION CHAIN: stage 1 of 2 (chain ""storm_chain_2""). Evolves INTO: ""Baphy"" (trigger: level, guaranteed by lvl 20). Foreshadow features that will become more prominent in ""Baphy"" — keep family identity consistent so the next stage feels like a natural maturation, not a different creature. Maintain visual continuity across the entire 2-stage chain — same family identity, recognizable shape across stages. OUTPUT VIEWS: render three separate images per creature — (1) full-body front view, (2) three-quarter back view rotated ~135 degrees from front, (3) pure side-profile view. GENERATION RES: render at 512x512 for AI quality, then DOWNSCALE to FINAL 96x96 PNG. FINAL IMAGE SPECS: 96x96 PNG, transparent background, indexed palette (max 256 colors), TARGET FILE SIZE: under 5 KB per image. Use clean Pokemon-style line art, vibrant saturated colors, single creature centered in frame, tightly cropped to creature edges (no padding wider than 2px), no text or watermarks."
7,Whirlpecker,Wind,Earth,Common,spirit-form,Plains|Mountain,any,Friday,Foehn,96x96,5,,,,,,"Pokemon-style monster creature named ""Whirlpecker"". RARITY TIER: Common (simple form, 1-2 distinguishing details). OUTPUT VIEWS: render three separate images per creature — (1) full-body front view, (2) three-quarter back view rotated ~135 degrees from front, (3) pure side-profile view. GENERATION RES: render at 512x512 for AI quality, then DOWNSCALE to FINAL 96x96 PNG. FINAL IMAGE SPECS: 96x96 PNG, transparent background, indexed palette (max 256 colors), TARGET FILE SIZE: under 5 KB per image. Use clean Pokemon-style line art, vibrant saturated colors, single creature centered in frame, tightly cropped to creature edges (no padding wider than 2px), no text or watermarks."
8,Terrohawk,Shadow,Light,Common,beast,Cave|Marsh|Sanctum,night-only,Wednesday,Fog,96x96,5,,,,,,"Pokemon-style monster creature named ""Terrohawk"". RARITY TIER: Common (simple form, 1-2 distinguishing details). OUTPUT VIEWS: render three separate images per creature — (1) full-body front view, (2) three-quarter back view rotated ~135 degrees from front, (3) pure side-profile view. GENERATION RES: render at 512x512 for AI quality, then DOWNSCALE to FINAL 96x96 PNG. FINAL IMAGE SPECS: 96x96 PNG, transparent background, indexed palette (max 256 colors), TARGET FILE SIZE: under 5 KB per image. Use clean Pokemon-style line art, vibrant saturated colors, single creature centered in frame, tightly cropped to creature edges (no padding wider than 2px), no text or watermarks."
9,Scorpilix,Light,,Common,insect,Castle|Sanctum|Town,day-only,Tuesday,any,96x96,5,,,,,,"Pokemon-style monster creature named ""Scorpilix"". RARITY TIER: Common (simple form, 1-2 distinguishing details). OUTPUT VIEWS: render three separate images per creature — (1) full-body front view, (2) three-quarter back view rotated ~135 degrees from front, (3) pure side-profile view. GENERATION RES: render at 512x512 for AI quality, then DOWNSCALE to FINAL 96x96 PNG. FINAL IMAGE SPECS: 96x96 PNG, transparent background, indexed palette (max 256 colors), TARGET FILE SIZE: under 5 KB per image. Use clean Pokemon-style line art, vibrant saturated colors, single creature centered in frame, tightly cropped to creature edges (no padding wider than 2px), no text or watermarks."
10,Magicatross,Venom,Blood,Common,cat,Marsh|Cave|Sanctum,dawn-dusk-only,Saturday,any,96x96,5,,,,,,"Pokemon-style monster creature named ""Magicatross"". RARITY TIER: Common (simple form, 1-2 distinguishing details). OUTPUT VIEWS: render three separate images per creature — (1) full-body front view, (2) three-quarter back view rotated ~135 degrees from front, (3) pure side-profile view. GENERATION RES: render at 512x512 for AI quality, then DOWNSCALE to FINAL 96x96 PNG. FINAL IMAGE SPECS: 96x96 PNG, transparent background, indexed palette (max 256 colors), TARGET FILE SIZE: under 5 KB per image. Use clean Pokemon-style line art, vibrant saturated colors, single creature centered in frame, tightly cropped to creature edges (no padding wider than 2px), no text or watermarks."
11,Horroguin,Cosmic,,Common,mythic-form,Sanctum|Mountain,night-only,Wednesday,any,96x96,5,,,,,,"Pokemon-style monster creature named ""Horroguin"". RARITY TIER: Common (simple form, 1-2 distinguishing details). OUTPUT VIEWS: render three separate images per creature — (1) full-body front view, (2) three-quarter back view rotated ~135 degrees from front, (3) pure side-profile view. GENERATION RES: render at 512x512 for AI quality, then DOWNSCALE to FINAL 96x96 PNG. FINAL IMAGE SPECS: 96x96 PNG, transparent background, indexed palette (max 256 colors), TARGET FILE SIZE: under 5 KB per image. Use clean Pokemon-style line art, vibrant saturated colors, single creature centered in frame, tightly cropped to creature edges (no padding wider than 2px), no text or watermarks."
12,Shelmite,Aether,Shadow,Common,crab,Sanctum|Town,any,any,any,96x96,5,,,,,,"Pokemon-style monster creature named ""Shelmite"". RARITY TIER: Common (simple form, 1-2 distinguishing details). OUTPUT VIEWS: render three separate images per creature — (1) full-body front view, (2) three-quarter back view rotated ~135 degrees from front, (3) pure side-profile view. GENERATION RES: render at 512x512 for AI quality, then DOWNSCALE to FINAL 96x96 PNG. FINAL IMAGE SPECS: 96x96 PNG, transparent background, indexed palette (max 256 colors), TARGET FILE SIZE: under 5 KB per image. Use clean Pokemon-style line art, vibrant saturated colors, single creature centered in frame, tightly cropped to creature edges (no padding wider than 2px), no text or watermarks."
13,Quileleon,Dream,Blood,Common,quadruped,Forest|Sanctum,night-only,Wednesday,any,96x96,5,,,,,,"Pokemon-style monster creature named ""Quileleon"". RARITY TIER: Common (simple form, 1-2 distinguishing details). OUTPUT VIEWS: render three separate images per creature — (1) full-body front view, (2) three-quarter back view rotated ~135 degrees from front, (3) pure side-profile view. GENERATION RES: render at 512x512 for AI quality, then DOWNSCALE to FINAL 96x96 PNG. FINAL IMAGE SPECS: 96x96 PNG, transparent background, indexed palette (max 256 colors), TARGET FILE SIZE: under 5 KB per image. Use clean Pokemon-style line art, vibrant saturated colors, single creature centered in frame, tightly cropped to creature edges (no padding wider than 2px), no text or watermarks."
14,Chimpalax,Mind,,Common,simian,Castle|Sanctum,any,Wednesday,any,96x96,5,,Chimpuno,level,10,20,"Pokemon-style monster creature named ""Chimpalax"". RARITY TIER: Common (simple form, 1-2 distinguishing details). EVOLUTION CHAIN: stage 1 of 2 (chain ""mind_chain_5""). Evolves INTO: ""Chimpuno"" (trigger: level, guaranteed by lvl 20). Foreshadow features that will become more prominent in ""Chimpuno"" — keep family identity consistent so the next stage feels like a natural maturation, not a different creature. Maintain visual continuity across the entire 2-stage chain — same family identity, recognizable shape across stages. OUTPUT VIEWS: render three separate images per creature — (1) full-body front view, (2) three-quarter back view rotated ~135 degrees from front, (3) pure side-profile view. GENERATION RES: render at 512x512 for AI quality, then DOWNSCALE to FINAL 96x96 PNG. FINAL IMAGE SPECS: 96x96 PNG, transparent background, indexed palette (max 256 colors), TARGET FILE SIZE: under 5 KB per image. Use clean Pokemon-style line art, vibrant saturated colors, single creature centered in frame, tightly cropped to creature edges (no padding wider than 2px), no text or watermarks."
15,Pigeodrill,Sound,Mind,Common,spirit-form,Forest|Town,any,Thursday,any,96x96,5,,,,,,"Pokemon-style monster creature named ""Pigeodrill"". RARITY TIER: Common (simple form, 1-2 distinguishing details). OUTPUT VIEWS: render three separate images per creature — (1) full-body front view, (2) three-quarter back view rotated ~135 degrees from front, (3) pure side-profile view. GENERATION RES: render at 512x512 for AI quality, then DOWNSCALE to FINAL 96x96 PNG. FINAL IMAGE SPECS: 96x96 PNG, transparent background, indexed palette (max 256 colors), TARGET FILE SIZE: under 5 KB per image. Use clean Pokemon-style line art, vibrant saturated colors, single creature centered in frame, tightly cropped to creature edges (no padding wider than 2px), no text or watermarks."
16,Falcoslash,Time,,Common,beast,Sanctum|Cave,any,any,any,96x96,5,,,,,,"Pokemon-style monster creature named ""Falcoslash"". RARITY TIER: Common (simple form, 1-2 distinguishing details). OUTPUT VIEWS: render three separate images per creature — (1) full-body front view, (2) three-quarter back view rotated ~135 degrees from front, (3) pure side-profile view. GENERATION RES: render at 512x512 for AI quality, then DOWNSCALE to FINAL 96x96 PNG. FINAL IMAGE SPECS: 96x96 PNG, transparent background, indexed palette (max 256 colors), TARGET FILE SIZE: under 5 KB per image. Use clean Pokemon-style line art, vibrant saturated colors, single creature centered in frame, tightly cropped to creature edges (no padding wider than 2px), no text or watermarks."
17,Glacopus,Crystal,Wind,Common,reptile,Cave|Mountain|WaterSurface,any,Monday,any,96x96,5,,,,,,"Pokemon-style monster creature named ""Glacopus"". RARITY TIER: Common (simple form, 1-2 distinguishing details). OUTPUT VIEWS: render three separate images per creature — (1) full-body front view, (2) three-quarter back view rotated ~135 degrees from front, (3) pure side-profile view. GENERATION RES: render at 512x512 for AI quality, then DOWNSCALE to FINAL 96x96 PNG. FINAL IMAGE SPECS: 96x96 PNG, transparent background, indexed palette (max 256 colors), TARGET FILE SIZE: under 5 KB per image. Use clean Pokemon-style line art, vibrant saturated colors, single creature centered in frame, tightly cropped to creature edges (no padding wider than 2px), no text or watermarks."
18,Burnibou,Blood,Time,Common,spirit-form,Castle|Sanctum|Cave,any,Saturday,any,96x96,5,,Burnowary,level,10,20,"Pokemon-style monster creature named ""Burnibou"". RARITY TIER: Common (simple form, 1-2 distinguishing details). EVOLUTION CHAIN: stage 1 of 2 (chain ""blood_chain_4""). Evolves INTO: ""Burnowary"" (trigger: level, guaranteed by lvl 20). Foreshadow features that will become more prominent in ""Burnowary"" — keep family identity consistent so the next stage feels like a natural maturation, not a different creature. Maintain visual continuity across the entire 2-stage chain — same family identity, recognizable shape across stages. OUTPUT VIEWS: render three separate images per creature — (1) full-body front view, (2) three-quarter back view rotated ~135 degrees from front, (3) pure side-profile view. GENERATION RES: render at 512x512 for AI quality, then DOWNSCALE to FINAL 96x96 PNG. FINAL IMAGE SPECS: 96x96 PNG, transparent background, indexed palette (max 256 colors), TARGET FILE SIZE: under 5 KB per image. Use clean Pokemon-style line art, vibrant saturated colors, single creature centered in frame, tightly cropped to creature edges (no padding wider than 2px), no text or watermarks."
19,Leopotic,Fire,,Common,amorphous-elemental,Desert|Cave,any,Saturday,Heat,96x96,5,,,,,,"Pokemon-style monster creature named ""Leopotic"". RARITY TIER: Common (simple form, 1-2 distinguishing details). OUTPUT VIEWS: render three separate images per creature — (1) full-body front view, (2) three-quarter back view rotated ~135 degrees from front, (3) pure side-profile view. GENERATION RES: render at 512x512 for AI quality, then DOWNSCALE to FINAL 96x96 PNG. FINAL IMAGE SPECS: 96x96 PNG, transparent background, indexed palette (max 256 colors), TARGET FILE SIZE: under 5 KB per image. Use clean Pokemon-style line art, vibrant saturated colors, single creature centered in frame, tightly cropped to creature edges (no padding wider than 2px), no text or watermarks."
20,Hamstola,Water,Earth,Common,mythic-form,Beach|Harbor|Marsh,any,Friday,Rain,96x96,5,,Hippopyss,moon_full,10,20,"Pokemon-style monster creature named ""Hamstola"". RARITY TIER: Common (simple form, 1-2 distinguishing details). EVOLUTION CHAIN: stage 1 of 3 (chain ""water_chain_6""). Evolves INTO: ""Hippopyss"" (trigger: moon_full, guaranteed by lvl 20). Foreshadow features that will become more prominent in ""Hippopyss"" — keep family identity consistent so the next stage feels like a natural maturation, not a different creature. Maintain visual continuity across the entire 3-stage chain — same family identity, recognizable shape across stages. OUTPUT VIEWS: render three separate images per creature — (1) full-body front view, (2) three-quarter back view rotated ~135 degrees from front, (3) pure side-profile view. GENERATION RES: render at 512x512 for AI quality, then DOWNSCALE to FINAL 96x96 PNG. FINAL IMAGE SPECS: 96x96 PNG, transparent background, indexed palette (max 256 colors), TARGET FILE SIZE: under 5 KB per image. Use clean Pokemon-style line art, vibrant saturated colors, single creature centered in frame, tightly cropped to creature edges (no padding wider than 2px), no text or watermarks."
21,Wolvestar,Ice,,Common,wolf,Mountain|WaterSurface,any,Wednesday,Snow,96x96,5,,,,,,"Pokemon-style monster creature named ""Wolvestar"". RARITY TIER: Common (simple form, 1-2 distinguishing details). OUTPUT VIEWS: render three separate images per creature — (1) full-body front view, (2) three-quarter back view rotated ~135 degrees from front, (3) pure side-profile view. GENERATION RES: render at 512x512 for AI quality, then DOWNSCALE to FINAL 96x96 PNG. FINAL IMAGE SPECS: 96x96 PNG, transparent background, indexed palette (max 256 colors), TARGET FILE SIZE: under 5 KB per image. Use clean Pokemon-style line art, vibrant saturated colors, single creature centered in frame, tightly cropped to creature edges (no padding wider than 2px), no text or watermarks."
22,Aquatamel,Earth,Crystal,Common,fish,Forest|Mountain|Desert,any,Sunday,any,96x96,5,Aquatalo,,,,,"Pokemon-style monster creature named ""Aquatamel"". RARITY TIER: Common (simple form, 1-2 distinguishing details). EVOLUTION CHAIN: stage 3 of 3 (chain ""earth_chain_1""). Pre-evolution: ""Aquatalo"" — this creature evolved FROM ""Aquatalo"". Preserve a recognizably similar body shape and family identity to ""Aquatalo"", but with extra detail layers, larger size (~10-15%), upgraded markings, more pronounced presence. Maintain visual continuity across the entire 3-stage chain — same family identity, recognizable shape across stages. OUTPUT VIEWS: render three separate images per creature — (1) full-body front view, (2) three-quarter back view rotated ~135 degrees from front, (3) pure side-profile view. GENERATION RES: render at 512x512 for AI quality, then DOWNSCALE to FINAL 96x96 PNG. FINAL IMAGE SPECS: 96x96 PNG, transparent background, indexed palette (max 256 colors), TARGET FILE SIZE: under 5 KB per image. Use clean Pokemon-style line art, vibrant saturated colors, single creature centered in frame, tightly cropped to creature edges (no padding wider than 2px), no text or watermarks."
23,Coyonite,Wood,Earth,Common,canine,Forest|Plains,day-preferred,Sunday,any,96x96,5,Cobrix,Crazeray,level,30,45,"Pokemon-style monster creature named ""Coyonite"". RARITY TIER: Common (simple form, 1-2 distinguishing details). EVOLUTION CHAIN: stage 2 of 3 (chain ""wood_chain_6""). Pre-evolution: ""Cobrix"" — this creature evolved FROM ""Cobrix"". Preserve a recognizably similar body shape and family identity to ""Cobrix"", but with extra detail layers, larger size (~10-15%), upgraded markings, more pronounced presence. Evolves INTO: ""Crazeray"" (trigger: level, guaranteed by lvl 45). Foreshadow features that will become more prominent in ""Crazeray"" — keep family identity consistent so the next stage feels like a natural maturation, not a different creature. Maintain visual continuity across the entire 3-stage chain — same family identity, recognizable shape across stages. OUTPUT VIEWS: render three separate images per creature — (1) full-body front view, (2) three-quarter back view rotated ~135 degrees from front, (3) pure side-profile view. GENERATION RES: render at 512x512 for AI quality, then DOWNSCALE to FINAL 96x96 PNG. FINAL IMAGE SPECS: 96x96 PNG, transparent background, indexed palette (max 256 colors), TARGET FILE SIZE: under 5 KB per image. Use clean Pokemon-style line art, vibrant saturated colors, single creature centered in frame, tightly cropped to creature edges (no padding wider than 2px), no text or watermarks."
24,Kynarak,Metal,,Common,bipedal-humanoid,Cave|Castle|Harbor,any,Monday,any,96x96,5,,,,,,"Pokemon-style monster creature named ""Kynarak"". RARITY TIER: Common (simple form, 1-2 distinguishing details). OUTPUT VIEWS: render three separate images per creature — (1) full-body front view, (2) three-quarter back view rotated ~135 degrees from front, (3) pure side-profile view. GENERATION RES: render at 512x512 for AI quality, then DOWNSCALE to FINAL 96x96 PNG. FINAL IMAGE SPECS: 96x96 PNG, transparent background, indexed palette (max 256 colors), TARGET FILE SIZE: under 5 KB per image. Use clean Pokemon-style line art, vibrant saturated colors, single creature centered in frame, tightly cropped to creature edges (no padding wider than 2px), no text or watermarks."
25,Scorpion,Storm,Metal,Common,insect,Beach|Mountain,any,Thursday,Rain,96x96,5,,,,,,"Pokemon-style monster creature named ""Scorpion"". RARITY TIER: Common (simple form, 1-2 distinguishing details). OUTPUT VIEWS: render three separate images per creature — (1) full-body front view, (2) three-quarter back view rotated ~135 degrees from front, (3) pure side-profile view. GENERATION RES: render at 512x512 for AI quality, then DOWNSCALE to FINAL 96x96 PNG. FINAL IMAGE SPECS: 96x96 PNG, transparent background, indexed palette (max 256 colors), TARGET FILE SIZE: under 5 KB per image. Use clean Pokemon-style line art, vibrant saturated colors, single creature centered in frame, tightly cropped to creature edges (no padding wider than 2px), no text or watermarks."
26,Flamewing,Wind,,Common,bird,Plains|Mountain,any,Friday,Foehn,96x96,5,,,,,,"Pokemon-style monster creature named ""Flamewing"". RARITY TIER: Common (simple form, 1-2 distinguishing details). OUTPUT VIEWS: render three separate images per creature — (1) full-body front view, (2) three-quarter back view rotated ~135 degrees from front, (3) pure side-profile view. GENERATION RES: render at 512x512 for AI quality, then DOWNSCALE to FINAL 96x96 PNG. FINAL IMAGE SPECS: 96x96 PNG, transparent background, indexed palette (max 256 colors), TARGET FILE SIZE: under 5 KB per image. Use clean Pokemon-style line art, vibrant saturated colors, single creature centered in frame, tightly cropped to creature edges (no padding wider than 2px), no text or watermarks."
27,Kangalow,Shadow,Mind,Common,bipedal-humanoid,Cave|Marsh|Sanctum,night-only,Wednesday,Fog,96x96,5,,,,,,"Pokemon-style monster creature named ""Kangalow"". RARITY TIER: Common (simple form, 1-2 distinguishing details). OUTPUT VIEWS: render three separate images per creature — (1) full-body front view, (2) three-quarter back view rotated ~135 degrees from front, (3) pure side-profile view. GENERATION RES: render at 512x512 for AI quality, then DOWNSCALE to FINAL 96x96 PNG. FINAL IMAGE SPECS: 96x96 PNG, transparent background, indexed palette (max 256 colors), TARGET FILE SIZE: under 5 KB per image. Use clean Pokemon-style line art, vibrant saturated colors, single creature centered in frame, tightly cropped to creature edges (no padding wider than 2px), no text or watermarks."
28,Speciling,Light,Crystal,Common,spectre,Castle|Sanctum|Town,day-only,Tuesday,any,96x96,5,,,,,,"Pokemon-style monster creature named ""Speciling"". RARITY TIER: Common (simple form, 1-2 distinguishing details). OUTPUT VIEWS: render three separate images per creature — (1) full-body front view, (2) three-quarter back view rotated ~135 degrees from front, (3) pure side-profile view. GENERATION RES: render at 512x512 for AI quality, then DOWNSCALE to FINAL 96x96 PNG. FINAL IMAGE SPECS: 96x96 PNG, transparent background, indexed palette (max 256 colors), TARGET FILE SIZE: under 5 KB per image. Use clean Pokemon-style line art, vibrant saturated colors, single creature centered in frame, tightly cropped to creature edges (no padding wider than 2px), no text or watermarks."
29,Beatic,Venom,,Common,spirit-form,Marsh|Cave|Sanctum,dawn-dusk-only,Saturday,any,96x96,5,,Bisong,level,10,20,"Pokemon-style monster creature named ""Beatic"". RARITY TIER: Common (simple form, 1-2 distinguishing details). EVOLUTION CHAIN: stage 1 of 2 (chain ""venom_chain_2""). Evolves INTO: ""Bisong"" (trigger: level, guaranteed by lvl 20). Foreshadow features that will become more prominent in ""Bisong"" — keep family identity consistent so the next stage feels like a natural maturation, not a different creature. Maintain visual continuity across the entire 2-stage chain — same family identity, recognizable shape across stages. OUTPUT VIEWS: render three separate images per creature — (1) full-body front view, (2) three-quarter back view rotated ~135 degrees from front, (3) pure side-profile view. GENERATION RES: render at 512x512 for AI quality, then DOWNSCALE to FINAL 96x96 PNG. FINAL IMAGE SPECS: 96x96 PNG, transparent background, indexed palette (max 256 colors), TARGET FILE SIZE: under 5 KB per image. Use clean Pokemon-style line art, vibrant saturated colors, single creature centered in frame, tightly cropped to creature edges (no padding wider than 2px), no text or watermarks."
30,Octopairy,Cosmic,Mind,Common,octopus,Sanctum|Mountain,night-only,Wednesday,any,96x96,5,,,,,,"Pokemon-style monster creature named ""Octopairy"". RARITY TIER: Common (simple form, 1-2 distinguishing details). OUTPUT VIEWS: render three separate images per creature — (1) full-body front view, (2) three-quarter back view rotated ~135 degrees from front, (3) pure side-profile view. GENERATION RES: render at 512x512 for AI quality, then DOWNSCALE to FINAL 96x96 PNG. FINAL IMAGE SPECS: 96x96 PNG, transparent background, indexed palette (max 256 colors), TARGET FILE SIZE: under 5 KB per image. Use clean Pokemon-style line art, vibrant saturated colors, single creature centered in frame, tightly cropped to creature edges (no padding wider than 2px), no text or watermarks."
31,Ashmingo,Aether,,Common,mythic-form,Sanctum|Town,any,any,any,96x96,5,Allidily,Ashron,level,30,45,"Pokemon-style monster creature named ""Ashmingo"". RARITY TIER: Common (simple form, 1-2 distinguishing details). EVOLUTION CHAIN: stage 2 of 3 (chain ""aether_chain_1""). Pre-evolution: ""Allidily"" — this creature evolved FROM ""Allidily"". Preserve a recognizably similar body shape and family identity to ""Allidily"", but with extra detail layers, larger size (~10-15%), upgraded markings, more pronounced presence. Evolves INTO: ""Ashron"" (trigger: level, guaranteed by lvl 45). Foreshadow features that will become more prominent in ""Ashron"" — keep family identity consistent so the next stage feels like a natural maturation, not a different creature. Maintain visual continuity across the entire 3-stage chain — same family identity, recognizable shape across stages. OUTPUT VIEWS: render three separate images per creature — (1) full-body front view, (2) three-quarter back view rotated ~135 degrees from front, (3) pure side-profile view. GENERATION RES: render at 512x512 for AI quality, then DOWNSCALE to FINAL 96x96 PNG. FINAL IMAGE SPECS: 96x96 PNG, transparent background, indexed palette (max 256 colors), TARGET FILE SIZE: under 5 KB per image. Use clean Pokemon-style line art, vibrant saturated colors, single creature centered in frame, tightly cropped to creature edges (no padding wider than 2px), no text or watermarks."
32,Chimos,Dream,Time,Common,quadruped,Forest|Sanctum,night-only,Wednesday,any,96x96,5,Chillwing,,,,,"Pokemon-style monster creature named ""Chimos"". RARITY TIER: Common (simple form, 1-2 distinguishing details). EVOLUTION CHAIN: stage 2 of 2 (chain ""dream_chain_5""). Pre-evolution: ""Chillwing"" — this creature evolved FROM ""Chillwing"". Preserve a recognizably similar body shape and family identity to ""Chillwing"", but with extra detail layers, larger size (~10-15%), upgraded markings, more pronounced presence. Maintain visual continuity across the entire 2-stage chain — same family identity, recognizable shape across stages. OUTPUT VIEWS: render three separate images per creature — (1) full-body front view, (2) three-quarter back view rotated ~135 degrees from front, (3) pure side-profile view. GENERATION RES: render at 512x512 for AI quality, then DOWNSCALE to FINAL 96x96 PNG. FINAL IMAGE SPECS: 96x96 PNG, transparent background, indexed palette (max 256 colors), TARGET FILE SIZE: under 5 KB per image. Use clean Pokemon-style line art, vibrant saturated colors, single creature centered in frame, tightly cropped to creature edges (no padding wider than 2px), no text or watermarks."
33,Falcolord,Mind,Sound,Common,beast,Castle|Sanctum,any,Wednesday,any,96x96,5,Eleros,,,,,"Pokemon-style monster creature named ""Falcolord"". RARITY TIER: Common (simple form, 1-2 distinguishing details). EVOLUTION CHAIN: stage 2 of 2 (chain ""mind_chain_8""). Pre-evolution: ""Eleros"" — this creature evolved FROM ""Eleros"". Preserve a recognizably similar body shape and family identity to ""Eleros"", but with extra detail layers, larger size (~10-15%), upgraded markings, more pronounced presence. Maintain visual continuity across the entire 2-stage chain — same family identity, recognizable shape across stages. OUTPUT VIEWS: render three separate images per creature — (1) full-body front view, (2) three-quarter back view rotated ~135 degrees from front, (3) pure side-profile view. GENERATION RES: render at 512x512 for AI quality, then DOWNSCALE to FINAL 96x96 PNG. FINAL IMAGE SPECS: 96x96 PNG, transparent background, indexed palette (max 256 colors), TARGET FILE SIZE: under 5 KB per image. Use clean Pokemon-style line art, vibrant saturated colors, single creature centered in frame, tightly cropped to creature edges (no padding wider than 2px), no text or watermarks."
34,Bonedine,Sound,,Common,spirit-form,Forest|Town,any,Thursday,any,96x96,5,Bonaroo,,,,,"Pokemon-style monster creature named ""Bonedine"". RARITY TIER: Common (simple form, 1-2 distinguishing details). EVOLUTION CHAIN: stage 2 of 2 (chain ""sound_chain_5""). Pre-evolution: ""Bonaroo"" — this creature evolved FROM ""Bonaroo"". Preserve a recognizably similar body shape and family identity to ""Bonaroo"", but with extra detail layers, larger size (~10-15%), upgraded markings, more pronounced presence. Maintain visual continuity across the entire 2-stage chain — same family identity, recognizable shape across stages. OUTPUT VIEWS: render three separate images per creature — (1) full-body front view, (2) three-quarter back view rotated ~135 degrees from front, (3) pure side-profile view. GENERATION RES: render at 512x512 for AI quality, then DOWNSCALE to FINAL 96x96 PNG. FINAL IMAGE SPECS: 96x96 PNG, transparent background, indexed palette (max 256 colors), TARGET FILE SIZE: under 5 KB per image. Use clean Pokemon-style line art, vibrant saturated colors, single creature centered in frame, tightly cropped to creature edges (no padding wider than 2px), no text or watermarks."
35,Blastling,Time,Aether,Common,spirit-form,Sanctum|Cave,any,any,any,96x96,5,,Bonewing,level,10,20,"Pokemon-style monster creature named ""Blastling"". RARITY TIER: Common (simple form, 1-2 distinguishing details). EVOLUTION CHAIN: stage 1 of 2 (chain ""time_chain_3""). Evolves INTO: ""Bonewing"" (trigger: level, guaranteed by lvl 20). Foreshadow features that will become more prominent in ""Bonewing"" — keep family identity consistent so the next stage feels like a natural maturation, not a different creature. Maintain visual continuity across the entire 2-stage chain — same family identity, recognizable shape across stages. OUTPUT VIEWS: render three separate images per creature — (1) full-body front view, (2) three-quarter back view rotated ~135 degrees from front, (3) pure side-profile view. GENERATION RES: render at 512x512 for AI quality, then DOWNSCALE to FINAL 96x96 PNG. FINAL IMAGE SPECS: 96x96 PNG, transparent background, indexed palette (max 256 colors), TARGET FILE SIZE: under 5 KB per image. Use clean Pokemon-style line art, vibrant saturated colors, single creature centered in frame, tightly cropped to creature edges (no padding wider than 2px), no text or watermarks."
36,Panthug,Crystal,,Common,cat,Cave|Mountain|WaterSurface,any,Monday,any,96x96,5,,,,,,"Pokemon-style monster creature named ""Panthug"". RARITY TIER: Common (simple form, 1-2 distinguishing details). OUTPUT VIEWS: render three separate images per creature — (1) full-body front view, (2) three-quarter back view rotated ~135 degrees from front, (3) pure side-profile view. GENERATION RES: render at 512x512 for AI quality, then DOWNSCALE to FINAL 96x96 PNG. FINAL IMAGE SPECS: 96x96 PNG, transparent background, indexed palette (max 256 colors), TARGET FILE SIZE: under 5 KB per image. Use clean Pokemon-style line art, vibrant saturated colors, single creature centered in frame, tightly cropped to creature edges (no padding wider than 2px), no text or watermarks."
37,Wintamander,Blood,Crystal,Common,spirit-form,Castle|Sanctum|Cave,any,Saturday,any,96x96,5,,,,,,"Pokemon-style monster creature named ""Wintamander"". RARITY TIER: Common (simple form, 1-2 distinguishing details). OUTPUT VIEWS: render three separate images per creature — (1) full-body front view, (2) three-quarter back view rotated ~135 degrees from front, (3) pure side-profile view. GENERATION RES: render at 512x512 for AI quality, then DOWNSCALE to FINAL 96x96 PNG. FINAL IMAGE SPECS: 96x96 PNG, transparent background, indexed palette (max 256 colors), TARGET FILE SIZE: under 5 KB per image. Use clean Pokemon-style line art, vibrant saturated colors, single creature centered in frame, tightly cropped to creature edges (no padding wider than 2px), no text or watermarks."
38,Gladeon,Fire,Ice,Common,reptile,Desert|Cave,any,Saturday,Heat,96x96,5,,,,,,"Pokemon-style monster creature named ""Gladeon"". RARITY TIER: Common (simple form, 1-2 distinguishing details). OUTPUT VIEWS: render three separate images per creature — (1) full-body front view, (2) three-quarter back view rotated ~135 degrees from front, (3) pure side-profile view. GENERATION RES: render at 512x512 for AI quality, then DOWNSCALE to FINAL 96x96 PNG. FINAL IMAGE SPECS: 96x96 PNG, transparent background, indexed palette (max 256 colors), TARGET FILE SIZE: under 5 KB per image. Use clean Pokemon-style line art, vibrant saturated colors, single creature centered in frame, tightly cropped to creature edges (no padding wider than 2px), no text or watermarks."
39,Dragoron,Water,,Common,dragon,Beach|Harbor|Marsh,any,Friday,Rain,96x96,5,,Elemite,level,10,20,"Pokemon-style monster creature named ""Dragoron"". RARITY TIER: Common (simple form, 1-2 distinguishing details). EVOLUTION CHAIN: stage 1 of 2 (chain ""water_chain_3""). Evolves INTO: ""Elemite"" (trigger: level, guaranteed by lvl 20). Foreshadow features that will become more prominent in ""Elemite"" — keep family identity consistent so the next stage feels like a natural maturation, not a different creature. Maintain visual continuity across the entire 2-stage chain — same family identity, recognizable shape across stages. OUTPUT VIEWS: render three separate images per creature — (1) full-body front view, (2) three-quarter back view rotated ~135 degrees from front, (3) pure side-profile view. GENERATION RES: render at 512x512 for AI quality, then DOWNSCALE to FINAL 96x96 PNG. FINAL IMAGE SPECS: 96x96 PNG, transparent background, indexed palette (max 256 colors), TARGET FILE SIZE: under 5 KB per image. Use clean Pokemon-style line art, vibrant saturated colors, single creature centered in frame, tightly cropped to creature edges (no padding wider than 2px), no text or watermarks."
40,Allicoon,Ice,Earth,Common,mythic-form,Mountain|WaterSurface,any,Wednesday,Snow,96x96,5,,Alliganium,weather_rain,10,20,"Pokemon-style monster creature named ""Allicoon"". RARITY TIER: Common (simple form, 1-2 distinguishing details). EVOLUTION CHAIN: stage 1 of 3 (chain ""ice_chain_1""). Evolves INTO: ""Alliganium"" (trigger: weather_rain, guaranteed by lvl 20). Foreshadow features that will become more prominent in ""Alliganium"" — keep family identity consistent so the next stage feels like a natural maturation, not a different creature. Maintain visual continuity across the entire 3-stage chain — same family identity, recognizable shape across stages. OUTPUT VIEWS: render three separate images per creature — (1) full-body front view, (2) three-quarter back view rotated ~135 degrees from front, (3) pure side-profile view. GENERATION RES: render at 512x512 for AI quality, then DOWNSCALE to FINAL 96x96 PNG. FINAL IMAGE SPECS: 96x96 PNG, transparent background, indexed palette (max 256 colors), TARGET FILE SIZE: under 5 KB per image. Use clean Pokemon-style line art, vibrant saturated colors, single creature centered in frame, tightly cropped to creature edges (no padding wider than 2px), no text or watermarks."
41,Banite,Earth,,Common,spirit-form,Forest|Mountain|Desert,any,Sunday,any,96x96,5,,Cateceon,level,10,20,"Pokemon-style monster creature named ""Banite"". RARITY TIER: Common (simple form, 1-2 distinguishing details). EVOLUTION CHAIN: stage 1 of 2 (chain ""earth_chain_3""). Evolves INTO: ""Cateceon"" (trigger: level, guaranteed by lvl 20). Foreshadow features that will become more prominent in ""Cateceon"" — keep family identity consistent so the next stage feels like a natural maturation, not a different creature. Maintain visual continuity across the entire 2-stage chain — same family identity, recognizable shape across stages. OUTPUT VIEWS: render three separate images per creature — (1) full-body front view, (2) three-quarter back view rotated ~135 degrees from front, (3) pure side-profile view. GENERATION RES: render at 512x512 for AI quality, then DOWNSCALE to FINAL 96x96 PNG. FINAL IMAGE SPECS: 96x96 PNG, transparent background, indexed palette (max 256 colors), TARGET FILE SIZE: under 5 KB per image. Use clean Pokemon-style line art, vibrant saturated colors, single creature centered in frame, tightly cropped to creature edges (no padding wider than 2px), no text or watermarks."
42,Lobstou,Wood,Water,Common,crab,Forest|Plains,day-preferred,Sunday,any,96x96,5,,,,,,"Pokemon-style monster creature named ""Lobstou"". RARITY TIER: Common (simple form, 1-2 distinguishing details). OUTPUT VIEWS: render three separate images per creature — (1) full-body front view, (2) three-quarter back view rotated ~135 degrees from front, (3) pure side-profile view. GENERATION RES: render at 512x512 for AI quality, then DOWNSCALE to FINAL 96x96 PNG. FINAL IMAGE SPECS: 96x96 PNG, transparent background, indexed palette (max 256 colors), TARGET FILE SIZE: under 5 KB per image. Use clean Pokemon-style line art, vibrant saturated colors, single creature centered in frame, tightly cropped to creature edges (no padding wider than 2px), no text or watermarks."
43,Lobstaza,Metal,Wind,Common,crab,Cave|Castle|Harbor,any,Monday,any,96x96,5,,,,,,"Pokemon-style monster creature named ""Lobstaza"". RARITY TIER: Common (simple form, 1-2 distinguishing details). OUTPUT VIEWS: render three separate images per creature — (1) full-body front view, (2) three-quarter back view rotated ~135 degrees from front, (3) pure side-profile view. GENERATION RES: render at 512x512 for AI quality, then DOWNSCALE to FINAL 96x96 PNG. FINAL IMAGE SPECS: 96x96 PNG, transparent background, indexed palette (max 256 colors), TARGET FILE SIZE: under 5 KB per image. Use clean Pokemon-style line art, vibrant saturated colors, single creature centered in frame, tightly cropped to creature edges (no padding wider than 2px), no text or watermarks."
44,Giraffle,Storm,,Common,reptile,Beach|Mountain,any,Thursday,Rain,96x96,5,,,,,,"Pokemon-style monster creature named ""Giraffle"". RARITY TIER: Common (simple form, 1-2 distinguishing details). OUTPUT VIEWS: render three separate images per creature — (1) full-body front view, (2) three-quarter back view rotated ~135 degrees from front, (3) pure side-profile view. GENERATION RES: render at 512x512 for AI quality, then DOWNSCALE to FINAL 96x96 PNG. FINAL IMAGE SPECS: 96x96 PNG, transparent background, indexed palette (max 256 colors), TARGET FILE SIZE: under 5 KB per image. Use clean Pokemon-style line art, vibrant saturated colors, single creature centered in frame, tightly cropped to creature edges (no padding wider than 2px), no text or watermarks."
45,Ostrig,Wind,Wood,Common,mythic-form,Plains|Mountain,any,Friday,Foehn,96x96,5,,,,,,"Pokemon-style monster creature named ""Ostrig"". RARITY TIER: Common (simple form, 1-2 distinguishing details). OUTPUT VIEWS: render three separate images per creature — (1) full-body front view, (2) three-quarter back view rotated ~135 degrees from front, (3) pure side-profile view. GENERATION RES: render at 512x512 for AI quality, then DOWNSCALE to FINAL 96x96 PNG. FINAL IMAGE SPECS: 96x96 PNG, transparent background, indexed palette (max 256 colors), TARGET FILE SIZE: under 5 KB per image. Use clean Pokemon-style line art, vibrant saturated colors, single creature centered in frame, tightly cropped to creature edges (no padding wider than 2px), no text or watermarks."
46,Penguage,Shadow,,Common,penguin,Cave|Marsh|Sanctum,night-only,Wednesday,Fog,96x96,5,,,,,,"Pokemon-style monster creature named ""Penguage"". RARITY TIER: Common (simple form, 1-2 distinguishing details). OUTPUT VIEWS: render three separate images per creature — (1) full-body front view, (2) three-quarter back view rotated ~135 degrees from front, (3) pure side-profile view. GENERATION RES: render at 512x512 for AI quality, then DOWNSCALE to FINAL 96x96 PNG. FINAL IMAGE SPECS: 96x96 PNG, transparent background, indexed palette (max 256 colors), TARGET FILE SIZE: under 5 KB per image. Use clean Pokemon-style line art, vibrant saturated colors, single creature centered in frame, tightly cropped to creature edges (no padding wider than 2px), no text or watermarks."
47,Spinpion,Light,Venom,Common,amorphous-elemental,Castle|Sanctum|Town,day-only,Tuesday,any,96x96,5,,,,,,"Pokemon-style monster creature named ""Spinpion"". RARITY TIER: Common (simple form, 1-2 distinguishing details). OUTPUT VIEWS: render three separate images per creature — (1) full-body front view, (2) three-quarter back view rotated ~135 degrees from front, (3) pure side-profile view. GENERATION RES: render at 512x512 for AI quality, then DOWNSCALE to FINAL 96x96 PNG. FINAL IMAGE SPECS: 96x96 PNG, transparent background, indexed palette (max 256 colors), TARGET FILE SIZE: under 5 KB per image. Use clean Pokemon-style line art, vibrant saturated colors, single creature centered in frame, tightly cropped to creature edges (no padding wider than 2px), no text or watermarks."
48,Manaron,Venom,Wood,Common,beast,Marsh|Cave|Sanctum,dawn-dusk-only,Saturday,any,96x96,5,,,,,,"Pokemon-style monster creature named ""Manaron"". RARITY TIER: Common (simple form, 1-2 distinguishing details). OUTPUT VIEWS: render three separate images per creature — (1) full-body front view, (2) three-quarter back view rotated ~135 degrees from front, (3) pure side-profile view. GENERATION RES: render at 512x512 for AI quality, then DOWNSCALE to FINAL 96x96 PNG. FINAL IMAGE SPECS: 96x96 PNG, transparent background, indexed palette (max 256 colors), TARGET FILE SIZE: under 5 KB per image. Use clean Pokemon-style line art, vibrant saturated colors, single creature centered in frame, tightly cropped to creature edges (no padding wider than 2px), no text or watermarks."
49,Jagee,Cosmic,,Common,quadruped,Sanctum|Mountain,night-only,Wednesday,any,96x96,5,,,,,,"Pokemon-style monster creature named ""Jagee"". RARITY TIER: Common (simple form, 1-2 distinguishing details). OUTPUT VIEWS: render three separate images per creature — (1) full-body front view, (2) three-quarter back view rotated ~135 degrees from front, (3) pure side-profile view. GENERATION RES: render at 512x512 for AI quality, then DOWNSCALE to FINAL 96x96 PNG. FINAL IMAGE SPECS: 96x96 PNG, transparent background, indexed palette (max 256 colors), TARGET FILE SIZE: under 5 KB per image. Use clean Pokemon-style line art, vibrant saturated colors, single creature centered in frame, tightly cropped to creature edges (no padding wider than 2px), no text or watermarks."
50,Neopard,Aether,Venom,Common,reptile,Sanctum|Town,any,any,any,96x96,5,,,,,,"Pokemon-style monster creature named ""Neopard"". RARITY TIER: Common (simple form, 1-2 distinguishing details). OUTPUT VIEWS: render three separate images per creature — (1) full-body front view, (2) three-quarter back view rotated ~135 degrees from front, (3) pure side-profile view. GENERATION RES: render at 512x512 for AI quality, then DOWNSCALE to FINAL 96x96 PNG. FINAL IMAGE SPECS: 96x96 PNG, transparent background, indexed palette (max 256 colors), TARGET FILE SIZE: under 5 KB per image. Use clean Pokemon-style line art, vibrant saturated colors, single creature centered in frame, tightly cropped to creature edges (no padding wider than 2px), no text or watermarks."
51,Lemette,Dream,,Common,amorphous-elemental,Forest|Sanctum,night-only,Wednesday,any,96x96,5,,,,,,"Pokemon-style monster creature named ""Lemette"". RARITY TIER: Common (simple form, 1-2 distinguishing details). OUTPUT VIEWS: render three separate images per creature — (1) full-body front view, (2) three-quarter back view rotated ~135 degrees from front, (3) pure side-profile view. GENERATION RES: render at 512x512 for AI quality, then DOWNSCALE to FINAL 96x96 PNG. FINAL IMAGE SPECS: 96x96 PNG, transparent background, indexed palette (max 256 colors), TARGET FILE SIZE: under 5 KB per image. Use clean Pokemon-style line art, vibrant saturated colors, single creature centered in frame, tightly cropped to creature edges (no padding wider than 2px), no text or watermarks."
52,Crazewing,Mind,Dream,Common,bird,Castle|Sanctum,any,Wednesday,any,96x96,5,,Demoda,level,10,20,"Pokemon-style monster creature named ""Crazewing"". RARITY TIER: Common (simple form, 1-2 distinguishing details). EVOLUTION CHAIN: stage 1 of 3 (chain ""mind_chain_6""). Evolves INTO: ""Demoda"" (trigger: level, guaranteed by lvl 20). Foreshadow features that will become more prominent in ""Demoda"" — keep family identity consistent so the next stage feels like a natural maturation, not a different creature. Maintain visual continuity across the entire 3-stage chain — same family identity, recognizable shape across stages. OUTPUT VIEWS: render three separate images per creature — (1) full-body front view, (2) three-quarter back view rotated ~135 degrees from front, (3) pure side-profile view. GENERATION RES: render at 512x512 for AI quality, then DOWNSCALE to FINAL 96x96 PNG. FINAL IMAGE SPECS: 96x96 PNG, transparent background, indexed palette (max 256 colors), TARGET FILE SIZE: under 5 KB per image. Use clean Pokemon-style line art, vibrant saturated colors, single creature centered in frame, tightly cropped to creature edges (no padding wider than 2px), no text or watermarks."
53,Golekey,Sound,Crystal,Common,reptile,Forest|Town,any,Thursday,any,96x96,5,,,,,,"Pokemon-style monster creature named ""Golekey"". RARITY TIER: Common (simple form, 1-2 distinguishing details). OUTPUT VIEWS: render three separate images per creature — (1) full-body front view, (2) three-quarter back view rotated ~135 degrees from front, (3) pure side-profile view. GENERATION RES: render at 512x512 for AI quality, then DOWNSCALE to FINAL 96x96 PNG. FINAL IMAGE SPECS: 96x96 PNG, transparent background, indexed palette (max 256 colors), TARGET FILE SIZE: under 5 KB per image. Use clean Pokemon-style line art, vibrant saturated colors, single creature centered in frame, tightly cropped to creature edges (no padding wider than 2px), no text or watermarks."
54,Crocodath,Time,,Common,quadruped,Sanctum|Cave,any,any,any,96x96,5,Cowl,Crocodepi,weather_storm,30,45,"Pokemon-style monster creature named ""Crocodath"". RARITY TIER: Common (simple form, 1-2 distinguishing details). EVOLUTION CHAIN: stage 2 of 3 (chain ""time_chain_6""). Pre-evolution: ""Cowl"" — this creature evolved FROM ""Cowl"". Preserve a recognizably similar body shape and family identity to ""Cowl"", but with extra detail layers, larger size (~10-15%), upgraded markings, more pronounced presence. Evolves INTO: ""Crocodepi"" (trigger: weather_storm, guaranteed by lvl 45). Foreshadow features that will become more prominent in ""Crocodepi"" — keep family identity consistent so the next stage feels like a natural maturation, not a different creature. Maintain visual continuity across the entire 3-stage chain — same family identity, recognizable shape across stages. OUTPUT VIEWS: render three separate images per creature — (1) full-body front view, (2) three-quarter back view rotated ~135 degrees from front, (3) pure side-profile view. GENERATION RES: render at 512x512 for AI quality, then DOWNSCALE to FINAL 96x96 PNG. FINAL IMAGE SPECS: 96x96 PNG, transparent background, indexed palette (max 256 colors), TARGET FILE SIZE: under 5 KB per image. Use clean Pokemon-style line art, vibrant saturated colors, single creature centered in frame, tightly cropped to creature edges (no padding wider than 2px), no text or watermarks."
55,Burnitar,Crystal,Storm,Common,spirit-form,Cave|Mountain|WaterSurface,any,Monday,any,96x96,5,Bisoke,,,,,"Pokemon-style monster creature named ""Burnitar"". RARITY TIER: Common (simple form, 1-2 distinguishing details). EVOLUTION CHAIN: stage 2 of 2 (chain ""crystal_chain_2""). Pre-evolution: ""Bisoke"" — this creature evolved FROM ""Bisoke"". Preserve a recognizably similar body shape and family identity to ""Bisoke"", but with extra detail layers, larger size (~10-15%), upgraded markings, more pronounced presence. Maintain visual continuity across the entire 2-stage chain — same family identity, recognizable shape across stages. OUTPUT VIEWS: render three separate images per creature — (1) full-body front view, (2) three-quarter back view rotated ~135 degrees from front, (3) pure side-profile view. GENERATION RES: render at 512x512 for AI quality, then DOWNSCALE to FINAL 96x96 PNG. FINAL IMAGE SPECS: 96x96 PNG, transparent background, indexed palette (max 256 colors), TARGET FILE SIZE: under 5 KB per image. Use clean Pokemon-style line art, vibrant saturated colors, single creature centered in frame, tightly cropped to creature edges (no padding wider than 2px), no text or watermarks."
56,Whirlroach,Blood,,Common,spirit-form,Castle|Sanctum|Cave,any,Saturday,any,96x96,5,,,,,,"Pokemon-style monster creature named ""Whirlroach"". RARITY TIER: Common (simple form, 1-2 distinguishing details). OUTPUT VIEWS: render three separate images per creature — (1) full-body front view, (2) three-quarter back view rotated ~135 degrees from front, (3) pure side-profile view. GENERATION RES: render at 512x512 for AI quality, then DOWNSCALE to FINAL 96x96 PNG. FINAL IMAGE SPECS: 96x96 PNG, transparent background, indexed palette (max 256 colors), TARGET FILE SIZE: under 5 KB per image. Use clean Pokemon-style line art, vibrant saturated colors, single creature centered in frame, tightly cropped to creature edges (no padding wider than 2px), no text or watermarks."
57,Boneton,Fire,Wood,Common,spirit-form,Desert|Cave,any,Saturday,Heat,96x96,5,,Chamelite,weather_rain,10,20,"Pokemon-style monster creature named ""Boneton"". RARITY TIER: Common (simple form, 1-2 distinguishing details). EVOLUTION CHAIN: stage 1 of 2 (chain ""fire_chain_2""). Evolves INTO: ""Chamelite"" (trigger: weather_rain, guaranteed by lvl 20). Foreshadow features that will become more prominent in ""Chamelite"" — keep family identity consistent so the next stage feels like a natural maturation, not a different creature. Maintain visual continuity across the entire 2-stage chain — same family identity, recognizable shape across stages. OUTPUT VIEWS: render three separate images per creature — (1) full-body front view, (2) three-quarter back view rotated ~135 degrees from front, (3) pure side-profile view. GENERATION RES: render at 512x512 for AI quality, then DOWNSCALE to FINAL 96x96 PNG. FINAL IMAGE SPECS: 96x96 PNG, transparent background, indexed palette (max 256 colors), TARGET FILE SIZE: under 5 KB per image. Use clean Pokemon-style line art, vibrant saturated colors, single creature centered in frame, tightly cropped to creature edges (no padding wider than 2px), no text or watermarks."
58,Elesaur,Water,Storm,Common,amorphous-elemental,Beach|Harbor|Marsh,any,Friday,Rain,96x96,5,,Frorvocrat,level,10,20,"Pokemon-style monster creature named ""Elesaur"". RARITY TIER: Common (simple form, 1-2 distinguishing details). EVOLUTION CHAIN: stage 1 of 2 (chain ""water_chain_4""). Evolves INTO: ""Frorvocrat"" (trigger: level, guaranteed by lvl 20). Foreshadow features that will become more prominent in ""Frorvocrat"" — keep family identity consistent so the next stage feels like a natural maturation, not a different creature. Maintain visual continuity across the entire 2-stage chain — same family identity, recognizable shape across stages. OUTPUT VIEWS: render three separate images per creature — (1) full-body front view, (2) three-quarter back view rotated ~135 degrees from front, (3) pure side-profile view. GENERATION RES: render at 512x512 for AI quality, then DOWNSCALE to FINAL 96x96 PNG. FINAL IMAGE SPECS: 96x96 PNG, transparent background, indexed palette (max 256 colors), TARGET FILE SIZE: under 5 KB per image. Use clean Pokemon-style line art, vibrant saturated colors, single creature centered in frame, tightly cropped to creature edges (no padding wider than 2px), no text or watermarks."
59,Salamig,Ice,,Common,frog,Mountain|WaterSurface,any,Wednesday,Snow,96x96,5,,,,,,"Pokemon-style monster creature named ""Salamig"". RARITY TIER: Common (simple form, 1-2 distinguishing details). OUTPUT VIEWS: render three separate images per creature — (1) full-body front view, (2) three-quarter back view rotated ~135 degrees from front, (3) pure side-profile view. GENERATION RES: render at 512x512 for AI quality, then DOWNSCALE to FINAL 96x96 PNG. FINAL IMAGE SPECS: 96x96 PNG, transparent background, indexed palette (max 256 colors), TARGET FILE SIZE: under 5 KB per image. Use clean Pokemon-style line art, vibrant saturated colors, single creature centered in frame, tightly cropped to creature edges (no padding wider than 2px), no text or watermarks."
60,Lobsteat,Earth,Fire,Common,crab,Forest|Mountain|Desert,any,Sunday,any,96x96,5,,,,,,"Pokemon-style monster creature named ""Lobsteat"". RARITY TIER: Common (simple form, 1-2 distinguishing details). OUTPUT VIEWS: render three separate images per creature — (1) full-body front view, (2) three-quarter back view rotated ~135 degrees from front, (3) pure side-profile view. GENERATION RES: render at 512x512 for AI quality, then DOWNSCALE to FINAL 96x96 PNG. FINAL IMAGE SPECS: 96x96 PNG, transparent background, indexed palette (max 256 colors), TARGET FILE SIZE: under 5 KB per image. Use clean Pokemon-style line art, vibrant saturated colors, single creature centered in frame, tightly cropped to creature edges (no padding wider than 2px), no text or watermarks."
61,Falcozel,Wood,,Common,beast,Forest|Plains,day-preferred,Sunday,any,96x96,5,,,,,,"Pokemon-style monster creature named ""Falcozel"". RARITY TIER: Common (simple form, 1-2 distinguishing details). OUTPUT VIEWS: render three separate images per creature — (1) full-body front view, (2) three-quarter back view rotated ~135 degrees from front, (3) pure side-profile view. GENERATION RES: render at 512x512 for AI quality, then DOWNSCALE to FINAL 96x96 PNG. FINAL IMAGE SPECS: 96x96 PNG, transparent background, indexed palette (max 256 colors), TARGET FILE SIZE: under 5 KB per image. Use clean Pokemon-style line art, vibrant saturated colors, single creature centered in frame, tightly cropped to creature edges (no padding wider than 2px), no text or watermarks."
62,Dracory,Metal,Crystal,Common,bipedal-humanoid,Cave|Castle|Harbor,any,Monday,any,96x96,5,Draceo,Dranub,level,30,45,"Pokemon-style monster creature named ""Dracory"". RARITY TIER: Common (simple form, 1-2 distinguishing details). EVOLUTION CHAIN: stage 2 of 3 (chain ""metal_chain_6""). Pre-evolution: ""Draceo"" — this creature evolved FROM ""Draceo"". Preserve a recognizably similar body shape and family identity to ""Draceo"", but with extra detail layers, larger size (~10-15%), upgraded markings, more pronounced presence. Evolves INTO: ""Dranub"" (trigger: level, guaranteed by lvl 45). Foreshadow features that will become more prominent in ""Dranub"" — keep family identity consistent so the next stage feels like a natural maturation, not a different creature. Maintain visual continuity across the entire 3-stage chain — same family identity, recognizable shape across stages. OUTPUT VIEWS: render three separate images per creature — (1) full-body front view, (2) three-quarter back view rotated ~135 degrees from front, (3) pure side-profile view. GENERATION RES: render at 512x512 for AI quality, then DOWNSCALE to FINAL 96x96 PNG. FINAL IMAGE SPECS: 96x96 PNG, transparent background, indexed palette (max 256 colors), TARGET FILE SIZE: under 5 KB per image. Use clean Pokemon-style line art, vibrant saturated colors, single creature centered in frame, tightly cropped to creature edges (no padding wider than 2px), no text or watermarks."
63,Baphy,Storm,Water,Common,spirit-form,Beach|Mountain,any,Thursday,Rain,96x96,5,Armanium,,,,,"Pokemon-style monster creature named ""Baphy"". RARITY TIER: Common (simple form, 1-2 distinguishing details). EVOLUTION CHAIN: stage 2 of 2 (chain ""storm_chain_2""). Pre-evolution: ""Armanium"" — this creature evolved FROM ""Armanium"". Preserve a recognizably similar body shape and family identity to ""Armanium"", but with extra detail layers, larger size (~10-15%), upgraded markings, more pronounced presence. Maintain visual continuity across the entire 2-stage chain — same family identity, recognizable shape across stages. OUTPUT VIEWS: render three separate images per creature — (1) full-body front view, (2) three-quarter back view rotated ~135 degrees from front, (3) pure side-profile view. GENERATION RES: render at 512x512 for AI quality, then DOWNSCALE to FINAL 96x96 PNG. FINAL IMAGE SPECS: 96x96 PNG, transparent background, indexed palette (max 256 colors), TARGET FILE SIZE: under 5 KB per image. Use clean Pokemon-style line art, vibrant saturated colors, single creature centered in frame, tightly cropped to creature edges (no padding wider than 2px), no text or watermarks."
64,Leoreon,Wind,,Common,amorphous-elemental,Plains|Mountain,any,Friday,Foehn,96x96,5,,,,,,"Pokemon-style monster creature named ""Leoreon"". RARITY TIER: Common (simple form, 1-2 distinguishing details). OUTPUT VIEWS: render three separate images per creature — (1) full-body front view, (2) three-quarter back view rotated ~135 degrees from front, (3) pure side-profile view. GENERATION RES: render at 512x512 for AI quality, then DOWNSCALE to FINAL 96x96 PNG. FINAL IMAGE SPECS: 96x96 PNG, transparent background, indexed palette (max 256 colors), TARGET FILE SIZE: under 5 KB per image. Use clean Pokemon-style line art, vibrant saturated colors, single creature centered in frame, tightly cropped to creature edges (no padding wider than 2px), no text or watermarks."
65,Penguine,Shadow,Light,Common,penguin,Cave|Marsh|Sanctum,night-only,Wednesday,Fog,96x96,5,,,,,,"Pokemon-style monster creature named ""Penguine"". RARITY TIER: Common (simple form, 1-2 distinguishing details). OUTPUT VIEWS: render three separate images per creature — (1) full-body front view, (2) three-quarter back view rotated ~135 degrees from front, (3) pure side-profile view. GENERATION RES: render at 512x512 for AI quality, then DOWNSCALE to FINAL 96x96 PNG. FINAL IMAGE SPECS: 96x96 PNG, transparent background, indexed palette (max 256 colors), TARGET FILE SIZE: under 5 KB per image. Use clean Pokemon-style line art, vibrant saturated colors, single creature centered in frame, tightly cropped to creature edges (no padding wider than 2px), no text or watermarks."
66,Giranyte,Light,,Common,reptile,Castle|Sanctum|Town,day-only,Tuesday,any,96x96,5,,,,,,"Pokemon-style monster creature named ""Giranyte"". RARITY TIER: Common (simple form, 1-2 distinguishing details). OUTPUT VIEWS: render three separate images per creature — (1) full-body front view, (2) three-quarter back view rotated ~135 degrees from front, (3) pure side-profile view. GENERATION RES: render at 512x512 for AI quality, then DOWNSCALE to FINAL 96x96 PNG. FINAL IMAGE SPECS: 96x96 PNG, transparent background, indexed palette (max 256 colors), TARGET FILE SIZE: under 5 KB per image. Use clean Pokemon-style line art, vibrant saturated colors, single creature centered in frame, tightly cropped to creature edges (no padding wider than 2px), no text or watermarks."
67,Bealax,Venom,Blood,Common,spirit-form,Marsh|Cave|Sanctum,dawn-dusk-only,Saturday,any,96x96,5,Armadion,,,,,"Pokemon-style monster creature named ""Bealax"". RARITY TIER: Common (simple form, 1-2 distinguishing details). EVOLUTION CHAIN: stage 3 of 3 (chain ""venom_chain_1""). Pre-evolution: ""Armadion"" — this creature evolved FROM ""Armadion"". Preserve a recognizably similar body shape and family identity to ""Armadion"", but with extra detail layers, larger size (~10-15%), upgraded markings, more pronounced presence. Maintain visual continuity across the entire 3-stage chain — same family identity, recognizable shape across stages. OUTPUT VIEWS: render three separate images per creature — (1) full-body front view, (2) three-quarter back view rotated ~135 degrees from front, (3) pure side-profile view. GENERATION RES: render at 512x512 for AI quality, then DOWNSCALE to FINAL 96x96 PNG. FINAL IMAGE SPECS: 96x96 PNG, transparent background, indexed palette (max 256 colors), TARGET FILE SIZE: under 5 KB per image. Use clean Pokemon-style line art, vibrant saturated colors, single creature centered in frame, tightly cropped to creature edges (no padding wider than 2px), no text or watermarks."
68,Flarak,Cosmic,Light,Common,beast,Sanctum|Mountain,night-only,Wednesday,any,96x96,5,,Flutopus,level,10,20,"Pokemon-style monster creature named ""Flarak"". RARITY TIER: Common (simple form, 1-2 distinguishing details). EVOLUTION CHAIN: stage 1 of 2 (chain ""cosmic_chain_8""). Evolves INTO: ""Flutopus"" (trigger: level, guaranteed by lvl 20). Foreshadow features that will become more prominent in ""Flutopus"" — keep family identity consistent so the next stage feels like a natural maturation, not a different creature. Maintain visual continuity across the entire 2-stage chain — same family identity, recognizable shape across stages. OUTPUT VIEWS: render three separate images per creature — (1) full-body front view, (2) three-quarter back view rotated ~135 degrees from front, (3) pure side-profile view. GENERATION RES: render at 512x512 for AI quality, then DOWNSCALE to FINAL 96x96 PNG. FINAL IMAGE SPECS: 96x96 PNG, transparent background, indexed palette (max 256 colors), TARGET FILE SIZE: under 5 KB per image. Use clean Pokemon-style line art, vibrant saturated colors, single creature centered in frame, tightly cropped to creature edges (no padding wider than 2px), no text or watermarks."
69,Magmaking,Aether,,Common,beast,Sanctum|Town,any,any,any,96x96,5,,,,,,"Pokemon-style monster creature named ""Magmaking"". RARITY TIER: Common (simple form, 1-2 distinguishing details). OUTPUT VIEWS: render three separate images per creature — (1) full-body front view, (2) three-quarter back view rotated ~135 degrees from front, (3) pure side-profile view. GENERATION RES: render at 512x512 for AI quality, then DOWNSCALE to FINAL 96x96 PNG. FINAL IMAGE SPECS: 96x96 PNG, transparent background, indexed palette (max 256 colors), TARGET FILE SIZE: under 5 KB per image. Use clean Pokemon-style line art, vibrant saturated colors, single creature centered in frame, tightly cropped to creature edges (no padding wider than 2px), no text or watermarks."
70,Bonanzee,Dream,Blood,Common,spirit-form,Forest|Sanctum,night-only,Wednesday,any,96x96,5,,Camouse,stone,10,20,"Pokemon-style monster creature named ""Bonanzee"". RARITY TIER: Common (simple form, 1-2 distinguishing details). EVOLUTION CHAIN: stage 1 of 2 (chain ""dream_chain_2""). Evolves INTO: ""Camouse"" (trigger: stone, guaranteed by lvl 20). Foreshadow features that will become more prominent in ""Camouse"" — keep family identity consistent so the next stage feels like a natural maturation, not a different creature. Maintain visual continuity across the entire 2-stage chain — same family identity, recognizable shape across stages. OUTPUT VIEWS: render three separate images per creature — (1) full-body front view, (2) three-quarter back view rotated ~135 degrees from front, (3) pure side-profile view. GENERATION RES: render at 512x512 for AI quality, then DOWNSCALE to FINAL 96x96 PNG. FINAL IMAGE SPECS: 96x96 PNG, transparent background, indexed palette (max 256 colors), TARGET FILE SIZE: under 5 KB per image. Use clean Pokemon-style line art, vibrant saturated colors, single creature centered in frame, tightly cropped to creature edges (no padding wider than 2px), no text or watermarks."
71,Fuseal,Mind,,Common,beast,Castle|Sanctum,any,Wednesday,any,96x96,5,,,,,,"Pokemon-style monster creature named ""Fuseal"". RARITY TIER: Common (simple form, 1-2 distinguishing details). OUTPUT VIEWS: render three separate images per creature — (1) full-body front view, (2) three-quarter back view rotated ~135 degrees from front, (3) pure side-profile view. GENERATION RES: render at 512x512 for AI quality, then DOWNSCALE to FINAL 96x96 PNG. FINAL IMAGE SPECS: 96x96 PNG, transparent background, indexed palette (max 256 colors), TARGET FILE SIZE: under 5 KB per image. Use clean Pokemon-style line art, vibrant saturated colors, single creature centered in frame, tightly cropped to creature edges (no padding wider than 2px), no text or watermarks."
72,Caterpuna,Sound,Mind,Common,cat,Forest|Town,any,Thursday,any,96x96,5,Carnapi,,,,,"Pokemon-style monster creature named ""Caterpuna"". RARITY TIER: Common (simple form, 1-2 distinguishing details). EVOLUTION CHAIN: stage 2 of 2 (chain ""sound_chain_7""). Pre-evolution: ""Carnapi"" — this creature evolved FROM ""Carnapi"". Preserve a recognizably similar body shape and family identity to ""Carnapi"", but with extra detail layers, larger size (~10-15%), upgraded markings, more pronounced presence. Maintain visual continuity across the entire 2-stage chain — same family identity, recognizable shape across stages. OUTPUT VIEWS: render three separate images per creature — (1) full-body front view, (2) three-quarter back view rotated ~135 degrees from front, (3) pure side-profile view. GENERATION RES: render at 512x512 for AI quality, then DOWNSCALE to FINAL 96x96 PNG. FINAL IMAGE SPECS: 96x96 PNG, transparent background, indexed palette (max 256 colors), TARGET FILE SIZE: under 5 KB per image. Use clean Pokemon-style line art, vibrant saturated colors, single creature centered in frame, tightly cropped to creature edges (no padding wider than 2px), no text or watermarks."
73,Marshapi,Time,Blood,Common,beast,Sanctum|Cave,any,any,any,96x96,5,,,,,,"Pokemon-style monster creature named ""Marshapi"". RARITY TIER: Common (simple form, 1-2 distinguishing details). OUTPUT VIEWS: render three separate images per creature — (1) full-body front view, (2) three-quarter back view rotated ~135 degrees from front, (3) pure side-profile view. GENERATION RES: render at 512x512 for AI quality, then DOWNSCALE to FINAL 96x96 PNG. FINAL IMAGE SPECS: 96x96 PNG, transparent background, indexed palette (max 256 colors), TARGET FILE SIZE: under 5 KB per image. Use clean Pokemon-style line art, vibrant saturated colors, single creature centered in frame, tightly cropped to creature edges (no padding wider than 2px), no text or watermarks."
74,Spineen,Crystal,,Common,amorphous-elemental,Cave|Mountain|WaterSurface,any,Monday,any,96x96,5,,,,,,"Pokemon-style monster creature named ""Spineen"". RARITY TIER: Common (simple form, 1-2 distinguishing details). OUTPUT VIEWS: render three separate images per creature — (1) full-body front view, (2) three-quarter back view rotated ~135 degrees from front, (3) pure side-profile view. GENERATION RES: render at 512x512 for AI quality, then DOWNSCALE to FINAL 96x96 PNG. FINAL IMAGE SPECS: 96x96 PNG, transparent background, indexed palette (max 256 colors), TARGET FILE SIZE: under 5 KB per image. Use clean Pokemon-style line art, vibrant saturated colors, single creature centered in frame, tightly cropped to creature edges (no padding wider than 2px), no text or watermarks."
75,Jagoke,Blood,Time,Common,quadruped,Castle|Sanctum|Cave,any,Saturday,any,96x96,5,,,,,,"Pokemon-style monster creature named ""Jagoke"". RARITY TIER: Common (simple form, 1-2 distinguishing details). OUTPUT VIEWS: render three separate images per creature — (1) full-body front view, (2) three-quarter back view rotated ~135 degrees from front, (3) pure side-profile view. GENERATION RES: render at 512x512 for AI quality, then DOWNSCALE to FINAL 96x96 PNG. FINAL IMAGE SPECS: 96x96 PNG, transparent background, indexed palette (max 256 colors), TARGET FILE SIZE: under 5 KB per image. Use clean Pokemon-style line art, vibrant saturated colors, single creature centered in frame, tightly cropped to creature edges (no padding wider than 2px), no text or watermarks."
76,Rhinocius,Fire,,Common,bipedal-humanoid,Desert|Cave,any,Saturday,Heat,96x96,5,,,,,,"Pokemon-style monster creature named ""Rhinocius"". RARITY TIER: Common (simple form, 1-2 distinguishing details). OUTPUT VIEWS: render three separate images per creature — (1) full-body front view, (2) three-quarter back view rotated ~135 degrees from front, (3) pure side-profile view. GENERATION RES: render at 512x512 for AI quality, then DOWNSCALE to FINAL 96x96 PNG. FINAL IMAGE SPECS: 96x96 PNG, transparent background, indexed palette (max 256 colors), TARGET FILE SIZE: under 5 KB per image. Use clean Pokemon-style line art, vibrant saturated colors, single creature centered in frame, tightly cropped to creature edges (no padding wider than 2px), no text or watermarks."
77,Elemite,Water,Earth,Common,amorphous-elemental,Beach|Harbor|Marsh,any,Friday,Rain,96x96,5,Dragoron,,,,,"Pokemon-style monster creature named ""Elemite"". RARITY TIER: Common (simple form, 1-2 distinguishing details). EVOLUTION CHAIN: stage 2 of 2 (chain ""water_chain_3""). Pre-evolution: ""Dragoron"" — this creature evolved FROM ""Dragoron"". Preserve a recognizably similar body shape and family identity to ""Dragoron"", but with extra detail layers, larger size (~10-15%), upgraded markings, more pronounced presence. Maintain visual continuity across the entire 2-stage chain — same family identity, recognizable shape across stages. OUTPUT VIEWS: render three separate images per creature — (1) full-body front view, (2) three-quarter back view rotated ~135 degrees from front, (3) pure side-profile view. GENERATION RES: render at 512x512 for AI quality, then DOWNSCALE to FINAL 96x96 PNG. FINAL IMAGE SPECS: 96x96 PNG, transparent background, indexed palette (max 256 colors), TARGET FILE SIZE: under 5 KB per image. Use clean Pokemon-style line art, vibrant saturated colors, single creature centered in frame, tightly cropped to creature edges (no padding wider than 2px), no text or watermarks."
78,Spidite,Ice,Wood,Common,amorphous-elemental,Mountain|WaterSurface,any,Wednesday,Snow,96x96,5,,,,,,"Pokemon-style monster creature named ""Spidite"". RARITY TIER: Common (simple form, 1-2 distinguishing details). OUTPUT VIEWS: render three separate images per creature — (1) full-body front view, (2) three-quarter back view rotated ~135 degrees from front, (3) pure side-profile view. GENERATION RES: render at 512x512 for AI quality, then DOWNSCALE to FINAL 96x96 PNG. FINAL IMAGE SPECS: 96x96 PNG, transparent background, indexed palette (max 256 colors), TARGET FILE SIZE: under 5 KB per image. Use clean Pokemon-style line art, vibrant saturated colors, single creature centered in frame, tightly cropped to creature edges (no padding wider than 2px), no text or watermarks."
79,Squidle,Earth,,Common,amorphous-elemental,Forest|Mountain|Desert,any,Sunday,any,96x96,5,,,,,,"Pokemon-style monster creature named ""Squidle"". RARITY TIER: Common (simple form, 1-2 distinguishing details). OUTPUT VIEWS: render three separate images per creature — (1) full-body front view, (2) three-quarter back view rotated ~135 degrees from front, (3) pure side-profile view. GENERATION RES: render at 512x512 for AI quality, then DOWNSCALE to FINAL 96x96 PNG. FINAL IMAGE SPECS: 96x96 PNG, transparent background, indexed palette (max 256 colors), TARGET FILE SIZE: under 5 KB per image. Use clean Pokemon-style line art, vibrant saturated colors, single creature centered in frame, tightly cropped to creature edges (no padding wider than 2px), no text or watermarks."
80,Magiwing,Wood,Earth,Common,bird,Forest|Plains,day-preferred,Sunday,any,96x96,5,,,,,,"Pokemon-style monster creature named ""Magiwing"". RARITY TIER: Common (simple form, 1-2 distinguishing details). OUTPUT VIEWS: render three separate images per creature — (1) full-body front view, (2) three-quarter back view rotated ~135 degrees from front, (3) pure side-profile view. GENERATION RES: render at 512x512 for AI quality, then DOWNSCALE to FINAL 96x96 PNG. FINAL IMAGE SPECS: 96x96 PNG, transparent background, indexed palette (max 256 colors), TARGET FILE SIZE: under 5 KB per image. Use clean Pokemon-style line art, vibrant saturated colors, single creature centered in frame, tightly cropped to creature edges (no padding wider than 2px), no text or watermarks."
81,Brawnkey,Metal,,Common,spirit-form,Cave|Castle|Harbor,any,Monday,any,96x96,5,Bipet,,,,,"Pokemon-style monster creature named ""Brawnkey"". RARITY TIER: Common (simple form, 1-2 distinguishing details). EVOLUTION CHAIN: stage 2 of 2 (chain ""metal_chain_2""). Pre-evolution: ""Bipet"" — this creature evolved FROM ""Bipet"". Preserve a recognizably similar body shape and family identity to ""Bipet"", but with extra detail layers, larger size (~10-15%), upgraded markings, more pronounced presence. Maintain visual continuity across the entire 2-stage chain — same family identity, recognizable shape across stages. OUTPUT VIEWS: render three separate images per creature — (1) full-body front view, (2) three-quarter back view rotated ~135 degrees from front, (3) pure side-profile view. GENERATION RES: render at 512x512 for AI quality, then DOWNSCALE to FINAL 96x96 PNG. FINAL IMAGE SPECS: 96x96 PNG, transparent background, indexed palette (max 256 colors), TARGET FILE SIZE: under 5 KB per image. Use clean Pokemon-style line art, vibrant saturated colors, single creature centered in frame, tightly cropped to creature edges (no padding wider than 2px), no text or watermarks."
82,Gladiaphin,Storm,Metal,Common,reptile,Beach|Mountain,any,Thursday,Rain,96x96,5,,,,,,"Pokemon-style monster creature named ""Gladiaphin"". RARITY TIER: Common (simple form, 1-2 distinguishing details). OUTPUT VIEWS: render three separate images per creature — (1) full-body front view, (2) three-quarter back view rotated ~135 degrees from front, (3) pure side-profile view. GENERATION RES: render at 512x512 for AI quality, then DOWNSCALE to FINAL 96x96 PNG. FINAL IMAGE SPECS: 96x96 PNG, transparent background, indexed palette (max 256 colors), TARGET FILE SIZE: under 5 KB per image. Use clean Pokemon-style line art, vibrant saturated colors, single creature centered in frame, tightly cropped to creature edges (no padding wider than 2px), no text or watermarks."
83,Fierguin,Wind,Venom,Common,beast,Plains|Mountain,any,Friday,Foehn,96x96,5,,Flamepion,moon_full,10,20,"Pokemon-style monster creature named ""Fierguin"". RARITY TIER: Common (simple form, 1-2 distinguishing details). EVOLUTION CHAIN: stage 1 of 2 (chain ""wind_chain_8""). Evolves INTO: ""Flamepion"" (trigger: moon_full, guaranteed by lvl 20). Foreshadow features that will become more prominent in ""Flamepion"" — keep family identity consistent so the next stage feels like a natural maturation, not a different creature. Maintain visual continuity across the entire 2-stage chain — same family identity, recognizable shape across stages. OUTPUT VIEWS: render three separate images per creature — (1) full-body front view, (2) three-quarter back view rotated ~135 degrees from front, (3) pure side-profile view. GENERATION RES: render at 512x512 for AI quality, then DOWNSCALE to FINAL 96x96 PNG. FINAL IMAGE SPECS: 96x96 PNG, transparent background, indexed palette (max 256 colors), TARGET FILE SIZE: under 5 KB per image. Use clean Pokemon-style line art, vibrant saturated colors, single creature centered in frame, tightly cropped to creature edges (no padding wider than 2px), no text or watermarks."
84,Chimeraffe,Shadow,,Common,quadruped,Cave|Marsh|Sanctum,night-only,Wednesday,Fog,96x96,5,,Chuvrirth,level,10,20,"Pokemon-style monster creature named ""Chimeraffe"". RARITY TIER: Common (simple form, 1-2 distinguishing details). EVOLUTION CHAIN: stage 1 of 2 (chain ""shadow_chain_4""). Evolves INTO: ""Chuvrirth"" (trigger: level, guaranteed by lvl 20). Foreshadow features that will become more prominent in ""Chuvrirth"" — keep family identity consistent so the next stage feels like a natural maturation, not a different creature. Maintain visual continuity across the entire 2-stage chain — same family identity, recognizable shape across stages. OUTPUT VIEWS: render three separate images per creature — (1) full-body front view, (2) three-quarter back view rotated ~135 degrees from front, (3) pure side-profile view. GENERATION RES: render at 512x512 for AI quality, then DOWNSCALE to FINAL 96x96 PNG. FINAL IMAGE SPECS: 96x96 PNG, transparent background, indexed palette (max 256 colors), TARGET FILE SIZE: under 5 KB per image. Use clean Pokemon-style line art, vibrant saturated colors, single creature centered in frame, tightly cropped to creature edges (no padding wider than 2px), no text or watermarks."
85,Armabyss,Light,Crystal,Common,mythic-form,Castle|Sanctum|Town,day-only,Tuesday,any,96x96,5,Aquatile,,,,,"Pokemon-style monster creature named ""Armabyss"". RARITY TIER: Common (simple form, 1-2 distinguishing details). EVOLUTION CHAIN: stage 3 of 3 (chain ""light_chain_1""). Pre-evolution: ""Aquatile"" — this creature evolved FROM ""Aquatile"". Preserve a recognizably similar body shape and family identity to ""Aquatile"", but with extra detail layers, larger size (~10-15%), upgraded markings, more pronounced presence. Maintain visual continuity across the entire 3-stage chain — same family identity, recognizable shape across stages. OUTPUT VIEWS: render three separate images per creature — (1) full-body front view, (2) three-quarter back view rotated ~135 degrees from front, (3) pure side-profile view. GENERATION RES: render at 512x512 for AI quality, then DOWNSCALE to FINAL 96x96 PNG. FINAL IMAGE SPECS: 96x96 PNG, transparent background, indexed palette (max 256 colors), TARGET FILE SIZE: under 5 KB per image. Use clean Pokemon-style line art, vibrant saturated colors, single creature centered in frame, tightly cropped to creature edges (no padding wider than 2px), no text or watermarks."
86,Kynamel,Venom,,Common,bipedal-humanoid,Marsh|Cave|Sanctum,dawn-dusk-only,Saturday,any,96x96,5,,,,,,"Pokemon-style monster creature named ""Kynamel"". RARITY TIER: Common (simple form, 1-2 distinguishing details). OUTPUT VIEWS: render three separate images per creature — (1) full-body front view, (2) three-quarter back view rotated ~135 degrees from front, (3) pure side-profile view. GENERATION RES: render at 512x512 for AI quality, then DOWNSCALE to FINAL 96x96 PNG. FINAL IMAGE SPECS: 96x96 PNG, transparent background, indexed palette (max 256 colors), TARGET FILE SIZE: under 5 KB per image. Use clean Pokemon-style line art, vibrant saturated colors, single creature centered in frame, tightly cropped to creature edges (no padding wider than 2px), no text or watermarks."
87,Pyrose,Cosmic,Mind,Common,spirit-form,Sanctum|Mountain,night-only,Wednesday,any,96x96,5,,,,,,"Pokemon-style monster creature named ""Pyrose"". RARITY TIER: Common (simple form, 1-2 distinguishing details). OUTPUT VIEWS: render three separate images per creature — (1) full-body front view, (2) three-quarter back view rotated ~135 degrees from front, (3) pure side-profile view. GENERATION RES: render at 512x512 for AI quality, then DOWNSCALE to FINAL 96x96 PNG. FINAL IMAGE SPECS: 96x96 PNG, transparent background, indexed palette (max 256 colors), TARGET FILE SIZE: under 5 KB per image. Use clean Pokemon-style line art, vibrant saturated colors, single creature centered in frame, tightly cropped to creature edges (no padding wider than 2px), no text or watermarks."
88,Skelemeleon,Aether,Cosmic,Common,amorphous-elemental,Sanctum|Town,any,any,any,96x96,5,,,,,,"Pokemon-style monster creature named ""Skelemeleon"". RARITY TIER: Common (simple form, 1-2 distinguishing details). OUTPUT VIEWS: render three separate images per creature — (1) full-body front view, (2) three-quarter back view rotated ~135 degrees from front, (3) pure side-profile view. GENERATION RES: render at 512x512 for AI quality, then DOWNSCALE to FINAL 96x96 PNG. FINAL IMAGE SPECS: 96x96 PNG, transparent background, indexed palette (max 256 colors), TARGET FILE SIZE: under 5 KB per image. Use clean Pokemon-style line art, vibrant saturated colors, single creature centered in frame, tightly cropped to creature edges (no padding wider than 2px), no text or watermarks."
89,Octolix,Dream,,Common,octopus,Forest|Sanctum,night-only,Wednesday,any,96x96,5,,,,,,"Pokemon-style monster creature named ""Octolix"". RARITY TIER: Common (simple form, 1-2 distinguishing details). OUTPUT VIEWS: render three separate images per creature — (1) full-body front view, (2) three-quarter back view rotated ~135 degrees from front, (3) pure side-profile view. GENERATION RES: render at 512x512 for AI quality, then DOWNSCALE to FINAL 96x96 PNG. FINAL IMAGE SPECS: 96x96 PNG, transparent background, indexed palette (max 256 colors), TARGET FILE SIZE: under 5 KB per image. Use clean Pokemon-style line art, vibrant saturated colors, single creature centered in frame, tightly cropped to creature edges (no padding wider than 2px), no text or watermarks."
90,Gazeceon,Mind,Sound,Common,reptile,Castle|Sanctum,any,Wednesday,any,96x96,5,,,,,,"Pokemon-style monster creature named ""Gazeceon"". RARITY TIER: Common (simple form, 1-2 distinguishing details). OUTPUT VIEWS: render three separate images per creature — (1) full-body front view, (2) three-quarter back view rotated ~135 degrees from front, (3) pure side-profile view. GENERATION RES: render at 512x512 for AI quality, then DOWNSCALE to FINAL 96x96 PNG. FINAL IMAGE SPECS: 96x96 PNG, transparent background, indexed palette (max 256 colors), TARGET FILE SIZE: under 5 KB per image. Use clean Pokemon-style line art, vibrant saturated colors, single creature centered in frame, tightly cropped to creature edges (no padding wider than 2px), no text or watermarks."
91,Carnapi,Sound,,Common,quadruped,Forest|Town,any,Thursday,any,96x96,5,,Caterpuna,level,10,20,"Pokemon-style monster creature named ""Carnapi"". RARITY TIER: Common (simple form, 1-2 distinguishing details). EVOLUTION CHAIN: stage 1 of 2 (chain ""sound_chain_7""). Evolves INTO: ""Caterpuna"" (trigger: level, guaranteed by lvl 20). Foreshadow features that will become more prominent in ""Caterpuna"" — keep family identity consistent so the next stage feels like a natural maturation, not a different creature. Maintain visual continuity across the entire 2-stage chain — same family identity, recognizable shape across stages. OUTPUT VIEWS: render three separate images per creature — (1) full-body front view, (2) three-quarter back view rotated ~135 degrees from front, (3) pure side-profile view. GENERATION RES: render at 512x512 for AI quality, then DOWNSCALE to FINAL 96x96 PNG. FINAL IMAGE SPECS: 96x96 PNG, transparent background, indexed palette (max 256 colors), TARGET FILE SIZE: under 5 KB per image. Use clean Pokemon-style line art, vibrant saturated colors, single creature centered in frame, tightly cropped to creature edges (no padding wider than 2px), no text or watermarks."
92,Vulteo,Time,Aether,Common,mythic-form,Sanctum|Cave,any,any,any,96x96,5,,,,,,"Pokemon-style monster creature named ""Vulteo"". RARITY TIER: Common (simple form, 1-2 distinguishing details). OUTPUT VIEWS: render three separate images per creature — (1) full-body front view, (2) three-quarter back view rotated ~135 degrees from front, (3) pure side-profile view. GENERATION RES: render at 512x512 for AI quality, then DOWNSCALE to FINAL 96x96 PNG. FINAL IMAGE SPECS: 96x96 PNG, transparent background, indexed palette (max 256 colors), TARGET FILE SIZE: under 5 KB per image. Use clean Pokemon-style line art, vibrant saturated colors, single creature centered in frame, tightly cropped to creature edges (no padding wider than 2px), no text or watermarks."
93,Porcupid,Crystal,Earth,Common,spirit-form,Cave|Mountain|WaterSurface,any,Monday,any,96x96,5,,,,,,"Pokemon-style monster creature named ""Porcupid"". RARITY TIER: Common (simple form, 1-2 distinguishing details). OUTPUT VIEWS: render three separate images per creature — (1) full-body front view, (2) three-quarter back view rotated ~135 degrees from front, (3) pure side-profile view. GENERATION RES: render at 512x512 for AI quality, then DOWNSCALE to FINAL 96x96 PNG. FINAL IMAGE SPECS: 96x96 PNG, transparent background, indexed palette (max 256 colors), TARGET FILE SIZE: under 5 KB per image. Use clean Pokemon-style line art, vibrant saturated colors, single creature centered in frame, tightly cropped to creature edges (no padding wider than 2px), no text or watermarks."
94,Koaceon,Blood,,Common,bipedal-humanoid,Castle|Sanctum|Cave,any,Saturday,any,96x96,5,,,,,,"Pokemon-style monster creature named ""Koaceon"". RARITY TIER: Common (simple form, 1-2 distinguishing details). OUTPUT VIEWS: render three separate images per creature — (1) full-body front view, (2) three-quarter back view rotated ~135 degrees from front, (3) pure side-profile view. GENERATION RES: render at 512x512 for AI quality, then DOWNSCALE to FINAL 96x96 PNG. FINAL IMAGE SPECS: 96x96 PNG, transparent background, indexed palette (max 256 colors), TARGET FILE SIZE: under 5 KB per image. Use clean Pokemon-style line art, vibrant saturated colors, single creature centered in frame, tightly cropped to creature edges (no padding wider than 2px), no text or watermarks."
95,Magmosaur,Fire,Ice,Common,beast,Desert|Cave,any,Saturday,Heat,96x96,5,,,,,,"Pokemon-style monster creature named ""Magmosaur"". RARITY TIER: Common (simple form, 1-2 distinguishing details). OUTPUT VIEWS: render three separate images per creature — (1) full-body front view, (2) three-quarter back view rotated ~135 degrees from front, (3) pure side-profile view. GENERATION RES: render at 512x512 for AI quality, then DOWNSCALE to FINAL 96x96 PNG. FINAL IMAGE SPECS: 96x96 PNG, transparent background, indexed palette (max 256 colors), TARGET FILE SIZE: under 5 KB per image. Use clean Pokemon-style line art, vibrant saturated colors, single creature centered in frame, tightly cropped to creature edges (no padding wider than 2px), no text or watermarks."
96,Ashboon,Water,,Common,mythic-form,Beach|Harbor|Marsh,any,Friday,Rain,96x96,5,Armadaza,Blastacuda,moon_full,30,45,"Pokemon-style monster creature named ""Ashboon"". RARITY TIER: Common (simple form, 1-2 distinguishing details). EVOLUTION CHAIN: stage 2 of 3 (chain ""water_chain_1""). Pre-evolution: ""Armadaza"" — this creature evolved FROM ""Armadaza"". Preserve a recognizably similar body shape and family identity to ""Armadaza"", but with extra detail layers, larger size (~10-15%), upgraded markings, more pronounced presence. Evolves INTO: ""Blastacuda"" (trigger: moon_full, guaranteed by lvl 45). Foreshadow features that will become more prominent in ""Blastacuda"" — keep family identity consistent so the next stage feels like a natural maturation, not a different creature. Maintain visual continuity across the entire 3-stage chain — same family identity, recognizable shape across stages. OUTPUT VIEWS: render three separate images per creature — (1) full-body front view, (2) three-quarter back view rotated ~135 degrees from front, (3) pure side-profile view. GENERATION RES: render at 512x512 for AI quality, then DOWNSCALE to FINAL 96x96 PNG. FINAL IMAGE SPECS: 96x96 PNG, transparent background, indexed palette (max 256 colors), TARGET FILE SIZE: under 5 KB per image. Use clean Pokemon-style line art, vibrant saturated colors, single creature centered in frame, tightly cropped to creature edges (no padding wider than 2px), no text or watermarks."
97,Pigeotuff,Ice,Earth,Common,spirit-form,Mountain|WaterSurface,any,Wednesday,Snow,96x96,5,,,,,,"Pokemon-style monster creature named ""Pigeotuff"". RARITY TIER: Common (simple form, 1-2 distinguishing details). OUTPUT VIEWS: render three separate images per creature — (1) full-body front view, (2) three-quarter back view rotated ~135 degrees from front, (3) pure side-profile view. GENERATION RES: render at 512x512 for AI quality, then DOWNSCALE to FINAL 96x96 PNG. FINAL IMAGE SPECS: 96x96 PNG, transparent background, indexed palette (max 256 colors), TARGET FILE SIZE: under 5 KB per image. Use clean Pokemon-style line art, vibrant saturated colors, single creature centered in frame, tightly cropped to creature edges (no padding wider than 2px), no text or watermarks."
98,Mosqaza,Earth,Storm,Common,beast,Forest|Mountain|Desert,any,Sunday,any,96x96,5,,,,,,"Pokemon-style monster creature named ""Mosqaza"". RARITY TIER: Common (simple form, 1-2 distinguishing details). OUTPUT VIEWS: render three separate images per creature — (1) full-body front view, (2) three-quarter back view rotated ~135 degrees from front, (3) pure side-profile view. GENERATION RES: render at 512x512 for AI quality, then DOWNSCALE to FINAL 96x96 PNG. FINAL IMAGE SPECS: 96x96 PNG, transparent background, indexed palette (max 256 colors), TARGET FILE SIZE: under 5 KB per image. Use clean Pokemon-style line art, vibrant saturated colors, single creature centered in frame, tightly cropped to creature edges (no padding wider than 2px), no text or watermarks."
99,Glacoceros,Wood,,Common,reptile,Forest|Plains,day-preferred,Sunday,any,96x96,5,,,,,,"Pokemon-style monster creature named ""Glacoceros"". RARITY TIER: Common (simple form, 1-2 distinguishing details). OUTPUT VIEWS: render three separate images per creature — (1) full-body front view, (2) three-quarter back view rotated ~135 degrees from front, (3) pure side-profile view. GENERATION RES: render at 512x512 for AI quality, then DOWNSCALE to FINAL 96x96 PNG. FINAL IMAGE SPECS: 96x96 PNG, transparent background, indexed palette (max 256 colors), TARGET FILE SIZE: under 5 KB per image. Use clean Pokemon-style line art, vibrant saturated colors, single creature centered in frame, tightly cropped to creature edges (no padding wider than 2px), no text or watermarks."
100,Skelossum,Metal,Wind,Common,amorphous-elemental,Cave|Castle|Harbor,any,Monday,any,96x96,5,,,,,,"Pokemon-style monster creature named ""Skelossum"". RARITY TIER: Common (simple form, 1-2 distinguishing details). OUTPUT VIEWS: render three separate images per creature — (1) full-body front view, (2) three-quarter back view rotated ~135 degrees from front, (3) pure side-profile view. GENERATION RES: render at 512x512 for AI quality, then DOWNSCALE to FINAL 96x96 PNG. FINAL IMAGE SPECS: 96x96 PNG, transparent background, indexed palette (max 256 colors), TARGET FILE SIZE: under 5 KB per image. Use clean Pokemon-style line art, vibrant saturated colors, single creature centered in frame, tightly cropped to creature edges (no padding wider than 2px), no text or watermarks."
101,Flamoss,Storm,,Common,plant,Beach|Mountain,any,Thursday,Rain,96x96,5,,,,,,"Pokemon-style monster creature named ""Flamoss"". RARITY TIER: Common (simple form, 1-2 distinguishing details). OUTPUT VIEWS: render three separate images per creature — (1) full-body front view, (2) three-quarter back view rotated ~135 degrees from front, (3) pure side-profile view. GENERATION RES: render at 512x512 for AI quality, then DOWNSCALE to FINAL 96x96 PNG. FINAL IMAGE SPECS: 96x96 PNG, transparent background, indexed palette (max 256 colors), TARGET FILE SIZE: under 5 KB per image. Use clean Pokemon-style line art, vibrant saturated colors, single creature centered in frame, tightly cropped to creature edges (no padding wider than 2px), no text or watermarks."
102,Donkairy,Wind,Wood,Common,bipedal-humanoid,Plains|Mountain,any,Friday,Foehn,96x96,5,Dewida,Dracithe,level,30,45,"Pokemon-style monster creature named ""Donkairy"". RARITY TIER: Common (simple form, 1-2 distinguishing details). EVOLUTION CHAIN: stage 2 of 3 (chain ""wind_chain_6""). Pre-evolution: ""Dewida"" — this creature evolved FROM ""Dewida"". Preserve a recognizably similar body shape and family identity to ""Dewida"", but with extra detail layers, larger size (~10-15%), upgraded markings, more pronounced presence. Evolves INTO: ""Dracithe"" (trigger: level, guaranteed by lvl 45). Foreshadow features that will become more prominent in ""Dracithe"" — keep family identity consistent so the next stage feels like a natural maturation, not a different creature. Maintain visual continuity across the entire 3-stage chain — same family identity, recognizable shape across stages. OUTPUT VIEWS: render three separate images per creature — (1) full-body front view, (2) three-quarter back view rotated ~135 degrees from front, (3) pure side-profile view. GENERATION RES: render at 512x512 for AI quality, then DOWNSCALE to FINAL 96x96 PNG. FINAL IMAGE SPECS: 96x96 PNG, transparent background, indexed palette (max 256 colors), TARGET FILE SIZE: under 5 KB per image. Use clean Pokemon-style line art, vibrant saturated colors, single creature centered in frame, tightly cropped to creature edges (no padding wider than 2px), no text or watermarks."
103,Ashking,Shadow,Dream,Common,mythic-form,Cave|Marsh|Sanctum,night-only,Wednesday,Fog,96x96,5,Alligotto,Basire,level,30,45,"Pokemon-style monster creature named ""Ashking"". RARITY TIER: Common (simple form, 1-2 distinguishing details). EVOLUTION CHAIN: stage 2 of 3 (chain ""shadow_chain_1""). Pre-evolution: ""Alligotto"" — this creature evolved FROM ""Alligotto"". Preserve a recognizably similar body shape and family identity to ""Alligotto"", but with extra detail layers, larger size (~10-15%), upgraded markings, more pronounced presence. Evolves INTO: ""Basire"" (trigger: level, guaranteed by lvl 45). Foreshadow features that will become more prominent in ""Basire"" — keep family identity consistent so the next stage feels like a natural maturation, not a different creature. Maintain visual continuity across the entire 3-stage chain — same family identity, recognizable shape across stages. OUTPUT VIEWS: render three separate images per creature — (1) full-body front view, (2) three-quarter back view rotated ~135 degrees from front, (3) pure side-profile view. GENERATION RES: render at 512x512 for AI quality, then DOWNSCALE to FINAL 96x96 PNG. FINAL IMAGE SPECS: 96x96 PNG, transparent background, indexed palette (max 256 colors), TARGET FILE SIZE: under 5 KB per image. Use clean Pokemon-style line art, vibrant saturated colors, single creature centered in frame, tightly cropped to creature edges (no padding wider than 2px), no text or watermarks."
104,Ashossum,Light,,Common,mythic-form,Castle|Sanctum|Town,day-only,Tuesday,any,96x96,5,,Ashrilla,stone,10,20,"Pokemon-style monster creature named ""Ashossum"". RARITY TIER: Common (simple form, 1-2 distinguishing details). EVOLUTION CHAIN: stage 1 of 2 (chain ""light_chain_2""). Evolves INTO: ""Ashrilla"" (trigger: stone, guaranteed by lvl 20). Foreshadow features that will become more prominent in ""Ashrilla"" — keep family identity consistent so the next stage feels like a natural maturation, not a different creature. Maintain visual continuity across the entire 2-stage chain — same family identity, recognizable shape across stages. OUTPUT VIEWS: render three separate images per creature — (1) full-body front view, (2) three-quarter back view rotated ~135 degrees from front, (3) pure side-profile view. GENERATION RES: render at 512x512 for AI quality, then DOWNSCALE to FINAL 96x96 PNG. FINAL IMAGE SPECS: 96x96 PNG, transparent background, indexed palette (max 256 colors), TARGET FILE SIZE: under 5 KB per image. Use clean Pokemon-style line art, vibrant saturated colors, single creature centered in frame, tightly cropped to creature edges (no padding wider than 2px), no text or watermarks."
105,Blastdine,Venom,Wood,Common,spirit-form,Marsh|Cave|Sanctum,dawn-dusk-only,Saturday,any,96x96,5,,Bonemingo,level,10,20,"Pokemon-style monster creature named ""Blastdine"". RARITY TIER: Common (simple form, 1-2 distinguishing details). EVOLUTION CHAIN: stage 1 of 2 (chain ""venom_chain_3""). Evolves INTO: ""Bonemingo"" (trigger: level, guaranteed by lvl 20). Foreshadow features that will become more prominent in ""Bonemingo"" — keep family identity consistent so the next stage feels like a natural maturation, not a different creature. Maintain visual continuity across the entire 2-stage chain — same family identity, recognizable shape across stages. OUTPUT VIEWS: render three separate images per creature — (1) full-body front view, (2) three-quarter back view rotated ~135 degrees from front, (3) pure side-profile view. GENERATION RES: render at 512x512 for AI quality, then DOWNSCALE to FINAL 96x96 PNG. FINAL IMAGE SPECS: 96x96 PNG, transparent background, indexed palette (max 256 colors), TARGET FILE SIZE: under 5 KB per image. Use clean Pokemon-style line art, vibrant saturated colors, single creature centered in frame, tightly cropped to creature edges (no padding wider than 2px), no text or watermarks."
106,Ramoth,Cosmic,,Common,bipedal-humanoid,Sanctum|Mountain,night-only,Wednesday,any,96x96,5,,,,,,"Pokemon-style monster creature named ""Ramoth"". RARITY TIER: Common (simple form, 1-2 distinguishing details). OUTPUT VIEWS: render three separate images per creature — (1) full-body front view, (2) three-quarter back view rotated ~135 degrees from front, (3) pure side-profile view. GENERATION RES: render at 512x512 for AI quality, then DOWNSCALE to FINAL 96x96 PNG. FINAL IMAGE SPECS: 96x96 PNG, transparent background, indexed palette (max 256 colors), TARGET FILE SIZE: under 5 KB per image. Use clean Pokemon-style line art, vibrant saturated colors, single creature centered in frame, tightly cropped to creature edges (no padding wider than 2px), no text or watermarks."
107,Chillilla,Aether,Venom,Common,quadruped,Sanctum|Town,any,any,any,96x96,5,Boneguin,,,,,"Pokemon-style monster creature named ""Chillilla"". RARITY TIER: Common (simple form, 1-2 distinguishing details). EVOLUTION CHAIN: stage 2 of 2 (chain ""aether_chain_2""). Pre-evolution: ""Boneguin"" — this creature evolved FROM ""Boneguin"". Preserve a recognizably similar body shape and family identity to ""Boneguin"", but with extra detail layers, larger size (~10-15%), upgraded markings, more pronounced presence. Maintain visual continuity across the entire 2-stage chain — same family identity, recognizable shape across stages. OUTPUT VIEWS: render three separate images per creature — (1) full-body front view, (2) three-quarter back view rotated ~135 degrees from front, (3) pure side-profile view. GENERATION RES: render at 512x512 for AI quality, then DOWNSCALE to FINAL 96x96 PNG. FINAL IMAGE SPECS: 96x96 PNG, transparent background, indexed palette (max 256 colors), TARGET FILE SIZE: under 5 KB per image. Use clean Pokemon-style line art, vibrant saturated colors, single creature centered in frame, tightly cropped to creature edges (no padding wider than 2px), no text or watermarks."
108,Gazix,Dream,Mind,Common,reptile,Forest|Sanctum,night-only,Wednesday,any,96x96,5,,,,,,"Pokemon-style monster creature named ""Gazix"". RARITY TIER: Common (simple form, 1-2 distinguishing details). OUTPUT VIEWS: render three separate images per creature — (1) full-body front view, (2) three-quarter back view rotated ~135 degrees from front, (3) pure side-profile view. GENERATION RES: render at 512x512 for AI quality, then DOWNSCALE to FINAL 96x96 PNG. FINAL IMAGE SPECS: 96x96 PNG, transparent background, indexed palette (max 256 colors), TARGET FILE SIZE: under 5 KB per image. Use clean Pokemon-style line art, vibrant saturated colors, single creature centered in frame, tightly cropped to creature edges (no padding wider than 2px), no text or watermarks."
109,Pandaw,Mind,,Common,spirit-form,Castle|Sanctum,any,Wednesday,any,96x96,5,,,,,,"Pokemon-style monster creature named ""Pandaw"". RARITY TIER: Common (simple form, 1-2 distinguishing details). OUTPUT VIEWS: render three separate images per creature — (1) full-body front view, (2) three-quarter back view rotated ~135 degrees from front, (3) pure side-profile view. GENERATION RES: render at 512x512 for AI quality, then DOWNSCALE to FINAL 96x96 PNG. FINAL IMAGE SPECS: 96x96 PNG, transparent background, indexed palette (max 256 colors), TARGET FILE SIZE: under 5 KB per image. Use clean Pokemon-style line art, vibrant saturated colors, single creature centered in frame, tightly cropped to creature edges (no padding wider than 2px), no text or watermarks."
110,Rhinolow,Sound,Crystal,Common,bipedal-humanoid,Forest|Town,any,Thursday,any,96x96,5,,,,,,"Pokemon-style monster creature named ""Rhinolow"". RARITY TIER: Common (simple form, 1-2 distinguishing details). OUTPUT VIEWS: render three separate images per creature — (1) full-body front view, (2) three-quarter back view rotated ~135 degrees from front, (3) pure side-profile view. GENERATION RES: render at 512x512 for AI quality, then DOWNSCALE to FINAL 96x96 PNG. FINAL IMAGE SPECS: 96x96 PNG, transparent background, indexed palette (max 256 colors), TARGET FILE SIZE: under 5 KB per image. Use clean Pokemon-style line art, vibrant saturated colors, single creature centered in frame, tightly cropped to creature edges (no padding wider than 2px), no text or watermarks."
111,Porcucross,Time,,Common,spirit-form,Sanctum|Cave,any,any,any,96x96,5,,,,,,"Pokemon-style monster creature named ""Porcucross"". RARITY TIER: Common (simple form, 1-2 distinguishing details). OUTPUT VIEWS: render three separate images per creature — (1) full-body front view, (2) three-quarter back view rotated ~135 degrees from front, (3) pure side-profile view. GENERATION RES: render at 512x512 for AI quality, then DOWNSCALE to FINAL 96x96 PNG. FINAL IMAGE SPECS: 96x96 PNG, transparent background, indexed palette (max 256 colors), TARGET FILE SIZE: under 5 KB per image. Use clean Pokemon-style line art, vibrant saturated colors, single creature centered in frame, tightly cropped to creature edges (no padding wider than 2px), no text or watermarks."
112,Laserpent,Crystal,Storm,Common,snake,Cave|Mountain|WaterSurface,any,Monday,any,96x96,5,,,,,,"Pokemon-style monster creature named ""Laserpent"". RARITY TIER: Common (simple form, 1-2 distinguishing details). OUTPUT VIEWS: render three separate images per creature — (1) full-body front view, (2) three-quarter back view rotated ~135 degrees from front, (3) pure side-profile view. GENERATION RES: render at 512x512 for AI quality, then DOWNSCALE to FINAL 96x96 PNG. FINAL IMAGE SPECS: 96x96 PNG, transparent background, indexed palette (max 256 colors), TARGET FILE SIZE: under 5 KB per image. Use clean Pokemon-style line art, vibrant saturated colors, single creature centered in frame, tightly cropped to creature edges (no padding wider than 2px), no text or watermarks."
113,Meltaros,Blood,Aether,Common,beast,Castle|Sanctum|Cave,any,Saturday,any,96x96,5,,,,,,"Pokemon-style monster creature named ""Meltaros"". RARITY TIER: Common (simple form, 1-2 distinguishing details). OUTPUT VIEWS: render three separate images per creature — (1) full-body front view, (2) three-quarter back view rotated ~135 degrees from front, (3) pure side-profile view. GENERATION RES: render at 512x512 for AI quality, then DOWNSCALE to FINAL 96x96 PNG. FINAL IMAGE SPECS: 96x96 PNG, transparent background, indexed palette (max 256 colors), TARGET FILE SIZE: under 5 KB per image. Use clean Pokemon-style line art, vibrant saturated colors, single creature centered in frame, tightly cropped to creature edges (no padding wider than 2px), no text or watermarks."
114,Crocath,Fire,,Common,cat,Desert|Cave,any,Saturday,Heat,96x96,5,Cobruna,,,,,"Pokemon-style monster creature named ""Crocath"". RARITY TIER: Common (simple form, 1-2 distinguishing details). EVOLUTION CHAIN: stage 2 of 2 (chain ""fire_chain_4""). Pre-evolution: ""Cobruna"" — this creature evolved FROM ""Cobruna"". Preserve a recognizably similar body shape and family identity to ""Cobruna"", but with extra detail layers, larger size (~10-15%), upgraded markings, more pronounced presence. Maintain visual continuity across the entire 2-stage chain — same family identity, recognizable shape across stages. OUTPUT VIEWS: render three separate images per creature — (1) full-body front view, (2) three-quarter back view rotated ~135 degrees from front, (3) pure side-profile view. GENERATION RES: render at 512x512 for AI quality, then DOWNSCALE to FINAL 96x96 PNG. FINAL IMAGE SPECS: 96x96 PNG, transparent background, indexed palette (max 256 colors), TARGET FILE SIZE: under 5 KB per image. Use clean Pokemon-style line art, vibrant saturated colors, single creature centered in frame, tightly cropped to creature edges (no padding wider than 2px), no text or watermarks."
115,Wolvesire,Water,Storm,Common,wolf,Beach|Harbor|Marsh,any,Friday,Rain,96x96,5,,,,,,"Pokemon-style monster creature named ""Wolvesire"". RARITY TIER: Common (simple form, 1-2 distinguishing details). OUTPUT VIEWS: render three separate images per creature — (1) full-body front view, (2) three-quarter back view rotated ~135 degrees from front, (3) pure side-profile view. GENERATION RES: render at 512x512 for AI quality, then DOWNSCALE to FINAL 96x96 PNG. FINAL IMAGE SPECS: 96x96 PNG, transparent background, indexed palette (max 256 colors), TARGET FILE SIZE: under 5 KB per image. Use clean Pokemon-style line art, vibrant saturated colors, single creature centered in frame, tightly cropped to creature edges (no padding wider than 2px), no text or watermarks."
116,Wombattle,Ice,,Common,spirit-form,Mountain|WaterSurface,any,Wednesday,Snow,96x96,5,,,,,,"Pokemon-style monster creature named ""Wombattle"". RARITY TIER: Common (simple form, 1-2 distinguishing details). OUTPUT VIEWS: render three separate images per creature — (1) full-body front view, (2) three-quarter back view rotated ~135 degrees from front, (3) pure side-profile view. GENERATION RES: render at 512x512 for AI quality, then DOWNSCALE to FINAL 96x96 PNG. FINAL IMAGE SPECS: 96x96 PNG, transparent background, indexed palette (max 256 colors), TARGET FILE SIZE: under 5 KB per image. Use clean Pokemon-style line art, vibrant saturated colors, single creature centered in frame, tightly cropped to creature edges (no padding wider than 2px), no text or watermarks."
117,Sheluin,Earth,Fire,Common,crab,Forest|Mountain|Desert,any,Sunday,any,96x96,5,,,,,,"Pokemon-style monster creature named ""Sheluin"". RARITY TIER: Common (simple form, 1-2 distinguishing details). OUTPUT VIEWS: render three separate images per creature — (1) full-body front view, (2) three-quarter back view rotated ~135 degrees from front, (3) pure side-profile view. GENERATION RES: render at 512x512 for AI quality, then DOWNSCALE to FINAL 96x96 PNG. FINAL IMAGE SPECS: 96x96 PNG, transparent background, indexed palette (max 256 colors), TARGET FILE SIZE: under 5 KB per image. Use clean Pokemon-style line art, vibrant saturated colors, single creature centered in frame, tightly cropped to creature edges (no padding wider than 2px), no text or watermarks."
118,Girabite,Wood,Sound,Common,reptile,Forest|Plains,day-preferred,Sunday,any,96x96,5,,,,,,"Pokemon-style monster creature named ""Girabite"". RARITY TIER: Common (simple form, 1-2 distinguishing details). OUTPUT VIEWS: render three separate images per creature — (1) full-body front view, (2) three-quarter back view rotated ~135 degrees from front, (3) pure side-profile view. GENERATION RES: render at 512x512 for AI quality, then DOWNSCALE to FINAL 96x96 PNG. FINAL IMAGE SPECS: 96x96 PNG, transparent background, indexed palette (max 256 colors), TARGET FILE SIZE: under 5 KB per image. Use clean Pokemon-style line art, vibrant saturated colors, single creature centered in frame, tightly cropped to creature edges (no padding wider than 2px), no text or watermarks."
119,Draceo,Metal,,Common,bipedal-humanoid,Cave|Castle|Harbor,any,Monday,any,96x96,5,,Dracory,level,10,20,"Pokemon-style monster creature named ""Draceo"". RARITY TIER: Common (simple form, 1-2 distinguishing details). EVOLUTION CHAIN: stage 1 of 3 (chain ""metal_chain_6""). Evolves INTO: ""Dracory"" (trigger: level, guaranteed by lvl 20). Foreshadow features that will become more prominent in ""Dracory"" — keep family identity consistent so the next stage feels like a natural maturation, not a different creature. Maintain visual continuity across the entire 3-stage chain — same family identity, recognizable shape across stages. OUTPUT VIEWS: render three separate images per creature — (1) full-body front view, (2) three-quarter back view rotated ~135 degrees from front, (3) pure side-profile view. GENERATION RES: render at 512x512 for AI quality, then DOWNSCALE to FINAL 96x96 PNG. FINAL IMAGE SPECS: 96x96 PNG, transparent background, indexed palette (max 256 colors), TARGET FILE SIZE: under 5 KB per image. Use clean Pokemon-style line art, vibrant saturated colors, single creature centered in frame, tightly cropped to creature edges (no padding wider than 2px), no text or watermarks."
120,Hyparoo,Storm,Water,Common,mythic-form,Beach|Mountain,any,Thursday,Rain,96x96,5,,,,,,"Pokemon-style monster creature named ""Hyparoo"". RARITY TIER: Common (simple form, 1-2 distinguishing details). OUTPUT VIEWS: render three separate images per creature — (1) full-body front view, (2) three-quarter back view rotated ~135 degrees from front, (3) pure side-profile view. GENERATION RES: render at 512x512 for AI quality, then DOWNSCALE to FINAL 96x96 PNG. FINAL IMAGE SPECS: 96x96 PNG, transparent background, indexed palette (max 256 colors), TARGET FILE SIZE: under 5 KB per image. Use clean Pokemon-style line art, vibrant saturated colors, single creature centered in frame, tightly cropped to creature edges (no padding wider than 2px), no text or watermarks."
121,Buffeaf,Wind,,Common,spirit-form,Plains|Mountain,any,Friday,Foehn,96x96,5,Brasshopper,,,,,"Pokemon-style monster creature named ""Buffeaf"". RARITY TIER: Common (simple form, 1-2 distinguishing details). EVOLUTION CHAIN: stage 2 of 2 (chain ""wind_chain_3""). Pre-evolution: ""Brasshopper"" — this creature evolved FROM ""Brasshopper"". Preserve a recognizably similar body shape and family identity to ""Brasshopper"", but with extra detail layers, larger size (~10-15%), upgraded markings, more pronounced presence. Maintain visual continuity across the entire 2-stage chain — same family identity, recognizable shape across stages. OUTPUT VIEWS: render three separate images per creature — (1) full-body front view, (2) three-quarter back view rotated ~135 degrees from front, (3) pure side-profile view. GENERATION RES: render at 512x512 for AI quality, then DOWNSCALE to FINAL 96x96 PNG. FINAL IMAGE SPECS: 96x96 PNG, transparent background, indexed palette (max 256 colors), TARGET FILE SIZE: under 5 KB per image. Use clean Pokemon-style line art, vibrant saturated colors, single creature centered in frame, tightly cropped to creature edges (no padding wider than 2px), no text or watermarks."
122,Blastpecker,Shadow,Light,Common,spirit-form,Cave|Marsh|Sanctum,night-only,Wednesday,Fog,96x96,5,,Brawlphin,level,10,20,"Pokemon-style monster creature named ""Blastpecker"". RARITY TIER: Common (simple form, 1-2 distinguishing details). EVOLUTION CHAIN: stage 1 of 2 (chain ""shadow_chain_3""). Evolves INTO: ""Brawlphin"" (trigger: level, guaranteed by lvl 20). Foreshadow features that will become more prominent in ""Brawlphin"" — keep family identity consistent so the next stage feels like a natural maturation, not a different creature. Maintain visual continuity across the entire 2-stage chain — same family identity, recognizable shape across stages. OUTPUT VIEWS: render three separate images per creature — (1) full-body front view, (2) three-quarter back view rotated ~135 degrees from front, (3) pure side-profile view. GENERATION RES: render at 512x512 for AI quality, then DOWNSCALE to FINAL 96x96 PNG. FINAL IMAGE SPECS: 96x96 PNG, transparent background, indexed palette (max 256 colors), TARGET FILE SIZE: under 5 KB per image. Use clean Pokemon-style line art, vibrant saturated colors, single creature centered in frame, tightly cropped to creature edges (no padding wider than 2px), no text or watermarks."
123,Lobstyle,Light,Shadow,Common,crab,Castle|Sanctum|Town,day-only,Tuesday,any,96x96,5,,,,,,"Pokemon-style monster creature named ""Lobstyle"". RARITY TIER: Common (simple form, 1-2 distinguishing details). OUTPUT VIEWS: render three separate images per creature — (1) full-body front view, (2) three-quarter back view rotated ~135 degrees from front, (3) pure side-profile view. GENERATION RES: render at 512x512 for AI quality, then DOWNSCALE to FINAL 96x96 PNG. FINAL IMAGE SPECS: 96x96 PNG, transparent background, indexed palette (max 256 colors), TARGET FILE SIZE: under 5 KB per image. Use clean Pokemon-style line art, vibrant saturated colors, single creature centered in frame, tightly cropped to creature edges (no padding wider than 2px), no text or watermarks."
124,Octopita,Venom,,Common,octopus,Marsh|Cave|Sanctum,dawn-dusk-only,Saturday,any,96x96,5,,,,,,"Pokemon-style monster creature named ""Octopita"". RARITY TIER: Common (simple form, 1-2 distinguishing details). OUTPUT VIEWS: render three separate images per creature — (1) full-body front view, (2) three-quarter back view rotated ~135 degrees from front, (3) pure side-profile view. GENERATION RES: render at 512x512 for AI quality, then DOWNSCALE to FINAL 96x96 PNG. FINAL IMAGE SPECS: 96x96 PNG, transparent background, indexed palette (max 256 colors), TARGET FILE SIZE: under 5 KB per image. Use clean Pokemon-style line art, vibrant saturated colors, single creature centered in frame, tightly cropped to creature edges (no padding wider than 2px), no text or watermarks."
125,Crazeboon,Cosmic,Light,Common,quadruped,Sanctum|Mountain,night-only,Wednesday,any,96x96,5,Chimpanzia,,,,,"Pokemon-style monster creature named ""Crazeboon"". RARITY TIER: Common (simple form, 1-2 distinguishing details). EVOLUTION CHAIN: stage 2 of 2 (chain ""cosmic_chain_4""). Pre-evolution: ""Chimpanzia"" — this creature evolved FROM ""Chimpanzia"". Preserve a recognizably similar body shape and family identity to ""Chimpanzia"", but with extra detail layers, larger size (~10-15%), upgraded markings, more pronounced presence. Maintain visual continuity across the entire 2-stage chain — same family identity, recognizable shape across stages. OUTPUT VIEWS: render three separate images per creature — (1) full-body front view, (2) three-quarter back view rotated ~135 degrees from front, (3) pure side-profile view. GENERATION RES: render at 512x512 for AI quality, then DOWNSCALE to FINAL 96x96 PNG. FINAL IMAGE SPECS: 96x96 PNG, transparent background, indexed palette (max 256 colors), TARGET FILE SIZE: under 5 KB per image. Use clean Pokemon-style line art, vibrant saturated colors, single creature centered in frame, tightly cropped to creature edges (no padding wider than 2px), no text or watermarks."
126,Spinamander,Aether,,Common,amorphous-elemental,Sanctum|Town,any,any,any,96x96,5,,,,,,"Pokemon-style monster creature named ""Spinamander"". RARITY TIER: Common (simple form, 1-2 distinguishing details). OUTPUT VIEWS: render three separate images per creature — (1) full-body front view, (2) three-quarter back view rotated ~135 degrees from front, (3) pure side-profile view. GENERATION RES: render at 512x512 for AI quality, then DOWNSCALE to FINAL 96x96 PNG. FINAL IMAGE SPECS: 96x96 PNG, transparent background, indexed palette (max 256 colors), TARGET FILE SIZE: under 5 KB per image. Use clean Pokemon-style line art, vibrant saturated colors, single creature centered in frame, tightly cropped to creature edges (no padding wider than 2px), no text or watermarks."
127,Slowopotamus,Dream,Blood,Common,amorphous-elemental,Forest|Sanctum,night-only,Wednesday,any,96x96,5,,,,,,"Pokemon-style monster creature named ""Slowopotamus"". RARITY TIER: Common (simple form, 1-2 distinguishing details). OUTPUT VIEWS: render three separate images per creature — (1) full-body front view, (2) three-quarter back view rotated ~135 degrees from front, (3) pure side-profile view. GENERATION RES: render at 512x512 for AI quality, then DOWNSCALE to FINAL 96x96 PNG. FINAL IMAGE SPECS: 96x96 PNG, transparent background, indexed palette (max 256 colors), TARGET FILE SIZE: under 5 KB per image. Use clean Pokemon-style line art, vibrant saturated colors, single creature centered in frame, tightly cropped to creature edges (no padding wider than 2px), no text or watermarks."
128,Venomalo,Mind,Venom,Common,mythic-form,Castle|Sanctum,any,Wednesday,any,96x96,5,,,,,,"Pokemon-style monster creature named ""Venomalo"". RARITY TIER: Common (simple form, 1-2 distinguishing details). OUTPUT VIEWS: render three separate images per creature — (1) full-body front view, (2) three-quarter back view rotated ~135 degrees from front, (3) pure side-profile view. GENERATION RES: render at 512x512 for AI quality, then DOWNSCALE to FINAL 96x96 PNG. FINAL IMAGE SPECS: 96x96 PNG, transparent background, indexed palette (max 256 colors), TARGET FILE SIZE: under 5 KB per image. Use clean Pokemon-style line art, vibrant saturated colors, single creature centered in frame, tightly cropped to creature edges (no padding wider than 2px), no text or watermarks."
129,Crocotine,Sound,,Common,quadruped,Forest|Town,any,Thursday,any,96x96,5,,,,,,"Pokemon-style monster creature named ""Crocotine"". RARITY TIER: Common (simple form, 1-2 distinguishing details). OUTPUT VIEWS: render three separate images per creature — (1) full-body front view, (2) three-quarter back view rotated ~135 degrees from front, (3) pure side-profile view. GENERATION RES: render at 512x512 for AI quality, then DOWNSCALE to FINAL 96x96 PNG. FINAL IMAGE SPECS: 96x96 PNG, transparent background, indexed palette (max 256 colors), TARGET FILE SIZE: under 5 KB per image. Use clean Pokemon-style line art, vibrant saturated colors, single creature centered in frame, tightly cropped to creature edges (no padding wider than 2px), no text or watermarks."
130,Cowl,Time,Blood,Common,bird,Sanctum|Cave,any,any,any,96x96,5,,Crocodath,weather_storm,10,20,"Pokemon-style monster creature named ""Cowl"". RARITY TIER: Common (simple form, 1-2 distinguishing details). EVOLUTION CHAIN: stage 1 of 3 (chain ""time_chain_6""). Evolves INTO: ""Crocodath"" (trigger: weather_storm, guaranteed by lvl 20). Foreshadow features that will become more prominent in ""Crocodath"" — keep family identity consistent so the next stage feels like a natural maturation, not a different creature. Maintain visual continuity across the entire 3-stage chain — same family identity, recognizable shape across stages. OUTPUT VIEWS: render three separate images per creature — (1) full-body front view, (2) three-quarter back view rotated ~135 degrees from front, (3) pure side-profile view. GENERATION RES: render at 512x512 for AI quality, then DOWNSCALE to FINAL 96x96 PNG. FINAL IMAGE SPECS: 96x96 PNG, transparent background, indexed palette (max 256 colors), TARGET FILE SIZE: under 5 KB per image. Use clean Pokemon-style line art, vibrant saturated colors, single creature centered in frame, tightly cropped to creature edges (no padding wider than 2px), no text or watermarks."
131,Elemadillo,Crystal,,Common,amorphous-elemental,Cave|Mountain|WaterSurface,any,Monday,any,96x96,5,,Falcoton,stone,10,20,"Pokemon-style monster creature named ""Elemadillo"". RARITY TIER: Common (simple form, 1-2 distinguishing details). EVOLUTION CHAIN: stage 1 of 3 (chain ""crystal_chain_6""). Evolves INTO: ""Falcoton"" (trigger: stone, guaranteed by lvl 20). Foreshadow features that will become more prominent in ""Falcoton"" — keep family identity consistent so the next stage feels like a natural maturation, not a different creature. Maintain visual continuity across the entire 3-stage chain — same family identity, recognizable shape across stages. OUTPUT VIEWS: render three separate images per creature — (1) full-body front view, (2) three-quarter back view rotated ~135 degrees from front, (3) pure side-profile view. GENERATION RES: render at 512x512 for AI quality, then DOWNSCALE to FINAL 96x96 PNG. FINAL IMAGE SPECS: 96x96 PNG, transparent background, indexed palette (max 256 colors), TARGET FILE SIZE: under 5 KB per image. Use clean Pokemon-style line art, vibrant saturated colors, single creature centered in frame, tightly cropped to creature edges (no padding wider than 2px), no text or watermarks."
132,Cobrire,Blood,Time,Common,quadruped,Castle|Sanctum|Cave,any,Saturday,any,96x96,5,Carnoda,,,,,"Pokemon-style monster creature named ""Cobrire"". RARITY TIER: Common (simple form, 1-2 distinguishing details). EVOLUTION CHAIN: stage 2 of 2 (chain ""blood_chain_5""). Pre-evolution: ""Carnoda"" — this creature evolved FROM ""Carnoda"". Preserve a recognizably similar body shape and family identity to ""Carnoda"", but with extra detail layers, larger size (~10-15%), upgraded markings, more pronounced presence. Maintain visual continuity across the entire 2-stage chain — same family identity, recognizable shape across stages. OUTPUT VIEWS: render three separate images per creature — (1) full-body front view, (2) three-quarter back view rotated ~135 degrees from front, (3) pure side-profile view. GENERATION RES: render at 512x512 for AI quality, then DOWNSCALE to FINAL 96x96 PNG. FINAL IMAGE SPECS: 96x96 PNG, transparent background, indexed palette (max 256 colors), TARGET FILE SIZE: under 5 KB per image. Use clean Pokemon-style line art, vibrant saturated colors, single creature centered in frame, tightly cropped to creature edges (no padding wider than 2px), no text or watermarks."
133,Cobruna,Fire,Metal,Common,quadruped,Desert|Cave,any,Saturday,Heat,96x96,5,,Crocath,level,10,20,"Pokemon-style monster creature named ""Cobruna"". RARITY TIER: Common (simple form, 1-2 distinguishing details). EVOLUTION CHAIN: stage 1 of 2 (chain ""fire_chain_4""). Evolves INTO: ""Crocath"" (trigger: level, guaranteed by lvl 20). Foreshadow features that will become more prominent in ""Crocath"" — keep family identity consistent so the next stage feels like a natural maturation, not a different creature. Maintain visual continuity across the entire 2-stage chain — same family identity, recognizable shape across stages. OUTPUT VIEWS: render three separate images per creature — (1) full-body front view, (2) three-quarter back view rotated ~135 degrees from front, (3) pure side-profile view. GENERATION RES: render at 512x512 for AI quality, then DOWNSCALE to FINAL 96x96 PNG. FINAL IMAGE SPECS: 96x96 PNG, transparent background, indexed palette (max 256 colors), TARGET FILE SIZE: under 5 KB per image. Use clean Pokemon-style line art, vibrant saturated colors, single creature centered in frame, tightly cropped to creature edges (no padding wider than 2px), no text or watermarks."
134,Koalaza,Water,,Common,bipedal-humanoid,Beach|Harbor|Marsh,any,Friday,Rain,96x96,5,,,,,,"Pokemon-style monster creature named ""Koalaza"". RARITY TIER: Common (simple form, 1-2 distinguishing details). OUTPUT VIEWS: render three separate images per creature — (1) full-body front view, (2) three-quarter back view rotated ~135 degrees from front, (3) pure side-profile view. GENERATION RES: render at 512x512 for AI quality, then DOWNSCALE to FINAL 96x96 PNG. FINAL IMAGE SPECS: 96x96 PNG, transparent background, indexed palette (max 256 colors), TARGET FILE SIZE: under 5 KB per image. Use clean Pokemon-style line art, vibrant saturated colors, single creature centered in frame, tightly cropped to creature edges (no padding wider than 2px), no text or watermarks."
135,Catetle,Ice,Wood,Common,cat,Mountain|WaterSurface,any,Wednesday,Snow,96x96,5,Caterpion,,,,,"Pokemon-style monster creature named ""Catetle"". RARITY TIER: Common (simple form, 1-2 distinguishing details). EVOLUTION CHAIN: stage 2 of 2 (chain ""ice_chain_4""). Pre-evolution: ""Caterpion"" — this creature evolved FROM ""Caterpion"". Preserve a recognizably similar body shape and family identity to ""Caterpion"", but with extra detail layers, larger size (~10-15%), upgraded markings, more pronounced presence. Maintain visual continuity across the entire 2-stage chain — same family identity, recognizable shape across stages. OUTPUT VIEWS: render three separate images per creature — (1) full-body front view, (2) three-quarter back view rotated ~135 degrees from front, (3) pure side-profile view. GENERATION RES: render at 512x512 for AI quality, then DOWNSCALE to FINAL 96x96 PNG. FINAL IMAGE SPECS: 96x96 PNG, transparent background, indexed palette (max 256 colors), TARGET FILE SIZE: under 5 KB per image. Use clean Pokemon-style line art, vibrant saturated colors, single creature centered in frame, tightly cropped to creature edges (no padding wider than 2px), no text or watermarks."
136,Skelebat,Earth,,Common,amorphous-elemental,Forest|Mountain|Desert,any,Sunday,any,96x96,5,,,,,,"Pokemon-style monster creature named ""Skelebat"". RARITY TIER: Common (simple form, 1-2 distinguishing details). OUTPUT VIEWS: render three separate images per creature — (1) full-body front view, (2) three-quarter back view rotated ~135 degrees from front, (3) pure side-profile view. GENERATION RES: render at 512x512 for AI quality, then DOWNSCALE to FINAL 96x96 PNG. FINAL IMAGE SPECS: 96x96 PNG, transparent background, indexed palette (max 256 colors), TARGET FILE SIZE: under 5 KB per image. Use clean Pokemon-style line art, vibrant saturated colors, single creature centered in frame, tightly cropped to creature edges (no padding wider than 2px), no text or watermarks."
137,Crazeray,Wood,Earth,Common,quadruped,Forest|Plains,day-preferred,Sunday,any,96x96,5,Coyonite,,,,,"Pokemon-style monster creature named ""Crazeray"". RARITY TIER: Common (simple form, 1-2 distinguishing details). EVOLUTION CHAIN: stage 3 of 3 (chain ""wood_chain_6""). Pre-evolution: ""Coyonite"" — this creature evolved FROM ""Coyonite"". Preserve a recognizably similar body shape and family identity to ""Coyonite"", but with extra detail layers, larger size (~10-15%), upgraded markings, more pronounced presence. Maintain visual continuity across the entire 3-stage chain — same family identity, recognizable shape across stages. OUTPUT VIEWS: render three separate images per creature — (1) full-body front view, (2) three-quarter back view rotated ~135 degrees from front, (3) pure side-profile view. GENERATION RES: render at 512x512 for AI quality, then DOWNSCALE to FINAL 96x96 PNG. FINAL IMAGE SPECS: 96x96 PNG, transparent background, indexed palette (max 256 colors), TARGET FILE SIZE: under 5 KB per image. Use clean Pokemon-style line art, vibrant saturated colors, single creature centered in frame, tightly cropped to creature edges (no padding wider than 2px), no text or watermarks."
138,Eleloon,Metal,Ice,Common,amorphous-elemental,Cave|Castle|Harbor,any,Monday,any,96x96,5,Drummingbird,,,,,"Pokemon-style monster creature named ""Eleloon"". RARITY TIER: Common (simple form, 1-2 distinguishing details). EVOLUTION CHAIN: stage 2 of 2 (chain ""metal_chain_7""). Pre-evolution: ""Drummingbird"" — this creature evolved FROM ""Drummingbird"". Preserve a recognizably similar body shape and family identity to ""Drummingbird"", but with extra detail layers, larger size (~10-15%), upgraded markings, more pronounced presence. Maintain visual continuity across the entire 2-stage chain — same family identity, recognizable shape across stages. OUTPUT VIEWS: render three separate images per creature — (1) full-body front view, (2) three-quarter back view rotated ~135 degrees from front, (3) pure side-profile view. GENERATION RES: render at 512x512 for AI quality, then DOWNSCALE to FINAL 96x96 PNG. FINAL IMAGE SPECS: 96x96 PNG, transparent background, indexed palette (max 256 colors), TARGET FILE SIZE: under 5 KB per image. Use clean Pokemon-style line art, vibrant saturated colors, single creature centered in frame, tightly cropped to creature edges (no padding wider than 2px), no text or watermarks."
139,Hyenola,Storm,,Common,mythic-form,Beach|Mountain,any,Thursday,Rain,96x96,5,,,,,,"Pokemon-style monster creature named ""Hyenola"". RARITY TIER: Common (simple form, 1-2 distinguishing details). OUTPUT VIEWS: render three separate images per creature — (1) full-body front view, (2) three-quarter back view rotated ~135 degrees from front, (3) pure side-profile view. GENERATION RES: render at 512x512 for AI quality, then DOWNSCALE to FINAL 96x96 PNG. FINAL IMAGE SPECS: 96x96 PNG, transparent background, indexed palette (max 256 colors), TARGET FILE SIZE: under 5 KB per image. Use clean Pokemon-style line art, vibrant saturated colors, single creature centered in frame, tightly cropped to creature edges (no padding wider than 2px), no text or watermarks."
140,Catetic,Wind,Venom,Common,cat,Plains|Mountain,any,Friday,Foehn,96x96,5,,Chillecta,level,10,20,"Pokemon-style monster creature named ""Catetic"". RARITY TIER: Common (simple form, 1-2 distinguishing details). EVOLUTION CHAIN: stage 1 of 2 (chain ""wind_chain_4""). Evolves INTO: ""Chillecta"" (trigger: level, guaranteed by lvl 20). Foreshadow features that will become more prominent in ""Chillecta"" — keep family identity consistent so the next stage feels like a natural maturation, not a different creature. Maintain visual continuity across the entire 2-stage chain — same family identity, recognizable shape across stages. OUTPUT VIEWS: render three separate images per creature — (1) full-body front view, (2) three-quarter back view rotated ~135 degrees from front, (3) pure side-profile view. GENERATION RES: render at 512x512 for AI quality, then DOWNSCALE to FINAL 96x96 PNG. FINAL IMAGE SPECS: 96x96 PNG, transparent background, indexed palette (max 256 colors), TARGET FILE SIZE: under 5 KB per image. Use clean Pokemon-style line art, vibrant saturated colors, single creature centered in frame, tightly cropped to creature edges (no padding wider than 2px), no text or watermarks."
141,Golepie,Shadow,,Common,reptile,Cave|Marsh|Sanctum,night-only,Wednesday,Fog,96x96,5,,,,,,"Pokemon-style monster creature named ""Golepie"". RARITY TIER: Common (simple form, 1-2 distinguishing details). OUTPUT VIEWS: render three separate images per creature — (1) full-body front view, (2) three-quarter back view rotated ~135 degrees from front, (3) pure side-profile view. GENERATION RES: render at 512x512 for AI quality, then DOWNSCALE to FINAL 96x96 PNG. FINAL IMAGE SPECS: 96x96 PNG, transparent background, indexed palette (max 256 colors), TARGET FILE SIZE: under 5 KB per image. Use clean Pokemon-style line art, vibrant saturated colors, single creature centered in frame, tightly cropped to creature edges (no padding wider than 2px), no text or watermarks."
142,Voltos,Light,Crystal,Common,mythic-form,Castle|Sanctum|Town,day-only,Tuesday,any,96x96,5,,,,,,"Pokemon-style monster creature named ""Voltos"". RARITY TIER: Common (simple form, 1-2 distinguishing details). OUTPUT VIEWS: render three separate images per creature — (1) full-body front view, (2) three-quarter back view rotated ~135 degrees from front, (3) pure side-profile view. GENERATION RES: render at 512x512 for AI quality, then DOWNSCALE to FINAL 96x96 PNG. FINAL IMAGE SPECS: 96x96 PNG, transparent background, indexed palette (max 256 colors), TARGET FILE SIZE: under 5 KB per image. Use clean Pokemon-style line art, vibrant saturated colors, single creature centered in frame, tightly cropped to creature edges (no padding wider than 2px), no text or watermarks."
143,Elecander,Venom,Water,Common,amorphous-elemental,Marsh|Cave|Sanctum,dawn-dusk-only,Saturday,any,96x96,5,Dragonightmare,,,,,"Pokemon-style monster creature named ""Elecander"". RARITY TIER: Common (simple form, 1-2 distinguishing details). EVOLUTION CHAIN: stage 2 of 2 (chain ""venom_chain_8""). Pre-evolution: ""Dragonightmare"" — this creature evolved FROM ""Dragonightmare"". Preserve a recognizably similar body shape and family identity to ""Dragonightmare"", but with extra detail layers, larger size (~10-15%), upgraded markings, more pronounced presence. Maintain visual continuity across the entire 2-stage chain — same family identity, recognizable shape across stages. OUTPUT VIEWS: render three separate images per creature — (1) full-body front view, (2) three-quarter back view rotated ~135 degrees from front, (3) pure side-profile view. GENERATION RES: render at 512x512 for AI quality, then DOWNSCALE to FINAL 96x96 PNG. FINAL IMAGE SPECS: 96x96 PNG, transparent background, indexed palette (max 256 colors), TARGET FILE SIZE: under 5 KB per image. Use clean Pokemon-style line art, vibrant saturated colors, single creature centered in frame, tightly cropped to creature edges (no padding wider than 2px), no text or watermarks."
144,Marsherpillar,Cosmic,,Common,beast,Sanctum|Mountain,night-only,Wednesday,any,96x96,5,,,,,,"Pokemon-style monster creature named ""Marsherpillar"". RARITY TIER: Common (simple form, 1-2 distinguishing details). OUTPUT VIEWS: render three separate images per creature — (1) full-body front view, (2) three-quarter back view rotated ~135 degrees from front, (3) pure side-profile view. GENERATION RES: render at 512x512 for AI quality, then DOWNSCALE to FINAL 96x96 PNG. FINAL IMAGE SPECS: 96x96 PNG, transparent background, indexed palette (max 256 colors), TARGET FILE SIZE: under 5 KB per image. Use clean Pokemon-style line art, vibrant saturated colors, single creature centered in frame, tightly cropped to creature edges (no padding wider than 2px), no text or watermarks."
145,Hypingo,Aether,Cosmic,Common,mythic-form,Sanctum|Town,any,any,any,96x96,5,Hypibia,,,,,"Pokemon-style monster creature named ""Hypingo"". RARITY TIER: Common (simple form, 1-2 distinguishing details). EVOLUTION CHAIN: stage 2 of 2 (chain ""aether_chain_8""). Pre-evolution: ""Hypibia"" — this creature evolved FROM ""Hypibia"". Preserve a recognizably similar body shape and family identity to ""Hypibia"", but with extra detail layers, larger size (~10-15%), upgraded markings, more pronounced presence. Maintain visual continuity across the entire 2-stage chain — same family identity, recognizable shape across stages. OUTPUT VIEWS: render three separate images per creature — (1) full-body front view, (2) three-quarter back view rotated ~135 degrees from front, (3) pure side-profile view. GENERATION RES: render at 512x512 for AI quality, then DOWNSCALE to FINAL 96x96 PNG. FINAL IMAGE SPECS: 96x96 PNG, transparent background, indexed palette (max 256 colors), TARGET FILE SIZE: under 5 KB per image. Use clean Pokemon-style line art, vibrant saturated colors, single creature centered in frame, tightly cropped to creature edges (no padding wider than 2px), no text or watermarks."
146,Chillbat,Dream,,Common,quadruped,Forest|Sanctum,night-only,Wednesday,any,96x96,5,,Chilloose,weather_storm,10,20,"Pokemon-style monster creature named ""Chillbat"". RARITY TIER: Common (simple form, 1-2 distinguishing details). EVOLUTION CHAIN: stage 1 of 2 (chain ""dream_chain_4""). Evolves INTO: ""Chilloose"" (trigger: weather_storm, guaranteed by lvl 20). Foreshadow features that will become more prominent in ""Chilloose"" — keep family identity consistent so the next stage feels like a natural maturation, not a different creature. Maintain visual continuity across the entire 2-stage chain — same family identity, recognizable shape across stages. OUTPUT VIEWS: render three separate images per creature — (1) full-body front view, (2) three-quarter back view rotated ~135 degrees from front, (3) pure side-profile view. GENERATION RES: render at 512x512 for AI quality, then DOWNSCALE to FINAL 96x96 PNG. FINAL IMAGE SPECS: 96x96 PNG, transparent background, indexed palette (max 256 colors), TARGET FILE SIZE: under 5 KB per image. Use clean Pokemon-style line art, vibrant saturated colors, single creature centered in frame, tightly cropped to creature edges (no padding wider than 2px), no text or watermarks."
147,Chimpados,Mind,Sound,Common,simian,Castle|Sanctum,any,Wednesday,any,96x96,5,Chimeroach,,,,,"Pokemon-style monster creature named ""Chimpados"". RARITY TIER: Common (simple form, 1-2 distinguishing details). EVOLUTION CHAIN: stage 2 of 2 (chain ""mind_chain_4""). Pre-evolution: ""Chimeroach"" — this creature evolved FROM ""Chimeroach"". Preserve a recognizably similar body shape and family identity to ""Chimeroach"", but with extra detail layers, larger size (~10-15%), upgraded markings, more pronounced presence. Maintain visual continuity across the entire 2-stage chain — same family identity, recognizable shape across stages. OUTPUT VIEWS: render three separate images per creature — (1) full-body front view, (2) three-quarter back view rotated ~135 degrees from front, (3) pure side-profile view. GENERATION RES: render at 512x512 for AI quality, then DOWNSCALE to FINAL 96x96 PNG. FINAL IMAGE SPECS: 96x96 PNG, transparent background, indexed palette (max 256 colors), TARGET FILE SIZE: under 5 KB per image. Use clean Pokemon-style line art, vibrant saturated colors, single creature centered in frame, tightly cropped to creature edges (no padding wider than 2px), no text or watermarks."
148,Bonepecker,Sound,Wind,Common,spirit-form,Forest|Town,any,Thursday,any,96x96,5,,Buffabite,level,10,20,"Pokemon-style monster creature named ""Bonepecker"". RARITY TIER: Common (simple form, 1-2 distinguishing details). EVOLUTION CHAIN: stage 1 of 3 (chain ""sound_chain_6""). Evolves INTO: ""Buffabite"" (trigger: level, guaranteed by lvl 20). Foreshadow features that will become more prominent in ""Buffabite"" — keep family identity consistent so the next stage feels like a natural maturation, not a different creature. Maintain visual continuity across the entire 3-stage chain — same family identity, recognizable shape across stages. OUTPUT VIEWS: render three separate images per creature — (1) full-body front view, (2) three-quarter back view rotated ~135 degrees from front, (3) pure side-profile view. GENERATION RES: render at 512x512 for AI quality, then DOWNSCALE to FINAL 96x96 PNG. FINAL IMAGE SPECS: 96x96 PNG, transparent background, indexed palette (max 256 colors), TARGET FILE SIZE: under 5 KB per image. Use clean Pokemon-style line art, vibrant saturated colors, single creature centered in frame, tightly cropped to creature edges (no padding wider than 2px), no text or watermarks."
149,Koalyle,Time,,Common,bipedal-humanoid,Sanctum|Cave,any,any,any,96x96,5,,,,,,"Pokemon-style monster creature named ""Koalyle"". RARITY TIER: Common (simple form, 1-2 distinguishing details). OUTPUT VIEWS: render three separate images per creature — (1) full-body front view, (2) three-quarter back view rotated ~135 degrees from front, (3) pure side-profile view. GENERATION RES: render at 512x512 for AI quality, then DOWNSCALE to FINAL 96x96 PNG. FINAL IMAGE SPECS: 96x96 PNG, transparent background, indexed palette (max 256 colors), TARGET FILE SIZE: under 5 KB per image. Use clean Pokemon-style line art, vibrant saturated colors, single creature centered in frame, tightly cropped to creature edges (no padding wider than 2px), no text or watermarks."
150,Slowwing,Crystal,Earth,Common,bird,Cave|Mountain|WaterSurface,any,Monday,any,96x96,5,,,,,,"Pokemon-style monster creature named ""Slowwing"". RARITY TIER: Common (simple form, 1-2 distinguishing details). OUTPUT VIEWS: render three separate images per creature — (1) full-body front view, (2) three-quarter back view rotated ~135 degrees from front, (3) pure side-profile view. GENERATION RES: render at 512x512 for AI quality, then DOWNSCALE to FINAL 96x96 PNG. FINAL IMAGE SPECS: 96x96 PNG, transparent background, indexed palette (max 256 colors), TARGET FILE SIZE: under 5 KB per image. Use clean Pokemon-style line art, vibrant saturated colors, single creature centered in frame, tightly cropped to creature edges (no padding wider than 2px), no text or watermarks."
151,Whirlbil,Blood,,Common,spirit-form,Castle|Sanctum|Cave,any,Saturday,any,96x96,5,,,,,,"Pokemon-style monster creature named ""Whirlbil"". RARITY TIER: Common (simple form, 1-2 distinguishing details). OUTPUT VIEWS: render three separate images per creature — (1) full-body front view, (2) three-quarter back view rotated ~135 degrees from front, (3) pure side-profile view. GENERATION RES: render at 512x512 for AI quality, then DOWNSCALE to FINAL 96x96 PNG. FINAL IMAGE SPECS: 96x96 PNG, transparent background, indexed palette (max 256 colors), TARGET FILE SIZE: under 5 KB per image. Use clean Pokemon-style line art, vibrant saturated colors, single creature centered in frame, tightly cropped to creature edges (no padding wider than 2px), no text or watermarks."
152,Crocodette,Fire,Ice,Common,quadruped,Desert|Cave,any,Saturday,Heat,96x96,5,Crocette,,,,,"Pokemon-style monster creature named ""Crocodette"". RARITY TIER: Common (simple form, 1-2 distinguishing details). EVOLUTION CHAIN: stage 2 of 2 (chain ""fire_chain_5""). Pre-evolution: ""Crocette"" — this creature evolved FROM ""Crocette"". Preserve a recognizably similar body shape and family identity to ""Crocette"", but with extra detail layers, larger size (~10-15%), upgraded markings, more pronounced presence. Maintain visual continuity across the entire 2-stage chain — same family identity, recognizable shape across stages. OUTPUT VIEWS: render three separate images per creature — (1) full-body front view, (2) three-quarter back view rotated ~135 degrees from front, (3) pure side-profile view. GENERATION RES: render at 512x512 for AI quality, then DOWNSCALE to FINAL 96x96 PNG. FINAL IMAGE SPECS: 96x96 PNG, transparent background, indexed palette (max 256 colors), TARGET FILE SIZE: under 5 KB per image. Use clean Pokemon-style line art, vibrant saturated colors, single creature centered in frame, tightly cropped to creature edges (no padding wider than 2px), no text or watermarks."
153,Blastacuda,Water,Fire,Common,spirit-form,Beach|Harbor|Marsh,any,Friday,Rain,96x96,5,Ashboon,,,,,"Pokemon-style monster creature named ""Blastacuda"". RARITY TIER: Common (simple form, 1-2 distinguishing details). EVOLUTION CHAIN: stage 3 of 3 (chain ""water_chain_1""). Pre-evolution: ""Ashboon"" — this creature evolved FROM ""Ashboon"". Preserve a recognizably similar body shape and family identity to ""Ashboon"", but with extra detail layers, larger size (~10-15%), upgraded markings, more pronounced presence. Maintain visual continuity across the entire 3-stage chain — same family identity, recognizable shape across stages. OUTPUT VIEWS: render three separate images per creature — (1) full-body front view, (2) three-quarter back view rotated ~135 degrees from front, (3) pure side-profile view. GENERATION RES: render at 512x512 for AI quality, then DOWNSCALE to FINAL 96x96 PNG. FINAL IMAGE SPECS: 96x96 PNG, transparent background, indexed palette (max 256 colors), TARGET FILE SIZE: under 5 KB per image. Use clean Pokemon-style line art, vibrant saturated colors, single creature centered in frame, tightly cropped to creature edges (no padding wider than 2px), no text or watermarks."
154,Penguinite,Ice,,Common,penguin,Mountain|WaterSurface,any,Wednesday,Snow,96x96,5,,,,,,"Pokemon-style monster creature named ""Penguinite"". RARITY TIER: Common (simple form, 1-2 distinguishing details). OUTPUT VIEWS: render three separate images per creature — (1) full-body front view, (2) three-quarter back view rotated ~135 degrees from front, (3) pure side-profile view. GENERATION RES: render at 512x512 for AI quality, then DOWNSCALE to FINAL 96x96 PNG. FINAL IMAGE SPECS: 96x96 PNG, transparent background, indexed palette (max 256 colors), TARGET FILE SIZE: under 5 KB per image. Use clean Pokemon-style line art, vibrant saturated colors, single creature centered in frame, tightly cropped to creature edges (no padding wider than 2px), no text or watermarks."
155,Venovark,Earth,Storm,Common,mythic-form,Forest|Mountain|Desert,any,Sunday,any,96x96,5,,,,,,"Pokemon-style monster creature named ""Venovark"". RARITY TIER: Common (simple form, 1-2 distinguishing details). OUTPUT VIEWS: render three separate images per creature — (1) full-body front view, (2) three-quarter back view rotated ~135 degrees from front, (3) pure side-profile view. GENERATION RES: render at 512x512 for AI quality, then DOWNSCALE to FINAL 96x96 PNG. FINAL IMAGE SPECS: 96x96 PNG, transparent background, indexed palette (max 256 colors), TARGET FILE SIZE: under 5 KB per image. Use clean Pokemon-style line art, vibrant saturated colors, single creature centered in frame, tightly cropped to creature edges (no padding wider than 2px), no text or watermarks."
156,Rampican,Wood,,Common,bipedal-humanoid,Forest|Plains,day-preferred,Sunday,any,96x96,5,,,,,,"Pokemon-style monster creature named ""Rampican"". RARITY TIER: Common (simple form, 1-2 distinguishing details). OUTPUT VIEWS: render three separate images per creature — (1) full-body front view, (2) three-quarter back view rotated ~135 degrees from front, (3) pure side-profile view. GENERATION RES: render at 512x512 for AI quality, then DOWNSCALE to FINAL 96x96 PNG. FINAL IMAGE SPECS: 96x96 PNG, transparent background, indexed palette (max 256 colors), TARGET FILE SIZE: under 5 KB per image. Use clean Pokemon-style line art, vibrant saturated colors, single creature centered in frame, tightly cropped to creature edges (no padding wider than 2px), no text or watermarks."
157,Rampybara,Metal,Wind,Common,bipedal-humanoid,Cave|Castle|Harbor,any,Monday,any,96x96,5,,,,,,"Pokemon-style monster creature named ""Rampybara"". RARITY TIER: Common (simple form, 1-2 distinguishing details). OUTPUT VIEWS: render three separate images per creature — (1) full-body front view, (2) three-quarter back view rotated ~135 degrees from front, (3) pure side-profile view. GENERATION RES: render at 512x512 for AI quality, then DOWNSCALE to FINAL 96x96 PNG. FINAL IMAGE SPECS: 96x96 PNG, transparent background, indexed palette (max 256 colors), TARGET FILE SIZE: under 5 KB per image. Use clean Pokemon-style line art, vibrant saturated colors, single creature centered in frame, tightly cropped to creature edges (no padding wider than 2px), no text or watermarks."
158,Demander,Storm,Wind,Common,bipedal-humanoid,Beach|Mountain,any,Thursday,Rain,96x96,5,Crocuna,,,,,"Pokemon-style monster creature named ""Demander"". RARITY TIER: Common (simple form, 1-2 distinguishing details). EVOLUTION CHAIN: stage 2 of 2 (chain ""storm_chain_8""). Pre-evolution: ""Crocuna"" — this creature evolved FROM ""Crocuna"". Preserve a recognizably similar body shape and family identity to ""Crocuna"", but with extra detail layers, larger size (~10-15%), upgraded markings, more pronounced presence. Maintain visual continuity across the entire 2-stage chain — same family identity, recognizable shape across stages. OUTPUT VIEWS: render three separate images per creature — (1) full-body front view, (2) three-quarter back view rotated ~135 degrees from front, (3) pure side-profile view. GENERATION RES: render at 512x512 for AI quality, then DOWNSCALE to FINAL 96x96 PNG. FINAL IMAGE SPECS: 96x96 PNG, transparent background, indexed palette (max 256 colors), TARGET FILE SIZE: under 5 KB per image. Use clean Pokemon-style line art, vibrant saturated colors, single creature centered in frame, tightly cropped to creature edges (no padding wider than 2px), no text or watermarks."
159,Dewida,Wind,,Common,bipedal-humanoid,Plains|Mountain,any,Friday,Foehn,96x96,5,,Donkairy,level,10,20,"Pokemon-style monster creature named ""Dewida"". RARITY TIER: Common (simple form, 1-2 distinguishing details). EVOLUTION CHAIN: stage 1 of 3 (chain ""wind_chain_6""). Evolves INTO: ""Donkairy"" (trigger: level, guaranteed by lvl 20). Foreshadow features that will become more prominent in ""Donkairy"" — keep family identity consistent so the next stage feels like a natural maturation, not a different creature. Maintain visual continuity across the entire 3-stage chain — same family identity, recognizable shape across stages. OUTPUT VIEWS: render three separate images per creature — (1) full-body front view, (2) three-quarter back view rotated ~135 degrees from front, (3) pure side-profile view. GENERATION RES: render at 512x512 for AI quality, then DOWNSCALE to FINAL 96x96 PNG. FINAL IMAGE SPECS: 96x96 PNG, transparent background, indexed palette (max 256 colors), TARGET FILE SIZE: under 5 KB per image. Use clean Pokemon-style line art, vibrant saturated colors, single creature centered in frame, tightly cropped to creature edges (no padding wider than 2px), no text or watermarks."
160,Doomroach,Shadow,Dream,Common,bipedal-humanoid,Cave|Marsh|Sanctum,night-only,Wednesday,Fog,96x96,5,,Elecacle,moon_full,10,20,"Pokemon-style monster creature named ""Doomroach"". RARITY TIER: Common (simple form, 1-2 distinguishing details). EVOLUTION CHAIN: stage 1 of 3 (chain ""shadow_chain_6""). Evolves INTO: ""Elecacle"" (trigger: moon_full, guaranteed by lvl 20). Foreshadow features that will become more prominent in ""Elecacle"" — keep family identity consistent so the next stage feels like a natural maturation, not a different creature. Maintain visual continuity across the entire 3-stage chain — same family identity, recognizable shape across stages. OUTPUT VIEWS: render three separate images per creature — (1) full-body front view, (2) three-quarter back view rotated ~135 degrees from front, (3) pure side-profile view. GENERATION RES: render at 512x512 for AI quality, then DOWNSCALE to FINAL 96x96 PNG. FINAL IMAGE SPECS: 96x96 PNG, transparent background, indexed palette (max 256 colors), TARGET FILE SIZE: under 5 KB per image. Use clean Pokemon-style line art, vibrant saturated colors, single creature centered in frame, tightly cropped to creature edges (no padding wider than 2px), no text or watermarks."
161,Pelicanine,Light,,Common,bird,Castle|Sanctum|Town,day-only,Tuesday,any,96x96,5,,,,,,"Pokemon-style monster creature named ""Pelicanine"". RARITY TIER: Common (simple form, 1-2 distinguishing details). OUTPUT VIEWS: render three separate images per creature — (1) full-body front view, (2) three-quarter back view rotated ~135 degrees from front, (3) pure side-profile view. GENERATION RES: render at 512x512 for AI quality, then DOWNSCALE to FINAL 96x96 PNG. FINAL IMAGE SPECS: 96x96 PNG, transparent background, indexed palette (max 256 colors), TARGET FILE SIZE: under 5 KB per image. Use clean Pokemon-style line art, vibrant saturated colors, single creature centered in frame, tightly cropped to creature edges (no padding wider than 2px), no text or watermarks."
162,Falcondor,Venom,Wood,Common,bird,Marsh|Cave|Sanctum,dawn-dusk-only,Saturday,any,96x96,5,,,,,,"Pokemon-style monster creature named ""Falcondor"". RARITY TIER: Common (simple form, 1-2 distinguishing details). OUTPUT VIEWS: render three separate images per creature — (1) full-body front view, (2) three-quarter back view rotated ~135 degrees from front, (3) pure side-profile view. GENERATION RES: render at 512x512 for AI quality, then DOWNSCALE to FINAL 96x96 PNG. FINAL IMAGE SPECS: 96x96 PNG, transparent background, indexed palette (max 256 colors), TARGET FILE SIZE: under 5 KB per image. Use clean Pokemon-style line art, vibrant saturated colors, single creature centered in frame, tightly cropped to creature edges (no padding wider than 2px), no text or watermarks."
163,Magibug,Cosmic,Time,Common,insect,Sanctum|Mountain,night-only,Wednesday,any,96x96,5,,,,,,"Pokemon-style monster creature named ""Magibug"". RARITY TIER: Common (simple form, 1-2 distinguishing details). OUTPUT VIEWS: render three separate images per creature — (1) full-body front view, (2) three-quarter back view rotated ~135 degrees from front, (3) pure side-profile view. GENERATION RES: render at 512x512 for AI quality, then DOWNSCALE to FINAL 96x96 PNG. FINAL IMAGE SPECS: 96x96 PNG, transparent background, indexed palette (max 256 colors), TARGET FILE SIZE: under 5 KB per image. Use clean Pokemon-style line art, vibrant saturated colors, single creature centered in frame, tightly cropped to creature edges (no padding wider than 2px), no text or watermarks."
164,Pandata,Aether,,Common,spirit-form,Sanctum|Town,any,any,any,96x96,5,,,,,,"Pokemon-style monster creature named ""Pandata"". RARITY TIER: Common (simple form, 1-2 distinguishing details). OUTPUT VIEWS: render three separate images per creature — (1) full-body front view, (2) three-quarter back view rotated ~135 degrees from front, (3) pure side-profile view. GENERATION RES: render at 512x512 for AI quality, then DOWNSCALE to FINAL 96x96 PNG. FINAL IMAGE SPECS: 96x96 PNG, transparent background, indexed palette (max 256 colors), TARGET FILE SIZE: under 5 KB per image. Use clean Pokemon-style line art, vibrant saturated colors, single creature centered in frame, tightly cropped to creature edges (no padding wider than 2px), no text or watermarks."
165,Electruar,Dream,Mind,Common,amorphous-elemental,Forest|Sanctum,night-only,Wednesday,any,96x96,5,Electriguin,,,,,"Pokemon-style monster creature named ""Electruar"". RARITY TIER: Common (simple form, 1-2 distinguishing details). EVOLUTION CHAIN: stage 2 of 2 (chain ""dream_chain_8""). Pre-evolution: ""Electriguin"" — this creature evolved FROM ""Electriguin"". Preserve a recognizably similar body shape and family identity to ""Electriguin"", but with extra detail layers, larger size (~10-15%), upgraded markings, more pronounced presence. Maintain visual continuity across the entire 2-stage chain — same family identity, recognizable shape across stages. OUTPUT VIEWS: render three separate images per creature — (1) full-body front view, (2) three-quarter back view rotated ~135 degrees from front, (3) pure side-profile view. GENERATION RES: render at 512x512 for AI quality, then DOWNSCALE to FINAL 96x96 PNG. FINAL IMAGE SPECS: 96x96 PNG, transparent background, indexed palette (max 256 colors), TARGET FILE SIZE: under 5 KB per image. Use clean Pokemon-style line art, vibrant saturated colors, single creature centered in frame, tightly cropped to creature edges (no padding wider than 2px), no text or watermarks."
166,Toapip,Mind,,Common,beast,Castle|Sanctum,any,Wednesday,any,96x96,5,,,,,,"Pokemon-style monster creature named ""Toapip"". RARITY TIER: Common (simple form, 1-2 distinguishing details). OUTPUT VIEWS: render three separate images per creature — (1) full-body front view, (2) three-quarter back view rotated ~135 degrees from front, (3) pure side-profile view. GENERATION RES: render at 512x512 for AI quality, then DOWNSCALE to FINAL 96x96 PNG. FINAL IMAGE SPECS: 96x96 PNG, transparent background, indexed palette (max 256 colors), TARGET FILE SIZE: under 5 KB per image. Use clean Pokemon-style line art, vibrant saturated colors, single creature centered in frame, tightly cropped to creature edges (no padding wider than 2px), no text or watermarks."
167,Rockora,Sound,Crystal,Common,bipedal-humanoid,Forest|Town,any,Thursday,any,96x96,5,,,,,,"Pokemon-style monster creature named ""Rockora"". RARITY TIER: Common (simple form, 1-2 distinguishing details). OUTPUT VIEWS: render three separate images per creature — (1) full-body front view, (2) three-quarter back view rotated ~135 degrees from front, (3) pure side-profile view. GENERATION RES: render at 512x512 for AI quality, then DOWNSCALE to FINAL 96x96 PNG. FINAL IMAGE SPECS: 96x96 PNG, transparent background, indexed palette (max 256 colors), TARGET FILE SIZE: under 5 KB per image. Use clean Pokemon-style line art, vibrant saturated colors, single creature centered in frame, tightly cropped to creature edges (no padding wider than 2px), no text or watermarks."
168,Armaslash,Time,Light,Common,mythic-form,Sanctum|Cave,any,any,any,96x96,5,Armasaur,,,,,"Pokemon-style monster creature named ""Armaslash"". RARITY TIER: Common (simple form, 1-2 distinguishing details). EVOLUTION CHAIN: stage 3 of 3 (chain ""time_chain_1""). Pre-evolution: ""Armasaur"" — this creature evolved FROM ""Armasaur"". Preserve a recognizably similar body shape and family identity to ""Armasaur"", but with extra detail layers, larger size (~10-15%), upgraded markings, more pronounced presence. Maintain visual continuity across the entire 3-stage chain — same family identity, recognizable shape across stages. OUTPUT VIEWS: render three separate images per creature — (1) full-body front view, (2) three-quarter back view rotated ~135 degrees from front, (3) pure side-profile view. GENERATION RES: render at 512x512 for AI quality, then DOWNSCALE to FINAL 96x96 PNG. FINAL IMAGE SPECS: 96x96 PNG, transparent background, indexed palette (max 256 colors), TARGET FILE SIZE: under 5 KB per image. Use clean Pokemon-style line art, vibrant saturated colors, single creature centered in frame, tightly cropped to creature edges (no padding wider than 2px), no text or watermarks."
169,Bisoke,Crystal,,Common,spirit-form,Cave|Mountain|WaterSurface,any,Monday,any,96x96,5,,Burnitar,level,10,20,"Pokemon-style monster creature named ""Bisoke"". RARITY TIER: Common (simple form, 1-2 distinguishing details). EVOLUTION CHAIN: stage 1 of 2 (chain ""crystal_chain_2""). Evolves INTO: ""Burnitar"" (trigger: level, guaranteed by lvl 20). Foreshadow features that will become more prominent in ""Burnitar"" — keep family identity consistent so the next stage feels like a natural maturation, not a different creature. Maintain visual continuity across the entire 2-stage chain — same family identity, recognizable shape across stages. OUTPUT VIEWS: render three separate images per creature — (1) full-body front view, (2) three-quarter back view rotated ~135 degrees from front, (3) pure side-profile view. GENERATION RES: render at 512x512 for AI quality, then DOWNSCALE to FINAL 96x96 PNG. FINAL IMAGE SPECS: 96x96 PNG, transparent background, indexed palette (max 256 colors), TARGET FILE SIZE: under 5 KB per image. Use clean Pokemon-style line art, vibrant saturated colors, single creature centered in frame, tightly cropped to creature edges (no padding wider than 2px), no text or watermarks."
170,Koalax,Blood,Aether,Common,bipedal-humanoid,Castle|Sanctum|Cave,any,Saturday,any,96x96,5,,,,,,"Pokemon-style monster creature named ""Koalax"". RARITY TIER: Common (simple form, 1-2 distinguishing details). OUTPUT VIEWS: render three separate images per creature — (1) full-body front view, (2) three-quarter back view rotated ~135 degrees from front, (3) pure side-profile view. GENERATION RES: render at 512x512 for AI quality, then DOWNSCALE to FINAL 96x96 PNG. FINAL IMAGE SPECS: 96x96 PNG, transparent background, indexed palette (max 256 colors), TARGET FILE SIZE: under 5 KB per image. Use clean Pokemon-style line art, vibrant saturated colors, single creature centered in frame, tightly cropped to creature edges (no padding wider than 2px), no text or watermarks."
171,Pigloo,Fire,,Common,spirit-form,Desert|Cave,any,Saturday,Heat,96x96,5,,,,,,"Pokemon-style monster creature named ""Pigloo"". RARITY TIER: Common (simple form, 1-2 distinguishing details). OUTPUT VIEWS: render three separate images per creature — (1) full-body front view, (2) three-quarter back view rotated ~135 degrees from front, (3) pure side-profile view. GENERATION RES: render at 512x512 for AI quality, then DOWNSCALE to FINAL 96x96 PNG. FINAL IMAGE SPECS: 96x96 PNG, transparent background, indexed palette (max 256 colors), TARGET FILE SIZE: under 5 KB per image. Use clean Pokemon-style line art, vibrant saturated colors, single creature centered in frame, tightly cropped to creature edges (no padding wider than 2px), no text or watermarks."
172,Scorpevoir,Water,Storm,Common,insect,Beach|Harbor|Marsh,any,Friday,Rain,96x96,5,,,,,,"Pokemon-style monster creature named ""Scorpevoir"". RARITY TIER: Common (simple form, 1-2 distinguishing details). OUTPUT VIEWS: render three separate images per creature — (1) full-body front view, (2) three-quarter back view rotated ~135 degrees from front, (3) pure side-profile view. GENERATION RES: render at 512x512 for AI quality, then DOWNSCALE to FINAL 96x96 PNG. FINAL IMAGE SPECS: 96x96 PNG, transparent background, indexed palette (max 256 colors), TARGET FILE SIZE: under 5 KB per image. Use clean Pokemon-style line art, vibrant saturated colors, single creature centered in frame, tightly cropped to creature edges (no padding wider than 2px), no text or watermarks."
173,Vilemon,Ice,Wind,Common,mythic-form,Mountain|WaterSurface,any,Wednesday,Snow,96x96,5,,,,,,"Pokemon-style monster creature named ""Vilemon"". RARITY TIER: Common (simple form, 1-2 distinguishing details). OUTPUT VIEWS: render three separate images per creature — (1) full-body front view, (2) three-quarter back view rotated ~135 degrees from front, (3) pure side-profile view. GENERATION RES: render at 512x512 for AI quality, then DOWNSCALE to FINAL 96x96 PNG. FINAL IMAGE SPECS: 96x96 PNG, transparent background, indexed palette (max 256 colors), TARGET FILE SIZE: under 5 KB per image. Use clean Pokemon-style line art, vibrant saturated colors, single creature centered in frame, tightly cropped to creature edges (no padding wider than 2px), no text or watermarks."
174,Moltosaur,Earth,,Common,beast,Forest|Mountain|Desert,any,Sunday,any,96x96,5,,,,,,"Pokemon-style monster creature named ""Moltosaur"". RARITY TIER: Common (simple form, 1-2 distinguishing details). OUTPUT VIEWS: render three separate images per creature — (1) full-body front view, (2) three-quarter back view rotated ~135 degrees from front, (3) pure side-profile view. GENERATION RES: render at 512x512 for AI quality, then DOWNSCALE to FINAL 96x96 PNG. FINAL IMAGE SPECS: 96x96 PNG, transparent background, indexed palette (max 256 colors), TARGET FILE SIZE: under 5 KB per image. Use clean Pokemon-style line art, vibrant saturated colors, single creature centered in frame, tightly cropped to creature edges (no padding wider than 2px), no text or watermarks."
175,Porcubyss,Wood,Sound,Common,spirit-form,Forest|Plains,day-preferred,Sunday,any,96x96,5,,,,,,"Pokemon-style monster creature named ""Porcubyss"". RARITY TIER: Common (simple form, 1-2 distinguishing details). OUTPUT VIEWS: render three separate images per creature — (1) full-body front view, (2) three-quarter back view rotated ~135 degrees from front, (3) pure side-profile view. GENERATION RES: render at 512x512 for AI quality, then DOWNSCALE to FINAL 96x96 PNG. FINAL IMAGE SPECS: 96x96 PNG, transparent background, indexed palette (max 256 colors), TARGET FILE SIZE: under 5 KB per image. Use clean Pokemon-style line art, vibrant saturated colors, single creature centered in frame, tightly cropped to creature edges (no padding wider than 2px), no text or watermarks."
176,Lionic,Metal,,Common,cat,Cave|Castle|Harbor,any,Monday,any,96x96,5,,,,,,"Pokemon-style monster creature named ""Lionic"". RARITY TIER: Common (simple form, 1-2 distinguishing details). OUTPUT VIEWS: render three separate images per creature — (1) full-body front view, (2) three-quarter back view rotated ~135 degrees from front, (3) pure side-profile view. GENERATION RES: render at 512x512 for AI quality, then DOWNSCALE to FINAL 96x96 PNG. FINAL IMAGE SPECS: 96x96 PNG, transparent background, indexed palette (max 256 colors), TARGET FILE SIZE: under 5 KB per image. Use clean Pokemon-style line art, vibrant saturated colors, single creature centered in frame, tightly cropped to creature edges (no padding wider than 2px), no text or watermarks."
177,Specoda,Storm,Water,Common,spectre,Beach|Mountain,any,Thursday,Rain,96x96,5,,,,,,"Pokemon-style monster creature named ""Specoda"". RARITY TIER: Common (simple form, 1-2 distinguishing details). OUTPUT VIEWS: render three separate images per creature — (1) full-body front view, (2) three-quarter back view rotated ~135 degrees from front, (3) pure side-profile view. GENERATION RES: render at 512x512 for AI quality, then DOWNSCALE to FINAL 96x96 PNG. FINAL IMAGE SPECS: 96x96 PNG, transparent background, indexed palette (max 256 colors), TARGET FILE SIZE: under 5 KB per image. Use clean Pokemon-style line art, vibrant saturated colors, single creature centered in frame, tightly cropped to creature edges (no padding wider than 2px), no text or watermarks."
178,Ingotter,Wind,Earth,Common,spirit-form,Plains|Mountain,any,Friday,Foehn,96x96,5,,,,,,"Pokemon-style monster creature named ""Ingotter"". RARITY TIER: Common (simple form, 1-2 distinguishing details). OUTPUT VIEWS: render three separate images per creature — (1) full-body front view, (2) three-quarter back view rotated ~135 degrees from front, (3) pure side-profile view. GENERATION RES: render at 512x512 for AI quality, then DOWNSCALE to FINAL 96x96 PNG. FINAL IMAGE SPECS: 96x96 PNG, transparent background, indexed palette (max 256 colors), TARGET FILE SIZE: under 5 KB per image. Use clean Pokemon-style line art, vibrant saturated colors, single creature centered in frame, tightly cropped to creature edges (no padding wider than 2px), no text or watermarks."
179,Hypoose,Shadow,,Common,mythic-form,Cave|Marsh|Sanctum,night-only,Wednesday,Fog,96x96,5,,,,,,"Pokemon-style monster creature named ""Hypoose"". RARITY TIER: Common (simple form, 1-2 distinguishing details). OUTPUT VIEWS: render three separate images per creature — (1) full-body front view, (2) three-quarter back view rotated ~135 degrees from front, (3) pure side-profile view. GENERATION RES: render at 512x512 for AI quality, then DOWNSCALE to FINAL 96x96 PNG. FINAL IMAGE SPECS: 96x96 PNG, transparent background, indexed palette (max 256 colors), TARGET FILE SIZE: under 5 KB per image. Use clean Pokemon-style line art, vibrant saturated colors, single creature centered in frame, tightly cropped to creature edges (no padding wider than 2px), no text or watermarks."
180,Chimpion,Light,Shadow,Common,simian,Castle|Sanctum|Town,day-only,Tuesday,any,96x96,5,Chimpair,,,,,"Pokemon-style monster creature named ""Chimpion"". RARITY TIER: Common (simple form, 1-2 distinguishing details). EVOLUTION CHAIN: stage 2 of 2 (chain ""light_chain_8""). Pre-evolution: ""Chimpair"" — this creature evolved FROM ""Chimpair"". Preserve a recognizably similar body shape and family identity to ""Chimpair"", but with extra detail layers, larger size (~10-15%), upgraded markings, more pronounced presence. Maintain visual continuity across the entire 2-stage chain — same family identity, recognizable shape across stages. OUTPUT VIEWS: render three separate images per creature — (1) full-body front view, (2) three-quarter back view rotated ~135 degrees from front, (3) pure side-profile view. GENERATION RES: render at 512x512 for AI quality, then DOWNSCALE to FINAL 96x96 PNG. FINAL IMAGE SPECS: 96x96 PNG, transparent background, indexed palette (max 256 colors), TARGET FILE SIZE: under 5 KB per image. Use clean Pokemon-style line art, vibrant saturated colors, single creature centered in frame, tightly cropped to creature edges (no padding wider than 2px), no text or watermarks."
181,Potatoad,Venom,,Common,frog,Marsh|Cave|Sanctum,dawn-dusk-only,Saturday,any,96x96,5,,,,,,"Pokemon-style monster creature named ""Potatoad"". RARITY TIER: Common (simple form, 1-2 distinguishing details). OUTPUT VIEWS: render three separate images per creature — (1) full-body front view, (2) three-quarter back view rotated ~135 degrees from front, (3) pure side-profile view. GENERATION RES: render at 512x512 for AI quality, then DOWNSCALE to FINAL 96x96 PNG. FINAL IMAGE SPECS: 96x96 PNG, transparent background, indexed palette (max 256 colors), TARGET FILE SIZE: under 5 KB per image. Use clean Pokemon-style line art, vibrant saturated colors, single creature centered in frame, tightly cropped to creature edges (no padding wider than 2px), no text or watermarks."
182,Glacorb,Cosmic,Light,Common,reptile,Sanctum|Mountain,night-only,Wednesday,any,96x96,5,,,,,,"Pokemon-style monster creature named ""Glacorb"". RARITY TIER: Common (simple form, 1-2 distinguishing details). OUTPUT VIEWS: render three separate images per creature — (1) full-body front view, (2) three-quarter back view rotated ~135 degrees from front, (3) pure side-profile view. GENERATION RES: render at 512x512 for AI quality, then DOWNSCALE to FINAL 96x96 PNG. FINAL IMAGE SPECS: 96x96 PNG, transparent background, indexed palette (max 256 colors), TARGET FILE SIZE: under 5 KB per image. Use clean Pokemon-style line art, vibrant saturated colors, single creature centered in frame, tightly cropped to creature edges (no padding wider than 2px), no text or watermarks."
183,Spinmadillo,Aether,Shadow,Common,amorphous-elemental,Sanctum|Town,any,any,any,96x96,5,,,,,,"Pokemon-style monster creature named ""Spinmadillo"". RARITY TIER: Common (simple form, 1-2 distinguishing details). OUTPUT VIEWS: render three separate images per creature — (1) full-body front view, (2) three-quarter back view rotated ~135 degrees from front, (3) pure side-profile view. GENERATION RES: render at 512x512 for AI quality, then DOWNSCALE to FINAL 96x96 PNG. FINAL IMAGE SPECS: 96x96 PNG, transparent background, indexed palette (max 256 colors), TARGET FILE SIZE: under 5 KB per image. Use clean Pokemon-style line art, vibrant saturated colors, single creature centered in frame, tightly cropped to creature edges (no padding wider than 2px), no text or watermarks."
184,Electriguin,Dream,,Common,amorphous-elemental,Forest|Sanctum,night-only,Wednesday,any,96x96,5,,Electruar,level,10,20,"Pokemon-style monster creature named ""Electriguin"". RARITY TIER: Common (simple form, 1-2 distinguishing details). EVOLUTION CHAIN: stage 1 of 2 (chain ""dream_chain_8""). Evolves INTO: ""Electruar"" (trigger: level, guaranteed by lvl 20). Foreshadow features that will become more prominent in ""Electruar"" — keep family identity consistent so the next stage feels like a natural maturation, not a different creature. Maintain visual continuity across the entire 2-stage chain — same family identity, recognizable shape across stages. OUTPUT VIEWS: render three separate images per creature — (1) full-body front view, (2) three-quarter back view rotated ~135 degrees from front, (3) pure side-profile view. GENERATION RES: render at 512x512 for AI quality, then DOWNSCALE to FINAL 96x96 PNG. FINAL IMAGE SPECS: 96x96 PNG, transparent background, indexed palette (max 256 colors), TARGET FILE SIZE: under 5 KB per image. Use clean Pokemon-style line art, vibrant saturated colors, single creature centered in frame, tightly cropped to creature edges (no padding wider than 2px), no text or watermarks."
185,Pigeoton,Mind,Venom,Common,spirit-form,Castle|Sanctum,any,Wednesday,any,96x96,5,,,,,,"Pokemon-style monster creature named ""Pigeoton"". RARITY TIER: Common (simple form, 1-2 distinguishing details). OUTPUT VIEWS: render three separate images per creature — (1) full-body front view, (2) three-quarter back view rotated ~135 degrees from front, (3) pure side-profile view. GENERATION RES: render at 512x512 for AI quality, then DOWNSCALE to FINAL 96x96 PNG. FINAL IMAGE SPECS: 96x96 PNG, transparent background, indexed palette (max 256 colors), TARGET FILE SIZE: under 5 KB per image. Use clean Pokemon-style line art, vibrant saturated colors, single creature centered in frame, tightly cropped to creature edges (no padding wider than 2px), no text or watermarks."
186,Stunpecker,Sound,,Common,amorphous-elemental,Forest|Town,any,Thursday,any,96x96,5,,,,,,"Pokemon-style monster creature named ""Stunpecker"". RARITY TIER: Common (simple form, 1-2 distinguishing details). OUTPUT VIEWS: render three separate images per creature — (1) full-body front view, (2) three-quarter back view rotated ~135 degrees from front, (3) pure side-profile view. GENERATION RES: render at 512x512 for AI quality, then DOWNSCALE to FINAL 96x96 PNG. FINAL IMAGE SPECS: 96x96 PNG, transparent background, indexed palette (max 256 colors), TARGET FILE SIZE: under 5 KB per image. Use clean Pokemon-style line art, vibrant saturated colors, single creature centered in frame, tightly cropped to creature edges (no padding wider than 2px), no text or watermarks."
187,Eletine,Time,Blood,Common,amorphous-elemental,Sanctum|Cave,any,any,any,96x96,5,,,,,,"Pokemon-style monster creature named ""Eletine"". RARITY TIER: Common (simple form, 1-2 distinguishing details). OUTPUT VIEWS: render three separate images per creature — (1) full-body front view, (2) three-quarter back view rotated ~135 degrees from front, (3) pure side-profile view. GENERATION RES: render at 512x512 for AI quality, then DOWNSCALE to FINAL 96x96 PNG. FINAL IMAGE SPECS: 96x96 PNG, transparent background, indexed palette (max 256 colors), TARGET FILE SIZE: under 5 KB per image. Use clean Pokemon-style line art, vibrant saturated colors, single creature centered in frame, tightly cropped to creature edges (no padding wider than 2px), no text or watermarks."
188,Hyesion,Crystal,Wind,Common,mythic-form,Cave|Mountain|WaterSurface,any,Monday,any,96x96,5,,,,,,"Pokemon-style monster creature named ""Hyesion"". RARITY TIER: Common (simple form, 1-2 distinguishing details). OUTPUT VIEWS: render three separate images per creature — (1) full-body front view, (2) three-quarter back view rotated ~135 degrees from front, (3) pure side-profile view. GENERATION RES: render at 512x512 for AI quality, then DOWNSCALE to FINAL 96x96 PNG. FINAL IMAGE SPECS: 96x96 PNG, transparent background, indexed palette (max 256 colors), TARGET FILE SIZE: under 5 KB per image. Use clean Pokemon-style line art, vibrant saturated colors, single creature centered in frame, tightly cropped to creature edges (no padding wider than 2px), no text or watermarks."
189,Gladiawing,Blood,,Common,bird,Castle|Sanctum|Cave,any,Saturday,any,96x96,5,,,,,,"Pokemon-style monster creature named ""Gladiawing"". RARITY TIER: Common (simple form, 1-2 distinguishing details). OUTPUT VIEWS: render three separate images per creature — (1) full-body front view, (2) three-quarter back view rotated ~135 degrees from front, (3) pure side-profile view. GENERATION RES: render at 512x512 for AI quality, then DOWNSCALE to FINAL 96x96 PNG. FINAL IMAGE SPECS: 96x96 PNG, transparent background, indexed palette (max 256 colors), TARGET FILE SIZE: under 5 KB per image. Use clean Pokemon-style line art, vibrant saturated colors, single creature centered in frame, tightly cropped to creature edges (no padding wider than 2px), no text or watermarks."
190,Ghoray,Fire,Metal,Common,reptile,Desert|Cave,any,Saturday,Heat,96x96,5,,,,,,"Pokemon-style monster creature named ""Ghoray"". RARITY TIER: Common (simple form, 1-2 distinguishing details). OUTPUT VIEWS: render three separate images per creature — (1) full-body front view, (2) three-quarter back view rotated ~135 degrees from front, (3) pure side-profile view. GENERATION RES: render at 512x512 for AI quality, then DOWNSCALE to FINAL 96x96 PNG. FINAL IMAGE SPECS: 96x96 PNG, transparent background, indexed palette (max 256 colors), TARGET FILE SIZE: under 5 KB per image. Use clean Pokemon-style line art, vibrant saturated colors, single creature centered in frame, tightly cropped to creature edges (no padding wider than 2px), no text or watermarks."
191,Magmacuda,Water,,Common,beast,Beach|Harbor|Marsh,any,Friday,Rain,96x96,5,,,,,,"Pokemon-style monster creature named ""Magmacuda"". RARITY TIER: Common (simple form, 1-2 distinguishing details). OUTPUT VIEWS: render three separate images per creature — (1) full-body front view, (2) three-quarter back view rotated ~135 degrees from front, (3) pure side-profile view. GENERATION RES: render at 512x512 for AI quality, then DOWNSCALE to FINAL 96x96 PNG. FINAL IMAGE SPECS: 96x96 PNG, transparent background, indexed palette (max 256 colors), TARGET FILE SIZE: under 5 KB per image. Use clean Pokemon-style line art, vibrant saturated colors, single creature centered in frame, tightly cropped to creature edges (no padding wider than 2px), no text or watermarks."
192,Propelican,Ice,Wood,Common,bird,Mountain|WaterSurface,any,Wednesday,Snow,96x96,5,,,,,,"Pokemon-style monster creature named ""Propelican"". RARITY TIER: Common (simple form, 1-2 distinguishing details). OUTPUT VIEWS: render three separate images per creature — (1) full-body front view, (2) three-quarter back view rotated ~135 degrees from front, (3) pure side-profile view. GENERATION RES: render at 512x512 for AI quality, then DOWNSCALE to FINAL 96x96 PNG. FINAL IMAGE SPECS: 96x96 PNG, transparent background, indexed palette (max 256 colors), TARGET FILE SIZE: under 5 KB per image. Use clean Pokemon-style line art, vibrant saturated colors, single creature centered in frame, tightly cropped to creature edges (no padding wider than 2px), no text or watermarks."
193,Chimpanther,Earth,Crystal,Common,cat,Forest|Mountain|Desert,any,Sunday,any,96x96,5,,Cocobra,moon_full,10,20,"Pokemon-style monster creature named ""Chimpanther"". RARITY TIER: Common (simple form, 1-2 distinguishing details). EVOLUTION CHAIN: stage 1 of 2 (chain ""earth_chain_5""). Evolves INTO: ""Cocobra"" (trigger: moon_full, guaranteed by lvl 20). Foreshadow features that will become more prominent in ""Cocobra"" — keep family identity consistent so the next stage feels like a natural maturation, not a different creature. Maintain visual continuity across the entire 2-stage chain — same family identity, recognizable shape across stages. OUTPUT VIEWS: render three separate images per creature — (1) full-body front view, (2) three-quarter back view rotated ~135 degrees from front, (3) pure side-profile view. GENERATION RES: render at 512x512 for AI quality, then DOWNSCALE to FINAL 96x96 PNG. FINAL IMAGE SPECS: 96x96 PNG, transparent background, indexed palette (max 256 colors), TARGET FILE SIZE: under 5 KB per image. Use clean Pokemon-style line art, vibrant saturated colors, single creature centered in frame, tightly cropped to creature edges (no padding wider than 2px), no text or watermarks."
194,Herbuito,Wood,,Common,mythic-form,Forest|Plains,day-preferred,Sunday,any,96x96,5,,,,,,"Pokemon-style monster creature named ""Herbuito"". RARITY TIER: Common (simple form, 1-2 distinguishing details). OUTPUT VIEWS: render three separate images per creature — (1) full-body front view, (2) three-quarter back view rotated ~135 degrees from front, (3) pure side-profile view. GENERATION RES: render at 512x512 for AI quality, then DOWNSCALE to FINAL 96x96 PNG. FINAL IMAGE SPECS: 96x96 PNG, transparent background, indexed palette (max 256 colors), TARGET FILE SIZE: under 5 KB per image. Use clean Pokemon-style line art, vibrant saturated colors, single creature centered in frame, tightly cropped to creature edges (no padding wider than 2px), no text or watermarks."
195,Flamebug,Metal,Ice,Common,insect,Cave|Castle|Harbor,any,Monday,any,96x96,5,,,,,,"Pokemon-style monster creature named ""Flamebug"". RARITY TIER: Common (simple form, 1-2 distinguishing details). OUTPUT VIEWS: render three separate images per creature — (1) full-body front view, (2) three-quarter back view rotated ~135 degrees from front, (3) pure side-profile view. GENERATION RES: render at 512x512 for AI quality, then DOWNSCALE to FINAL 96x96 PNG. FINAL IMAGE SPECS: 96x96 PNG, transparent background, indexed palette (max 256 colors), TARGET FILE SIZE: under 5 KB per image. Use clean Pokemon-style line art, vibrant saturated colors, single creature centered in frame, tightly cropped to creature edges (no padding wider than 2px), no text or watermarks."
196,Lobstuno,Storm,,Common,crab,Beach|Mountain,any,Thursday,Rain,96x96,5,,,,,,"Pokemon-style monster creature named ""Lobstuno"". RARITY TIER: Common (simple form, 1-2 distinguishing details). OUTPUT VIEWS: render three separate images per creature — (1) full-body front view, (2) three-quarter back view rotated ~135 degrees from front, (3) pure side-profile view. GENERATION RES: render at 512x512 for AI quality, then DOWNSCALE to FINAL 96x96 PNG. FINAL IMAGE SPECS: 96x96 PNG, transparent background, indexed palette (max 256 colors), TARGET FILE SIZE: under 5 KB per image. Use clean Pokemon-style line art, vibrant saturated colors, single creature centered in frame, tightly cropped to creature edges (no padding wider than 2px), no text or watermarks."
197,Giratric,Wind,Venom,Common,rodent,Plains|Mountain,any,Friday,Foehn,96x96,5,,,,,,"Pokemon-style monster creature named ""Giratric"". RARITY TIER: Common (simple form, 1-2 distinguishing details). OUTPUT VIEWS: render three separate images per creature — (1) full-body front view, (2) three-quarter back view rotated ~135 degrees from front, (3) pure side-profile view. GENERATION RES: render at 512x512 for AI quality, then DOWNSCALE to FINAL 96x96 PNG. FINAL IMAGE SPECS: 96x96 PNG, transparent background, indexed palette (max 256 colors), TARGET FILE SIZE: under 5 KB per image. Use clean Pokemon-style line art, vibrant saturated colors, single creature centered in frame, tightly cropped to creature edges (no padding wider than 2px), no text or watermarks."
198,Oystair,Shadow,Mind,Common,mythic-form,Cave|Marsh|Sanctum,night-only,Wednesday,Fog,96x96,5,,,,,,"Pokemon-style monster creature named ""Oystair"". RARITY TIER: Common (simple form, 1-2 distinguishing details). OUTPUT VIEWS: render three separate images per creature — (1) full-body front view, (2) three-quarter back view rotated ~135 degrees from front, (3) pure side-profile view. GENERATION RES: render at 512x512 for AI quality, then DOWNSCALE to FINAL 96x96 PNG. FINAL IMAGE SPECS: 96x96 PNG, transparent background, indexed palette (max 256 colors), TARGET FILE SIZE: under 5 KB per image. Use clean Pokemon-style line art, vibrant saturated colors, single creature centered in frame, tightly cropped to creature edges (no padding wider than 2px), no text or watermarks."
199,Fiemeleon,Light,,Common,beast,Castle|Sanctum|Town,day-only,Tuesday,any,96x96,5,,,,,,"Pokemon-style monster creature named ""Fiemeleon"". RARITY TIER: Common (simple form, 1-2 distinguishing details). OUTPUT VIEWS: render three separate images per creature — (1) full-body front view, (2) three-quarter back view rotated ~135 degrees from front, (3) pure side-profile view. GENERATION RES: render at 512x512 for AI quality, then DOWNSCALE to FINAL 96x96 PNG. FINAL IMAGE SPECS: 96x96 PNG, transparent background, indexed palette (max 256 colors), TARGET FILE SIZE: under 5 KB per image. Use clean Pokemon-style line art, vibrant saturated colors, single creature centered in frame, tightly cropped to creature edges (no padding wider than 2px), no text or watermarks."
200,Magmeleon,Venom,Water,Common,beast,Marsh|Cave|Sanctum,dawn-dusk-only,Saturday,any,96x96,5,,,,,,"Pokemon-style monster creature named ""Magmeleon"". RARITY TIER: Common (simple form, 1-2 distinguishing details). OUTPUT VIEWS: render three separate images per creature — (1) full-body front view, (2) three-quarter back view rotated ~135 degrees from front, (3) pure side-profile view. GENERATION RES: render at 512x512 for AI quality, then DOWNSCALE to FINAL 96x96 PNG. FINAL IMAGE SPECS: 96x96 PNG, transparent background, indexed palette (max 256 colors), TARGET FILE SIZE: under 5 KB per image. Use clean Pokemon-style line art, vibrant saturated colors, single creature centered in frame, tightly cropped to creature edges (no padding wider than 2px), no text or watermarks."
201,Wallamish,Cosmic,,Common,spirit-form,Sanctum|Mountain,night-only,Wednesday,any,96x96,5,,,,,,"Pokemon-style monster creature named ""Wallamish"". RARITY TIER: Common (simple form, 1-2 distinguishing details). OUTPUT VIEWS: render three separate images per creature — (1) full-body front view, (2) three-quarter back view rotated ~135 degrees from front, (3) pure side-profile view. GENERATION RES: render at 512x512 for AI quality, then DOWNSCALE to FINAL 96x96 PNG. FINAL IMAGE SPECS: 96x96 PNG, transparent background, indexed palette (max 256 colors), TARGET FILE SIZE: under 5 KB per image. Use clean Pokemon-style line art, vibrant saturated colors, single creature centered in frame, tightly cropped to creature edges (no padding wider than 2px), no text or watermarks."
202,Skelium,Aether,Cosmic,Common,amorphous-elemental,Sanctum|Town,any,any,any,96x96,5,,,,,,"Pokemon-style monster creature named ""Skelium"". RARITY TIER: Common (simple form, 1-2 distinguishing details). OUTPUT VIEWS: render three separate images per creature — (1) full-body front view, (2) three-quarter back view rotated ~135 degrees from front, (3) pure side-profile view. GENERATION RES: render at 512x512 for AI quality, then DOWNSCALE to FINAL 96x96 PNG. FINAL IMAGE SPECS: 96x96 PNG, transparent background, indexed palette (max 256 colors), TARGET FILE SIZE: under 5 KB per image. Use clean Pokemon-style line art, vibrant saturated colors, single creature centered in frame, tightly cropped to creature edges (no padding wider than 2px), no text or watermarks."
203,Shasire,Dream,Time,Common,amorphous-elemental,Forest|Sanctum,night-only,Wednesday,any,96x96,5,,,,,,"Pokemon-style monster creature named ""Shasire"". RARITY TIER: Common (simple form, 1-2 distinguishing details). OUTPUT VIEWS: render three separate images per creature — (1) full-body front view, (2) three-quarter back view rotated ~135 degrees from front, (3) pure side-profile view. GENERATION RES: render at 512x512 for AI quality, then DOWNSCALE to FINAL 96x96 PNG. FINAL IMAGE SPECS: 96x96 PNG, transparent background, indexed palette (max 256 colors), TARGET FILE SIZE: under 5 KB per image. Use clean Pokemon-style line art, vibrant saturated colors, single creature centered in frame, tightly cropped to creature edges (no padding wider than 2px), no text or watermarks."
204,Fluffing,Mind,,Common,beast,Castle|Sanctum,any,Wednesday,any,96x96,5,,,,,,"Pokemon-style monster creature named ""Fluffing"". RARITY TIER: Common (simple form, 1-2 distinguishing details). OUTPUT VIEWS: render three separate images per creature — (1) full-body front view, (2) three-quarter back view rotated ~135 degrees from front, (3) pure side-profile view. GENERATION RES: render at 512x512 for AI quality, then DOWNSCALE to FINAL 96x96 PNG. FINAL IMAGE SPECS: 96x96 PNG, transparent background, indexed palette (max 256 colors), TARGET FILE SIZE: under 5 KB per image. Use clean Pokemon-style line art, vibrant saturated colors, single creature centered in frame, tightly cropped to creature edges (no padding wider than 2px), no text or watermarks."
205,Oddite,Sound,Wind,Common,mythic-form,Forest|Town,any,Thursday,any,96x96,5,,,,,,"Pokemon-style monster creature named ""Oddite"". RARITY TIER: Common (simple form, 1-2 distinguishing details). OUTPUT VIEWS: render three separate images per creature — (1) full-body front view, (2) three-quarter back view rotated ~135 degrees from front, (3) pure side-profile view. GENERATION RES: render at 512x512 for AI quality, then DOWNSCALE to FINAL 96x96 PNG. FINAL IMAGE SPECS: 96x96 PNG, transparent background, indexed palette (max 256 colors), TARGET FILE SIZE: under 5 KB per image. Use clean Pokemon-style line art, vibrant saturated colors, single creature centered in frame, tightly cropped to creature edges (no padding wider than 2px), no text or watermarks."
206,Golderpillar,Time,,Common,reptile,Sanctum|Cave,any,any,any,96x96,5,,,,,,"Pokemon-style monster creature named ""Golderpillar"". RARITY TIER: Common (simple form, 1-2 distinguishing details). OUTPUT VIEWS: render three separate images per creature — (1) full-body front view, (2) three-quarter back view rotated ~135 degrees from front, (3) pure side-profile view. GENERATION RES: render at 512x512 for AI quality, then DOWNSCALE to FINAL 96x96 PNG. FINAL IMAGE SPECS: 96x96 PNG, transparent background, indexed palette (max 256 colors), TARGET FILE SIZE: under 5 KB per image. Use clean Pokemon-style line art, vibrant saturated colors, single creature centered in frame, tightly cropped to creature edges (no padding wider than 2px), no text or watermarks."
207,Dewitar,Crystal,Earth,Common,bipedal-humanoid,Cave|Mountain|WaterSurface,any,Monday,any,96x96,5,Cheeturbo,,,,,"Pokemon-style monster creature named ""Dewitar"". RARITY TIER: Common (simple form, 1-2 distinguishing details). EVOLUTION CHAIN: stage 2 of 2 (chain ""crystal_chain_3""). Pre-evolution: ""Cheeturbo"" — this creature evolved FROM ""Cheeturbo"". Preserve a recognizably similar body shape and family identity to ""Cheeturbo"", but with extra detail layers, larger size (~10-15%), upgraded markings, more pronounced presence. Maintain visual continuity across the entire 2-stage chain — same family identity, recognizable shape across stages. OUTPUT VIEWS: render three separate images per creature — (1) full-body front view, (2) three-quarter back view rotated ~135 degrees from front, (3) pure side-profile view. GENERATION RES: render at 512x512 for AI quality, then DOWNSCALE to FINAL 96x96 PNG. FINAL IMAGE SPECS: 96x96 PNG, transparent background, indexed palette (max 256 colors), TARGET FILE SIZE: under 5 KB per image. Use clean Pokemon-style line art, vibrant saturated colors, single creature centered in frame, tightly cropped to creature edges (no padding wider than 2px), no text or watermarks."
208,Badguno,Blood,Crystal,Common,spirit-form,Castle|Sanctum|Cave,any,Saturday,any,96x96,5,Ashmadillo,,,,,"Pokemon-style monster creature named ""Badguno"". RARITY TIER: Common (simple form, 1-2 distinguishing details). EVOLUTION CHAIN: stage 2 of 2 (chain ""blood_chain_2""). Pre-evolution: ""Ashmadillo"" — this creature evolved FROM ""Ashmadillo"". Preserve a recognizably similar body shape and family identity to ""Ashmadillo"", but with extra detail layers, larger size (~10-15%), upgraded markings, more pronounced presence. Maintain visual continuity across the entire 2-stage chain — same family identity, recognizable shape across stages. OUTPUT VIEWS: render three separate images per creature — (1) full-body front view, (2) three-quarter back view rotated ~135 degrees from front, (3) pure side-profile view. GENERATION RES: render at 512x512 for AI quality, then DOWNSCALE to FINAL 96x96 PNG. FINAL IMAGE SPECS: 96x96 PNG, transparent background, indexed palette (max 256 colors), TARGET FILE SIZE: under 5 KB per image. Use clean Pokemon-style line art, vibrant saturated colors, single creature centered in frame, tightly cropped to creature edges (no padding wider than 2px), no text or watermarks."
209,Chickig,Fire,,Common,quadruped,Desert|Cave,any,Saturday,Heat,96x96,5,Charingo,,,,,"Pokemon-style monster creature named ""Chickig"". RARITY TIER: Common (simple form, 1-2 distinguishing details). EVOLUTION CHAIN: stage 2 of 2 (chain ""fire_chain_3""). Pre-evolution: ""Charingo"" — this creature evolved FROM ""Charingo"". Preserve a recognizably similar body shape and family identity to ""Charingo"", but with extra detail layers, larger size (~10-15%), upgraded markings, more pronounced presence. Maintain visual continuity across the entire 2-stage chain — same family identity, recognizable shape across stages. OUTPUT VIEWS: render three separate images per creature — (1) full-body front view, (2) three-quarter back view rotated ~135 degrees from front, (3) pure side-profile view. GENERATION RES: render at 512x512 for AI quality, then DOWNSCALE to FINAL 96x96 PNG. FINAL IMAGE SPECS: 96x96 PNG, transparent background, indexed palette (max 256 colors), TARGET FILE SIZE: under 5 KB per image. Use clean Pokemon-style line art, vibrant saturated colors, single creature centered in frame, tightly cropped to creature edges (no padding wider than 2px), no text or watermarks."
210,Spiduna,Water,Fire,Common,amorphous-elemental,Beach|Harbor|Marsh,any,Friday,Rain,96x96,5,,,,,,"Pokemon-style monster creature named ""Spiduna"". RARITY TIER: Common (simple form, 1-2 distinguishing details). OUTPUT VIEWS: render three separate images per creature — (1) full-body front view, (2) three-quarter back view rotated ~135 degrees from front, (3) pure side-profile view. GENERATION RES: render at 512x512 for AI quality, then DOWNSCALE to FINAL 96x96 PNG. FINAL IMAGE SPECS: 96x96 PNG, transparent background, indexed palette (max 256 colors), TARGET FILE SIZE: under 5 KB per image. Use clean Pokemon-style line art, vibrant saturated colors, single creature centered in frame, tightly cropped to creature edges (no padding wider than 2px), no text or watermarks."
211,Gothalo,Ice,,Common,beast,Mountain|WaterSurface,any,Wednesday,Snow,96x96,5,,,,,,"Pokemon-style monster creature named ""Gothalo"". RARITY TIER: Common (simple form, 1-2 distinguishing details). OUTPUT VIEWS: render three separate images per creature — (1) full-body front view, (2) three-quarter back view rotated ~135 degrees from front, (3) pure side-profile view. GENERATION RES: render at 512x512 for AI quality, then DOWNSCALE to FINAL 96x96 PNG. FINAL IMAGE SPECS: 96x96 PNG, transparent background, indexed palette (max 256 colors), TARGET FILE SIZE: under 5 KB per image. Use clean Pokemon-style line art, vibrant saturated colors, single creature centered in frame, tightly cropped to creature edges (no padding wider than 2px), no text or watermarks."
212,Rampela,Earth,Storm,Common,bipedal-humanoid,Forest|Mountain|Desert,any,Sunday,any,96x96,5,,,,,,"Pokemon-style monster creature named ""Rampela"". RARITY TIER: Common (simple form, 1-2 distinguishing details). OUTPUT VIEWS: render three separate images per creature — (1) full-body front view, (2) three-quarter back view rotated ~135 degrees from front, (3) pure side-profile view. GENERATION RES: render at 512x512 for AI quality, then DOWNSCALE to FINAL 96x96 PNG. FINAL IMAGE SPECS: 96x96 PNG, transparent background, indexed palette (max 256 colors), TARGET FILE SIZE: under 5 KB per image. Use clean Pokemon-style line art, vibrant saturated colors, single creature centered in frame, tightly cropped to creature edges (no padding wider than 2px), no text or watermarks."
213,Wolfix,Wood,Water,Common,wolf,Forest|Plains,day-preferred,Sunday,any,96x96,5,,,,,,"Pokemon-style monster creature named ""Wolfix"". RARITY TIER: Common (simple form, 1-2 distinguishing details). OUTPUT VIEWS: render three separate images per creature — (1) full-body front view, (2) three-quarter back view rotated ~135 degrees from front, (3) pure side-profile view. GENERATION RES: render at 512x512 for AI quality, then DOWNSCALE to FINAL 96x96 PNG. FINAL IMAGE SPECS: 96x96 PNG, transparent background, indexed palette (max 256 colors), TARGET FILE SIZE: under 5 KB per image. Use clean Pokemon-style line art, vibrant saturated colors, single creature centered in frame, tightly cropped to creature edges (no padding wider than 2px), no text or watermarks."
214,Drummingbird,Metal,,Common,bipedal-humanoid,Cave|Castle|Harbor,any,Monday,any,96x96,5,,Eleloon,level,10,20,"Pokemon-style monster creature named ""Drummingbird"". RARITY TIER: Common (simple form, 1-2 distinguishing details). EVOLUTION CHAIN: stage 1 of 2 (chain ""metal_chain_7""). Evolves INTO: ""Eleloon"" (trigger: level, guaranteed by lvl 20). Foreshadow features that will become more prominent in ""Eleloon"" — keep family identity consistent so the next stage feels like a natural maturation, not a different creature. Maintain visual continuity across the entire 2-stage chain — same family identity, recognizable shape across stages. OUTPUT VIEWS: render three separate images per creature — (1) full-body front view, (2) three-quarter back view rotated ~135 degrees from front, (3) pure side-profile view. GENERATION RES: render at 512x512 for AI quality, then DOWNSCALE to FINAL 96x96 PNG. FINAL IMAGE SPECS: 96x96 PNG, transparent background, indexed palette (max 256 colors), TARGET FILE SIZE: under 5 KB per image. Use clean Pokemon-style line art, vibrant saturated colors, single creature centered in frame, tightly cropped to creature edges (no padding wider than 2px), no text or watermarks."
215,Horrosel,Storm,Wind,Common,mythic-form,Beach|Mountain,any,Thursday,Rain,96x96,5,,,,,,"Pokemon-style monster creature named ""Horrosel"". RARITY TIER: Common (simple form, 1-2 distinguishing details). OUTPUT VIEWS: render three separate images per creature — (1) full-body front view, (2) three-quarter back view rotated ~135 degrees from front, (3) pure side-profile view. GENERATION RES: render at 512x512 for AI quality, then DOWNSCALE to FINAL 96x96 PNG. FINAL IMAGE SPECS: 96x96 PNG, transparent background, indexed palette (max 256 colors), TARGET FILE SIZE: under 5 KB per image. Use clean Pokemon-style line art, vibrant saturated colors, single creature centered in frame, tightly cropped to creature edges (no padding wider than 2px), no text or watermarks."
216,Hamstoth,Wind,,Common,mythic-form,Plains|Mountain,any,Friday,Foehn,96x96,5,,,,,,"Pokemon-style monster creature named ""Hamstoth"". RARITY TIER: Common (simple form, 1-2 distinguishing details). OUTPUT VIEWS: render three separate images per creature — (1) full-body front view, (2) three-quarter back view rotated ~135 degrees from front, (3) pure side-profile view. GENERATION RES: render at 512x512 for AI quality, then DOWNSCALE to FINAL 96x96 PNG. FINAL IMAGE SPECS: 96x96 PNG, transparent background, indexed palette (max 256 colors), TARGET FILE SIZE: under 5 KB per image. Use clean Pokemon-style line art, vibrant saturated colors, single creature centered in frame, tightly cropped to creature edges (no padding wider than 2px), no text or watermarks."
217,Crocung,Shadow,Dream,Common,quadruped,Cave|Marsh|Sanctum,night-only,Wednesday,Fog,96x96,5,,Donkhi,stone,10,20,"Pokemon-style monster creature named ""Crocung"". RARITY TIER: Common (simple form, 1-2 distinguishing details). EVOLUTION CHAIN: stage 1 of 2 (chain ""shadow_chain_5""). Evolves INTO: ""Donkhi"" (trigger: stone, guaranteed by lvl 20). Foreshadow features that will become more prominent in ""Donkhi"" — keep family identity consistent so the next stage feels like a natural maturation, not a different creature. Maintain visual continuity across the entire 2-stage chain — same family identity, recognizable shape across stages. OUTPUT VIEWS: render three separate images per creature — (1) full-body front view, (2) three-quarter back view rotated ~135 degrees from front, (3) pure side-profile view. GENERATION RES: render at 512x512 for AI quality, then DOWNSCALE to FINAL 96x96 PNG. FINAL IMAGE SPECS: 96x96 PNG, transparent background, indexed palette (max 256 colors), TARGET FILE SIZE: under 5 KB per image. Use clean Pokemon-style line art, vibrant saturated colors, single creature centered in frame, tightly cropped to creature edges (no padding wider than 2px), no text or watermarks."
218,Grobug,Light,Venom,Common,insect,Castle|Sanctum|Town,day-only,Tuesday,any,96x96,5,,,,,,"Pokemon-style monster creature named ""Grobug"". RARITY TIER: Common (simple form, 1-2 distinguishing details). OUTPUT VIEWS: render three separate images per creature — (1) full-body front view, (2) three-quarter back view rotated ~135 degrees from front, (3) pure side-profile view. GENERATION RES: render at 512x512 for AI quality, then DOWNSCALE to FINAL 96x96 PNG. FINAL IMAGE SPECS: 96x96 PNG, transparent background, indexed palette (max 256 colors), TARGET FILE SIZE: under 5 KB per image. Use clean Pokemon-style line art, vibrant saturated colors, single creature centered in frame, tightly cropped to creature edges (no padding wider than 2px), no text or watermarks."
219,Cobrops,Venom,,Common,quadruped,Marsh|Cave|Sanctum,dawn-dusk-only,Saturday,any,96x96,5,,Coyoron,weather_storm,10,20,"Pokemon-style monster creature named ""Cobrops"". RARITY TIER: Common (simple form, 1-2 distinguishing details). EVOLUTION CHAIN: stage 1 of 3 (chain ""venom_chain_6""). Evolves INTO: ""Coyoron"" (trigger: weather_storm, guaranteed by lvl 20). Foreshadow features that will become more prominent in ""Coyoron"" — keep family identity consistent so the next stage feels like a natural maturation, not a different creature. Maintain visual continuity across the entire 3-stage chain — same family identity, recognizable shape across stages. OUTPUT VIEWS: render three separate images per creature — (1) full-body front view, (2) three-quarter back view rotated ~135 degrees from front, (3) pure side-profile view. GENERATION RES: render at 512x512 for AI quality, then DOWNSCALE to FINAL 96x96 PNG. FINAL IMAGE SPECS: 96x96 PNG, transparent background, indexed palette (max 256 colors), TARGET FILE SIZE: under 5 KB per image. Use clean Pokemon-style line art, vibrant saturated colors, single creature centered in frame, tightly cropped to creature edges (no padding wider than 2px), no text or watermarks."
220,Bidrill,Cosmic,Time,Common,spirit-form,Sanctum|Mountain,night-only,Wednesday,any,96x96,5,,Brerronen,level,10,20,"Pokemon-style monster creature named ""Bidrill"". RARITY TIER: Common (simple form, 1-2 distinguishing details). EVOLUTION CHAIN: stage 1 of 2 (chain ""cosmic_chain_2""). Evolves INTO: ""Brerronen"" (trigger: level, guaranteed by lvl 20). Foreshadow features that will become more prominent in ""Brerronen"" — keep family identity consistent so the next stage feels like a natural maturation, not a different creature. Maintain visual continuity across the entire 2-stage chain — same family identity, recognizable shape across stages. OUTPUT VIEWS: render three separate images per creature — (1) full-body front view, (2) three-quarter back view rotated ~135 degrees from front, (3) pure side-profile view. GENERATION RES: render at 512x512 for AI quality, then DOWNSCALE to FINAL 96x96 PNG. FINAL IMAGE SPECS: 96x96 PNG, transparent background, indexed palette (max 256 colors), TARGET FILE SIZE: under 5 KB per image. Use clean Pokemon-style line art, vibrant saturated colors, single creature centered in frame, tightly cropped to creature edges (no padding wider than 2px), no text or watermarks."
221,Jaguatric,Aether,,Common,quadruped,Sanctum|Town,any,any,any,96x96,5,,,,,,"Pokemon-style monster creature named ""Jaguatric"". RARITY TIER: Common (simple form, 1-2 distinguishing details). OUTPUT VIEWS: render three separate images per creature — (1) full-body front view, (2) three-quarter back view rotated ~135 degrees from front, (3) pure side-profile view. GENERATION RES: render at 512x512 for AI quality, then DOWNSCALE to FINAL 96x96 PNG. FINAL IMAGE SPECS: 96x96 PNG, transparent background, indexed palette (max 256 colors), TARGET FILE SIZE: under 5 KB per image. Use clean Pokemon-style line art, vibrant saturated colors, single creature centered in frame, tightly cropped to creature edges (no padding wider than 2px), no text or watermarks."
222,Ashnea,Dream,Mind,Common,mythic-form,Forest|Sanctum,night-only,Wednesday,any,96x96,5,,Barraceo,level,10,20,"Pokemon-style monster creature named ""Ashnea"". RARITY TIER: Common (simple form, 1-2 distinguishing details). EVOLUTION CHAIN: stage 1 of 3 (chain ""dream_chain_1""). Evolves INTO: ""Barraceo"" (trigger: level, guaranteed by lvl 20). Foreshadow features that will become more prominent in ""Barraceo"" — keep family identity consistent so the next stage feels like a natural maturation, not a different creature. Maintain visual continuity across the entire 3-stage chain — same family identity, recognizable shape across stages. OUTPUT VIEWS: render three separate images per creature — (1) full-body front view, (2) three-quarter back view rotated ~135 degrees from front, (3) pure side-profile view. GENERATION RES: render at 512x512 for AI quality, then DOWNSCALE to FINAL 96x96 PNG. FINAL IMAGE SPECS: 96x96 PNG, transparent background, indexed palette (max 256 colors), TARGET FILE SIZE: under 5 KB per image. Use clean Pokemon-style line art, vibrant saturated colors, single creature centered in frame, tightly cropped to creature edges (no padding wider than 2px), no text or watermarks."
223,Gnuke,Mind,Dream,Common,reptile,Castle|Sanctum,any,Wednesday,any,96x96,5,,,,,,"Pokemon-style monster creature named ""Gnuke"". RARITY TIER: Common (simple form, 1-2 distinguishing details). OUTPUT VIEWS: render three separate images per creature — (1) full-body front view, (2) three-quarter back view rotated ~135 degrees from front, (3) pure side-profile view. GENERATION RES: render at 512x512 for AI quality, then DOWNSCALE to FINAL 96x96 PNG. FINAL IMAGE SPECS: 96x96 PNG, transparent background, indexed palette (max 256 colors), TARGET FILE SIZE: under 5 KB per image. Use clean Pokemon-style line art, vibrant saturated colors, single creature centered in frame, tightly cropped to creature edges (no padding wider than 2px), no text or watermarks."
224,Bisoom,Sound,,Common,spirit-form,Forest|Town,any,Thursday,any,96x96,5,Beidianth,,,,,"Pokemon-style monster creature named ""Bisoom"". RARITY TIER: Common (simple form, 1-2 distinguishing details). EVOLUTION CHAIN: stage 2 of 2 (chain ""sound_chain_4""). Pre-evolution: ""Beidianth"" — this creature evolved FROM ""Beidianth"". Preserve a recognizably similar body shape and family identity to ""Beidianth"", but with extra detail layers, larger size (~10-15%), upgraded markings, more pronounced presence. Maintain visual continuity across the entire 2-stage chain — same family identity, recognizable shape across stages. OUTPUT VIEWS: render three separate images per creature — (1) full-body front view, (2) three-quarter back view rotated ~135 degrees from front, (3) pure side-profile view. GENERATION RES: render at 512x512 for AI quality, then DOWNSCALE to FINAL 96x96 PNG. FINAL IMAGE SPECS: 96x96 PNG, transparent background, indexed palette (max 256 colors), TARGET FILE SIZE: under 5 KB per image. Use clean Pokemon-style line art, vibrant saturated colors, single creature centered in frame, tightly cropped to creature edges (no padding wider than 2px), no text or watermarks."
225,Dinositar,Time,Light,Common,bipedal-humanoid,Sanctum|Cave,any,any,any,96x96,5,,Dolphig,level,10,20,"Pokemon-style monster creature named ""Dinositar"". RARITY TIER: Common (simple form, 1-2 distinguishing details). EVOLUTION CHAIN: stage 1 of 2 (chain ""time_chain_8""). Evolves INTO: ""Dolphig"" (trigger: level, guaranteed by lvl 20). Foreshadow features that will become more prominent in ""Dolphig"" — keep family identity consistent so the next stage feels like a natural maturation, not a different creature. Maintain visual continuity across the entire 2-stage chain — same family identity, recognizable shape across stages. OUTPUT VIEWS: render three separate images per creature — (1) full-body front view, (2) three-quarter back view rotated ~135 degrees from front, (3) pure side-profile view. GENERATION RES: render at 512x512 for AI quality, then DOWNSCALE to FINAL 96x96 PNG. FINAL IMAGE SPECS: 96x96 PNG, transparent background, indexed palette (max 256 colors), TARGET FILE SIZE: under 5 KB per image. Use clean Pokemon-style line art, vibrant saturated colors, single creature centered in frame, tightly cropped to creature edges (no padding wider than 2px), no text or watermarks."
226,Droputor,Crystal,,Common,bipedal-humanoid,Cave|Mountain|WaterSurface,any,Monday,any,96x96,5,,Elecupine,level,10,20,"Pokemon-style monster creature named ""Droputor"". RARITY TIER: Common (simple form, 1-2 distinguishing details). EVOLUTION CHAIN: stage 1 of 2 (chain ""crystal_chain_5""). Evolves INTO: ""Elecupine"" (trigger: level, guaranteed by lvl 20). Foreshadow features that will become more prominent in ""Elecupine"" — keep family identity consistent so the next stage feels like a natural maturation, not a different creature. Maintain visual continuity across the entire 2-stage chain — same family identity, recognizable shape across stages. OUTPUT VIEWS: render three separate images per creature — (1) full-body front view, (2) three-quarter back view rotated ~135 degrees from front, (3) pure side-profile view. GENERATION RES: render at 512x512 for AI quality, then DOWNSCALE to FINAL 96x96 PNG. FINAL IMAGE SPECS: 96x96 PNG, transparent background, indexed palette (max 256 colors), TARGET FILE SIZE: under 5 KB per image. Use clean Pokemon-style line art, vibrant saturated colors, single creature centered in frame, tightly cropped to creature edges (no padding wider than 2px), no text or watermarks."
227,Armaloon,Blood,Aether,Common,mythic-form,Castle|Sanctum|Cave,any,Saturday,any,96x96,5,Aquail,,,,,"Pokemon-style monster creature named ""Armaloon"". RARITY TIER: Common (simple form, 1-2 distinguishing details). EVOLUTION CHAIN: stage 3 of 3 (chain ""blood_chain_1""). Pre-evolution: ""Aquail"" — this creature evolved FROM ""Aquail"". Preserve a recognizably similar body shape and family identity to ""Aquail"", but with extra detail layers, larger size (~10-15%), upgraded markings, more pronounced presence. Maintain visual continuity across the entire 3-stage chain — same family identity, recognizable shape across stages. OUTPUT VIEWS: render three separate images per creature — (1) full-body front view, (2) three-quarter back view rotated ~135 degrees from front, (3) pure side-profile view. GENERATION RES: render at 512x512 for AI quality, then DOWNSCALE to FINAL 96x96 PNG. FINAL IMAGE SPECS: 96x96 PNG, transparent background, indexed palette (max 256 colors), TARGET FILE SIZE: under 5 KB per image. Use clean Pokemon-style line art, vibrant saturated colors, single creature centered in frame, tightly cropped to creature edges (no padding wider than 2px), no text or watermarks."
228,Steeloceros,Fire,Wood,Common,amorphous-elemental,Desert|Cave,any,Saturday,Heat,96x96,5,,,,,,"Pokemon-style monster creature named ""Steeloceros"". RARITY TIER: Common (simple form, 1-2 distinguishing details). OUTPUT VIEWS: render three separate images per creature — (1) full-body front view, (2) three-quarter back view rotated ~135 degrees from front, (3) pure side-profile view. GENERATION RES: render at 512x512 for AI quality, then DOWNSCALE to FINAL 96x96 PNG. FINAL IMAGE SPECS: 96x96 PNG, transparent background, indexed palette (max 256 colors), TARGET FILE SIZE: under 5 KB per image. Use clean Pokemon-style line art, vibrant saturated colors, single creature centered in frame, tightly cropped to creature edges (no padding wider than 2px), no text or watermarks."
229,Kineking,Water,,Common,bipedal-humanoid,Beach|Harbor|Marsh,any,Friday,Rain,96x96,5,,,,,,"Pokemon-style monster creature named ""Kineking"". RARITY TIER: Common (simple form, 1-2 distinguishing details). OUTPUT VIEWS: render three separate images per creature — (1) full-body front view, (2) three-quarter back view rotated ~135 degrees from front, (3) pure side-profile view. GENERATION RES: render at 512x512 for AI quality, then DOWNSCALE to FINAL 96x96 PNG. FINAL IMAGE SPECS: 96x96 PNG, transparent background, indexed palette (max 256 colors), TARGET FILE SIZE: under 5 KB per image. Use clean Pokemon-style line art, vibrant saturated colors, single creature centered in frame, tightly cropped to creature edges (no padding wider than 2px), no text or watermarks."
230,Bellabura,Ice,Wind,Common,spirit-form,Mountain|WaterSurface,any,Wednesday,Snow,96x96,5,Barracia,,,,,"Pokemon-style monster creature named ""Bellabura"". RARITY TIER: Common (simple form, 1-2 distinguishing details). EVOLUTION CHAIN: stage 2 of 2 (chain ""ice_chain_2""). Pre-evolution: ""Barracia"" — this creature evolved FROM ""Barracia"". Preserve a recognizably similar body shape and family identity to ""Barracia"", but with extra detail layers, larger size (~10-15%), upgraded markings, more pronounced presence. Maintain visual continuity across the entire 2-stage chain — same family identity, recognizable shape across stages. OUTPUT VIEWS: render three separate images per creature — (1) full-body front view, (2) three-quarter back view rotated ~135 degrees from front, (3) pure side-profile view. GENERATION RES: render at 512x512 for AI quality, then DOWNSCALE to FINAL 96x96 PNG. FINAL IMAGE SPECS: 96x96 PNG, transparent background, indexed palette (max 256 colors), TARGET FILE SIZE: under 5 KB per image. Use clean Pokemon-style line art, vibrant saturated colors, single creature centered in frame, tightly cropped to creature edges (no padding wider than 2px), no text or watermarks."
231,Megaroo,Earth,,Common,beast,Forest|Mountain|Desert,any,Sunday,any,96x96,5,,,,,,"Pokemon-style monster creature named ""Megaroo"". RARITY TIER: Common (simple form, 1-2 distinguishing details). OUTPUT VIEWS: render three separate images per creature — (1) full-body front view, (2) three-quarter back view rotated ~135 degrees from front, (3) pure side-profile view. GENERATION RES: render at 512x512 for AI quality, then DOWNSCALE to FINAL 96x96 PNG. FINAL IMAGE SPECS: 96x96 PNG, transparent background, indexed palette (max 256 colors), TARGET FILE SIZE: under 5 KB per image. Use clean Pokemon-style line art, vibrant saturated colors, single creature centered in frame, tightly cropped to creature edges (no padding wider than 2px), no text or watermarks."
232,Elecling,Wood,Sound,Common,amorphous-elemental,Forest|Plains,day-preferred,Sunday,any,96x96,5,,Elecnea,level,10,20,"Pokemon-style monster creature named ""Elecling"". RARITY TIER: Common (simple form, 1-2 distinguishing details). EVOLUTION CHAIN: stage 1 of 2 (chain ""wood_chain_8""). Evolves INTO: ""Elecnea"" (trigger: level, guaranteed by lvl 20). Foreshadow features that will become more prominent in ""Elecnea"" — keep family identity consistent so the next stage feels like a natural maturation, not a different creature. Maintain visual continuity across the entire 2-stage chain — same family identity, recognizable shape across stages. OUTPUT VIEWS: render three separate images per creature — (1) full-body front view, (2) three-quarter back view rotated ~135 degrees from front, (3) pure side-profile view. GENERATION RES: render at 512x512 for AI quality, then DOWNSCALE to FINAL 96x96 PNG. FINAL IMAGE SPECS: 96x96 PNG, transparent background, indexed palette (max 256 colors), TARGET FILE SIZE: under 5 KB per image. Use clean Pokemon-style line art, vibrant saturated colors, single creature centered in frame, tightly cropped to creature edges (no padding wider than 2px), no text or watermarks."
233,Shelroach,Metal,Crystal,Common,crab,Cave|Castle|Harbor,any,Monday,any,96x96,5,,,,,,"Pokemon-style monster creature named ""Shelroach"". RARITY TIER: Common (simple form, 1-2 distinguishing details). OUTPUT VIEWS: render three separate images per creature — (1) full-body front view, (2) three-quarter back view rotated ~135 degrees from front, (3) pure side-profile view. GENERATION RES: render at 512x512 for AI quality, then DOWNSCALE to FINAL 96x96 PNG. FINAL IMAGE SPECS: 96x96 PNG, transparent background, indexed palette (max 256 colors), TARGET FILE SIZE: under 5 KB per image. Use clean Pokemon-style line art, vibrant saturated colors, single creature centered in frame, tightly cropped to creature edges (no padding wider than 2px), no text or watermarks."
234,Alligactric,Storm,,Common,mythic-form,Beach|Mountain,any,Thursday,Rain,96x96,5,,Alligoth,level,10,20,"Pokemon-style monster creature named ""Alligactric"". RARITY TIER: Common (simple form, 1-2 distinguishing details). EVOLUTION CHAIN: stage 1 of 3 (chain ""storm_chain_1""). Evolves INTO: ""Alligoth"" (trigger: level, guaranteed by lvl 20). Foreshadow features that will become more prominent in ""Alligoth"" — keep family identity consistent so the next stage feels like a natural maturation, not a different creature. Maintain visual continuity across the entire 3-stage chain — same family identity, recognizable shape across stages. OUTPUT VIEWS: render three separate images per creature — (1) full-body front view, (2) three-quarter back view rotated ~135 degrees from front, (3) pure side-profile view. GENERATION RES: render at 512x512 for AI quality, then DOWNSCALE to FINAL 96x96 PNG. FINAL IMAGE SPECS: 96x96 PNG, transparent background, indexed palette (max 256 colors), TARGET FILE SIZE: under 5 KB per image. Use clean Pokemon-style line art, vibrant saturated colors, single creature centered in frame, tightly cropped to creature edges (no padding wider than 2px), no text or watermarks."
235,Flamepion,Wind,Earth,Common,beast,Plains|Mountain,any,Friday,Foehn,96x96,5,Fierguin,,,,,"Pokemon-style monster creature named ""Flamepion"". RARITY TIER: Common (simple form, 1-2 distinguishing details). EVOLUTION CHAIN: stage 2 of 2 (chain ""wind_chain_8""). Pre-evolution: ""Fierguin"" — this creature evolved FROM ""Fierguin"". Preserve a recognizably similar body shape and family identity to ""Fierguin"", but with extra detail layers, larger size (~10-15%), upgraded markings, more pronounced presence. Maintain visual continuity across the entire 2-stage chain — same family identity, recognizable shape across stages. OUTPUT VIEWS: render three separate images per creature — (1) full-body front view, (2) three-quarter back view rotated ~135 degrees from front, (3) pure side-profile view. GENERATION RES: render at 512x512 for AI quality, then DOWNSCALE to FINAL 96x96 PNG. FINAL IMAGE SPECS: 96x96 PNG, transparent background, indexed palette (max 256 colors), TARGET FILE SIZE: under 5 KB per image. Use clean Pokemon-style line art, vibrant saturated colors, single creature centered in frame, tightly cropped to creature edges (no padding wider than 2px), no text or watermarks."
236,Swaceon,Shadow,,Common,amorphous-elemental,Cave|Marsh|Sanctum,night-only,Wednesday,Fog,96x96,5,,,,,,"Pokemon-style monster creature named ""Swaceon"". RARITY TIER: Common (simple form, 1-2 distinguishing details). OUTPUT VIEWS: render three separate images per creature — (1) full-body front view, (2) three-quarter back view rotated ~135 degrees from front, (3) pure side-profile view. GENERATION RES: render at 512x512 for AI quality, then DOWNSCALE to FINAL 96x96 PNG. FINAL IMAGE SPECS: 96x96 PNG, transparent background, indexed palette (max 256 colors), TARGET FILE SIZE: under 5 KB per image. Use clean Pokemon-style line art, vibrant saturated colors, single creature centered in frame, tightly cropped to creature edges (no padding wider than 2px), no text or watermarks."
237,Pandaza,Light,Shadow,Common,spirit-form,Castle|Sanctum|Town,day-only,Tuesday,any,96x96,5,,,,,,"Pokemon-style monster creature named ""Pandaza"". RARITY TIER: Common (simple form, 1-2 distinguishing details). OUTPUT VIEWS: render three separate images per creature — (1) full-body front view, (2) three-quarter back view rotated ~135 degrees from front, (3) pure side-profile view. GENERATION RES: render at 512x512 for AI quality, then DOWNSCALE to FINAL 96x96 PNG. FINAL IMAGE SPECS: 96x96 PNG, transparent background, indexed palette (max 256 colors), TARGET FILE SIZE: under 5 KB per image. Use clean Pokemon-style line art, vibrant saturated colors, single creature centered in frame, tightly cropped to creature edges (no padding wider than 2px), no text or watermarks."
238,Slowzelle,Venom,Blood,Common,amorphous-elemental,Marsh|Cave|Sanctum,dawn-dusk-only,Saturday,any,96x96,5,,,,,,"Pokemon-style monster creature named ""Slowzelle"". RARITY TIER: Common (simple form, 1-2 distinguishing details). OUTPUT VIEWS: render three separate images per creature — (1) full-body front view, (2) three-quarter back view rotated ~135 degrees from front, (3) pure side-profile view. GENERATION RES: render at 512x512 for AI quality, then DOWNSCALE to FINAL 96x96 PNG. FINAL IMAGE SPECS: 96x96 PNG, transparent background, indexed palette (max 256 colors), TARGET FILE SIZE: under 5 KB per image. Use clean Pokemon-style line art, vibrant saturated colors, single creature centered in frame, tightly cropped to creature edges (no padding wider than 2px), no text or watermarks."
239,Crocosion,Cosmic,,Common,quadruped,Sanctum|Mountain,night-only,Wednesday,any,96x96,5,,Crocoth,moon_full,10,20,"Pokemon-style monster creature named ""Crocosion"". RARITY TIER: Common (simple form, 1-2 distinguishing details). EVOLUTION CHAIN: stage 1 of 2 (chain ""cosmic_chain_5""). Evolves INTO: ""Crocoth"" (trigger: moon_full, guaranteed by lvl 20). Foreshadow features that will become more prominent in ""Crocoth"" — keep family identity consistent so the next stage feels like a natural maturation, not a different creature. Maintain visual continuity across the entire 2-stage chain — same family identity, recognizable shape across stages. OUTPUT VIEWS: render three separate images per creature — (1) full-body front view, (2) three-quarter back view rotated ~135 degrees from front, (3) pure side-profile view. GENERATION RES: render at 512x512 for AI quality, then DOWNSCALE to FINAL 96x96 PNG. FINAL IMAGE SPECS: 96x96 PNG, transparent background, indexed palette (max 256 colors), TARGET FILE SIZE: under 5 KB per image. Use clean Pokemon-style line art, vibrant saturated colors, single creature centered in frame, tightly cropped to creature edges (no padding wider than 2px), no text or watermarks."
240,Leocoon,Aether,Shadow,Common,amorphous-elemental,Sanctum|Town,any,any,any,96x96,5,,,,,,"Pokemon-style monster creature named ""Leocoon"". RARITY TIER: Common (simple form, 1-2 distinguishing details). OUTPUT VIEWS: render three separate images per creature — (1) full-body front view, (2) three-quarter back view rotated ~135 degrees from front, (3) pure side-profile view. GENERATION RES: render at 512x512 for AI quality, then DOWNSCALE to FINAL 96x96 PNG. FINAL IMAGE SPECS: 96x96 PNG, transparent background, indexed palette (max 256 colors), TARGET FILE SIZE: under 5 KB per image. Use clean Pokemon-style line art, vibrant saturated colors, single creature centered in frame, tightly cropped to creature edges (no padding wider than 2px), no text or watermarks."
241,Charpie,Dream,,Common,quadruped,Forest|Sanctum,night-only,Wednesday,any,96x96,5,Carsyrth,,,,,"Pokemon-style monster creature named ""Charpie"". RARITY TIER: Common (simple form, 1-2 distinguishing details). EVOLUTION CHAIN: stage 2 of 2 (chain ""dream_chain_3""). Pre-evolution: ""Carsyrth"" — this creature evolved FROM ""Carsyrth"". Preserve a recognizably similar body shape and family identity to ""Carsyrth"", but with extra detail layers, larger size (~10-15%), upgraded markings, more pronounced presence. Maintain visual continuity across the entire 2-stage chain — same family identity, recognizable shape across stages. OUTPUT VIEWS: render three separate images per creature — (1) full-body front view, (2) three-quarter back view rotated ~135 degrees from front, (3) pure side-profile view. GENERATION RES: render at 512x512 for AI quality, then DOWNSCALE to FINAL 96x96 PNG. FINAL IMAGE SPECS: 96x96 PNG, transparent background, indexed palette (max 256 colors), TARGET FILE SIZE: under 5 KB per image. Use clean Pokemon-style line art, vibrant saturated colors, single creature centered in frame, tightly cropped to creature edges (no padding wider than 2px), no text or watermarks."
242,Chimeroach,Mind,Venom,Common,quadruped,Castle|Sanctum,any,Wednesday,any,96x96,5,,Chimpados,level,10,20,"Pokemon-style monster creature named ""Chimeroach"". RARITY TIER: Common (simple form, 1-2 distinguishing details). EVOLUTION CHAIN: stage 1 of 2 (chain ""mind_chain_4""). Evolves INTO: ""Chimpados"" (trigger: level, guaranteed by lvl 20). Foreshadow features that will become more prominent in ""Chimpados"" — keep family identity consistent so the next stage feels like a natural maturation, not a different creature. Maintain visual continuity across the entire 2-stage chain — same family identity, recognizable shape across stages. OUTPUT VIEWS: render three separate images per creature — (1) full-body front view, (2) three-quarter back view rotated ~135 degrees from front, (3) pure side-profile view. GENERATION RES: render at 512x512 for AI quality, then DOWNSCALE to FINAL 96x96 PNG. FINAL IMAGE SPECS: 96x96 PNG, transparent background, indexed palette (max 256 colors), TARGET FILE SIZE: under 5 KB per image. Use clean Pokemon-style line art, vibrant saturated colors, single creature centered in frame, tightly cropped to creature edges (no padding wider than 2px), no text or watermarks."
243,Albatruna,Sound,Mind,Common,mythic-form,Forest|Town,any,Thursday,any,96x96,5,,Alligaros,weather_storm,10,20,"Pokemon-style monster creature named ""Albatruna"". RARITY TIER: Common (simple form, 1-2 distinguishing details). EVOLUTION CHAIN: stage 1 of 3 (chain ""sound_chain_1""). Evolves INTO: ""Alligaros"" (trigger: weather_storm, guaranteed by lvl 20). Foreshadow features that will become more prominent in ""Alligaros"" — keep family identity consistent so the next stage feels like a natural maturation, not a different creature. Maintain visual continuity across the entire 3-stage chain — same family identity, recognizable shape across stages. OUTPUT VIEWS: render three separate images per creature — (1) full-body front view, (2) three-quarter back view rotated ~135 degrees from front, (3) pure side-profile view. GENERATION RES: render at 512x512 for AI quality, then DOWNSCALE to FINAL 96x96 PNG. FINAL IMAGE SPECS: 96x96 PNG, transparent background, indexed palette (max 256 colors), TARGET FILE SIZE: under 5 KB per image. Use clean Pokemon-style line art, vibrant saturated colors, single creature centered in frame, tightly cropped to creature edges (no padding wider than 2px), no text or watermarks."
244,Elecerpillar,Time,,Common,amorphous-elemental,Sanctum|Cave,any,any,any,96x96,5,,,,,,"Pokemon-style monster creature named ""Elecerpillar"". RARITY TIER: Common (simple form, 1-2 distinguishing details). OUTPUT VIEWS: render three separate images per creature — (1) full-body front view, (2) three-quarter back view rotated ~135 degrees from front, (3) pure side-profile view. GENERATION RES: render at 512x512 for AI quality, then DOWNSCALE to FINAL 96x96 PNG. FINAL IMAGE SPECS: 96x96 PNG, transparent background, indexed palette (max 256 colors), TARGET FILE SIZE: under 5 KB per image. Use clean Pokemon-style line art, vibrant saturated colors, single creature centered in frame, tightly cropped to creature edges (no padding wider than 2px), no text or watermarks."
245,Kangarookie,Crystal,Wind,Common,bipedal-humanoid,Cave|Mountain|WaterSurface,any,Monday,any,96x96,5,,,,,,"Pokemon-style monster creature named ""Kangarookie"". RARITY TIER: Common (simple form, 1-2 distinguishing details). OUTPUT VIEWS: render three separate images per creature — (1) full-body front view, (2) three-quarter back view rotated ~135 degrees from front, (3) pure side-profile view. GENERATION RES: render at 512x512 for AI quality, then DOWNSCALE to FINAL 96x96 PNG. FINAL IMAGE SPECS: 96x96 PNG, transparent background, indexed palette (max 256 colors), TARGET FILE SIZE: under 5 KB per image. Use clean Pokemon-style line art, vibrant saturated colors, single creature centered in frame, tightly cropped to creature edges (no padding wider than 2px), no text or watermarks."
246,Dinonite,Blood,,Common,bipedal-humanoid,Castle|Sanctum|Cave,any,Saturday,any,96x96,5,,Dolphire,moon_full,10,20,"Pokemon-style monster creature named ""Dinonite"". RARITY TIER: Common (simple form, 1-2 distinguishing details). EVOLUTION CHAIN: stage 1 of 2 (chain ""blood_chain_7""). Evolves INTO: ""Dolphire"" (trigger: moon_full, guaranteed by lvl 20). Foreshadow features that will become more prominent in ""Dolphire"" — keep family identity consistent so the next stage feels like a natural maturation, not a different creature. Maintain visual continuity across the entire 2-stage chain — same family identity, recognizable shape across stages. OUTPUT VIEWS: render three separate images per creature — (1) full-body front view, (2) three-quarter back view rotated ~135 degrees from front, (3) pure side-profile view. GENERATION RES: render at 512x512 for AI quality, then DOWNSCALE to FINAL 96x96 PNG. FINAL IMAGE SPECS: 96x96 PNG, transparent background, indexed palette (max 256 colors), TARGET FILE SIZE: under 5 KB per image. Use clean Pokemon-style line art, vibrant saturated colors, single creature centered in frame, tightly cropped to creature edges (no padding wider than 2px), no text or watermarks."
247,Magipecker,Fire,Metal,Common,beast,Desert|Cave,any,Saturday,Heat,96x96,5,,,,,,"Pokemon-style monster creature named ""Magipecker"". RARITY TIER: Common (simple form, 1-2 distinguishing details). OUTPUT VIEWS: render three separate images per creature — (1) full-body front view, (2) three-quarter back view rotated ~135 degrees from front, (3) pure side-profile view. GENERATION RES: render at 512x512 for AI quality, then DOWNSCALE to FINAL 96x96 PNG. FINAL IMAGE SPECS: 96x96 PNG, transparent background, indexed palette (max 256 colors), TARGET FILE SIZE: under 5 KB per image. Use clean Pokemon-style line art, vibrant saturated colors, single creature centered in frame, tightly cropped to creature edges (no padding wider than 2px), no text or watermarks."
248,Hippopyss,Water,Earth,Common,mythic-form,Beach|Harbor|Marsh,any,Friday,Rain,96x96,5,Hamstola,Hippostar,moon_full,30,45,"Pokemon-style monster creature named ""Hippopyss"". RARITY TIER: Common (simple form, 1-2 distinguishing details). EVOLUTION CHAIN: stage 2 of 3 (chain ""water_chain_6""). Pre-evolution: ""Hamstola"" — this creature evolved FROM ""Hamstola"". Preserve a recognizably similar body shape and family identity to ""Hamstola"", but with extra detail layers, larger size (~10-15%), upgraded markings, more pronounced presence. Evolves INTO: ""Hippostar"" (trigger: moon_full, guaranteed by lvl 45). Foreshadow features that will become more prominent in ""Hippostar"" — keep family identity consistent so the next stage feels like a natural maturation, not a different creature. Maintain visual continuity across the entire 3-stage chain — same family identity, recognizable shape across stages. OUTPUT VIEWS: render three separate images per creature — (1) full-body front view, (2) three-quarter back view rotated ~135 degrees from front, (3) pure side-profile view. GENERATION RES: render at 512x512 for AI quality, then DOWNSCALE to FINAL 96x96 PNG. FINAL IMAGE SPECS: 96x96 PNG, transparent background, indexed palette (max 256 colors), TARGET FILE SIZE: under 5 KB per image. Use clean Pokemon-style line art, vibrant saturated colors, single creature centered in frame, tightly cropped to creature edges (no padding wider than 2px), no text or watermarks."
249,Ironuar,Ice,,Common,spirit-form,Mountain|WaterSurface,any,Wednesday,Snow,96x96,5,,,,,,"Pokemon-style monster creature named ""Ironuar"". RARITY TIER: Common (simple form, 1-2 distinguishing details). OUTPUT VIEWS: render three separate images per creature — (1) full-body front view, (2) three-quarter back view rotated ~135 degrees from front, (3) pure side-profile view. GENERATION RES: render at 512x512 for AI quality, then DOWNSCALE to FINAL 96x96 PNG. FINAL IMAGE SPECS: 96x96 PNG, transparent background, indexed palette (max 256 colors), TARGET FILE SIZE: under 5 KB per image. Use clean Pokemon-style line art, vibrant saturated colors, single creature centered in frame, tightly cropped to creature edges (no padding wider than 2px), no text or watermarks."
250,Weasia,Earth,Crystal,Common,spirit-form,Forest|Mountain|Desert,any,Sunday,any,96x96,5,,,,,,"Pokemon-style monster creature named ""Weasia"". RARITY TIER: Common (simple form, 1-2 distinguishing details). OUTPUT VIEWS: render three separate images per creature — (1) full-body front view, (2) three-quarter back view rotated ~135 degrees from front, (3) pure side-profile view. GENERATION RES: render at 512x512 for AI quality, then DOWNSCALE to FINAL 96x96 PNG. FINAL IMAGE SPECS: 96x96 PNG, transparent background, indexed palette (max 256 colors), TARGET FILE SIZE: under 5 KB per image. Use clean Pokemon-style line art, vibrant saturated colors, single creature centered in frame, tightly cropped to creature edges (no padding wider than 2px), no text or watermarks."
251,Slowmadillo,Wood,,Common,amorphous-elemental,Forest|Plains,day-preferred,Sunday,any,96x96,5,,,,,,"Pokemon-style monster creature named ""Slowmadillo"". RARITY TIER: Common (simple form, 1-2 distinguishing details). OUTPUT VIEWS: render three separate images per creature — (1) full-body front view, (2) three-quarter back view rotated ~135 degrees from front, (3) pure side-profile view. GENERATION RES: render at 512x512 for AI quality, then DOWNSCALE to FINAL 96x96 PNG. FINAL IMAGE SPECS: 96x96 PNG, transparent background, indexed palette (max 256 colors), TARGET FILE SIZE: under 5 KB per image. Use clean Pokemon-style line art, vibrant saturated colors, single creature centered in frame, tightly cropped to creature edges (no padding wider than 2px), no text or watermarks."
252,Pengoal,Metal,Ice,Common,spirit-form,Cave|Castle|Harbor,any,Monday,any,96x96,5,,,,,,"Pokemon-style monster creature named ""Pengoal"". RARITY TIER: Common (simple form, 1-2 distinguishing details). OUTPUT VIEWS: render three separate images per creature — (1) full-body front view, (2) three-quarter back view rotated ~135 degrees from front, (3) pure side-profile view. GENERATION RES: render at 512x512 for AI quality, then DOWNSCALE to FINAL 96x96 PNG. FINAL IMAGE SPECS: 96x96 PNG, transparent background, indexed palette (max 256 colors), TARGET FILE SIZE: under 5 KB per image. Use clean Pokemon-style line art, vibrant saturated colors, single creature centered in frame, tightly cropped to creature edges (no padding wider than 2px), no text or watermarks."
253,Dinotle,Storm,Metal,Common,bipedal-humanoid,Beach|Mountain,any,Thursday,Rain,96x96,5,,,,,,"Pokemon-style monster creature named ""Dinotle"". RARITY TIER: Common (simple form, 1-2 distinguishing details). OUTPUT VIEWS: render three separate images per creature — (1) full-body front view, (2) three-quarter back view rotated ~135 degrees from front, (3) pure side-profile view. GENERATION RES: render at 512x512 for AI quality, then DOWNSCALE to FINAL 96x96 PNG. FINAL IMAGE SPECS: 96x96 PNG, transparent background, indexed palette (max 256 colors), TARGET FILE SIZE: under 5 KB per image. Use clean Pokemon-style line art, vibrant saturated colors, single creature centered in frame, tightly cropped to creature edges (no padding wider than 2px), no text or watermarks."
254,Jaguapet,Wind,,Common,simian,Plains|Mountain,any,Friday,Foehn,96x96,5,,,,,,"Pokemon-style monster creature named ""Jaguapet"". RARITY TIER: Common (simple form, 1-2 distinguishing details). OUTPUT VIEWS: render three separate images per creature — (1) full-body front view, (2) three-quarter back view rotated ~135 degrees from front, (3) pure side-profile view. GENERATION RES: render at 512x512 for AI quality, then DOWNSCALE to FINAL 96x96 PNG. FINAL IMAGE SPECS: 96x96 PNG, transparent background, indexed palette (max 256 colors), TARGET FILE SIZE: under 5 KB per image. Use clean Pokemon-style line art, vibrant saturated colors, single creature centered in frame, tightly cropped to creature edges (no padding wider than 2px), no text or watermarks."
255,Donkhi,Shadow,Mind,Common,bipedal-humanoid,Cave|Marsh|Sanctum,night-only,Wednesday,Fog,96x96,5,Crocung,,,,,"Pokemon-style monster creature named ""Donkhi"". RARITY TIER: Common (simple form, 1-2 distinguishing details). EVOLUTION CHAIN: stage 2 of 2 (chain ""shadow_chain_5""). Pre-evolution: ""Crocung"" — this creature evolved FROM ""Crocung"". Preserve a recognizably similar body shape and family identity to ""Crocung"", but with extra detail layers, larger size (~10-15%), upgraded markings, more pronounced presence. Maintain visual continuity across the entire 2-stage chain — same family identity, recognizable shape across stages. OUTPUT VIEWS: render three separate images per creature — (1) full-body front view, (2) three-quarter back view rotated ~135 degrees from front, (3) pure side-profile view. GENERATION RES: render at 512x512 for AI quality, then DOWNSCALE to FINAL 96x96 PNG. FINAL IMAGE SPECS: 96x96 PNG, transparent background, indexed palette (max 256 colors), TARGET FILE SIZE: under 5 KB per image. Use clean Pokemon-style line art, vibrant saturated colors, single creature centered in frame, tightly cropped to creature edges (no padding wider than 2px), no text or watermarks."
256,Chillutor,Light,,Common,quadruped,Castle|Sanctum|Town,day-only,Tuesday,any,96x96,5,Chickama,,,,,"Pokemon-style monster creature named ""Chillutor"". RARITY TIER: Common (simple form, 1-2 distinguishing details). EVOLUTION CHAIN: stage 2 of 2 (chain ""light_chain_7""). Pre-evolution: ""Chickama"" — this creature evolved FROM ""Chickama"". Preserve a recognizably similar body shape and family identity to ""Chickama"", but with extra detail layers, larger size (~10-15%), upgraded markings, more pronounced presence. Maintain visual continuity across the entire 2-stage chain — same family identity, recognizable shape across stages. OUTPUT VIEWS: render three separate images per creature — (1) full-body front view, (2) three-quarter back view rotated ~135 degrees from front, (3) pure side-profile view. GENERATION RES: render at 512x512 for AI quality, then DOWNSCALE to FINAL 96x96 PNG. FINAL IMAGE SPECS: 96x96 PNG, transparent background, indexed palette (max 256 colors), TARGET FILE SIZE: under 5 KB per image. Use clean Pokemon-style line art, vibrant saturated colors, single creature centered in frame, tightly cropped to creature edges (no padding wider than 2px), no text or watermarks."
257,Leopaws,Venom,Water,Common,amorphous-elemental,Marsh|Cave|Sanctum,dawn-dusk-only,Saturday,any,96x96,5,,,,,,"Pokemon-style monster creature named ""Leopaws"". RARITY TIER: Common (simple form, 1-2 distinguishing details). OUTPUT VIEWS: render three separate images per creature — (1) full-body front view, (2) three-quarter back view rotated ~135 degrees from front, (3) pure side-profile view. GENERATION RES: render at 512x512 for AI quality, then DOWNSCALE to FINAL 96x96 PNG. FINAL IMAGE SPECS: 96x96 PNG, transparent background, indexed palette (max 256 colors), TARGET FILE SIZE: under 5 KB per image. Use clean Pokemon-style line art, vibrant saturated colors, single creature centered in frame, tightly cropped to creature edges (no padding wider than 2px), no text or watermarks."
258,Jestingray,Cosmic,Mind,Common,quadruped,Sanctum|Mountain,night-only,Wednesday,any,96x96,5,,,,,,"Pokemon-style monster creature named ""Jestingray"". RARITY TIER: Common (simple form, 1-2 distinguishing details). OUTPUT VIEWS: render three separate images per creature — (1) full-body front view, (2) three-quarter back view rotated ~135 degrees from front, (3) pure side-profile view. GENERATION RES: render at 512x512 for AI quality, then DOWNSCALE to FINAL 96x96 PNG. FINAL IMAGE SPECS: 96x96 PNG, transparent background, indexed palette (max 256 colors), TARGET FILE SIZE: under 5 KB per image. Use clean Pokemon-style line art, vibrant saturated colors, single creature centered in frame, tightly cropped to creature edges (no padding wider than 2px), no text or watermarks."
259,Voltster,Aether,,Common,mythic-form,Sanctum|Town,any,any,any,96x96,5,,,,,,"Pokemon-style monster creature named ""Voltster"". RARITY TIER: Common (simple form, 1-2 distinguishing details). OUTPUT VIEWS: render three separate images per creature — (1) full-body front view, (2) three-quarter back view rotated ~135 degrees from front, (3) pure side-profile view. GENERATION RES: render at 512x512 for AI quality, then DOWNSCALE to FINAL 96x96 PNG. FINAL IMAGE SPECS: 96x96 PNG, transparent background, indexed palette (max 256 colors), TARGET FILE SIZE: under 5 KB per image. Use clean Pokemon-style line art, vibrant saturated colors, single creature centered in frame, tightly cropped to creature edges (no padding wider than 2px), no text or watermarks."
260,Goldybara,Dream,Time,Common,reptile,Forest|Sanctum,night-only,Wednesday,any,96x96,5,,,,,,"Pokemon-style monster creature named ""Goldybara"". RARITY TIER: Common (simple form, 1-2 distinguishing details). OUTPUT VIEWS: render three separate images per creature — (1) full-body front view, (2) three-quarter back view rotated ~135 degrees from front, (3) pure side-profile view. GENERATION RES: render at 512x512 for AI quality, then DOWNSCALE to FINAL 96x96 PNG. FINAL IMAGE SPECS: 96x96 PNG, transparent background, indexed palette (max 256 colors), TARGET FILE SIZE: under 5 KB per image. Use clean Pokemon-style line art, vibrant saturated colors, single creature centered in frame, tightly cropped to creature edges (no padding wider than 2px), no text or watermarks."
261,Chimpuno,Mind,,Common,simian,Castle|Sanctum,any,Wednesday,any,96x96,5,Chimpalax,,,,,"Pokemon-style monster creature named ""Chimpuno"". RARITY TIER: Common (simple form, 1-2 distinguishing details). EVOLUTION CHAIN: stage 2 of 2 (chain ""mind_chain_5""). Pre-evolution: ""Chimpalax"" — this creature evolved FROM ""Chimpalax"". Preserve a recognizably similar body shape and family identity to ""Chimpalax"", but with extra detail layers, larger size (~10-15%), upgraded markings, more pronounced presence. Maintain visual continuity across the entire 2-stage chain — same family identity, recognizable shape across stages. OUTPUT VIEWS: render three separate images per creature — (1) full-body front view, (2) three-quarter back view rotated ~135 degrees from front, (3) pure side-profile view. GENERATION RES: render at 512x512 for AI quality, then DOWNSCALE to FINAL 96x96 PNG. FINAL IMAGE SPECS: 96x96 PNG, transparent background, indexed palette (max 256 colors), TARGET FILE SIZE: under 5 KB per image. Use clean Pokemon-style line art, vibrant saturated colors, single creature centered in frame, tightly cropped to creature edges (no padding wider than 2px), no text or watermarks."
262,Beasaur,Sound,Wind,Common,spirit-form,Forest|Town,any,Thursday,any,96x96,5,Batine,,,,,"Pokemon-style monster creature named ""Beasaur"". RARITY TIER: Common (simple form, 1-2 distinguishing details). EVOLUTION CHAIN: stage 2 of 2 (chain ""sound_chain_3""). Pre-evolution: ""Batine"" — this creature evolved FROM ""Batine"". Preserve a recognizably similar body shape and family identity to ""Batine"", but with extra detail layers, larger size (~10-15%), upgraded markings, more pronounced presence. Maintain visual continuity across the entire 2-stage chain — same family identity, recognizable shape across stages. OUTPUT VIEWS: render three separate images per creature — (1) full-body front view, (2) three-quarter back view rotated ~135 degrees from front, (3) pure side-profile view. GENERATION RES: render at 512x512 for AI quality, then DOWNSCALE to FINAL 96x96 PNG. FINAL IMAGE SPECS: 96x96 PNG, transparent background, indexed palette (max 256 colors), TARGET FILE SIZE: under 5 KB per image. Use clean Pokemon-style line art, vibrant saturated colors, single creature centered in frame, tightly cropped to creature edges (no padding wider than 2px), no text or watermarks."
263,Crocodepi,Time,Aether,Common,quadruped,Sanctum|Cave,any,any,any,96x96,5,Crocodath,,,,,"Pokemon-style monster creature named ""Crocodepi"". RARITY TIER: Common (simple form, 1-2 distinguishing details). EVOLUTION CHAIN: stage 3 of 3 (chain ""time_chain_6""). Pre-evolution: ""Crocodath"" — this creature evolved FROM ""Crocodath"". Preserve a recognizably similar body shape and family identity to ""Crocodath"", but with extra detail layers, larger size (~10-15%), upgraded markings, more pronounced presence. Maintain visual continuity across the entire 3-stage chain — same family identity, recognizable shape across stages. OUTPUT VIEWS: render three separate images per creature — (1) full-body front view, (2) three-quarter back view rotated ~135 degrees from front, (3) pure side-profile view. GENERATION RES: render at 512x512 for AI quality, then DOWNSCALE to FINAL 96x96 PNG. FINAL IMAGE SPECS: 96x96 PNG, transparent background, indexed palette (max 256 colors), TARGET FILE SIZE: under 5 KB per image. Use clean Pokemon-style line art, vibrant saturated colors, single creature centered in frame, tightly cropped to creature edges (no padding wider than 2px), no text or watermarks."
264,Fiervark,Crystal,,Common,beast,Cave|Mountain|WaterSurface,any,Monday,any,96x96,5,Falcoton,,,,,"Pokemon-style monster creature named ""Fiervark"". RARITY TIER: Common (simple form, 1-2 distinguishing details). EVOLUTION CHAIN: stage 3 of 3 (chain ""crystal_chain_6""). Pre-evolution: ""Falcoton"" — this creature evolved FROM ""Falcoton"". Preserve a recognizably similar body shape and family identity to ""Falcoton"", but with extra detail layers, larger size (~10-15%), upgraded markings, more pronounced presence. Maintain visual continuity across the entire 3-stage chain — same family identity, recognizable shape across stages. OUTPUT VIEWS: render three separate images per creature — (1) full-body front view, (2) three-quarter back view rotated ~135 degrees from front, (3) pure side-profile view. GENERATION RES: render at 512x512 for AI quality, then DOWNSCALE to FINAL 96x96 PNG. FINAL IMAGE SPECS: 96x96 PNG, transparent background, indexed palette (max 256 colors), TARGET FILE SIZE: under 5 KB per image. Use clean Pokemon-style line art, vibrant saturated colors, single creature centered in frame, tightly cropped to creature edges (no padding wider than 2px), no text or watermarks."
265,Sandapi,Blood,Crystal,Common,amorphous-elemental,Castle|Sanctum|Cave,any,Saturday,any,96x96,5,,,,,,"Pokemon-style monster creature named ""Sandapi"". RARITY TIER: Common (simple form, 1-2 distinguishing details). OUTPUT VIEWS: render three separate images per creature — (1) full-body front view, (2) three-quarter back view rotated ~135 degrees from front, (3) pure side-profile view. GENERATION RES: render at 512x512 for AI quality, then DOWNSCALE to FINAL 96x96 PNG. FINAL IMAGE SPECS: 96x96 PNG, transparent background, indexed palette (max 256 colors), TARGET FILE SIZE: under 5 KB per image. Use clean Pokemon-style line art, vibrant saturated colors, single creature centered in frame, tightly cropped to creature edges (no padding wider than 2px), no text or watermarks."
266,Leopius,Fire,,Common,amorphous-elemental,Desert|Cave,any,Saturday,Heat,96x96,5,,,,,,"Pokemon-style monster creature named ""Leopius"". RARITY TIER: Common (simple form, 1-2 distinguishing details). OUTPUT VIEWS: render three separate images per creature — (1) full-body front view, (2) three-quarter back view rotated ~135 degrees from front, (3) pure side-profile view. GENERATION RES: render at 512x512 for AI quality, then DOWNSCALE to FINAL 96x96 PNG. FINAL IMAGE SPECS: 96x96 PNG, transparent background, indexed palette (max 256 colors), TARGET FILE SIZE: under 5 KB per image. Use clean Pokemon-style line art, vibrant saturated colors, single creature centered in frame, tightly cropped to creature edges (no padding wider than 2px), no text or watermarks."
267,Chimemite,Water,Fire,Common,quadruped,Beach|Harbor|Marsh,any,Friday,Rain,96x96,5,,Croloon,level,10,20,"Pokemon-style monster creature named ""Chimemite"". RARITY TIER: Common (simple form, 1-2 distinguishing details). EVOLUTION CHAIN: stage 1 of 2 (chain ""water_chain_2""). Evolves INTO: ""Croloon"" (trigger: level, guaranteed by lvl 20). Foreshadow features that will become more prominent in ""Croloon"" — keep family identity consistent so the next stage feels like a natural maturation, not a different creature. Maintain visual continuity across the entire 2-stage chain — same family identity, recognizable shape across stages. OUTPUT VIEWS: render three separate images per creature — (1) full-body front view, (2) three-quarter back view rotated ~135 degrees from front, (3) pure side-profile view. GENERATION RES: render at 512x512 for AI quality, then DOWNSCALE to FINAL 96x96 PNG. FINAL IMAGE SPECS: 96x96 PNG, transparent background, indexed palette (max 256 colors), TARGET FILE SIZE: under 5 KB per image. Use clean Pokemon-style line art, vibrant saturated colors, single creature centered in frame, tightly cropped to creature edges (no padding wider than 2px), no text or watermarks."
268,Koalasso,Ice,Earth,Common,bipedal-humanoid,Mountain|WaterSurface,any,Wednesday,Snow,96x96,5,,,,,,"Pokemon-style monster creature named ""Koalasso"". RARITY TIER: Common (simple form, 1-2 distinguishing details). OUTPUT VIEWS: render three separate images per creature — (1) full-body front view, (2) three-quarter back view rotated ~135 degrees from front, (3) pure side-profile view. GENERATION RES: render at 512x512 for AI quality, then DOWNSCALE to FINAL 96x96 PNG. FINAL IMAGE SPECS: 96x96 PNG, transparent background, indexed palette (max 256 colors), TARGET FILE SIZE: under 5 KB per image. Use clean Pokemon-style line art, vibrant saturated colors, single creature centered in frame, tightly cropped to creature edges (no padding wider than 2px), no text or watermarks."
269,Aquataros,Earth,,Common,fish,Forest|Mountain|Desert,any,Sunday,any,96x96,5,,Arred,level,10,20,"Pokemon-style monster creature named ""Aquataros"". RARITY TIER: Common (simple form, 1-2 distinguishing details). EVOLUTION CHAIN: stage 1 of 2 (chain ""earth_chain_2""). Evolves INTO: ""Arred"" (trigger: level, guaranteed by lvl 20). Foreshadow features that will become more prominent in ""Arred"" — keep family identity consistent so the next stage feels like a natural maturation, not a different creature. Maintain visual continuity across the entire 2-stage chain — same family identity, recognizable shape across stages. OUTPUT VIEWS: render three separate images per creature — (1) full-body front view, (2) three-quarter back view rotated ~135 degrees from front, (3) pure side-profile view. GENERATION RES: render at 512x512 for AI quality, then DOWNSCALE to FINAL 96x96 PNG. FINAL IMAGE SPECS: 96x96 PNG, transparent background, indexed palette (max 256 colors), TARGET FILE SIZE: under 5 KB per image. Use clean Pokemon-style line art, vibrant saturated colors, single creature centered in frame, tightly cropped to creature edges (no padding wider than 2px), no text or watermarks."
270,Kinerilla,Wood,Water,Common,bipedal-humanoid,Forest|Plains,day-preferred,Sunday,any,96x96,5,,,,,,"Pokemon-style monster creature named ""Kinerilla"". RARITY TIER: Common (simple form, 1-2 distinguishing details). OUTPUT VIEWS: render three separate images per creature — (1) full-body front view, (2) three-quarter back view rotated ~135 degrees from front, (3) pure side-profile view. GENERATION RES: render at 512x512 for AI quality, then DOWNSCALE to FINAL 96x96 PNG. FINAL IMAGE SPECS: 96x96 PNG, transparent background, indexed palette (max 256 colors), TARGET FILE SIZE: under 5 KB per image. Use clean Pokemon-style line art, vibrant saturated colors, single creature centered in frame, tightly cropped to creature edges (no padding wider than 2px), no text or watermarks."
271,Oddecta,Metal,,Common,mythic-form,Cave|Castle|Harbor,any,Monday,any,96x96,5,,,,,,"Pokemon-style monster creature named ""Oddecta"". RARITY TIER: Common (simple form, 1-2 distinguishing details). OUTPUT VIEWS: render three separate images per creature — (1) full-body front view, (2) three-quarter back view rotated ~135 degrees from front, (3) pure side-profile view. GENERATION RES: render at 512x512 for AI quality, then DOWNSCALE to FINAL 96x96 PNG. FINAL IMAGE SPECS: 96x96 PNG, transparent background, indexed palette (max 256 colors), TARGET FILE SIZE: under 5 KB per image. Use clean Pokemon-style line art, vibrant saturated colors, single creature centered in frame, tightly cropped to creature edges (no padding wider than 2px), no text or watermarks."
272,Coyomite,Storm,Wind,Common,canine,Beach|Mountain,any,Thursday,Rain,96x96,5,Chimekey,,,,,"Pokemon-style monster creature named ""Coyomite"". RARITY TIER: Common (simple form, 1-2 distinguishing details). EVOLUTION CHAIN: stage 2 of 2 (chain ""storm_chain_7""). Pre-evolution: ""Chimekey"" — this creature evolved FROM ""Chimekey"". Preserve a recognizably similar body shape and family identity to ""Chimekey"", but with extra detail layers, larger size (~10-15%), upgraded markings, more pronounced presence. Maintain visual continuity across the entire 2-stage chain — same family identity, recognizable shape across stages. OUTPUT VIEWS: render three separate images per creature — (1) full-body front view, (2) three-quarter back view rotated ~135 degrees from front, (3) pure side-profile view. GENERATION RES: render at 512x512 for AI quality, then DOWNSCALE to FINAL 96x96 PNG. FINAL IMAGE SPECS: 96x96 PNG, transparent background, indexed palette (max 256 colors), TARGET FILE SIZE: under 5 KB per image. Use clean Pokemon-style line art, vibrant saturated colors, single creature centered in frame, tightly cropped to creature edges (no padding wider than 2px), no text or watermarks."
273,Meltena,Wind,Wood,Common,beast,Plains|Mountain,any,Friday,Foehn,96x96,5,,,,,,"Pokemon-style monster creature named ""Meltena"". RARITY TIER: Common (simple form, 1-2 distinguishing details). OUTPUT VIEWS: render three separate images per creature — (1) full-body front view, (2) three-quarter back view rotated ~135 degrees from front, (3) pure side-profile view. GENERATION RES: render at 512x512 for AI quality, then DOWNSCALE to FINAL 96x96 PNG. FINAL IMAGE SPECS: 96x96 PNG, transparent background, indexed palette (max 256 colors), TARGET FILE SIZE: under 5 KB per image. Use clean Pokemon-style line art, vibrant saturated colors, single creature centered in frame, tightly cropped to creature edges (no padding wider than 2px), no text or watermarks."
274,Elelite,Shadow,,Common,amorphous-elemental,Cave|Marsh|Sanctum,night-only,Wednesday,Fog,96x96,5,Elecacle,,,,,"Pokemon-style monster creature named ""Elelite"". RARITY TIER: Common (simple form, 1-2 distinguishing details). EVOLUTION CHAIN: stage 3 of 3 (chain ""shadow_chain_6""). Pre-evolution: ""Elecacle"" — this creature evolved FROM ""Elecacle"". Preserve a recognizably similar body shape and family identity to ""Elecacle"", but with extra detail layers, larger size (~10-15%), upgraded markings, more pronounced presence. Maintain visual continuity across the entire 3-stage chain — same family identity, recognizable shape across stages. OUTPUT VIEWS: render three separate images per creature — (1) full-body front view, (2) three-quarter back view rotated ~135 degrees from front, (3) pure side-profile view. GENERATION RES: render at 512x512 for AI quality, then DOWNSCALE to FINAL 96x96 PNG. FINAL IMAGE SPECS: 96x96 PNG, transparent background, indexed palette (max 256 colors), TARGET FILE SIZE: under 5 KB per image. Use clean Pokemon-style line art, vibrant saturated colors, single creature centered in frame, tightly cropped to creature edges (no padding wider than 2px), no text or watermarks."
275,Charora,Light,Venom,Common,quadruped,Castle|Sanctum|Town,day-only,Tuesday,any,96x96,5,Blastbat,Chekyntom,level,30,45,"Pokemon-style monster creature named ""Charora"". RARITY TIER: Common (simple form, 1-2 distinguishing details). EVOLUTION CHAIN: stage 2 of 3 (chain ""light_chain_6""). Pre-evolution: ""Blastbat"" — this creature evolved FROM ""Blastbat"". Preserve a recognizably similar body shape and family identity to ""Blastbat"", but with extra detail layers, larger size (~10-15%), upgraded markings, more pronounced presence. Evolves INTO: ""Chekyntom"" (trigger: level, guaranteed by lvl 45). Foreshadow features that will become more prominent in ""Chekyntom"" — keep family identity consistent so the next stage feels like a natural maturation, not a different creature. Maintain visual continuity across the entire 3-stage chain — same family identity, recognizable shape across stages. OUTPUT VIEWS: render three separate images per creature — (1) full-body front view, (2) three-quarter back view rotated ~135 degrees from front, (3) pure side-profile view. GENERATION RES: render at 512x512 for AI quality, then DOWNSCALE to FINAL 96x96 PNG. FINAL IMAGE SPECS: 96x96 PNG, transparent background, indexed palette (max 256 colors), TARGET FILE SIZE: under 5 KB per image. Use clean Pokemon-style line art, vibrant saturated colors, single creature centered in frame, tightly cropped to creature edges (no padding wider than 2px), no text or watermarks."
276,Pengithe,Venom,,Common,spirit-form,Marsh|Cave|Sanctum,dawn-dusk-only,Saturday,any,96x96,5,,,,,,"Pokemon-style monster creature named ""Pengithe"". RARITY TIER: Common (simple form, 1-2 distinguishing details). OUTPUT VIEWS: render three separate images per creature — (1) full-body front view, (2) three-quarter back view rotated ~135 degrees from front, (3) pure side-profile view. GENERATION RES: render at 512x512 for AI quality, then DOWNSCALE to FINAL 96x96 PNG. FINAL IMAGE SPECS: 96x96 PNG, transparent background, indexed palette (max 256 colors), TARGET FILE SIZE: under 5 KB per image. Use clean Pokemon-style line art, vibrant saturated colors, single creature centered in frame, tightly cropped to creature edges (no padding wider than 2px), no text or watermarks."
277,Chillzelle,Cosmic,Time,Common,quadruped,Sanctum|Mountain,night-only,Wednesday,any,96x96,5,Cheiddra,,,,,"Pokemon-style monster creature named ""Chillzelle"". RARITY TIER: Common (simple form, 1-2 distinguishing details). EVOLUTION CHAIN: stage 2 of 2 (chain ""cosmic_chain_3""). Pre-evolution: ""Cheiddra"" — this creature evolved FROM ""Cheiddra"". Preserve a recognizably similar body shape and family identity to ""Cheiddra"", but with extra detail layers, larger size (~10-15%), upgraded markings, more pronounced presence. Maintain visual continuity across the entire 2-stage chain — same family identity, recognizable shape across stages. OUTPUT VIEWS: render three separate images per creature — (1) full-body front view, (2) three-quarter back view rotated ~135 degrees from front, (3) pure side-profile view. GENERATION RES: render at 512x512 for AI quality, then DOWNSCALE to FINAL 96x96 PNG. FINAL IMAGE SPECS: 96x96 PNG, transparent background, indexed palette (max 256 colors), TARGET FILE SIZE: under 5 KB per image. Use clean Pokemon-style line art, vibrant saturated colors, single creature centered in frame, tightly cropped to creature edges (no padding wider than 2px), no text or watermarks."
278,Allidily,Aether,Venom,Common,mythic-form,Sanctum|Town,any,any,any,96x96,5,,Ashmingo,level,10,20,"Pokemon-style monster creature named ""Allidily"". RARITY TIER: Common (simple form, 1-2 distinguishing details). EVOLUTION CHAIN: stage 1 of 3 (chain ""aether_chain_1""). Evolves INTO: ""Ashmingo"" (trigger: level, guaranteed by lvl 20). Foreshadow features that will become more prominent in ""Ashmingo"" — keep family identity consistent so the next stage feels like a natural maturation, not a different creature. Maintain visual continuity across the entire 3-stage chain — same family identity, recognizable shape across stages. OUTPUT VIEWS: render three separate images per creature — (1) full-body front view, (2) three-quarter back view rotated ~135 degrees from front, (3) pure side-profile view. GENERATION RES: render at 512x512 for AI quality, then DOWNSCALE to FINAL 96x96 PNG. FINAL IMAGE SPECS: 96x96 PNG, transparent background, indexed palette (max 256 colors), TARGET FILE SIZE: under 5 KB per image. Use clean Pokemon-style line art, vibrant saturated colors, single creature centered in frame, tightly cropped to creature edges (no padding wider than 2px), no text or watermarks."
279,Flyte,Dream,,Common,beast,Forest|Sanctum,night-only,Wednesday,any,96x96,5,,,,,,"Pokemon-style monster creature named ""Flyte"". RARITY TIER: Common (simple form, 1-2 distinguishing details). OUTPUT VIEWS: render three separate images per creature — (1) full-body front view, (2) three-quarter back view rotated ~135 degrees from front, (3) pure side-profile view. GENERATION RES: render at 512x512 for AI quality, then DOWNSCALE to FINAL 96x96 PNG. FINAL IMAGE SPECS: 96x96 PNG, transparent background, indexed palette (max 256 colors), TARGET FILE SIZE: under 5 KB per image. Use clean Pokemon-style line art, vibrant saturated colors, single creature centered in frame, tightly cropped to creature edges (no padding wider than 2px), no text or watermarks."
280,Hamstith,Mind,Dream,Common,mythic-form,Castle|Sanctum,any,Wednesday,any,96x96,5,,,,,,"Pokemon-style monster creature named ""Hamstith"". RARITY TIER: Common (simple form, 1-2 distinguishing details). OUTPUT VIEWS: render three separate images per creature — (1) full-body front view, (2) three-quarter back view rotated ~135 degrees from front, (3) pure side-profile view. GENERATION RES: render at 512x512 for AI quality, then DOWNSCALE to FINAL 96x96 PNG. FINAL IMAGE SPECS: 96x96 PNG, transparent background, indexed palette (max 256 colors), TARGET FILE SIZE: under 5 KB per image. Use clean Pokemon-style line art, vibrant saturated colors, single creature centered in frame, tightly cropped to creature edges (no padding wider than 2px), no text or watermarks."
281,Scorpision,Sound,,Common,insect,Forest|Town,any,Thursday,any,96x96,5,,,,,,"Pokemon-style monster creature named ""Scorpision"". RARITY TIER: Common (simple form, 1-2 distinguishing details). OUTPUT VIEWS: render three separate images per creature — (1) full-body front view, (2) three-quarter back view rotated ~135 degrees from front, (3) pure side-profile view. GENERATION RES: render at 512x512 for AI quality, then DOWNSCALE to FINAL 96x96 PNG. FINAL IMAGE SPECS: 96x96 PNG, transparent background, indexed palette (max 256 colors), TARGET FILE SIZE: under 5 KB per image. Use clean Pokemon-style line art, vibrant saturated colors, single creature centered in frame, tightly cropped to creature edges (no padding wider than 2px), no text or watermarks."
282,Quiboon,Time,Light,Common,quadruped,Sanctum|Cave,any,any,any,96x96,5,,,,,,"Pokemon-style monster creature named ""Quiboon"". RARITY TIER: Common (simple form, 1-2 distinguishing details). OUTPUT VIEWS: render three separate images per creature — (1) full-body front view, (2) three-quarter back view rotated ~135 degrees from front, (3) pure side-profile view. GENERATION RES: render at 512x512 for AI quality, then DOWNSCALE to FINAL 96x96 PNG. FINAL IMAGE SPECS: 96x96 PNG, transparent background, indexed palette (max 256 colors), TARGET FILE SIZE: under 5 KB per image. Use clean Pokemon-style line art, vibrant saturated colors, single creature centered in frame, tightly cropped to creature edges (no padding wider than 2px), no text or watermarks."
283,Zebrawl,Crystal,Storm,Common,amorphous-elemental,Cave|Mountain|WaterSurface,any,Monday,any,96x96,5,,,,,,"Pokemon-style monster creature named ""Zebrawl"". RARITY TIER: Common (simple form, 1-2 distinguishing details). OUTPUT VIEWS: render three separate images per creature — (1) full-body front view, (2) three-quarter back view rotated ~135 degrees from front, (3) pure side-profile view. GENERATION RES: render at 512x512 for AI quality, then DOWNSCALE to FINAL 96x96 PNG. FINAL IMAGE SPECS: 96x96 PNG, transparent background, indexed palette (max 256 colors), TARGET FILE SIZE: under 5 KB per image. Use clean Pokemon-style line art, vibrant saturated colors, single creature centered in frame, tightly cropped to creature edges (no padding wider than 2px), no text or watermarks."
284,Vultama,Blood,,Common,mythic-form,Castle|Sanctum|Cave,any,Saturday,any,96x96,5,,,,,,"Pokemon-style monster creature named ""Vultama"". RARITY TIER: Common (simple form, 1-2 distinguishing details). OUTPUT VIEWS: render three separate images per creature — (1) full-body front view, (2) three-quarter back view rotated ~135 degrees from front, (3) pure side-profile view. GENERATION RES: render at 512x512 for AI quality, then DOWNSCALE to FINAL 96x96 PNG. FINAL IMAGE SPECS: 96x96 PNG, transparent background, indexed palette (max 256 colors), TARGET FILE SIZE: under 5 KB per image. Use clean Pokemon-style line art, vibrant saturated colors, single creature centered in frame, tightly cropped to creature edges (no padding wider than 2px), no text or watermarks."
285,Manabite,Fire,Wood,Common,beast,Desert|Cave,any,Saturday,Heat,96x96,5,,,,,,"Pokemon-style monster creature named ""Manabite"". RARITY TIER: Common (simple form, 1-2 distinguishing details). OUTPUT VIEWS: render three separate images per creature — (1) full-body front view, (2) three-quarter back view rotated ~135 degrees from front, (3) pure side-profile view. GENERATION RES: render at 512x512 for AI quality, then DOWNSCALE to FINAL 96x96 PNG. FINAL IMAGE SPECS: 96x96 PNG, transparent background, indexed palette (max 256 colors), TARGET FILE SIZE: under 5 KB per image. Use clean Pokemon-style line art, vibrant saturated colors, single creature centered in frame, tightly cropped to creature edges (no padding wider than 2px), no text or watermarks."
286,Whirlora,Water,,Common,spirit-form,Beach|Harbor|Marsh,any,Friday,Rain,96x96,5,,,,,,"Pokemon-style monster creature named ""Whirlora"". RARITY TIER: Common (simple form, 1-2 distinguishing details). OUTPUT VIEWS: render three separate images per creature — (1) full-body front view, (2) three-quarter back view rotated ~135 degrees from front, (3) pure side-profile view. GENERATION RES: render at 512x512 for AI quality, then DOWNSCALE to FINAL 96x96 PNG. FINAL IMAGE SPECS: 96x96 PNG, transparent background, indexed palette (max 256 colors), TARGET FILE SIZE: under 5 KB per image. Use clean Pokemon-style line art, vibrant saturated colors, single creature centered in frame, tightly cropped to creature edges (no padding wider than 2px), no text or watermarks."
287,Spinonite,Ice,Wind,Common,amorphous-elemental,Mountain|WaterSurface,any,Wednesday,Snow,96x96,5,,,,,,"Pokemon-style monster creature named ""Spinonite"". RARITY TIER: Common (simple form, 1-2 distinguishing details). OUTPUT VIEWS: render three separate images per creature — (1) full-body front view, (2) three-quarter back view rotated ~135 degrees from front, (3) pure side-profile view. GENERATION RES: render at 512x512 for AI quality, then DOWNSCALE to FINAL 96x96 PNG. FINAL IMAGE SPECS: 96x96 PNG, transparent background, indexed palette (max 256 colors), TARGET FILE SIZE: under 5 KB per image. Use clean Pokemon-style line art, vibrant saturated colors, single creature centered in frame, tightly cropped to creature edges (no padding wider than 2px), no text or watermarks."
288,Aquatalo,Earth,Fire,Common,fish,Forest|Mountain|Desert,any,Sunday,any,96x96,5,Alligatar,Aquatamel,level,30,45,"Pokemon-style monster creature named ""Aquatalo"". RARITY TIER: Common (simple form, 1-2 distinguishing details). EVOLUTION CHAIN: stage 2 of 3 (chain ""earth_chain_1""). Pre-evolution: ""Alligatar"" — this creature evolved FROM ""Alligatar"". Preserve a recognizably similar body shape and family identity to ""Alligatar"", but with extra detail layers, larger size (~10-15%), upgraded markings, more pronounced presence. Evolves INTO: ""Aquatamel"" (trigger: level, guaranteed by lvl 45). Foreshadow features that will become more prominent in ""Aquatamel"" — keep family identity consistent so the next stage feels like a natural maturation, not a different creature. Maintain visual continuity across the entire 3-stage chain — same family identity, recognizable shape across stages. OUTPUT VIEWS: render three separate images per creature — (1) full-body front view, (2) three-quarter back view rotated ~135 degrees from front, (3) pure side-profile view. GENERATION RES: render at 512x512 for AI quality, then DOWNSCALE to FINAL 96x96 PNG. FINAL IMAGE SPECS: 96x96 PNG, transparent background, indexed palette (max 256 colors), TARGET FILE SIZE: under 5 KB per image. Use clean Pokemon-style line art, vibrant saturated colors, single creature centered in frame, tightly cropped to creature edges (no padding wider than 2px), no text or watermarks."
289,Jellyfists,Wood,,Common,jelly,Forest|Plains,day-preferred,Sunday,any,96x96,5,,,,,,"Pokemon-style monster creature named ""Jellyfists"". RARITY TIER: Common (simple form, 1-2 distinguishing details). OUTPUT VIEWS: render three separate images per creature — (1) full-body front view, (2) three-quarter back view rotated ~135 degrees from front, (3) pure side-profile view. GENERATION RES: render at 512x512 for AI quality, then DOWNSCALE to FINAL 96x96 PNG. FINAL IMAGE SPECS: 96x96 PNG, transparent background, indexed palette (max 256 colors), TARGET FILE SIZE: under 5 KB per image. Use clean Pokemon-style line art, vibrant saturated colors, single creature centered in frame, tightly cropped to creature edges (no padding wider than 2px), no text or watermarks."
290,Ramuin,Metal,Crystal,Common,bipedal-humanoid,Cave|Castle|Harbor,any,Monday,any,96x96,5,,,,,,"Pokemon-style monster creature named ""Ramuin"". RARITY TIER: Common (simple form, 1-2 distinguishing details). OUTPUT VIEWS: render three separate images per creature — (1) full-body front view, (2) three-quarter back view rotated ~135 degrees from front, (3) pure side-profile view. GENERATION RES: render at 512x512 for AI quality, then DOWNSCALE to FINAL 96x96 PNG. FINAL IMAGE SPECS: 96x96 PNG, transparent background, indexed palette (max 256 colors), TARGET FILE SIZE: under 5 KB per image. Use clean Pokemon-style line art, vibrant saturated colors, single creature centered in frame, tightly cropped to creature edges (no padding wider than 2px), no text or watermarks."
291,Quickroach,Storm,,Common,quadruped,Beach|Mountain,any,Thursday,Rain,96x96,5,,,,,,"Pokemon-style monster creature named ""Quickroach"". RARITY TIER: Common (simple form, 1-2 distinguishing details). OUTPUT VIEWS: render three separate images per creature — (1) full-body front view, (2) three-quarter back view rotated ~135 degrees from front, (3) pure side-profile view. GENERATION RES: render at 512x512 for AI quality, then DOWNSCALE to FINAL 96x96 PNG. FINAL IMAGE SPECS: 96x96 PNG, transparent background, indexed palette (max 256 colors), TARGET FILE SIZE: under 5 KB per image. Use clean Pokemon-style line art, vibrant saturated colors, single creature centered in frame, tightly cropped to creature edges (no padding wider than 2px), no text or watermarks."
292,Hamstun,Wind,Earth,Common,mythic-form,Plains|Mountain,any,Friday,Foehn,96x96,5,,,,,,"Pokemon-style monster creature named ""Hamstun"". RARITY TIER: Common (simple form, 1-2 distinguishing details). OUTPUT VIEWS: render three separate images per creature — (1) full-body front view, (2) three-quarter back view rotated ~135 degrees from front, (3) pure side-profile view. GENERATION RES: render at 512x512 for AI quality, then DOWNSCALE to FINAL 96x96 PNG. FINAL IMAGE SPECS: 96x96 PNG, transparent background, indexed palette (max 256 colors), TARGET FILE SIZE: under 5 KB per image. Use clean Pokemon-style line art, vibrant saturated colors, single creature centered in frame, tightly cropped to creature edges (no padding wider than 2px), no text or watermarks."
293,Ostrath,Shadow,Light,Common,rodent,Cave|Marsh|Sanctum,night-only,Wednesday,Fog,96x96,5,,,,,,"Pokemon-style monster creature named ""Ostrath"". RARITY TIER: Common (simple form, 1-2 distinguishing details). OUTPUT VIEWS: render three separate images per creature — (1) full-body front view, (2) three-quarter back view rotated ~135 degrees from front, (3) pure side-profile view. GENERATION RES: render at 512x512 for AI quality, then DOWNSCALE to FINAL 96x96 PNG. FINAL IMAGE SPECS: 96x96 PNG, transparent background, indexed palette (max 256 colors), TARGET FILE SIZE: under 5 KB per image. Use clean Pokemon-style line art, vibrant saturated colors, single creature centered in frame, tightly cropped to creature edges (no padding wider than 2px), no text or watermarks."
294,Ramorb,Light,,Common,bipedal-humanoid,Castle|Sanctum|Town,day-only,Tuesday,any,96x96,5,,,,,,"Pokemon-style monster creature named ""Ramorb"". RARITY TIER: Common (simple form, 1-2 distinguishing details). OUTPUT VIEWS: render three separate images per creature — (1) full-body front view, (2) three-quarter back view rotated ~135 degrees from front, (3) pure side-profile view. GENERATION RES: render at 512x512 for AI quality, then DOWNSCALE to FINAL 96x96 PNG. FINAL IMAGE SPECS: 96x96 PNG, transparent background, indexed palette (max 256 colors), TARGET FILE SIZE: under 5 KB per image. Use clean Pokemon-style line art, vibrant saturated colors, single creature centered in frame, tightly cropped to creature edges (no padding wider than 2px), no text or watermarks."
295,Chimpanzyss,Venom,Blood,Common,simian,Marsh|Cave|Sanctum,dawn-dusk-only,Saturday,any,96x96,5,Chilloyote,,,,,"Pokemon-style monster creature named ""Chimpanzyss"". RARITY TIER: Common (simple form, 1-2 distinguishing details). EVOLUTION CHAIN: stage 2 of 2 (chain ""venom_chain_5""). Pre-evolution: ""Chilloyote"" — this creature evolved FROM ""Chilloyote"". Preserve a recognizably similar body shape and family identity to ""Chilloyote"", but with extra detail layers, larger size (~10-15%), upgraded markings, more pronounced presence. Maintain visual continuity across the entire 2-stage chain — same family identity, recognizable shape across stages. OUTPUT VIEWS: render three separate images per creature — (1) full-body front view, (2) three-quarter back view rotated ~135 degrees from front, (3) pure side-profile view. GENERATION RES: render at 512x512 for AI quality, then DOWNSCALE to FINAL 96x96 PNG. FINAL IMAGE SPECS: 96x96 PNG, transparent background, indexed palette (max 256 colors), TARGET FILE SIZE: under 5 KB per image. Use clean Pokemon-style line art, vibrant saturated colors, single creature centered in frame, tightly cropped to creature edges (no padding wider than 2px), no text or watermarks."
296,Quilaroo,Cosmic,,Common,quadruped,Sanctum|Mountain,night-only,Wednesday,any,96x96,5,,,,,,"Pokemon-style monster creature named ""Quilaroo"". RARITY TIER: Common (simple form, 1-2 distinguishing details). OUTPUT VIEWS: render three separate images per creature — (1) full-body front view, (2) three-quarter back view rotated ~135 degrees from front, (3) pure side-profile view. GENERATION RES: render at 512x512 for AI quality, then DOWNSCALE to FINAL 96x96 PNG. FINAL IMAGE SPECS: 96x96 PNG, transparent background, indexed palette (max 256 colors), TARGET FILE SIZE: under 5 KB per image. Use clean Pokemon-style line art, vibrant saturated colors, single creature centered in frame, tightly cropped to creature edges (no padding wider than 2px), no text or watermarks."
297,Glacitile,Aether,Shadow,Common,reptile,Sanctum|Town,any,any,any,96x96,5,Girder,,,,,"Pokemon-style monster creature named ""Glacitile"". RARITY TIER: Common (simple form, 1-2 distinguishing details). EVOLUTION CHAIN: stage 3 of 3 (chain ""aether_chain_6""). Pre-evolution: ""Girder"" — this creature evolved FROM ""Girder"". Preserve a recognizably similar body shape and family identity to ""Girder"", but with extra detail layers, larger size (~10-15%), upgraded markings, more pronounced presence. Maintain visual continuity across the entire 3-stage chain — same family identity, recognizable shape across stages. OUTPUT VIEWS: render three separate images per creature — (1) full-body front view, (2) three-quarter back view rotated ~135 degrees from front, (3) pure side-profile view. GENERATION RES: render at 512x512 for AI quality, then DOWNSCALE to FINAL 96x96 PNG. FINAL IMAGE SPECS: 96x96 PNG, transparent background, indexed palette (max 256 colors), TARGET FILE SIZE: under 5 KB per image. Use clean Pokemon-style line art, vibrant saturated colors, single creature centered in frame, tightly cropped to creature edges (no padding wider than 2px), no text or watermarks."
298,Camouse,Dream,Blood,Common,rodent,Forest|Sanctum,night-only,Wednesday,any,96x96,5,Bonanzee,,,,,"Pokemon-style monster creature named ""Camouse"". RARITY TIER: Common (simple form, 1-2 distinguishing details). EVOLUTION CHAIN: stage 2 of 2 (chain ""dream_chain_2""). Pre-evolution: ""Bonanzee"" — this creature evolved FROM ""Bonanzee"". Preserve a recognizably similar body shape and family identity to ""Bonanzee"", but with extra detail layers, larger size (~10-15%), upgraded markings, more pronounced presence. Maintain visual continuity across the entire 2-stage chain — same family identity, recognizable shape across stages. OUTPUT VIEWS: render three separate images per creature — (1) full-body front view, (2) three-quarter back view rotated ~135 degrees from front, (3) pure side-profile view. GENERATION RES: render at 512x512 for AI quality, then DOWNSCALE to FINAL 96x96 PNG. FINAL IMAGE SPECS: 96x96 PNG, transparent background, indexed palette (max 256 colors), TARGET FILE SIZE: under 5 KB per image. Use clean Pokemon-style line art, vibrant saturated colors, single creature centered in frame, tightly cropped to creature edges (no padding wider than 2px), no text or watermarks."
299,Chimeling,Mind,,Common,quadruped,Castle|Sanctum,any,Wednesday,any,96x96,5,Caterpoom,,,,,"Pokemon-style monster creature named ""Chimeling"". RARITY TIER: Common (simple form, 1-2 distinguishing details). EVOLUTION CHAIN: stage 2 of 2 (chain ""mind_chain_3""). Pre-evolution: ""Caterpoom"" — this creature evolved FROM ""Caterpoom"". Preserve a recognizably similar body shape and family identity to ""Caterpoom"", but with extra detail layers, larger size (~10-15%), upgraded markings, more pronounced presence. Maintain visual continuity across the entire 2-stage chain — same family identity, recognizable shape across stages. OUTPUT VIEWS: render three separate images per creature — (1) full-body front view, (2) three-quarter back view rotated ~135 degrees from front, (3) pure side-profile view. GENERATION RES: render at 512x512 for AI quality, then DOWNSCALE to FINAL 96x96 PNG. FINAL IMAGE SPECS: 96x96 PNG, transparent background, indexed palette (max 256 colors), TARGET FILE SIZE: under 5 KB per image. Use clean Pokemon-style line art, vibrant saturated colors, single creature centered in frame, tightly cropped to creature edges (no padding wider than 2px), no text or watermarks."
300,Starpion,Sound,Mind,Common,amorphous-elemental,Forest|Town,any,Thursday,any,96x96,5,,,,,,"Pokemon-style monster creature named ""Starpion"". RARITY TIER: Common (simple form, 1-2 distinguishing details). OUTPUT VIEWS: render three separate images per creature — (1) full-body front view, (2) three-quarter back view rotated ~135 degrees from front, (3) pure side-profile view. GENERATION RES: render at 512x512 for AI quality, then DOWNSCALE to FINAL 96x96 PNG. FINAL IMAGE SPECS: 96x96 PNG, transparent background, indexed palette (max 256 colors), TARGET FILE SIZE: under 5 KB per image. Use clean Pokemon-style line art, vibrant saturated colors, single creature centered in frame, tightly cropped to creature edges (no padding wider than 2px), no text or watermarks."
301,Demongoose,Time,,Common,slime,Sanctum|Cave,any,any,any,96x96,5,Crocozel,,,,,"Pokemon-style monster creature named ""Demongoose"". RARITY TIER: Common (simple form, 1-2 distinguishing details). EVOLUTION CHAIN: stage 2 of 2 (chain ""time_chain_7""). Pre-evolution: ""Crocozel"" — this creature evolved FROM ""Crocozel"". Preserve a recognizably similar body shape and family identity to ""Crocozel"", but with extra detail layers, larger size (~10-15%), upgraded markings, more pronounced presence. Maintain visual continuity across the entire 2-stage chain — same family identity, recognizable shape across stages. OUTPUT VIEWS: render three separate images per creature — (1) full-body front view, (2) three-quarter back view rotated ~135 degrees from front, (3) pure side-profile view. GENERATION RES: render at 512x512 for AI quality, then DOWNSCALE to FINAL 96x96 PNG. FINAL IMAGE SPECS: 96x96 PNG, transparent background, indexed palette (max 256 colors), TARGET FILE SIZE: under 5 KB per image. Use clean Pokemon-style line art, vibrant saturated colors, single creature centered in frame, tightly cropped to creature edges (no padding wider than 2px), no text or watermarks."
302,Stunoose,Crystal,Wind,Common,amorphous-elemental,Cave|Mountain|WaterSurface,any,Monday,any,96x96,5,,,,,,"Pokemon-style monster creature named ""Stunoose"". RARITY TIER: Common (simple form, 1-2 distinguishing details). OUTPUT VIEWS: render three separate images per creature — (1) full-body front view, (2) three-quarter back view rotated ~135 degrees from front, (3) pure side-profile view. GENERATION RES: render at 512x512 for AI quality, then DOWNSCALE to FINAL 96x96 PNG. FINAL IMAGE SPECS: 96x96 PNG, transparent background, indexed palette (max 256 colors), TARGET FILE SIZE: under 5 KB per image. Use clean Pokemon-style line art, vibrant saturated colors, single creature centered in frame, tightly cropped to creature edges (no padding wider than 2px), no text or watermarks."
303,Warron,Blood,Time,Common,spirit-form,Castle|Sanctum|Cave,any,Saturday,any,96x96,5,,,,,,"Pokemon-style monster creature named ""Warron"". RARITY TIER: Common (simple form, 1-2 distinguishing details). OUTPUT VIEWS: render three separate images per creature — (1) full-body front view, (2) three-quarter back view rotated ~135 degrees from front, (3) pure side-profile view. GENERATION RES: render at 512x512 for AI quality, then DOWNSCALE to FINAL 96x96 PNG. FINAL IMAGE SPECS: 96x96 PNG, transparent background, indexed palette (max 256 colors), TARGET FILE SIZE: under 5 KB per image. Use clean Pokemon-style line art, vibrant saturated colors, single creature centered in frame, tightly cropped to creature edges (no padding wider than 2px), no text or watermarks."
304,Crocette,Fire,,Common,quadruped,Desert|Cave,any,Saturday,Heat,96x96,5,,Crocodette,level,10,20,"Pokemon-style monster creature named ""Crocette"". RARITY TIER: Common (simple form, 1-2 distinguishing details). EVOLUTION CHAIN: stage 1 of 2 (chain ""fire_chain_5""). Evolves INTO: ""Crocodette"" (trigger: level, guaranteed by lvl 20). Foreshadow features that will become more prominent in ""Crocodette"" — keep family identity consistent so the next stage feels like a natural maturation, not a different creature. Maintain visual continuity across the entire 2-stage chain — same family identity, recognizable shape across stages. OUTPUT VIEWS: render three separate images per creature — (1) full-body front view, (2) three-quarter back view rotated ~135 degrees from front, (3) pure side-profile view. GENERATION RES: render at 512x512 for AI quality, then DOWNSCALE to FINAL 96x96 PNG. FINAL IMAGE SPECS: 96x96 PNG, transparent background, indexed palette (max 256 colors), TARGET FILE SIZE: under 5 KB per image. Use clean Pokemon-style line art, vibrant saturated colors, single creature centered in frame, tightly cropped to creature edges (no padding wider than 2px), no text or watermarks."
305,Vultath,Water,Earth,Common,mythic-form,Beach|Harbor|Marsh,any,Friday,Rain,96x96,5,,,,,,"Pokemon-style monster creature named ""Vultath"". RARITY TIER: Common (simple form, 1-2 distinguishing details). OUTPUT VIEWS: render three separate images per creature — (1) full-body front view, (2) three-quarter back view rotated ~135 degrees from front, (3) pure side-profile view. GENERATION RES: render at 512x512 for AI quality, then DOWNSCALE to FINAL 96x96 PNG. FINAL IMAGE SPECS: 96x96 PNG, transparent background, indexed palette (max 256 colors), TARGET FILE SIZE: under 5 KB per image. Use clean Pokemon-style line art, vibrant saturated colors, single creature centered in frame, tightly cropped to creature edges (no padding wider than 2px), no text or watermarks."
306,Growypus,Ice,,Common,reptile,Mountain|WaterSurface,any,Wednesday,Snow,96x96,5,,,,,,"Pokemon-style monster creature named ""Growypus"". RARITY TIER: Common (simple form, 1-2 distinguishing details). OUTPUT VIEWS: render three separate images per creature — (1) full-body front view, (2) three-quarter back view rotated ~135 degrees from front, (3) pure side-profile view. GENERATION RES: render at 512x512 for AI quality, then DOWNSCALE to FINAL 96x96 PNG. FINAL IMAGE SPECS: 96x96 PNG, transparent background, indexed palette (max 256 colors), TARGET FILE SIZE: under 5 KB per image. Use clean Pokemon-style line art, vibrant saturated colors, single creature centered in frame, tightly cropped to creature edges (no padding wider than 2px), no text or watermarks."
307,Leopung,Earth,Crystal,Common,cat,Forest|Mountain|Desert,any,Sunday,any,96x96,5,,,,,,"Pokemon-style monster creature named ""Leopung"". RARITY TIER: Common (simple form, 1-2 distinguishing details). OUTPUT VIEWS: render three separate images per creature — (1) full-body front view, (2) three-quarter back view rotated ~135 degrees from front, (3) pure side-profile view. GENERATION RES: render at 512x512 for AI quality, then DOWNSCALE to FINAL 96x96 PNG. FINAL IMAGE SPECS: 96x96 PNG, transparent background, indexed palette (max 256 colors), TARGET FILE SIZE: under 5 KB per image. Use clean Pokemon-style line art, vibrant saturated colors, single creature centered in frame, tightly cropped to creature edges (no padding wider than 2px), no text or watermarks."
308,Cobrix,Wood,Earth,Common,quadruped,Forest|Plains,day-preferred,Sunday,any,96x96,5,,Coyonite,level,10,20,"Pokemon-style monster creature named ""Cobrix"". RARITY TIER: Common (simple form, 1-2 distinguishing details). EVOLUTION CHAIN: stage 1 of 3 (chain ""wood_chain_6""). Evolves INTO: ""Coyonite"" (trigger: level, guaranteed by lvl 20). Foreshadow features that will become more prominent in ""Coyonite"" — keep family identity consistent so the next stage feels like a natural maturation, not a different creature. Maintain visual continuity across the entire 3-stage chain — same family identity, recognizable shape across stages. OUTPUT VIEWS: render three separate images per creature — (1) full-body front view, (2) three-quarter back view rotated ~135 degrees from front, (3) pure side-profile view. GENERATION RES: render at 512x512 for AI quality, then DOWNSCALE to FINAL 96x96 PNG. FINAL IMAGE SPECS: 96x96 PNG, transparent background, indexed palette (max 256 colors), TARGET FILE SIZE: under 5 KB per image. Use clean Pokemon-style line art, vibrant saturated colors, single creature centered in frame, tightly cropped to creature edges (no padding wider than 2px), no text or watermarks."
309,Bipet,Metal,,Common,spirit-form,Cave|Castle|Harbor,any,Monday,any,96x96,5,,Brawnkey,weather_storm,10,20,"Pokemon-style monster creature named ""Bipet"". RARITY TIER: Common (simple form, 1-2 distinguishing details). EVOLUTION CHAIN: stage 1 of 2 (chain ""metal_chain_2""). Evolves INTO: ""Brawnkey"" (trigger: weather_storm, guaranteed by lvl 20). Foreshadow features that will become more prominent in ""Brawnkey"" — keep family identity consistent so the next stage feels like a natural maturation, not a different creature. Maintain visual continuity across the entire 2-stage chain — same family identity, recognizable shape across stages. OUTPUT VIEWS: render three separate images per creature — (1) full-body front view, (2) three-quarter back view rotated ~135 degrees from front, (3) pure side-profile view. GENERATION RES: render at 512x512 for AI quality, then DOWNSCALE to FINAL 96x96 PNG. FINAL IMAGE SPECS: 96x96 PNG, transparent background, indexed palette (max 256 colors), TARGET FILE SIZE: under 5 KB per image. Use clean Pokemon-style line art, vibrant saturated colors, single creature centered in frame, tightly cropped to creature edges (no padding wider than 2px), no text or watermarks."
310,Crocuna,Storm,Metal,Common,quadruped,Beach|Mountain,any,Thursday,Rain,96x96,5,,Demander,level,10,20,"Pokemon-style monster creature named ""Crocuna"". RARITY TIER: Common (simple form, 1-2 distinguishing details). EVOLUTION CHAIN: stage 1 of 2 (chain ""storm_chain_8""). Evolves INTO: ""Demander"" (trigger: level, guaranteed by lvl 20). Foreshadow features that will become more prominent in ""Demander"" — keep family identity consistent so the next stage feels like a natural maturation, not a different creature. Maintain visual continuity across the entire 2-stage chain — same family identity, recognizable shape across stages. OUTPUT VIEWS: render three separate images per creature — (1) full-body front view, (2) three-quarter back view rotated ~135 degrees from front, (3) pure side-profile view. GENERATION RES: render at 512x512 for AI quality, then DOWNSCALE to FINAL 96x96 PNG. FINAL IMAGE SPECS: 96x96 PNG, transparent background, indexed palette (max 256 colors), TARGET FILE SIZE: under 5 KB per image. Use clean Pokemon-style line art, vibrant saturated colors, single creature centered in frame, tightly cropped to creature edges (no padding wider than 2px), no text or watermarks."
311,Swanyte,Wind,,Common,amorphous-elemental,Plains|Mountain,any,Friday,Foehn,96x96,5,,,,,,"Pokemon-style monster creature named ""Swanyte"". RARITY TIER: Common (simple form, 1-2 distinguishing details). OUTPUT VIEWS: render three separate images per creature — (1) full-body front view, (2) three-quarter back view rotated ~135 degrees from front, (3) pure side-profile view. GENERATION RES: render at 512x512 for AI quality, then DOWNSCALE to FINAL 96x96 PNG. FINAL IMAGE SPECS: 96x96 PNG, transparent background, indexed palette (max 256 colors), TARGET FILE SIZE: under 5 KB per image. Use clean Pokemon-style line art, vibrant saturated colors, single creature centered in frame, tightly cropped to creature edges (no padding wider than 2px), no text or watermarks."
312,Glacander,Shadow,Mind,Common,reptile,Cave|Marsh|Sanctum,night-only,Wednesday,Fog,96x96,5,Giralite,,,,,"Pokemon-style monster creature named ""Glacander"". RARITY TIER: Common (simple form, 1-2 distinguishing details). EVOLUTION CHAIN: stage 2 of 2 (chain ""shadow_chain_8""). Pre-evolution: ""Giralite"" — this creature evolved FROM ""Giralite"". Preserve a recognizably similar body shape and family identity to ""Giralite"", but with extra detail layers, larger size (~10-15%), upgraded markings, more pronounced presence. Maintain visual continuity across the entire 2-stage chain — same family identity, recognizable shape across stages. OUTPUT VIEWS: render three separate images per creature — (1) full-body front view, (2) three-quarter back view rotated ~135 degrees from front, (3) pure side-profile view. GENERATION RES: render at 512x512 for AI quality, then DOWNSCALE to FINAL 96x96 PNG. FINAL IMAGE SPECS: 96x96 PNG, transparent background, indexed palette (max 256 colors), TARGET FILE SIZE: under 5 KB per image. Use clean Pokemon-style line art, vibrant saturated colors, single creature centered in frame, tightly cropped to creature edges (no padding wider than 2px), no text or watermarks."
313,Earthapi,Light,Crystal,Common,amorphous-elemental,Castle|Sanctum|Town,day-only,Tuesday,any,96x96,5,,,,,,"Pokemon-style monster creature named ""Earthapi"". RARITY TIER: Common (simple form, 1-2 distinguishing details). OUTPUT VIEWS: render three separate images per creature — (1) full-body front view, (2) three-quarter back view rotated ~135 degrees from front, (3) pure side-profile view. GENERATION RES: render at 512x512 for AI quality, then DOWNSCALE to FINAL 96x96 PNG. FINAL IMAGE SPECS: 96x96 PNG, transparent background, indexed palette (max 256 colors), TARGET FILE SIZE: under 5 KB per image. Use clean Pokemon-style line art, vibrant saturated colors, single creature centered in frame, tightly cropped to creature edges (no padding wider than 2px), no text or watermarks."
314,Bonemingo,Venom,,Common,spirit-form,Marsh|Cave|Sanctum,dawn-dusk-only,Saturday,any,96x96,5,Blastdine,,,,,"Pokemon-style monster creature named ""Bonemingo"". RARITY TIER: Common (simple form, 1-2 distinguishing details). EVOLUTION CHAIN: stage 2 of 2 (chain ""venom_chain_3""). Pre-evolution: ""Blastdine"" — this creature evolved FROM ""Blastdine"". Preserve a recognizably similar body shape and family identity to ""Blastdine"", but with extra detail layers, larger size (~10-15%), upgraded markings, more pronounced presence. Maintain visual continuity across the entire 2-stage chain — same family identity, recognizable shape across stages. OUTPUT VIEWS: render three separate images per creature — (1) full-body front view, (2) three-quarter back view rotated ~135 degrees from front, (3) pure side-profile view. GENERATION RES: render at 512x512 for AI quality, then DOWNSCALE to FINAL 96x96 PNG. FINAL IMAGE SPECS: 96x96 PNG, transparent background, indexed palette (max 256 colors), TARGET FILE SIZE: under 5 KB per image. Use clean Pokemon-style line art, vibrant saturated colors, single creature centered in frame, tightly cropped to creature edges (no padding wider than 2px), no text or watermarks."
315,Shalow,Cosmic,Mind,Common,amorphous-elemental,Sanctum|Mountain,night-only,Wednesday,any,96x96,5,,,,,,"Pokemon-style monster creature named ""Shalow"". RARITY TIER: Common (simple form, 1-2 distinguishing details). OUTPUT VIEWS: render three separate images per creature — (1) full-body front view, (2) three-quarter back view rotated ~135 degrees from front, (3) pure side-profile view. GENERATION RES: render at 512x512 for AI quality, then DOWNSCALE to FINAL 96x96 PNG. FINAL IMAGE SPECS: 96x96 PNG, transparent background, indexed palette (max 256 colors), TARGET FILE SIZE: under 5 KB per image. Use clean Pokemon-style line art, vibrant saturated colors, single creature centered in frame, tightly cropped to creature edges (no padding wider than 2px), no text or watermarks."
316,Boneguin,Aether,,Common,spirit-form,Sanctum|Town,any,any,any,96x96,5,,Chillilla,level,10,20,"Pokemon-style monster creature named ""Boneguin"". RARITY TIER: Common (simple form, 1-2 distinguishing details). EVOLUTION CHAIN: stage 1 of 2 (chain ""aether_chain_2""). Evolves INTO: ""Chillilla"" (trigger: level, guaranteed by lvl 20). Foreshadow features that will become more prominent in ""Chillilla"" — keep family identity consistent so the next stage feels like a natural maturation, not a different creature. Maintain visual continuity across the entire 2-stage chain — same family identity, recognizable shape across stages. OUTPUT VIEWS: render three separate images per creature — (1) full-body front view, (2) three-quarter back view rotated ~135 degrees from front, (3) pure side-profile view. GENERATION RES: render at 512x512 for AI quality, then DOWNSCALE to FINAL 96x96 PNG. FINAL IMAGE SPECS: 96x96 PNG, transparent background, indexed palette (max 256 colors), TARGET FILE SIZE: under 5 KB per image. Use clean Pokemon-style line art, vibrant saturated colors, single creature centered in frame, tightly cropped to creature edges (no padding wider than 2px), no text or watermarks."
317,Gronea,Dream,Time,Common,reptile,Forest|Sanctum,night-only,Wednesday,any,96x96,5,,,,,,"Pokemon-style monster creature named ""Gronea"". RARITY TIER: Common (simple form, 1-2 distinguishing details). OUTPUT VIEWS: render three separate images per creature — (1) full-body front view, (2) three-quarter back view rotated ~135 degrees from front, (3) pure side-profile view. GENERATION RES: render at 512x512 for AI quality, then DOWNSCALE to FINAL 96x96 PNG. FINAL IMAGE SPECS: 96x96 PNG, transparent background, indexed palette (max 256 colors), TARGET FILE SIZE: under 5 KB per image. Use clean Pokemon-style line art, vibrant saturated colors, single creature centered in frame, tightly cropped to creature edges (no padding wider than 2px), no text or watermarks."
318,Manasion,Mind,Sound,Common,beast,Castle|Sanctum,any,Wednesday,any,96x96,5,,,,,,"Pokemon-style monster creature named ""Manasion"". RARITY TIER: Common (simple form, 1-2 distinguishing details). OUTPUT VIEWS: render three separate images per creature — (1) full-body front view, (2) three-quarter back view rotated ~135 degrees from front, (3) pure side-profile view. GENERATION RES: render at 512x512 for AI quality, then DOWNSCALE to FINAL 96x96 PNG. FINAL IMAGE SPECS: 96x96 PNG, transparent background, indexed palette (max 256 colors), TARGET FILE SIZE: under 5 KB per image. Use clean Pokemon-style line art, vibrant saturated colors, single creature centered in frame, tightly cropped to creature edges (no padding wider than 2px), no text or watermarks."
319,Flapix,Sound,,Common,beast,Forest|Town,any,Thursday,any,96x96,5,,,,,,"Pokemon-style monster creature named ""Flapix"". RARITY TIER: Common (simple form, 1-2 distinguishing details). OUTPUT VIEWS: render three separate images per creature — (1) full-body front view, (2) three-quarter back view rotated ~135 degrees from front, (3) pure side-profile view. GENERATION RES: render at 512x512 for AI quality, then DOWNSCALE to FINAL 96x96 PNG. FINAL IMAGE SPECS: 96x96 PNG, transparent background, indexed palette (max 256 colors), TARGET FILE SIZE: under 5 KB per image. Use clean Pokemon-style line art, vibrant saturated colors, single creature centered in frame, tightly cropped to creature edges (no padding wider than 2px), no text or watermarks."
320,Cobruno,Time,Aether,Common,quadruped,Sanctum|Cave,any,any,any,96x96,5,Chimpaceon,,,,,"Pokemon-style monster creature named ""Cobruno"". RARITY TIER: Common (simple form, 1-2 distinguishing details). EVOLUTION CHAIN: stage 2 of 2 (chain ""time_chain_5""). Pre-evolution: ""Chimpaceon"" — this creature evolved FROM ""Chimpaceon"". Preserve a recognizably similar body shape and family identity to ""Chimpaceon"", but with extra detail layers, larger size (~10-15%), upgraded markings, more pronounced presence. Maintain visual continuity across the entire 2-stage chain — same family identity, recognizable shape across stages. OUTPUT VIEWS: render three separate images per creature — (1) full-body front view, (2) three-quarter back view rotated ~135 degrees from front, (3) pure side-profile view. GENERATION RES: render at 512x512 for AI quality, then DOWNSCALE to FINAL 96x96 PNG. FINAL IMAGE SPECS: 96x96 PNG, transparent background, indexed palette (max 256 colors), TARGET FILE SIZE: under 5 KB per image. Use clean Pokemon-style line art, vibrant saturated colors, single creature centered in frame, tightly cropped to creature edges (no padding wider than 2px), no text or watermarks."
321,Scorpix,Crystal,,Common,insect,Cave|Mountain|WaterSurface,any,Monday,any,96x96,5,,,,,,"Pokemon-style monster creature named ""Scorpix"". RARITY TIER: Common (simple form, 1-2 distinguishing details). OUTPUT VIEWS: render three separate images per creature — (1) full-body front view, (2) three-quarter back view rotated ~135 degrees from front, (3) pure side-profile view. GENERATION RES: render at 512x512 for AI quality, then DOWNSCALE to FINAL 96x96 PNG. FINAL IMAGE SPECS: 96x96 PNG, transparent background, indexed palette (max 256 colors), TARGET FILE SIZE: under 5 KB per image. Use clean Pokemon-style line art, vibrant saturated colors, single creature centered in frame, tightly cropped to creature edges (no padding wider than 2px), no text or watermarks."
322,Burnowary,Blood,Crystal,Common,spirit-form,Castle|Sanctum|Cave,any,Saturday,any,96x96,5,Burnibou,,,,,"Pokemon-style monster creature named ""Burnowary"". RARITY TIER: Common (simple form, 1-2 distinguishing details). EVOLUTION CHAIN: stage 2 of 2 (chain ""blood_chain_4""). Pre-evolution: ""Burnibou"" — this creature evolved FROM ""Burnibou"". Preserve a recognizably similar body shape and family identity to ""Burnibou"", but with extra detail layers, larger size (~10-15%), upgraded markings, more pronounced presence. Maintain visual continuity across the entire 2-stage chain — same family identity, recognizable shape across stages. OUTPUT VIEWS: render three separate images per creature — (1) full-body front view, (2) three-quarter back view rotated ~135 degrees from front, (3) pure side-profile view. GENERATION RES: render at 512x512 for AI quality, then DOWNSCALE to FINAL 96x96 PNG. FINAL IMAGE SPECS: 96x96 PNG, transparent background, indexed palette (max 256 colors), TARGET FILE SIZE: under 5 KB per image. Use clean Pokemon-style line art, vibrant saturated colors, single creature centered in frame, tightly cropped to creature edges (no padding wider than 2px), no text or watermarks."
323,Eartherpillar,Fire,Ice,Common,amorphous-elemental,Desert|Cave,any,Saturday,Heat,96x96,5,,Electriboon,level,10,20,"Pokemon-style monster creature named ""Eartherpillar"". RARITY TIER: Common (simple form, 1-2 distinguishing details). EVOLUTION CHAIN: stage 1 of 3 (chain ""fire_chain_6""). Evolves INTO: ""Electriboon"" (trigger: level, guaranteed by lvl 20). Foreshadow features that will become more prominent in ""Electriboon"" — keep family identity consistent so the next stage feels like a natural maturation, not a different creature. Maintain visual continuity across the entire 3-stage chain — same family identity, recognizable shape across stages. OUTPUT VIEWS: render three separate images per creature — (1) full-body front view, (2) three-quarter back view rotated ~135 degrees from front, (3) pure side-profile view. GENERATION RES: render at 512x512 for AI quality, then DOWNSCALE to FINAL 96x96 PNG. FINAL IMAGE SPECS: 96x96 PNG, transparent background, indexed palette (max 256 colors), TARGET FILE SIZE: under 5 KB per image. Use clean Pokemon-style line art, vibrant saturated colors, single creature centered in frame, tightly cropped to creature edges (no padding wider than 2px), no text or watermarks."
324,Horropion,Water,,Common,mythic-form,Beach|Harbor|Marsh,any,Friday,Rain,96x96,5,,Hyecross,weather_storm,10,20,"Pokemon-style monster creature named ""Horropion"". RARITY TIER: Common (simple form, 1-2 distinguishing details). EVOLUTION CHAIN: stage 1 of 2 (chain ""water_chain_7""). Evolves INTO: ""Hyecross"" (trigger: weather_storm, guaranteed by lvl 20). Foreshadow features that will become more prominent in ""Hyecross"" — keep family identity consistent so the next stage feels like a natural maturation, not a different creature. Maintain visual continuity across the entire 2-stage chain — same family identity, recognizable shape across stages. OUTPUT VIEWS: render three separate images per creature — (1) full-body front view, (2) three-quarter back view rotated ~135 degrees from front, (3) pure side-profile view. GENERATION RES: render at 512x512 for AI quality, then DOWNSCALE to FINAL 96x96 PNG. FINAL IMAGE SPECS: 96x96 PNG, transparent background, indexed palette (max 256 colors), TARGET FILE SIZE: under 5 KB per image. Use clean Pokemon-style line art, vibrant saturated colors, single creature centered in frame, tightly cropped to creature edges (no padding wider than 2px), no text or watermarks."
325,Flubil,Ice,Earth,Common,beast,Mountain|WaterSurface,any,Wednesday,Snow,96x96,5,,,,,,"Pokemon-style monster creature named ""Flubil"". RARITY TIER: Common (simple form, 1-2 distinguishing details). OUTPUT VIEWS: render three separate images per creature — (1) full-body front view, (2) three-quarter back view rotated ~135 degrees from front, (3) pure side-profile view. GENERATION RES: render at 512x512 for AI quality, then DOWNSCALE to FINAL 96x96 PNG. FINAL IMAGE SPECS: 96x96 PNG, transparent background, indexed palette (max 256 colors), TARGET FILE SIZE: under 5 KB per image. Use clean Pokemon-style line art, vibrant saturated colors, single creature centered in frame, tightly cropped to creature edges (no padding wider than 2px), no text or watermarks."
326,Hyenena,Earth,,Common,mythic-form,Forest|Mountain|Desert,any,Sunday,any,96x96,5,,,,,,"Pokemon-style monster creature named ""Hyenena"". RARITY TIER: Common (simple form, 1-2 distinguishing details). OUTPUT VIEWS: render three separate images per creature — (1) full-body front view, (2) three-quarter back view rotated ~135 degrees from front, (3) pure side-profile view. GENERATION RES: render at 512x512 for AI quality, then DOWNSCALE to FINAL 96x96 PNG. FINAL IMAGE SPECS: 96x96 PNG, transparent background, indexed palette (max 256 colors), TARGET FILE SIZE: under 5 KB per image. Use clean Pokemon-style line art, vibrant saturated colors, single creature centered in frame, tightly cropped to creature edges (no padding wider than 2px), no text or watermarks."
327,Electriraffe,Wood,Water,Common,amorphous-elemental,Forest|Plains,day-preferred,Sunday,any,96x96,5,,,,,,"Pokemon-style monster creature named ""Electriraffe"". RARITY TIER: Common (simple form, 1-2 distinguishing details). OUTPUT VIEWS: render three separate images per creature — (1) full-body front view, (2) three-quarter back view rotated ~135 degrees from front, (3) pure side-profile view. GENERATION RES: render at 512x512 for AI quality, then DOWNSCALE to FINAL 96x96 PNG. FINAL IMAGE SPECS: 96x96 PNG, transparent background, indexed palette (max 256 colors), TARGET FILE SIZE: under 5 KB per image. Use clean Pokemon-style line art, vibrant saturated colors, single creature centered in frame, tightly cropped to creature edges (no padding wider than 2px), no text or watermarks."
328,Kangaraza,Metal,Wind,Common,bipedal-humanoid,Cave|Castle|Harbor,any,Monday,any,96x96,5,,,,,,"Pokemon-style monster creature named ""Kangaraza"". RARITY TIER: Common (simple form, 1-2 distinguishing details). OUTPUT VIEWS: render three separate images per creature — (1) full-body front view, (2) three-quarter back view rotated ~135 degrees from front, (3) pure side-profile view. GENERATION RES: render at 512x512 for AI quality, then DOWNSCALE to FINAL 96x96 PNG. FINAL IMAGE SPECS: 96x96 PNG, transparent background, indexed palette (max 256 colors), TARGET FILE SIZE: under 5 KB per image. Use clean Pokemon-style line art, vibrant saturated colors, single creature centered in frame, tightly cropped to creature edges (no padding wider than 2px), no text or watermarks."
329,Bellamel,Storm,,Common,spirit-form,Beach|Mountain,any,Thursday,Rain,96x96,5,,Belloon,moon_full,10,20,"Pokemon-style monster creature named ""Bellamel"". RARITY TIER: Common (simple form, 1-2 distinguishing details). EVOLUTION CHAIN: stage 1 of 2 (chain ""storm_chain_4""). Evolves INTO: ""Belloon"" (trigger: moon_full, guaranteed by lvl 20). Foreshadow features that will become more prominent in ""Belloon"" — keep family identity consistent so the next stage feels like a natural maturation, not a different creature. Maintain visual continuity across the entire 2-stage chain — same family identity, recognizable shape across stages. OUTPUT VIEWS: render three separate images per creature — (1) full-body front view, (2) three-quarter back view rotated ~135 degrees from front, (3) pure side-profile view. GENERATION RES: render at 512x512 for AI quality, then DOWNSCALE to FINAL 96x96 PNG. FINAL IMAGE SPECS: 96x96 PNG, transparent background, indexed palette (max 256 colors), TARGET FILE SIZE: under 5 KB per image. Use clean Pokemon-style line art, vibrant saturated colors, single creature centered in frame, tightly cropped to creature edges (no padding wider than 2px), no text or watermarks."
330,Molteton,Wind,Wood,Common,beast,Plains|Mountain,any,Friday,Foehn,96x96,5,,,,,,"Pokemon-style monster creature named ""Molteton"". RARITY TIER: Common (simple form, 1-2 distinguishing details). OUTPUT VIEWS: render three separate images per creature — (1) full-body front view, (2) three-quarter back view rotated ~135 degrees from front, (3) pure side-profile view. GENERATION RES: render at 512x512 for AI quality, then DOWNSCALE to FINAL 96x96 PNG. FINAL IMAGE SPECS: 96x96 PNG, transparent background, indexed palette (max 256 colors), TARGET FILE SIZE: under 5 KB per image. Use clean Pokemon-style line art, vibrant saturated colors, single creature centered in frame, tightly cropped to creature edges (no padding wider than 2px), no text or watermarks."
331,Alligotto,Shadow,,Common,mythic-form,Cave|Marsh|Sanctum,night-only,Wednesday,Fog,96x96,5,,Ashking,level,10,20,"Pokemon-style monster creature named ""Alligotto"". RARITY TIER: Common (simple form, 1-2 distinguishing details). EVOLUTION CHAIN: stage 1 of 3 (chain ""shadow_chain_1""). Evolves INTO: ""Ashking"" (trigger: level, guaranteed by lvl 20). Foreshadow features that will become more prominent in ""Ashking"" — keep family identity consistent so the next stage feels like a natural maturation, not a different creature. Maintain visual continuity across the entire 3-stage chain — same family identity, recognizable shape across stages. OUTPUT VIEWS: render three separate images per creature — (1) full-body front view, (2) three-quarter back view rotated ~135 degrees from front, (3) pure side-profile view. GENERATION RES: render at 512x512 for AI quality, then DOWNSCALE to FINAL 96x96 PNG. FINAL IMAGE SPECS: 96x96 PNG, transparent background, indexed palette (max 256 colors), TARGET FILE SIZE: under 5 KB per image. Use clean Pokemon-style line art, vibrant saturated colors, single creature centered in frame, tightly cropped to creature edges (no padding wider than 2px), no text or watermarks."
332,Glasadger,Light,Venom,Common,reptile,Castle|Sanctum|Town,day-only,Tuesday,any,96x96,5,,,,,,"Pokemon-style monster creature named ""Glasadger"". RARITY TIER: Common (simple form, 1-2 distinguishing details). OUTPUT VIEWS: render three separate images per creature — (1) full-body front view, (2) three-quarter back view rotated ~135 degrees from front, (3) pure side-profile view. GENERATION RES: render at 512x512 for AI quality, then DOWNSCALE to FINAL 96x96 PNG. FINAL IMAGE SPECS: 96x96 PNG, transparent background, indexed palette (max 256 colors), TARGET FILE SIZE: under 5 KB per image. Use clean Pokemon-style line art, vibrant saturated colors, single creature centered in frame, tightly cropped to creature edges (no padding wider than 2px), no text or watermarks."
333,Huntatross,Venom,Wood,Common,mythic-form,Marsh|Cave|Sanctum,dawn-dusk-only,Saturday,any,96x96,5,,,,,,"Pokemon-style monster creature named ""Huntatross"". RARITY TIER: Common (simple form, 1-2 distinguishing details). OUTPUT VIEWS: render three separate images per creature — (1) full-body front view, (2) three-quarter back view rotated ~135 degrees from front, (3) pure side-profile view. GENERATION RES: render at 512x512 for AI quality, then DOWNSCALE to FINAL 96x96 PNG. FINAL IMAGE SPECS: 96x96 PNG, transparent background, indexed palette (max 256 colors), TARGET FILE SIZE: under 5 KB per image. Use clean Pokemon-style line art, vibrant saturated colors, single creature centered in frame, tightly cropped to creature edges (no padding wider than 2px), no text or watermarks."
334,Glados,Cosmic,,Common,reptile,Sanctum|Mountain,night-only,Wednesday,any,96x96,5,,,,,,"Pokemon-style monster creature named ""Glados"". RARITY TIER: Common (simple form, 1-2 distinguishing details). OUTPUT VIEWS: render three separate images per creature — (1) full-body front view, (2) three-quarter back view rotated ~135 degrees from front, (3) pure side-profile view. GENERATION RES: render at 512x512 for AI quality, then DOWNSCALE to FINAL 96x96 PNG. FINAL IMAGE SPECS: 96x96 PNG, transparent background, indexed palette (max 256 colors), TARGET FILE SIZE: under 5 KB per image. Use clean Pokemon-style line art, vibrant saturated colors, single creature centered in frame, tightly cropped to creature edges (no padding wider than 2px), no text or watermarks."
335,Termime,Aether,Venom,Common,beast,Sanctum|Town,any,any,any,96x96,5,,,,,,"Pokemon-style monster creature named ""Termime"". RARITY TIER: Common (simple form, 1-2 distinguishing details). OUTPUT VIEWS: render three separate images per creature — (1) full-body front view, (2) three-quarter back view rotated ~135 degrees from front, (3) pure side-profile view. GENERATION RES: render at 512x512 for AI quality, then DOWNSCALE to FINAL 96x96 PNG. FINAL IMAGE SPECS: 96x96 PNG, transparent background, indexed palette (max 256 colors), TARGET FILE SIZE: under 5 KB per image. Use clean Pokemon-style line art, vibrant saturated colors, single creature centered in frame, tightly cropped to creature edges (no padding wider than 2px), no text or watermarks."
336,Drageler,Dream,,Common,slime,Forest|Sanctum,night-only,Wednesday,any,96x96,5,,Eldrad,level,10,20,"Pokemon-style monster creature named ""Drageler"". RARITY TIER: Common (simple form, 1-2 distinguishing details). EVOLUTION CHAIN: stage 1 of 2 (chain ""dream_chain_7""). Evolves INTO: ""Eldrad"" (trigger: level, guaranteed by lvl 20). Foreshadow features that will become more prominent in ""Eldrad"" — keep family identity consistent so the next stage feels like a natural maturation, not a different creature. Maintain visual continuity across the entire 2-stage chain — same family identity, recognizable shape across stages. OUTPUT VIEWS: render three separate images per creature — (1) full-body front view, (2) three-quarter back view rotated ~135 degrees from front, (3) pure side-profile view. GENERATION RES: render at 512x512 for AI quality, then DOWNSCALE to FINAL 96x96 PNG. FINAL IMAGE SPECS: 96x96 PNG, transparent background, indexed palette (max 256 colors), TARGET FILE SIZE: under 5 KB per image. Use clean Pokemon-style line art, vibrant saturated colors, single creature centered in frame, tightly cropped to creature edges (no padding wider than 2px), no text or watermarks."
337,Kangarius,Mind,Dream,Common,bipedal-humanoid,Castle|Sanctum,any,Wednesday,any,96x96,5,,,,,,"Pokemon-style monster creature named ""Kangarius"". RARITY TIER: Common (simple form, 1-2 distinguishing details). OUTPUT VIEWS: render three separate images per creature — (1) full-body front view, (2) three-quarter back view rotated ~135 degrees from front, (3) pure side-profile view. GENERATION RES: render at 512x512 for AI quality, then DOWNSCALE to FINAL 96x96 PNG. FINAL IMAGE SPECS: 96x96 PNG, transparent background, indexed palette (max 256 colors), TARGET FILE SIZE: under 5 KB per image. Use clean Pokemon-style line art, vibrant saturated colors, single creature centered in frame, tightly cropped to creature edges (no padding wider than 2px), no text or watermarks."
338,Alphatross,Sound,Crystal,Common,mythic-form,Forest|Town,any,Thursday,any,96x96,5,Alligaros,,,,,"Pokemon-style monster creature named ""Alphatross"". RARITY TIER: Common (simple form, 1-2 distinguishing details). EVOLUTION CHAIN: stage 3 of 3 (chain ""sound_chain_1""). Pre-evolution: ""Alligaros"" — this creature evolved FROM ""Alligaros"". Preserve a recognizably similar body shape and family identity to ""Alligaros"", but with extra detail layers, larger size (~10-15%), upgraded markings, more pronounced presence. Maintain visual continuity across the entire 3-stage chain — same family identity, recognizable shape across stages. OUTPUT VIEWS: render three separate images per creature — (1) full-body front view, (2) three-quarter back view rotated ~135 degrees from front, (3) pure side-profile view. GENERATION RES: render at 512x512 for AI quality, then DOWNSCALE to FINAL 96x96 PNG. FINAL IMAGE SPECS: 96x96 PNG, transparent background, indexed palette (max 256 colors), TARGET FILE SIZE: under 5 KB per image. Use clean Pokemon-style line art, vibrant saturated colors, single creature centered in frame, tightly cropped to creature edges (no padding wider than 2px), no text or watermarks."
339,Crocozel,Time,,Common,quadruped,Sanctum|Cave,any,any,any,96x96,5,,Demongoose,moon_new,10,20,"Pokemon-style monster creature named ""Crocozel"". RARITY TIER: Common (simple form, 1-2 distinguishing details). EVOLUTION CHAIN: stage 1 of 2 (chain ""time_chain_7""). Evolves INTO: ""Demongoose"" (trigger: moon_new, guaranteed by lvl 20). Foreshadow features that will become more prominent in ""Demongoose"" — keep family identity consistent so the next stage feels like a natural maturation, not a different creature. Maintain visual continuity across the entire 2-stage chain — same family identity, recognizable shape across stages. OUTPUT VIEWS: render three separate images per creature — (1) full-body front view, (2) three-quarter back view rotated ~135 degrees from front, (3) pure side-profile view. GENERATION RES: render at 512x512 for AI quality, then DOWNSCALE to FINAL 96x96 PNG. FINAL IMAGE SPECS: 96x96 PNG, transparent background, indexed palette (max 256 colors), TARGET FILE SIZE: under 5 KB per image. Use clean Pokemon-style line art, vibrant saturated colors, single creature centered in frame, tightly cropped to creature edges (no padding wider than 2px), no text or watermarks."
340,Frogre,Crystal,Storm,Common,frog,Cave|Mountain|WaterSurface,any,Monday,any,96x96,5,,Gasydiam,weather_storm,10,20,"Pokemon-style monster creature named ""Frogre"". RARITY TIER: Common (simple form, 1-2 distinguishing details). EVOLUTION CHAIN: stage 1 of 2 (chain ""crystal_chain_7""). Evolves INTO: ""Gasydiam"" (trigger: weather_storm, guaranteed by lvl 20). Foreshadow features that will become more prominent in ""Gasydiam"" — keep family identity consistent so the next stage feels like a natural maturation, not a different creature. Maintain visual continuity across the entire 2-stage chain — same family identity, recognizable shape across stages. OUTPUT VIEWS: render three separate images per creature — (1) full-body front view, (2) three-quarter back view rotated ~135 degrees from front, (3) pure side-profile view. GENERATION RES: render at 512x512 for AI quality, then DOWNSCALE to FINAL 96x96 PNG. FINAL IMAGE SPECS: 96x96 PNG, transparent background, indexed palette (max 256 colors), TARGET FILE SIZE: under 5 KB per image. Use clean Pokemon-style line art, vibrant saturated colors, single creature centered in frame, tightly cropped to creature edges (no padding wider than 2px), no text or watermarks."
341,Dolphung,Blood,,Common,cetacean,Castle|Sanctum|Cave,any,Saturday,any,96x96,5,,Dranyte,weather_storm,10,20,"Pokemon-style monster creature named ""Dolphung"". RARITY TIER: Common (simple form, 1-2 distinguishing details). EVOLUTION CHAIN: stage 1 of 2 (chain ""blood_chain_8""). Evolves INTO: ""Dranyte"" (trigger: weather_storm, guaranteed by lvl 20). Foreshadow features that will become more prominent in ""Dranyte"" — keep family identity consistent so the next stage feels like a natural maturation, not a different creature. Maintain visual continuity across the entire 2-stage chain — same family identity, recognizable shape across stages. OUTPUT VIEWS: render three separate images per creature — (1) full-body front view, (2) three-quarter back view rotated ~135 degrees from front, (3) pure side-profile view. GENERATION RES: render at 512x512 for AI quality, then DOWNSCALE to FINAL 96x96 PNG. FINAL IMAGE SPECS: 96x96 PNG, transparent background, indexed palette (max 256 colors), TARGET FILE SIZE: under 5 KB per image. Use clean Pokemon-style line art, vibrant saturated colors, single creature centered in frame, tightly cropped to creature edges (no padding wider than 2px), no text or watermarks."
342,Quibat,Fire,Wood,Common,quadruped,Desert|Cave,any,Saturday,Heat,96x96,5,,,,,,"Pokemon-style monster creature named ""Quibat"". RARITY TIER: Common (simple form, 1-2 distinguishing details). OUTPUT VIEWS: render three separate images per creature — (1) full-body front view, (2) three-quarter back view rotated ~135 degrees from front, (3) pure side-profile view. GENERATION RES: render at 512x512 for AI quality, then DOWNSCALE to FINAL 96x96 PNG. FINAL IMAGE SPECS: 96x96 PNG, transparent background, indexed palette (max 256 colors), TARGET FILE SIZE: under 5 KB per image. Use clean Pokemon-style line art, vibrant saturated colors, single creature centered in frame, tightly cropped to creature edges (no padding wider than 2px), no text or watermarks."
343,Gorilite,Water,Storm,Common,reptile,Beach|Harbor|Marsh,any,Friday,Rain,96x96,5,Glacican,,,,,"Pokemon-style monster creature named ""Gorilite"". RARITY TIER: Common (simple form, 1-2 distinguishing details). EVOLUTION CHAIN: stage 2 of 2 (chain ""water_chain_5""). Pre-evolution: ""Glacican"" — this creature evolved FROM ""Glacican"". Preserve a recognizably similar body shape and family identity to ""Glacican"", but with extra detail layers, larger size (~10-15%), upgraded markings, more pronounced presence. Maintain visual continuity across the entire 2-stage chain — same family identity, recognizable shape across stages. OUTPUT VIEWS: render three separate images per creature — (1) full-body front view, (2) three-quarter back view rotated ~135 degrees from front, (3) pure side-profile view. GENERATION RES: render at 512x512 for AI quality, then DOWNSCALE to FINAL 96x96 PNG. FINAL IMAGE SPECS: 96x96 PNG, transparent background, indexed palette (max 256 colors), TARGET FILE SIZE: under 5 KB per image. Use clean Pokemon-style line art, vibrant saturated colors, single creature centered in frame, tightly cropped to creature edges (no padding wider than 2px), no text or watermarks."
344,Kineron,Ice,,Common,bipedal-humanoid,Mountain|WaterSurface,any,Wednesday,Snow,96x96,5,,,,,,"Pokemon-style monster creature named ""Kineron"". RARITY TIER: Common (simple form, 1-2 distinguishing details). OUTPUT VIEWS: render three separate images per creature — (1) full-body front view, (2) three-quarter back view rotated ~135 degrees from front, (3) pure side-profile view. GENERATION RES: render at 512x512 for AI quality, then DOWNSCALE to FINAL 96x96 PNG. FINAL IMAGE SPECS: 96x96 PNG, transparent background, indexed palette (max 256 colors), TARGET FILE SIZE: under 5 KB per image. Use clean Pokemon-style line art, vibrant saturated colors, single creature centered in frame, tightly cropped to creature edges (no padding wider than 2px), no text or watermarks."
345,Salalow,Earth,Fire,Common,frog,Forest|Mountain|Desert,any,Sunday,any,96x96,5,,,,,,"Pokemon-style monster creature named ""Salalow"". RARITY TIER: Common (simple form, 1-2 distinguishing details). OUTPUT VIEWS: render three separate images per creature — (1) full-body front view, (2) three-quarter back view rotated ~135 degrees from front, (3) pure side-profile view. GENERATION RES: render at 512x512 for AI quality, then DOWNSCALE to FINAL 96x96 PNG. FINAL IMAGE SPECS: 96x96 PNG, transparent background, indexed palette (max 256 colors), TARGET FILE SIZE: under 5 KB per image. Use clean Pokemon-style line art, vibrant saturated colors, single creature centered in frame, tightly cropped to creature edges (no padding wider than 2px), no text or watermarks."
346,Dewephant,Wood,,Common,insect,Forest|Plains,day-preferred,Sunday,any,96x96,5,Crocyle,,,,,"Pokemon-style monster creature named ""Dewephant"". RARITY TIER: Common (simple form, 1-2 distinguishing details). EVOLUTION CHAIN: stage 2 of 2 (chain ""wood_chain_7""). Pre-evolution: ""Crocyle"" — this creature evolved FROM ""Crocyle"". Preserve a recognizably similar body shape and family identity to ""Crocyle"", but with extra detail layers, larger size (~10-15%), upgraded markings, more pronounced presence. Maintain visual continuity across the entire 2-stage chain — same family identity, recognizable shape across stages. OUTPUT VIEWS: render three separate images per creature — (1) full-body front view, (2) three-quarter back view rotated ~135 degrees from front, (3) pure side-profile view. GENERATION RES: render at 512x512 for AI quality, then DOWNSCALE to FINAL 96x96 PNG. FINAL IMAGE SPECS: 96x96 PNG, transparent background, indexed palette (max 256 colors), TARGET FILE SIZE: under 5 KB per image. Use clean Pokemon-style line art, vibrant saturated colors, single creature centered in frame, tightly cropped to creature edges (no padding wider than 2px), no text or watermarks."
347,Chillpion,Metal,Crystal,Common,quadruped,Cave|Castle|Harbor,any,Monday,any,96x96,5,Chickygon,,,,,"Pokemon-style monster creature named ""Chillpion"". RARITY TIER: Common (simple form, 1-2 distinguishing details). EVOLUTION CHAIN: stage 2 of 2 (chain ""metal_chain_4""). Pre-evolution: ""Chickygon"" — this creature evolved FROM ""Chickygon"". Preserve a recognizably similar body shape and family identity to ""Chickygon"", but with extra detail layers, larger size (~10-15%), upgraded markings, more pronounced presence. Maintain visual continuity across the entire 2-stage chain — same family identity, recognizable shape across stages. OUTPUT VIEWS: render three separate images per creature — (1) full-body front view, (2) three-quarter back view rotated ~135 degrees from front, (3) pure side-profile view. GENERATION RES: render at 512x512 for AI quality, then DOWNSCALE to FINAL 96x96 PNG. FINAL IMAGE SPECS: 96x96 PNG, transparent background, indexed palette (max 256 colors), TARGET FILE SIZE: under 5 KB per image. Use clean Pokemon-style line art, vibrant saturated colors, single creature centered in frame, tightly cropped to creature edges (no padding wider than 2px), no text or watermarks."
348,Allirak,Storm,Water,Common,mythic-form,Beach|Mountain,any,Thursday,Rain,96x96,5,Alligoth,,,,,"Pokemon-style monster creature named ""Allirak"". RARITY TIER: Common (simple form, 1-2 distinguishing details). EVOLUTION CHAIN: stage 3 of 3 (chain ""storm_chain_1""). Pre-evolution: ""Alligoth"" — this creature evolved FROM ""Alligoth"". Preserve a recognizably similar body shape and family identity to ""Alligoth"", but with extra detail layers, larger size (~10-15%), upgraded markings, more pronounced presence. Maintain visual continuity across the entire 3-stage chain — same family identity, recognizable shape across stages. OUTPUT VIEWS: render three separate images per creature — (1) full-body front view, (2) three-quarter back view rotated ~135 degrees from front, (3) pure side-profile view. GENERATION RES: render at 512x512 for AI quality, then DOWNSCALE to FINAL 96x96 PNG. FINAL IMAGE SPECS: 96x96 PNG, transparent background, indexed palette (max 256 colors), TARGET FILE SIZE: under 5 KB per image. Use clean Pokemon-style line art, vibrant saturated colors, single creature centered in frame, tightly cropped to creature edges (no padding wider than 2px), no text or watermarks."
349,Quilupine,Wind,,Common,quadruped,Plains|Mountain,any,Friday,Foehn,96x96,5,,,,,,"Pokemon-style monster creature named ""Quilupine"". RARITY TIER: Common (simple form, 1-2 distinguishing details). OUTPUT VIEWS: render three separate images per creature — (1) full-body front view, (2) three-quarter back view rotated ~135 degrees from front, (3) pure side-profile view. GENERATION RES: render at 512x512 for AI quality, then DOWNSCALE to FINAL 96x96 PNG. FINAL IMAGE SPECS: 96x96 PNG, transparent background, indexed palette (max 256 colors), TARGET FILE SIZE: under 5 KB per image. Use clean Pokemon-style line art, vibrant saturated colors, single creature centered in frame, tightly cropped to creature edges (no padding wider than 2px), no text or watermarks."
350,Koados,Shadow,Light,Common,bipedal-humanoid,Cave|Marsh|Sanctum,night-only,Wednesday,Fog,96x96,5,,,,,,"Pokemon-style monster creature named ""Koados"". RARITY TIER: Common (simple form, 1-2 distinguishing details). OUTPUT VIEWS: render three separate images per creature — (1) full-body front view, (2) three-quarter back view rotated ~135 degrees from front, (3) pure side-profile view. GENERATION RES: render at 512x512 for AI quality, then DOWNSCALE to FINAL 96x96 PNG. FINAL IMAGE SPECS: 96x96 PNG, transparent background, indexed palette (max 256 colors), TARGET FILE SIZE: under 5 KB per image. Use clean Pokemon-style line art, vibrant saturated colors, single creature centered in frame, tightly cropped to creature edges (no padding wider than 2px), no text or watermarks."
351,Stunutor,Light,,Common,amorphous-elemental,Castle|Sanctum|Town,day-only,Tuesday,any,96x96,5,,,,,,"Pokemon-style monster creature named ""Stunutor"". RARITY TIER: Common (simple form, 1-2 distinguishing details). OUTPUT VIEWS: render three separate images per creature — (1) full-body front view, (2) three-quarter back view rotated ~135 degrees from front, (3) pure side-profile view. GENERATION RES: render at 512x512 for AI quality, then DOWNSCALE to FINAL 96x96 PNG. FINAL IMAGE SPECS: 96x96 PNG, transparent background, indexed palette (max 256 colors), TARGET FILE SIZE: under 5 KB per image. Use clean Pokemon-style line art, vibrant saturated colors, single creature centered in frame, tightly cropped to creature edges (no padding wider than 2px), no text or watermarks."
352,Elephoal,Venom,Blood,Common,elephant,Marsh|Cave|Sanctum,dawn-dusk-only,Saturday,any,96x96,5,,,,,,"Pokemon-style monster creature named ""Elephoal"". RARITY TIER: Common (simple form, 1-2 distinguishing details). OUTPUT VIEWS: render three separate images per creature — (1) full-body front view, (2) three-quarter back view rotated ~135 degrees from front, (3) pure side-profile view. GENERATION RES: render at 512x512 for AI quality, then DOWNSCALE to FINAL 96x96 PNG. FINAL IMAGE SPECS: 96x96 PNG, transparent background, indexed palette (max 256 colors), TARGET FILE SIZE: under 5 KB per image. Use clean Pokemon-style line art, vibrant saturated colors, single creature centered in frame, tightly cropped to creature edges (no padding wider than 2px), no text or watermarks."
353,Pandamonium,Cosmic,Light,Common,spirit-form,Sanctum|Mountain,night-only,Wednesday,any,96x96,5,,,,,,"Pokemon-style monster creature named ""Pandamonium"". RARITY TIER: Common (simple form, 1-2 distinguishing details). OUTPUT VIEWS: render three separate images per creature — (1) full-body front view, (2) three-quarter back view rotated ~135 degrees from front, (3) pure side-profile view. GENERATION RES: render at 512x512 for AI quality, then DOWNSCALE to FINAL 96x96 PNG. FINAL IMAGE SPECS: 96x96 PNG, transparent background, indexed palette (max 256 colors), TARGET FILE SIZE: under 5 KB per image. Use clean Pokemon-style line art, vibrant saturated colors, single creature centered in frame, tightly cropped to creature edges (no padding wider than 2px), no text or watermarks."
354,Wallados,Aether,,Common,spirit-form,Sanctum|Town,any,any,any,96x96,5,,,,,,"Pokemon-style monster creature named ""Wallados"". RARITY TIER: Common (simple form, 1-2 distinguishing details). OUTPUT VIEWS: render three separate images per creature — (1) full-body front view, (2) three-quarter back view rotated ~135 degrees from front, (3) pure side-profile view. GENERATION RES: render at 512x512 for AI quality, then DOWNSCALE to FINAL 96x96 PNG. FINAL IMAGE SPECS: 96x96 PNG, transparent background, indexed palette (max 256 colors), TARGET FILE SIZE: under 5 KB per image. Use clean Pokemon-style line art, vibrant saturated colors, single creature centered in frame, tightly cropped to creature edges (no padding wider than 2px), no text or watermarks."
355,Chillwing,Dream,Blood,Common,bird,Forest|Sanctum,night-only,Wednesday,any,96x96,5,,Chimos,moon_new,10,20,"Pokemon-style monster creature named ""Chillwing"". RARITY TIER: Common (simple form, 1-2 distinguishing details). EVOLUTION CHAIN: stage 1 of 2 (chain ""dream_chain_5""). Evolves INTO: ""Chimos"" (trigger: moon_new, guaranteed by lvl 20). Foreshadow features that will become more prominent in ""Chimos"" — keep family identity consistent so the next stage feels like a natural maturation, not a different creature. Maintain visual continuity across the entire 2-stage chain — same family identity, recognizable shape across stages. OUTPUT VIEWS: render three separate images per creature — (1) full-body front view, (2) three-quarter back view rotated ~135 degrees from front, (3) pure side-profile view. GENERATION RES: render at 512x512 for AI quality, then DOWNSCALE to FINAL 96x96 PNG. FINAL IMAGE SPECS: 96x96 PNG, transparent background, indexed palette (max 256 colors), TARGET FILE SIZE: under 5 KB per image. Use clean Pokemon-style line art, vibrant saturated colors, single creature centered in frame, tightly cropped to creature edges (no padding wider than 2px), no text or watermarks."
356,Octotar,Mind,,Common,octopus,Castle|Sanctum,any,Wednesday,any,96x96,5,,,,,,"Pokemon-style monster creature named ""Octotar"". RARITY TIER: Common (simple form, 1-2 distinguishing details). OUTPUT VIEWS: render three separate images per creature — (1) full-body front view, (2) three-quarter back view rotated ~135 degrees from front, (3) pure side-profile view. GENERATION RES: render at 512x512 for AI quality, then DOWNSCALE to FINAL 96x96 PNG. FINAL IMAGE SPECS: 96x96 PNG, transparent background, indexed palette (max 256 colors), TARGET FILE SIZE: under 5 KB per image. Use clean Pokemon-style line art, vibrant saturated colors, single creature centered in frame, tightly cropped to creature edges (no padding wider than 2px), no text or watermarks."
357,Buffabite,Sound,Mind,Common,spirit-form,Forest|Town,any,Thursday,any,96x96,5,Bonepecker,Buffanite,level,30,45,"Pokemon-style monster creature named ""Buffabite"". RARITY TIER: Common (simple form, 1-2 distinguishing details). EVOLUTION CHAIN: stage 2 of 3 (chain ""sound_chain_6""). Pre-evolution: ""Bonepecker"" — this creature evolved FROM ""Bonepecker"". Preserve a recognizably similar body shape and family identity to ""Bonepecker"", but with extra detail layers, larger size (~10-15%), upgraded markings, more pronounced presence. Evolves INTO: ""Buffanite"" (trigger: level, guaranteed by lvl 45). Foreshadow features that will become more prominent in ""Buffanite"" — keep family identity consistent so the next stage feels like a natural maturation, not a different creature. Maintain visual continuity across the entire 3-stage chain — same family identity, recognizable shape across stages. OUTPUT VIEWS: render three separate images per creature — (1) full-body front view, (2) three-quarter back view rotated ~135 degrees from front, (3) pure side-profile view. GENERATION RES: render at 512x512 for AI quality, then DOWNSCALE to FINAL 96x96 PNG. FINAL IMAGE SPECS: 96x96 PNG, transparent background, indexed palette (max 256 colors), TARGET FILE SIZE: under 5 KB per image. Use clean Pokemon-style line art, vibrant saturated colors, single creature centered in frame, tightly cropped to creature edges (no padding wider than 2px), no text or watermarks."
358,Leopire,Time,Blood,Common,amorphous-elemental,Sanctum|Cave,any,any,any,96x96,5,,,,,,"Pokemon-style monster creature named ""Leopire"". RARITY TIER: Common (simple form, 1-2 distinguishing details). OUTPUT VIEWS: render three separate images per creature — (1) full-body front view, (2) three-quarter back view rotated ~135 degrees from front, (3) pure side-profile view. GENERATION RES: render at 512x512 for AI quality, then DOWNSCALE to FINAL 96x96 PNG. FINAL IMAGE SPECS: 96x96 PNG, transparent background, indexed palette (max 256 colors), TARGET FILE SIZE: under 5 KB per image. Use clean Pokemon-style line art, vibrant saturated colors, single creature centered in frame, tightly cropped to creature edges (no padding wider than 2px), no text or watermarks."
359,Ramputor,Crystal,,Common,bipedal-humanoid,Cave|Mountain|WaterSurface,any,Monday,any,96x96,5,,,,,,"Pokemon-style monster creature named ""Ramputor"". RARITY TIER: Common (simple form, 1-2 distinguishing details). OUTPUT VIEWS: render three separate images per creature — (1) full-body front view, (2) three-quarter back view rotated ~135 degrees from front, (3) pure side-profile view. GENERATION RES: render at 512x512 for AI quality, then DOWNSCALE to FINAL 96x96 PNG. FINAL IMAGE SPECS: 96x96 PNG, transparent background, indexed palette (max 256 colors), TARGET FILE SIZE: under 5 KB per image. Use clean Pokemon-style line art, vibrant saturated colors, single creature centered in frame, tightly cropped to creature edges (no padding wider than 2px), no text or watermarks."
360,Staroose,Blood,Time,Common,amorphous-elemental,Castle|Sanctum|Cave,any,Saturday,any,96x96,5,,,,,,"Pokemon-style monster creature named ""Staroose"". RARITY TIER: Common (simple form, 1-2 distinguishing details). OUTPUT VIEWS: render three separate images per creature — (1) full-body front view, (2) three-quarter back view rotated ~135 degrees from front, (3) pure side-profile view. GENERATION RES: render at 512x512 for AI quality, then DOWNSCALE to FINAL 96x96 PNG. FINAL IMAGE SPECS: 96x96 PNG, transparent background, indexed palette (max 256 colors), TARGET FILE SIZE: under 5 KB per image. Use clean Pokemon-style line art, vibrant saturated colors, single creature centered in frame, tightly cropped to creature edges (no padding wider than 2px), no text or watermarks."
361,Charingo,Fire,,Common,quadruped,Desert|Cave,any,Saturday,Heat,96x96,5,,Chickig,level,10,20,"Pokemon-style monster creature named ""Charingo"". RARITY TIER: Common (simple form, 1-2 distinguishing details). EVOLUTION CHAIN: stage 1 of 2 (chain ""fire_chain_3""). Evolves INTO: ""Chickig"" (trigger: level, guaranteed by lvl 20). Foreshadow features that will become more prominent in ""Chickig"" — keep family identity consistent so the next stage feels like a natural maturation, not a different creature. Maintain visual continuity across the entire 2-stage chain — same family identity, recognizable shape across stages. OUTPUT VIEWS: render three separate images per creature — (1) full-body front view, (2) three-quarter back view rotated ~135 degrees from front, (3) pure side-profile view. GENERATION RES: render at 512x512 for AI quality, then DOWNSCALE to FINAL 96x96 PNG. FINAL IMAGE SPECS: 96x96 PNG, transparent background, indexed palette (max 256 colors), TARGET FILE SIZE: under 5 KB per image. Use clean Pokemon-style line art, vibrant saturated colors, single creature centered in frame, tightly cropped to creature edges (no padding wider than 2px), no text or watermarks."
362,Steelnea,Water,Earth,Common,amorphous-elemental,Beach|Harbor|Marsh,any,Friday,Rain,96x96,5,,,,,,"Pokemon-style monster creature named ""Steelnea"". RARITY TIER: Common (simple form, 1-2 distinguishing details). OUTPUT VIEWS: render three separate images per creature — (1) full-body front view, (2) three-quarter back view rotated ~135 degrees from front, (3) pure side-profile view. GENERATION RES: render at 512x512 for AI quality, then DOWNSCALE to FINAL 96x96 PNG. FINAL IMAGE SPECS: 96x96 PNG, transparent background, indexed palette (max 256 colors), TARGET FILE SIZE: under 5 KB per image. Use clean Pokemon-style line art, vibrant saturated colors, single creature centered in frame, tightly cropped to creature edges (no padding wider than 2px), no text or watermarks."
363,Wispider,Ice,Wood,Common,insect,Mountain|WaterSurface,any,Wednesday,Snow,96x96,5,,,,,,"Pokemon-style monster creature named ""Wispider"". RARITY TIER: Common (simple form, 1-2 distinguishing details). OUTPUT VIEWS: render three separate images per creature — (1) full-body front view, (2) three-quarter back view rotated ~135 degrees from front, (3) pure side-profile view. GENERATION RES: render at 512x512 for AI quality, then DOWNSCALE to FINAL 96x96 PNG. FINAL IMAGE SPECS: 96x96 PNG, transparent background, indexed palette (max 256 colors), TARGET FILE SIZE: under 5 KB per image. Use clean Pokemon-style line art, vibrant saturated colors, single creature centered in frame, tightly cropped to creature edges (no padding wider than 2px), no text or watermarks."
364,Elephuzz,Earth,,Common,elephant,Forest|Mountain|Desert,any,Sunday,any,96x96,5,,Elesion,level,10,20,"Pokemon-style monster creature named ""Elephuzz"". RARITY TIER: Common (simple form, 1-2 distinguishing details). EVOLUTION CHAIN: stage 1 of 2 (chain ""earth_chain_8""). Evolves INTO: ""Elesion"" (trigger: level, guaranteed by lvl 20). Foreshadow features that will become more prominent in ""Elesion"" — keep family identity consistent so the next stage feels like a natural maturation, not a different creature. Maintain visual continuity across the entire 2-stage chain — same family identity, recognizable shape across stages. OUTPUT VIEWS: render three separate images per creature — (1) full-body front view, (2) three-quarter back view rotated ~135 degrees from front, (3) pure side-profile view. GENERATION RES: render at 512x512 for AI quality, then DOWNSCALE to FINAL 96x96 PNG. FINAL IMAGE SPECS: 96x96 PNG, transparent background, indexed palette (max 256 colors), TARGET FILE SIZE: under 5 KB per image. Use clean Pokemon-style line art, vibrant saturated colors, single creature centered in frame, tightly cropped to creature edges (no padding wider than 2px), no text or watermarks."
365,Scorpairy,Wood,Earth,Common,insect,Forest|Plains,day-preferred,Sunday,any,96x96,5,,,,,,"Pokemon-style monster creature named ""Scorpairy"". RARITY TIER: Common (simple form, 1-2 distinguishing details). OUTPUT VIEWS: render three separate images per creature — (1) full-body front view, (2) three-quarter back view rotated ~135 degrees from front, (3) pure side-profile view. GENERATION RES: render at 512x512 for AI quality, then DOWNSCALE to FINAL 96x96 PNG. FINAL IMAGE SPECS: 96x96 PNG, transparent background, indexed palette (max 256 colors), TARGET FILE SIZE: under 5 KB per image. Use clean Pokemon-style line art, vibrant saturated colors, single creature centered in frame, tightly cropped to creature edges (no padding wider than 2px), no text or watermarks."
366,Mantyle,Metal,,Common,insect,Cave|Castle|Harbor,any,Monday,any,96x96,5,,,,,,"Pokemon-style monster creature named ""Mantyle"". RARITY TIER: Common (simple form, 1-2 distinguishing details). OUTPUT VIEWS: render three separate images per creature — (1) full-body front view, (2) three-quarter back view rotated ~135 degrees from front, (3) pure side-profile view. GENERATION RES: render at 512x512 for AI quality, then DOWNSCALE to FINAL 96x96 PNG. FINAL IMAGE SPECS: 96x96 PNG, transparent background, indexed palette (max 256 colors), TARGET FILE SIZE: under 5 KB per image. Use clean Pokemon-style line art, vibrant saturated colors, single creature centered in frame, tightly cropped to creature edges (no padding wider than 2px), no text or watermarks."
367,Porculite,Storm,Metal,Common,spirit-form,Beach|Mountain,any,Thursday,Rain,96x96,5,,,,,,"Pokemon-style monster creature named ""Porculite"". RARITY TIER: Common (simple form, 1-2 distinguishing details). OUTPUT VIEWS: render three separate images per creature — (1) full-body front view, (2) three-quarter back view rotated ~135 degrees from front, (3) pure side-profile view. GENERATION RES: render at 512x512 for AI quality, then DOWNSCALE to FINAL 96x96 PNG. FINAL IMAGE SPECS: 96x96 PNG, transparent background, indexed palette (max 256 colors), TARGET FILE SIZE: under 5 KB per image. Use clean Pokemon-style line art, vibrant saturated colors, single creature centered in frame, tightly cropped to creature edges (no padding wider than 2px), no text or watermarks."
368,Chillecta,Wind,Venom,Common,quadruped,Plains|Mountain,any,Friday,Foehn,96x96,5,Catetic,,,,,"Pokemon-style monster creature named ""Chillecta"". RARITY TIER: Common (simple form, 1-2 distinguishing details). EVOLUTION CHAIN: stage 2 of 2 (chain ""wind_chain_4""). Pre-evolution: ""Catetic"" — this creature evolved FROM ""Catetic"". Preserve a recognizably similar body shape and family identity to ""Catetic"", but with extra detail layers, larger size (~10-15%), upgraded markings, more pronounced presence. Maintain visual continuity across the entire 2-stage chain — same family identity, recognizable shape across stages. OUTPUT VIEWS: render three separate images per creature — (1) full-body front view, (2) three-quarter back view rotated ~135 degrees from front, (3) pure side-profile view. GENERATION RES: render at 512x512 for AI quality, then DOWNSCALE to FINAL 96x96 PNG. FINAL IMAGE SPECS: 96x96 PNG, transparent background, indexed palette (max 256 colors), TARGET FILE SIZE: under 5 KB per image. Use clean Pokemon-style line art, vibrant saturated colors, single creature centered in frame, tightly cropped to creature edges (no padding wider than 2px), no text or watermarks."
369,Jaguaron,Shadow,,Common,quadruped,Cave|Marsh|Sanctum,night-only,Wednesday,Fog,96x96,5,,,,,,"Pokemon-style monster creature named ""Jaguaron"". RARITY TIER: Common (simple form, 1-2 distinguishing details). OUTPUT VIEWS: render three separate images per creature — (1) full-body front view, (2) three-quarter back view rotated ~135 degrees from front, (3) pure side-profile view. GENERATION RES: render at 512x512 for AI quality, then DOWNSCALE to FINAL 96x96 PNG. FINAL IMAGE SPECS: 96x96 PNG, transparent background, indexed palette (max 256 colors), TARGET FILE SIZE: under 5 KB per image. Use clean Pokemon-style line art, vibrant saturated colors, single creature centered in frame, tightly cropped to creature edges (no padding wider than 2px), no text or watermarks."
370,Porcuctric,Light,Crystal,Common,spirit-form,Castle|Sanctum|Town,day-only,Tuesday,any,96x96,5,,,,,,"Pokemon-style monster creature named ""Porcuctric"". RARITY TIER: Common (simple form, 1-2 distinguishing details). OUTPUT VIEWS: render three separate images per creature — (1) full-body front view, (2) three-quarter back view rotated ~135 degrees from front, (3) pure side-profile view. GENERATION RES: render at 512x512 for AI quality, then DOWNSCALE to FINAL 96x96 PNG. FINAL IMAGE SPECS: 96x96 PNG, transparent background, indexed palette (max 256 colors), TARGET FILE SIZE: under 5 KB per image. Use clean Pokemon-style line art, vibrant saturated colors, single creature centered in frame, tightly cropped to creature edges (no padding wider than 2px), no text or watermarks."
371,Warachnid,Venom,,Common,insect,Marsh|Cave|Sanctum,dawn-dusk-only,Saturday,any,96x96,5,,,,,,"Pokemon-style monster creature named ""Warachnid"". RARITY TIER: Common (simple form, 1-2 distinguishing details). OUTPUT VIEWS: render three separate images per creature — (1) full-body front view, (2) three-quarter back view rotated ~135 degrees from front, (3) pure side-profile view. GENERATION RES: render at 512x512 for AI quality, then DOWNSCALE to FINAL 96x96 PNG. FINAL IMAGE SPECS: 96x96 PNG, transparent background, indexed palette (max 256 colors), TARGET FILE SIZE: under 5 KB per image. Use clean Pokemon-style line art, vibrant saturated colors, single creature centered in frame, tightly cropped to creature edges (no padding wider than 2px), no text or watermarks."
372,Tsardine,Cosmic,Mind,Common,beast,Sanctum|Mountain,night-only,Wednesday,any,96x96,5,,,,,,"Pokemon-style monster creature named ""Tsardine"". RARITY TIER: Common (simple form, 1-2 distinguishing details). OUTPUT VIEWS: render three separate images per creature — (1) full-body front view, (2) three-quarter back view rotated ~135 degrees from front, (3) pure side-profile view. GENERATION RES: render at 512x512 for AI quality, then DOWNSCALE to FINAL 96x96 PNG. FINAL IMAGE SPECS: 96x96 PNG, transparent background, indexed palette (max 256 colors), TARGET FILE SIZE: under 5 KB per image. Use clean Pokemon-style line art, vibrant saturated colors, single creature centered in frame, tightly cropped to creature edges (no padding wider than 2px), no text or watermarks."
373,Oddanzee,Aether,Cosmic,Common,mythic-form,Sanctum|Town,any,any,any,96x96,5,,,,,,"Pokemon-style monster creature named ""Oddanzee"". RARITY TIER: Common (simple form, 1-2 distinguishing details). OUTPUT VIEWS: render three separate images per creature — (1) full-body front view, (2) three-quarter back view rotated ~135 degrees from front, (3) pure side-profile view. GENERATION RES: render at 512x512 for AI quality, then DOWNSCALE to FINAL 96x96 PNG. FINAL IMAGE SPECS: 96x96 PNG, transparent background, indexed palette (max 256 colors), TARGET FILE SIZE: under 5 KB per image. Use clean Pokemon-style line art, vibrant saturated colors, single creature centered in frame, tightly cropped to creature edges (no padding wider than 2px), no text or watermarks."
374,Sharcade,Dream,,Common,amorphous-elemental,Forest|Sanctum,night-only,Wednesday,any,96x96,5,,,,,,"Pokemon-style monster creature named ""Sharcade"". RARITY TIER: Common (simple form, 1-2 distinguishing details). OUTPUT VIEWS: render three separate images per creature — (1) full-body front view, (2) three-quarter back view rotated ~135 degrees from front, (3) pure side-profile view. GENERATION RES: render at 512x512 for AI quality, then DOWNSCALE to FINAL 96x96 PNG. FINAL IMAGE SPECS: 96x96 PNG, transparent background, indexed palette (max 256 colors), TARGET FILE SIZE: under 5 KB per image. Use clean Pokemon-style line art, vibrant saturated colors, single creature centered in frame, tightly cropped to creature edges (no padding wider than 2px), no text or watermarks."
375,Warthawk,Mind,Sound,Common,spirit-form,Castle|Sanctum,any,Wednesday,any,96x96,5,,,,,,"Pokemon-style monster creature named ""Warthawk"". RARITY TIER: Common (simple form, 1-2 distinguishing details). OUTPUT VIEWS: render three separate images per creature — (1) full-body front view, (2) three-quarter back view rotated ~135 degrees from front, (3) pure side-profile view. GENERATION RES: render at 512x512 for AI quality, then DOWNSCALE to FINAL 96x96 PNG. FINAL IMAGE SPECS: 96x96 PNG, transparent background, indexed palette (max 256 colors), TARGET FILE SIZE: under 5 KB per image. Use clean Pokemon-style line art, vibrant saturated colors, single creature centered in frame, tightly cropped to creature edges (no padding wider than 2px), no text or watermarks."
376,Rhinotone,Sound,,Common,bipedal-humanoid,Forest|Town,any,Thursday,any,96x96,5,,,,,,"Pokemon-style monster creature named ""Rhinotone"". RARITY TIER: Common (simple form, 1-2 distinguishing details). OUTPUT VIEWS: render three separate images per creature — (1) full-body front view, (2) three-quarter back view rotated ~135 degrees from front, (3) pure side-profile view. GENERATION RES: render at 512x512 for AI quality, then DOWNSCALE to FINAL 96x96 PNG. FINAL IMAGE SPECS: 96x96 PNG, transparent background, indexed palette (max 256 colors), TARGET FILE SIZE: under 5 KB per image. Use clean Pokemon-style line art, vibrant saturated colors, single creature centered in frame, tightly cropped to creature edges (no padding wider than 2px), no text or watermarks."
377,Pandite,Time,Aether,Common,spirit-form,Sanctum|Cave,any,any,any,96x96,5,,,,,,"Pokemon-style monster creature named ""Pandite"". RARITY TIER: Common (simple form, 1-2 distinguishing details). OUTPUT VIEWS: render three separate images per creature — (1) full-body front view, (2) three-quarter back view rotated ~135 degrees from front, (3) pure side-profile view. GENERATION RES: render at 512x512 for AI quality, then DOWNSCALE to FINAL 96x96 PNG. FINAL IMAGE SPECS: 96x96 PNG, transparent background, indexed palette (max 256 colors), TARGET FILE SIZE: under 5 KB per image. Use clean Pokemon-style line art, vibrant saturated colors, single creature centered in frame, tightly cropped to creature edges (no padding wider than 2px), no text or watermarks."
378,Goleroach,Crystal,Earth,Common,reptile,Cave|Mountain|WaterSurface,any,Monday,any,96x96,5,,,,,,"Pokemon-style monster creature named ""Goleroach"". RARITY TIER: Common (simple form, 1-2 distinguishing details). OUTPUT VIEWS: render three separate images per creature — (1) full-body front view, (2) three-quarter back view rotated ~135 degrees from front, (3) pure side-profile view. GENERATION RES: render at 512x512 for AI quality, then DOWNSCALE to FINAL 96x96 PNG. FINAL IMAGE SPECS: 96x96 PNG, transparent background, indexed palette (max 256 colors), TARGET FILE SIZE: under 5 KB per image. Use clean Pokemon-style line art, vibrant saturated colors, single creature centered in frame, tightly cropped to creature edges (no padding wider than 2px), no text or watermarks."
379,Stunapi,Blood,,Common,amorphous-elemental,Castle|Sanctum|Cave,any,Saturday,any,96x96,5,,,,,,"Pokemon-style monster creature named ""Stunapi"". RARITY TIER: Common (simple form, 1-2 distinguishing details). OUTPUT VIEWS: render three separate images per creature — (1) full-body front view, (2) three-quarter back view rotated ~135 degrees from front, (3) pure side-profile view. GENERATION RES: render at 512x512 for AI quality, then DOWNSCALE to FINAL 96x96 PNG. FINAL IMAGE SPECS: 96x96 PNG, transparent background, indexed palette (max 256 colors), TARGET FILE SIZE: under 5 KB per image. Use clean Pokemon-style line art, vibrant saturated colors, single creature centered in frame, tightly cropped to creature edges (no padding wider than 2px), no text or watermarks."
380,Flaton,Fire,Ice,Common,beast,Desert|Cave,any,Saturday,Heat,96x96,5,,,,,,"Pokemon-style monster creature named ""Flaton"". RARITY TIER: Common (simple form, 1-2 distinguishing details). OUTPUT VIEWS: render three separate images per creature — (1) full-body front view, (2) three-quarter back view rotated ~135 degrees from front, (3) pure side-profile view. GENERATION RES: render at 512x512 for AI quality, then DOWNSCALE to FINAL 96x96 PNG. FINAL IMAGE SPECS: 96x96 PNG, transparent background, indexed palette (max 256 colors), TARGET FILE SIZE: under 5 KB per image. Use clean Pokemon-style line art, vibrant saturated colors, single creature centered in frame, tightly cropped to creature edges (no padding wider than 2px), no text or watermarks."
381,Hippostar,Water,,Common,mythic-form,Beach|Harbor|Marsh,any,Friday,Rain,96x96,5,Hippopyss,,,,,"Pokemon-style monster creature named ""Hippostar"". RARITY TIER: Common (simple form, 1-2 distinguishing details). EVOLUTION CHAIN: stage 3 of 3 (chain ""water_chain_6""). Pre-evolution: ""Hippopyss"" — this creature evolved FROM ""Hippopyss"". Preserve a recognizably similar body shape and family identity to ""Hippopyss"", but with extra detail layers, larger size (~10-15%), upgraded markings, more pronounced presence. Maintain visual continuity across the entire 3-stage chain — same family identity, recognizable shape across stages. OUTPUT VIEWS: render three separate images per creature — (1) full-body front view, (2) three-quarter back view rotated ~135 degrees from front, (3) pure side-profile view. GENERATION RES: render at 512x512 for AI quality, then DOWNSCALE to FINAL 96x96 PNG. FINAL IMAGE SPECS: 96x96 PNG, transparent background, indexed palette (max 256 colors), TARGET FILE SIZE: under 5 KB per image. Use clean Pokemon-style line art, vibrant saturated colors, single creature centered in frame, tightly cropped to creature edges (no padding wider than 2px), no text or watermarks."
382,Jagualite,Ice,Earth,Common,quadruped,Mountain|WaterSurface,any,Wednesday,Snow,96x96,5,,,,,,"Pokemon-style monster creature named ""Jagualite"". RARITY TIER: Common (simple form, 1-2 distinguishing details). OUTPUT VIEWS: render three separate images per creature — (1) full-body front view, (2) three-quarter back view rotated ~135 degrees from front, (3) pure side-profile view. GENERATION RES: render at 512x512 for AI quality, then DOWNSCALE to FINAL 96x96 PNG. FINAL IMAGE SPECS: 96x96 PNG, transparent background, indexed palette (max 256 colors), TARGET FILE SIZE: under 5 KB per image. Use clean Pokemon-style line art, vibrant saturated colors, single creature centered in frame, tightly cropped to creature edges (no padding wider than 2px), no text or watermarks."
383,Doomeleon,Earth,Storm,Common,bipedal-humanoid,Forest|Mountain|Desert,any,Sunday,any,96x96,5,,Dradily,level,10,20,"Pokemon-style monster creature named ""Doomeleon"". RARITY TIER: Common (simple form, 1-2 distinguishing details). EVOLUTION CHAIN: stage 1 of 2 (chain ""earth_chain_7""). Evolves INTO: ""Dradily"" (trigger: level, guaranteed by lvl 20). Foreshadow features that will become more prominent in ""Dradily"" — keep family identity consistent so the next stage feels like a natural maturation, not a different creature. Maintain visual continuity across the entire 2-stage chain — same family identity, recognizable shape across stages. OUTPUT VIEWS: render three separate images per creature — (1) full-body front view, (2) three-quarter back view rotated ~135 degrees from front, (3) pure side-profile view. GENERATION RES: render at 512x512 for AI quality, then DOWNSCALE to FINAL 96x96 PNG. FINAL IMAGE SPECS: 96x96 PNG, transparent background, indexed palette (max 256 colors), TARGET FILE SIZE: under 5 KB per image. Use clean Pokemon-style line art, vibrant saturated colors, single creature centered in frame, tightly cropped to creature edges (no padding wider than 2px), no text or watermarks."
384,Pelicaza,Wood,,Common,bird,Forest|Plains,day-preferred,Sunday,any,96x96,5,,,,,,"Pokemon-style monster creature named ""Pelicaza"". RARITY TIER: Common (simple form, 1-2 distinguishing details). OUTPUT VIEWS: render three separate images per creature — (1) full-body front view, (2) three-quarter back view rotated ~135 degrees from front, (3) pure side-profile view. GENERATION RES: render at 512x512 for AI quality, then DOWNSCALE to FINAL 96x96 PNG. FINAL IMAGE SPECS: 96x96 PNG, transparent background, indexed palette (max 256 colors), TARGET FILE SIZE: under 5 KB per image. Use clean Pokemon-style line art, vibrant saturated colors, single creature centered in frame, tightly cropped to creature edges (no padding wider than 2px), no text or watermarks."
385,Weasire,Metal,Wind,Common,spirit-form,Cave|Castle|Harbor,any,Monday,any,96x96,5,,,,,,"Pokemon-style monster creature named ""Weasire"". RARITY TIER: Common (simple form, 1-2 distinguishing details). OUTPUT VIEWS: render three separate images per creature — (1) full-body front view, (2) three-quarter back view rotated ~135 degrees from front, (3) pure side-profile view. GENERATION RES: render at 512x512 for AI quality, then DOWNSCALE to FINAL 96x96 PNG. FINAL IMAGE SPECS: 96x96 PNG, transparent background, indexed palette (max 256 colors), TARGET FILE SIZE: under 5 KB per image. Use clean Pokemon-style line art, vibrant saturated colors, single creature centered in frame, tightly cropped to creature edges (no padding wider than 2px), no text or watermarks."
386,Belloon,Storm,,Common,spirit-form,Beach|Mountain,any,Thursday,Rain,96x96,5,Bellamel,,,,,"Pokemon-style monster creature named ""Belloon"". RARITY TIER: Common (simple form, 1-2 distinguishing details). EVOLUTION CHAIN: stage 2 of 2 (chain ""storm_chain_4""). Pre-evolution: ""Bellamel"" — this creature evolved FROM ""Bellamel"". Preserve a recognizably similar body shape and family identity to ""Bellamel"", but with extra detail layers, larger size (~10-15%), upgraded markings, more pronounced presence. Maintain visual continuity across the entire 2-stage chain — same family identity, recognizable shape across stages. OUTPUT VIEWS: render three separate images per creature — (1) full-body front view, (2) three-quarter back view rotated ~135 degrees from front, (3) pure side-profile view. GENERATION RES: render at 512x512 for AI quality, then DOWNSCALE to FINAL 96x96 PNG. FINAL IMAGE SPECS: 96x96 PNG, transparent background, indexed palette (max 256 colors), TARGET FILE SIZE: under 5 KB per image. Use clean Pokemon-style line art, vibrant saturated colors, single creature centered in frame, tightly cropped to creature edges (no padding wider than 2px), no text or watermarks."
387,Hyeneaf,Wind,Wood,Common,mythic-form,Plains|Mountain,any,Friday,Foehn,96x96,5,,,,,,"Pokemon-style monster creature named ""Hyeneaf"". RARITY TIER: Common (simple form, 1-2 distinguishing details). OUTPUT VIEWS: render three separate images per creature — (1) full-body front view, (2) three-quarter back view rotated ~135 degrees from front, (3) pure side-profile view. GENERATION RES: render at 512x512 for AI quality, then DOWNSCALE to FINAL 96x96 PNG. FINAL IMAGE SPECS: 96x96 PNG, transparent background, indexed palette (max 256 colors), TARGET FILE SIZE: under 5 KB per image. Use clean Pokemon-style line art, vibrant saturated colors, single creature centered in frame, tightly cropped to creature edges (no padding wider than 2px), no text or watermarks."
388,Kangarithe,Shadow,Dream,Common,bipedal-humanoid,Cave|Marsh|Sanctum,night-only,Wednesday,Fog,96x96,5,,,,,,"Pokemon-style monster creature named ""Kangarithe"". RARITY TIER: Common (simple form, 1-2 distinguishing details). OUTPUT VIEWS: render three separate images per creature — (1) full-body front view, (2) three-quarter back view rotated ~135 degrees from front, (3) pure side-profile view. GENERATION RES: render at 512x512 for AI quality, then DOWNSCALE to FINAL 96x96 PNG. FINAL IMAGE SPECS: 96x96 PNG, transparent background, indexed palette (max 256 colors), TARGET FILE SIZE: under 5 KB per image. Use clean Pokemon-style line art, vibrant saturated colors, single creature centered in frame, tightly cropped to creature edges (no padding wider than 2px), no text or watermarks."
389,Albareon,Light,,Common,mythic-form,Castle|Sanctum|Town,day-only,Tuesday,any,96x96,5,,Aquatile,level,10,20,"Pokemon-style monster creature named ""Albareon"". RARITY TIER: Common (simple form, 1-2 distinguishing details). EVOLUTION CHAIN: stage 1 of 3 (chain ""light_chain_1""). Evolves INTO: ""Aquatile"" (trigger: level, guaranteed by lvl 20). Foreshadow features that will become more prominent in ""Aquatile"" — keep family identity consistent so the next stage feels like a natural maturation, not a different creature. Maintain visual continuity across the entire 3-stage chain — same family identity, recognizable shape across stages. OUTPUT VIEWS: render three separate images per creature — (1) full-body front view, (2) three-quarter back view rotated ~135 degrees from front, (3) pure side-profile view. GENERATION RES: render at 512x512 for AI quality, then DOWNSCALE to FINAL 96x96 PNG. FINAL IMAGE SPECS: 96x96 PNG, transparent background, indexed palette (max 256 colors), TARGET FILE SIZE: under 5 KB per image. Use clean Pokemon-style line art, vibrant saturated colors, single creature centered in frame, tightly cropped to creature edges (no padding wider than 2px), no text or watermarks."
390,Shastar,Venom,Wood,Common,amorphous-elemental,Marsh|Cave|Sanctum,dawn-dusk-only,Saturday,any,96x96,5,,,,,,"Pokemon-style monster creature named ""Shastar"". RARITY TIER: Common (simple form, 1-2 distinguishing details). OUTPUT VIEWS: render three separate images per creature — (1) full-body front view, (2) three-quarter back view rotated ~135 degrees from front, (3) pure side-profile view. GENERATION RES: render at 512x512 for AI quality, then DOWNSCALE to FINAL 96x96 PNG. FINAL IMAGE SPECS: 96x96 PNG, transparent background, indexed palette (max 256 colors), TARGET FILE SIZE: under 5 KB per image. Use clean Pokemon-style line art, vibrant saturated colors, single creature centered in frame, tightly cropped to creature edges (no padding wider than 2px), no text or watermarks."
391,Rabbyte,Cosmic,,Common,bipedal-humanoid,Sanctum|Mountain,night-only,Wednesday,any,96x96,5,,,,,,"Pokemon-style monster creature named ""Rabbyte"". RARITY TIER: Common (simple form, 1-2 distinguishing details). OUTPUT VIEWS: render three separate images per creature — (1) full-body front view, (2) three-quarter back view rotated ~135 degrees from front, (3) pure side-profile view. GENERATION RES: render at 512x512 for AI quality, then DOWNSCALE to FINAL 96x96 PNG. FINAL IMAGE SPECS: 96x96 PNG, transparent background, indexed palette (max 256 colors), TARGET FILE SIZE: under 5 KB per image. Use clean Pokemon-style line art, vibrant saturated colors, single creature centered in frame, tightly cropped to creature edges (no padding wider than 2px), no text or watermarks."
392,Shasaur,Aether,Venom,Common,amorphous-elemental,Sanctum|Town,any,any,any,96x96,5,,,,,,"Pokemon-style monster creature named ""Shasaur"". RARITY TIER: Common (simple form, 1-2 distinguishing details). OUTPUT VIEWS: render three separate images per creature — (1) full-body front view, (2) three-quarter back view rotated ~135 degrees from front, (3) pure side-profile view. GENERATION RES: render at 512x512 for AI quality, then DOWNSCALE to FINAL 96x96 PNG. FINAL IMAGE SPECS: 96x96 PNG, transparent background, indexed palette (max 256 colors), TARGET FILE SIZE: under 5 KB per image. Use clean Pokemon-style line art, vibrant saturated colors, single creature centered in frame, tightly cropped to creature edges (no padding wider than 2px), no text or watermarks."
393,Komodius,Dream,Mind,Common,lizard,Forest|Sanctum,night-only,Wednesday,any,96x96,5,,,,,,"Pokemon-style monster creature named ""Komodius"". RARITY TIER: Common (simple form, 1-2 distinguishing details). OUTPUT VIEWS: render three separate images per creature — (1) full-body front view, (2) three-quarter back view rotated ~135 degrees from front, (3) pure side-profile view. GENERATION RES: render at 512x512 for AI quality, then DOWNSCALE to FINAL 96x96 PNG. FINAL IMAGE SPECS: 96x96 PNG, transparent background, indexed palette (max 256 colors), TARGET FILE SIZE: under 5 KB per image. Use clean Pokemon-style line art, vibrant saturated colors, single creature centered in frame, tightly cropped to creature edges (no padding wider than 2px), no text or watermarks."
394,Dragodrill,Mind,,Common,dragon,Castle|Sanctum,any,Wednesday,any,96x96,5,,Elecatee,stone,10,20,"Pokemon-style monster creature named ""Dragodrill"". RARITY TIER: Common (simple form, 1-2 distinguishing details). EVOLUTION CHAIN: stage 1 of 2 (chain ""mind_chain_7""). Evolves INTO: ""Elecatee"" (trigger: stone, guaranteed by lvl 20). Foreshadow features that will become more prominent in ""Elecatee"" — keep family identity consistent so the next stage feels like a natural maturation, not a different creature. Maintain visual continuity across the entire 2-stage chain — same family identity, recognizable shape across stages. OUTPUT VIEWS: render three separate images per creature — (1) full-body front view, (2) three-quarter back view rotated ~135 degrees from front, (3) pure side-profile view. GENERATION RES: render at 512x512 for AI quality, then DOWNSCALE to FINAL 96x96 PNG. FINAL IMAGE SPECS: 96x96 PNG, transparent background, indexed palette (max 256 colors), TARGET FILE SIZE: under 5 KB per image. Use clean Pokemon-style line art, vibrant saturated colors, single creature centered in frame, tightly cropped to creature edges (no padding wider than 2px), no text or watermarks."
395,Komodyle,Sound,Crystal,Common,lizard,Forest|Town,any,Thursday,any,96x96,5,,,,,,"Pokemon-style monster creature named ""Komodyle"". RARITY TIER: Common (simple form, 1-2 distinguishing details). OUTPUT VIEWS: render three separate images per creature — (1) full-body front view, (2) three-quarter back view rotated ~135 degrees from front, (3) pure side-profile view. GENERATION RES: render at 512x512 for AI quality, then DOWNSCALE to FINAL 96x96 PNG. FINAL IMAGE SPECS: 96x96 PNG, transparent background, indexed palette (max 256 colors), TARGET FILE SIZE: under 5 KB per image. Use clean Pokemon-style line art, vibrant saturated colors, single creature centered in frame, tightly cropped to creature edges (no padding wider than 2px), no text or watermarks."
396,Armasaur,Time,,Common,mythic-form,Sanctum|Cave,any,any,any,96x96,5,Arachnibble,Armaslash,level,30,45,"Pokemon-style monster creature named ""Armasaur"". RARITY TIER: Common (simple form, 1-2 distinguishing details). EVOLUTION CHAIN: stage 2 of 3 (chain ""time_chain_1""). Pre-evolution: ""Arachnibble"" — this creature evolved FROM ""Arachnibble"". Preserve a recognizably similar body shape and family identity to ""Arachnibble"", but with extra detail layers, larger size (~10-15%), upgraded markings, more pronounced presence. Evolves INTO: ""Armaslash"" (trigger: level, guaranteed by lvl 45). Foreshadow features that will become more prominent in ""Armaslash"" — keep family identity consistent so the next stage feels like a natural maturation, not a different creature. Maintain visual continuity across the entire 3-stage chain — same family identity, recognizable shape across stages. OUTPUT VIEWS: render three separate images per creature — (1) full-body front view, (2) three-quarter back view rotated ~135 degrees from front, (3) pure side-profile view. GENERATION RES: render at 512x512 for AI quality, then DOWNSCALE to FINAL 96x96 PNG. FINAL IMAGE SPECS: 96x96 PNG, transparent background, indexed palette (max 256 colors), TARGET FILE SIZE: under 5 KB per image. Use clean Pokemon-style line art, vibrant saturated colors, single creature centered in frame, tightly cropped to creature edges (no padding wider than 2px), no text or watermarks."
397,Alligasaur,Crystal,Storm,Common,mythic-form,Cave|Mountain|WaterSurface,any,Monday,any,96x96,5,Albatryle,,,,,"Pokemon-style monster creature named ""Alligasaur"". RARITY TIER: Common (simple form, 1-2 distinguishing details). EVOLUTION CHAIN: stage 3 of 3 (chain ""crystal_chain_1""). Pre-evolution: ""Albatryle"" — this creature evolved FROM ""Albatryle"". Preserve a recognizably similar body shape and family identity to ""Albatryle"", but with extra detail layers, larger size (~10-15%), upgraded markings, more pronounced presence. Maintain visual continuity across the entire 3-stage chain — same family identity, recognizable shape across stages. OUTPUT VIEWS: render three separate images per creature — (1) full-body front view, (2) three-quarter back view rotated ~135 degrees from front, (3) pure side-profile view. GENERATION RES: render at 512x512 for AI quality, then DOWNSCALE to FINAL 96x96 PNG. FINAL IMAGE SPECS: 96x96 PNG, transparent background, indexed palette (max 256 colors), TARGET FILE SIZE: under 5 KB per image. Use clean Pokemon-style line art, vibrant saturated colors, single creature centered in frame, tightly cropped to creature edges (no padding wider than 2px), no text or watermarks."
398,Magister,Blood,Aether,Common,beast,Castle|Sanctum|Cave,any,Saturday,any,96x96,5,,,,,,"Pokemon-style monster creature named ""Magister"". RARITY TIER: Common (simple form, 1-2 distinguishing details). OUTPUT VIEWS: render three separate images per creature — (1) full-body front view, (2) three-quarter back view rotated ~135 degrees from front, (3) pure side-profile view. GENERATION RES: render at 512x512 for AI quality, then DOWNSCALE to FINAL 96x96 PNG. FINAL IMAGE SPECS: 96x96 PNG, transparent background, indexed palette (max 256 colors), TARGET FILE SIZE: under 5 KB per image. Use clean Pokemon-style line art, vibrant saturated colors, single creature centered in frame, tightly cropped to creature edges (no padding wider than 2px), no text or watermarks."
399,Flamephin,Fire,,Common,beast,Desert|Cave,any,Saturday,Heat,96x96,5,,Flamisire,moon_full,10,20,"Pokemon-style monster creature named ""Flamephin"". RARITY TIER: Common (simple form, 1-2 distinguishing details). EVOLUTION CHAIN: stage 1 of 2 (chain ""fire_chain_8""). Evolves INTO: ""Flamisire"" (trigger: moon_full, guaranteed by lvl 20). Foreshadow features that will become more prominent in ""Flamisire"" — keep family identity consistent so the next stage feels like a natural maturation, not a different creature. Maintain visual continuity across the entire 2-stage chain — same family identity, recognizable shape across stages. OUTPUT VIEWS: render three separate images per creature — (1) full-body front view, (2) three-quarter back view rotated ~135 degrees from front, (3) pure side-profile view. GENERATION RES: render at 512x512 for AI quality, then DOWNSCALE to FINAL 96x96 PNG. FINAL IMAGE SPECS: 96x96 PNG, transparent background, indexed palette (max 256 colors), TARGET FILE SIZE: under 5 KB per image. Use clean Pokemon-style line art, vibrant saturated colors, single creature centered in frame, tightly cropped to creature edges (no padding wider than 2px), no text or watermarks."
400,Hyecross,Water,Storm,Common,mythic-form,Beach|Harbor|Marsh,any,Friday,Rain,96x96,5,Horropion,,,,,"Pokemon-style monster creature named ""Hyecross"". RARITY TIER: Common (simple form, 1-2 distinguishing details). EVOLUTION CHAIN: stage 2 of 2 (chain ""water_chain_7""). Pre-evolution: ""Horropion"" — this creature evolved FROM ""Horropion"". Preserve a recognizably similar body shape and family identity to ""Horropion"", but with extra detail layers, larger size (~10-15%), upgraded markings, more pronounced presence. Maintain visual continuity across the entire 2-stage chain — same family identity, recognizable shape across stages. OUTPUT VIEWS: render three separate images per creature — (1) full-body front view, (2) three-quarter back view rotated ~135 degrees from front, (3) pure side-profile view. GENERATION RES: render at 512x512 for AI quality, then DOWNSCALE to FINAL 96x96 PNG. FINAL IMAGE SPECS: 96x96 PNG, transparent background, indexed palette (max 256 colors), TARGET FILE SIZE: under 5 KB per image. Use clean Pokemon-style line art, vibrant saturated colors, single creature centered in frame, tightly cropped to creature edges (no padding wider than 2px), no text or watermarks."
401,Viperk,Ice,,Common,snake,Mountain|WaterSurface,any,Wednesday,Snow,96x96,5,,,,,,"Pokemon-style monster creature named ""Viperk"". RARITY TIER: Common (simple form, 1-2 distinguishing details). OUTPUT VIEWS: render three separate images per creature — (1) full-body front view, (2) three-quarter back view rotated ~135 degrees from front, (3) pure side-profile view. GENERATION RES: render at 512x512 for AI quality, then DOWNSCALE to FINAL 96x96 PNG. FINAL IMAGE SPECS: 96x96 PNG, transparent background, indexed palette (max 256 colors), TARGET FILE SIZE: under 5 KB per image. Use clean Pokemon-style line art, vibrant saturated colors, single creature centered in frame, tightly cropped to creature edges (no padding wider than 2px), no text or watermarks."
402,Leonyte,Earth,Fire,Common,amorphous-elemental,Forest|Mountain|Desert,any,Sunday,any,96x96,5,,,,,,"Pokemon-style monster creature named ""Leonyte"". RARITY TIER: Common (simple form, 1-2 distinguishing details). OUTPUT VIEWS: render three separate images per creature — (1) full-body front view, (2) three-quarter back view rotated ~135 degrees from front, (3) pure side-profile view. GENERATION RES: render at 512x512 for AI quality, then DOWNSCALE to FINAL 96x96 PNG. FINAL IMAGE SPECS: 96x96 PNG, transparent background, indexed palette (max 256 colors), TARGET FILE SIZE: under 5 KB per image. Use clean Pokemon-style line art, vibrant saturated colors, single creature centered in frame, tightly cropped to creature edges (no padding wider than 2px), no text or watermarks."
403,Antelobster,Wood,Sound,Common,crab,Forest|Plains,day-preferred,Sunday,any,96x96,5,,Aquatadger,stone,10,20,"Pokemon-style monster creature named ""Antelobster"". RARITY TIER: Common (simple form, 1-2 distinguishing details). EVOLUTION CHAIN: stage 1 of 3 (chain ""wood_chain_1""). Evolves INTO: ""Aquatadger"" (trigger: stone, guaranteed by lvl 20). Foreshadow features that will become more prominent in ""Aquatadger"" — keep family identity consistent so the next stage feels like a natural maturation, not a different creature. Maintain visual continuity across the entire 3-stage chain — same family identity, recognizable shape across stages. OUTPUT VIEWS: render three separate images per creature — (1) full-body front view, (2) three-quarter back view rotated ~135 degrees from front, (3) pure side-profile view. GENERATION RES: render at 512x512 for AI quality, then DOWNSCALE to FINAL 96x96 PNG. FINAL IMAGE SPECS: 96x96 PNG, transparent background, indexed palette (max 256 colors), TARGET FILE SIZE: under 5 KB per image. Use clean Pokemon-style line art, vibrant saturated colors, single creature centered in frame, tightly cropped to creature edges (no padding wider than 2px), no text or watermarks."
404,Ironora,Metal,,Common,spirit-form,Cave|Castle|Harbor,any,Monday,any,96x96,5,,,,,,"Pokemon-style monster creature named ""Ironora"". RARITY TIER: Common (simple form, 1-2 distinguishing details). OUTPUT VIEWS: render three separate images per creature — (1) full-body front view, (2) three-quarter back view rotated ~135 degrees from front, (3) pure side-profile view. GENERATION RES: render at 512x512 for AI quality, then DOWNSCALE to FINAL 96x96 PNG. FINAL IMAGE SPECS: 96x96 PNG, transparent background, indexed palette (max 256 colors), TARGET FILE SIZE: under 5 KB per image. Use clean Pokemon-style line art, vibrant saturated colors, single creature centered in frame, tightly cropped to creature edges (no padding wider than 2px), no text or watermarks."
405,Belluar,Storm,Water,Common,spirit-form,Beach|Mountain,any,Thursday,Rain,96x96,5,,Bonerine,weather_storm,10,20,"Pokemon-style monster creature named ""Belluar"". RARITY TIER: Common (simple form, 1-2 distinguishing details). EVOLUTION CHAIN: stage 1 of 2 (chain ""storm_chain_5""). Evolves INTO: ""Bonerine"" (trigger: weather_storm, guaranteed by lvl 20). Foreshadow features that will become more prominent in ""Bonerine"" — keep family identity consistent so the next stage feels like a natural maturation, not a different creature. Maintain visual continuity across the entire 2-stage chain — same family identity, recognizable shape across stages. OUTPUT VIEWS: render three separate images per creature — (1) full-body front view, (2) three-quarter back view rotated ~135 degrees from front, (3) pure side-profile view. GENERATION RES: render at 512x512 for AI quality, then DOWNSCALE to FINAL 96x96 PNG. FINAL IMAGE SPECS: 96x96 PNG, transparent background, indexed palette (max 256 colors), TARGET FILE SIZE: under 5 KB per image. Use clean Pokemon-style line art, vibrant saturated colors, single creature centered in frame, tightly cropped to creature edges (no padding wider than 2px), no text or watermarks."
406,Brasshopper,Wind,,Common,spirit-form,Plains|Mountain,any,Friday,Foehn,96x96,5,,Buffeaf,level,10,20,"Pokemon-style monster creature named ""Brasshopper"". RARITY TIER: Common (simple form, 1-2 distinguishing details). EVOLUTION CHAIN: stage 1 of 2 (chain ""wind_chain_3""). Evolves INTO: ""Buffeaf"" (trigger: level, guaranteed by lvl 20). Foreshadow features that will become more prominent in ""Buffeaf"" — keep family identity consistent so the next stage feels like a natural maturation, not a different creature. Maintain visual continuity across the entire 2-stage chain — same family identity, recognizable shape across stages. OUTPUT VIEWS: render three separate images per creature — (1) full-body front view, (2) three-quarter back view rotated ~135 degrees from front, (3) pure side-profile view. GENERATION RES: render at 512x512 for AI quality, then DOWNSCALE to FINAL 96x96 PNG. FINAL IMAGE SPECS: 96x96 PNG, transparent background, indexed palette (max 256 colors), TARGET FILE SIZE: under 5 KB per image. Use clean Pokemon-style line art, vibrant saturated colors, single creature centered in frame, tightly cropped to creature edges (no padding wider than 2px), no text or watermarks."
407,Ramdine,Shadow,Light,Common,bipedal-humanoid,Cave|Marsh|Sanctum,night-only,Wednesday,Fog,96x96,5,,,,,,"Pokemon-style monster creature named ""Ramdine"". RARITY TIER: Common (simple form, 1-2 distinguishing details). OUTPUT VIEWS: render three separate images per creature — (1) full-body front view, (2) three-quarter back view rotated ~135 degrees from front, (3) pure side-profile view. GENERATION RES: render at 512x512 for AI quality, then DOWNSCALE to FINAL 96x96 PNG. FINAL IMAGE SPECS: 96x96 PNG, transparent background, indexed palette (max 256 colors), TARGET FILE SIZE: under 5 KB per image. Use clean Pokemon-style line art, vibrant saturated colors, single creature centered in frame, tightly cropped to creature edges (no padding wider than 2px), no text or watermarks."
408,Chickama,Light,Shadow,Common,quadruped,Castle|Sanctum|Town,day-only,Tuesday,any,96x96,5,,Chillutor,level,10,20,"Pokemon-style monster creature named ""Chickama"". RARITY TIER: Common (simple form, 1-2 distinguishing details). EVOLUTION CHAIN: stage 1 of 2 (chain ""light_chain_7""). Evolves INTO: ""Chillutor"" (trigger: level, guaranteed by lvl 20). Foreshadow features that will become more prominent in ""Chillutor"" — keep family identity consistent so the next stage feels like a natural maturation, not a different creature. Maintain visual continuity across the entire 2-stage chain — same family identity, recognizable shape across stages. OUTPUT VIEWS: render three separate images per creature — (1) full-body front view, (2) three-quarter back view rotated ~135 degrees from front, (3) pure side-profile view. GENERATION RES: render at 512x512 for AI quality, then DOWNSCALE to FINAL 96x96 PNG. FINAL IMAGE SPECS: 96x96 PNG, transparent background, indexed palette (max 256 colors), TARGET FILE SIZE: under 5 KB per image. Use clean Pokemon-style line art, vibrant saturated colors, single creature centered in frame, tightly cropped to creature edges (no padding wider than 2px), no text or watermarks."
409,Armadion,Venom,,Common,mythic-form,Marsh|Cave|Sanctum,dawn-dusk-only,Saturday,any,96x96,5,Albatroal,Bealax,level,30,45,"Pokemon-style monster creature named ""Armadion"". RARITY TIER: Common (simple form, 1-2 distinguishing details). EVOLUTION CHAIN: stage 2 of 3 (chain ""venom_chain_1""). Pre-evolution: ""Albatroal"" — this creature evolved FROM ""Albatroal"". Preserve a recognizably similar body shape and family identity to ""Albatroal"", but with extra detail layers, larger size (~10-15%), upgraded markings, more pronounced presence. Evolves INTO: ""Bealax"" (trigger: level, guaranteed by lvl 45). Foreshadow features that will become more prominent in ""Bealax"" — keep family identity consistent so the next stage feels like a natural maturation, not a different creature. Maintain visual continuity across the entire 3-stage chain — same family identity, recognizable shape across stages. OUTPUT VIEWS: render three separate images per creature — (1) full-body front view, (2) three-quarter back view rotated ~135 degrees from front, (3) pure side-profile view. GENERATION RES: render at 512x512 for AI quality, then DOWNSCALE to FINAL 96x96 PNG. FINAL IMAGE SPECS: 96x96 PNG, transparent background, indexed palette (max 256 colors), TARGET FILE SIZE: under 5 KB per image. Use clean Pokemon-style line art, vibrant saturated colors, single creature centered in frame, tightly cropped to creature edges (no padding wider than 2px), no text or watermarks."
410,Badgaring,Cosmic,Light,Common,spirit-form,Sanctum|Mountain,night-only,Wednesday,any,96x96,5,,Barracupid,level,10,20,"Pokemon-style monster creature named ""Badgaring"". RARITY TIER: Common (simple form, 1-2 distinguishing details). EVOLUTION CHAIN: stage 1 of 3 (chain ""cosmic_chain_1""). Evolves INTO: ""Barracupid"" (trigger: level, guaranteed by lvl 20). Foreshadow features that will become more prominent in ""Barracupid"" — keep family identity consistent so the next stage feels like a natural maturation, not a different creature. Maintain visual continuity across the entire 3-stage chain — same family identity, recognizable shape across stages. OUTPUT VIEWS: render three separate images per creature — (1) full-body front view, (2) three-quarter back view rotated ~135 degrees from front, (3) pure side-profile view. GENERATION RES: render at 512x512 for AI quality, then DOWNSCALE to FINAL 96x96 PNG. FINAL IMAGE SPECS: 96x96 PNG, transparent background, indexed palette (max 256 colors), TARGET FILE SIZE: under 5 KB per image. Use clean Pokemon-style line art, vibrant saturated colors, single creature centered in frame, tightly cropped to creature edges (no padding wider than 2px), no text or watermarks."
411,Hypibia,Aether,,Common,mythic-form,Sanctum|Town,any,any,any,96x96,5,,Hypingo,level,10,20,"Pokemon-style monster creature named ""Hypibia"". RARITY TIER: Common (simple form, 1-2 distinguishing details). EVOLUTION CHAIN: stage 1 of 2 (chain ""aether_chain_8""). Evolves INTO: ""Hypingo"" (trigger: level, guaranteed by lvl 20). Foreshadow features that will become more prominent in ""Hypingo"" — keep family identity consistent so the next stage feels like a natural maturation, not a different creature. Maintain visual continuity across the entire 2-stage chain — same family identity, recognizable shape across stages. OUTPUT VIEWS: render three separate images per creature — (1) full-body front view, (2) three-quarter back view rotated ~135 degrees from front, (3) pure side-profile view. GENERATION RES: render at 512x512 for AI quality, then DOWNSCALE to FINAL 96x96 PNG. FINAL IMAGE SPECS: 96x96 PNG, transparent background, indexed palette (max 256 colors), TARGET FILE SIZE: under 5 KB per image. Use clean Pokemon-style line art, vibrant saturated colors, single creature centered in frame, tightly cropped to creature edges (no padding wider than 2px), no text or watermarks."
412,Toactric,Dream,Blood,Common,beast,Forest|Sanctum,night-only,Wednesday,any,96x96,5,,,,,,"Pokemon-style monster creature named ""Toactric"". RARITY TIER: Common (simple form, 1-2 distinguishing details). OUTPUT VIEWS: render three separate images per creature — (1) full-body front view, (2) three-quarter back view rotated ~135 degrees from front, (3) pure side-profile view. GENERATION RES: render at 512x512 for AI quality, then DOWNSCALE to FINAL 96x96 PNG. FINAL IMAGE SPECS: 96x96 PNG, transparent background, indexed palette (max 256 colors), TARGET FILE SIZE: under 5 KB per image. Use clean Pokemon-style line art, vibrant saturated colors, single creature centered in frame, tightly cropped to creature edges (no padding wider than 2px), no text or watermarks."
413,Jollygator,Mind,Venom,Common,quadruped,Castle|Sanctum,any,Wednesday,any,96x96,5,,,,,,"Pokemon-style monster creature named ""Jollygator"". RARITY TIER: Common (simple form, 1-2 distinguishing details). OUTPUT VIEWS: render three separate images per creature — (1) full-body front view, (2) three-quarter back view rotated ~135 degrees from front, (3) pure side-profile view. GENERATION RES: render at 512x512 for AI quality, then DOWNSCALE to FINAL 96x96 PNG. FINAL IMAGE SPECS: 96x96 PNG, transparent background, indexed palette (max 256 colors), TARGET FILE SIZE: under 5 KB per image. Use clean Pokemon-style line art, vibrant saturated colors, single creature centered in frame, tightly cropped to creature edges (no padding wider than 2px), no text or watermarks."
414,Ashguin,Sound,,Common,mythic-form,Forest|Town,any,Thursday,any,96x96,5,,Badgerbil,moon_new,10,20,"Pokemon-style monster creature named ""Ashguin"". RARITY TIER: Common (simple form, 1-2 distinguishing details). EVOLUTION CHAIN: stage 1 of 2 (chain ""sound_chain_2""). Evolves INTO: ""Badgerbil"" (trigger: moon_new, guaranteed by lvl 20). Foreshadow features that will become more prominent in ""Badgerbil"" — keep family identity consistent so the next stage feels like a natural maturation, not a different creature. Maintain visual continuity across the entire 2-stage chain — same family identity, recognizable shape across stages. OUTPUT VIEWS: render three separate images per creature — (1) full-body front view, (2) three-quarter back view rotated ~135 degrees from front, (3) pure side-profile view. GENERATION RES: render at 512x512 for AI quality, then DOWNSCALE to FINAL 96x96 PNG. FINAL IMAGE SPECS: 96x96 PNG, transparent background, indexed palette (max 256 colors), TARGET FILE SIZE: under 5 KB per image. Use clean Pokemon-style line art, vibrant saturated colors, single creature centered in frame, tightly cropped to creature edges (no padding wider than 2px), no text or watermarks."
415,Hyporb,Time,Blood,Common,mythic-form,Sanctum|Cave,any,any,any,96x96,5,,,,,,"Pokemon-style monster creature named ""Hyporb"". RARITY TIER: Common (simple form, 1-2 distinguishing details). OUTPUT VIEWS: render three separate images per creature — (1) full-body front view, (2) three-quarter back view rotated ~135 degrees from front, (3) pure side-profile view. GENERATION RES: render at 512x512 for AI quality, then DOWNSCALE to FINAL 96x96 PNG. FINAL IMAGE SPECS: 96x96 PNG, transparent background, indexed palette (max 256 colors), TARGET FILE SIZE: under 5 KB per image. Use clean Pokemon-style line art, vibrant saturated colors, single creature centered in frame, tightly cropped to creature edges (no padding wider than 2px), no text or watermarks."
416,Lobsteler,Crystal,,Common,crab,Cave|Mountain|WaterSurface,any,Monday,any,96x96,5,,,,,,"Pokemon-style monster creature named ""Lobsteler"". RARITY TIER: Common (simple form, 1-2 distinguishing details). OUTPUT VIEWS: render three separate images per creature — (1) full-body front view, (2) three-quarter back view rotated ~135 degrees from front, (3) pure side-profile view. GENERATION RES: render at 512x512 for AI quality, then DOWNSCALE to FINAL 96x96 PNG. FINAL IMAGE SPECS: 96x96 PNG, transparent background, indexed palette (max 256 colors), TARGET FILE SIZE: under 5 KB per image. Use clean Pokemon-style line art, vibrant saturated colors, single creature centered in frame, tightly cropped to creature edges (no padding wider than 2px), no text or watermarks."
417,Mosqotto,Blood,Time,Common,beast,Castle|Sanctum|Cave,any,Saturday,any,96x96,5,,,,,,"Pokemon-style monster creature named ""Mosqotto"". RARITY TIER: Common (simple form, 1-2 distinguishing details). OUTPUT VIEWS: render three separate images per creature — (1) full-body front view, (2) three-quarter back view rotated ~135 degrees from front, (3) pure side-profile view. GENERATION RES: render at 512x512 for AI quality, then DOWNSCALE to FINAL 96x96 PNG. FINAL IMAGE SPECS: 96x96 PNG, transparent background, indexed palette (max 256 colors), TARGET FILE SIZE: under 5 KB per image. Use clean Pokemon-style line art, vibrant saturated colors, single creature centered in frame, tightly cropped to creature edges (no padding wider than 2px), no text or watermarks."
418,Riotter,Fire,Metal,Common,bipedal-humanoid,Desert|Cave,any,Saturday,Heat,96x96,5,,,,,,"Pokemon-style monster creature named ""Riotter"". RARITY TIER: Common (simple form, 1-2 distinguishing details). OUTPUT VIEWS: render three separate images per creature — (1) full-body front view, (2) three-quarter back view rotated ~135 degrees from front, (3) pure side-profile view. GENERATION RES: render at 512x512 for AI quality, then DOWNSCALE to FINAL 96x96 PNG. FINAL IMAGE SPECS: 96x96 PNG, transparent background, indexed palette (max 256 colors), TARGET FILE SIZE: under 5 KB per image. Use clean Pokemon-style line art, vibrant saturated colors, single creature centered in frame, tightly cropped to creature edges (no padding wider than 2px), no text or watermarks."
419,Ramtile,Water,,Common,bipedal-humanoid,Beach|Harbor|Marsh,any,Friday,Rain,96x96,5,,,,,,"Pokemon-style monster creature named ""Ramtile"". RARITY TIER: Common (simple form, 1-2 distinguishing details). OUTPUT VIEWS: render three separate images per creature — (1) full-body front view, (2) three-quarter back view rotated ~135 degrees from front, (3) pure side-profile view. GENERATION RES: render at 512x512 for AI quality, then DOWNSCALE to FINAL 96x96 PNG. FINAL IMAGE SPECS: 96x96 PNG, transparent background, indexed palette (max 256 colors), TARGET FILE SIZE: under 5 KB per image. Use clean Pokemon-style line art, vibrant saturated colors, single creature centered in frame, tightly cropped to creature edges (no padding wider than 2px), no text or watermarks."
420,Crocoom,Ice,Wood,Common,quadruped,Mountain|WaterSurface,any,Wednesday,Snow,96x96,5,,Demapi,stone,10,20,"Pokemon-style monster creature named ""Crocoom"". RARITY TIER: Common (simple form, 1-2 distinguishing details). EVOLUTION CHAIN: stage 1 of 2 (chain ""ice_chain_7""). Evolves INTO: ""Demapi"" (trigger: stone, guaranteed by lvl 20). Foreshadow features that will become more prominent in ""Demapi"" — keep family identity consistent so the next stage feels like a natural maturation, not a different creature. Maintain visual continuity across the entire 2-stage chain — same family identity, recognizable shape across stages. OUTPUT VIEWS: render three separate images per creature — (1) full-body front view, (2) three-quarter back view rotated ~135 degrees from front, (3) pure side-profile view. GENERATION RES: render at 512x512 for AI quality, then DOWNSCALE to FINAL 96x96 PNG. FINAL IMAGE SPECS: 96x96 PNG, transparent background, indexed palette (max 256 colors), TARGET FILE SIZE: under 5 KB per image. Use clean Pokemon-style line art, vibrant saturated colors, single creature centered in frame, tightly cropped to creature edges (no padding wider than 2px), no text or watermarks."
421,Weaseon,Earth,,Common,spirit-form,Forest|Mountain|Desert,any,Sunday,any,96x96,5,,,,,,"Pokemon-style monster creature named ""Weaseon"". RARITY TIER: Common (simple form, 1-2 distinguishing details). OUTPUT VIEWS: render three separate images per creature — (1) full-body front view, (2) three-quarter back view rotated ~135 degrees from front, (3) pure side-profile view. GENERATION RES: render at 512x512 for AI quality, then DOWNSCALE to FINAL 96x96 PNG. FINAL IMAGE SPECS: 96x96 PNG, transparent background, indexed palette (max 256 colors), TARGET FILE SIZE: under 5 KB per image. Use clean Pokemon-style line art, vibrant saturated colors, single creature centered in frame, tightly cropped to creature edges (no padding wider than 2px), no text or watermarks."
422,Chimpash,Wood,Earth,Common,simian,Forest|Plains,day-preferred,Sunday,any,96x96,5,Chimadillo,,,,,"Pokemon-style monster creature named ""Chimpash"". RARITY TIER: Common (simple form, 1-2 distinguishing details). EVOLUTION CHAIN: stage 2 of 2 (chain ""wood_chain_4""). Pre-evolution: ""Chimadillo"" — this creature evolved FROM ""Chimadillo"". Preserve a recognizably similar body shape and family identity to ""Chimadillo"", but with extra detail layers, larger size (~10-15%), upgraded markings, more pronounced presence. Maintain visual continuity across the entire 2-stage chain — same family identity, recognizable shape across stages. OUTPUT VIEWS: render three separate images per creature — (1) full-body front view, (2) three-quarter back view rotated ~135 degrees from front, (3) pure side-profile view. GENERATION RES: render at 512x512 for AI quality, then DOWNSCALE to FINAL 96x96 PNG. FINAL IMAGE SPECS: 96x96 PNG, transparent background, indexed palette (max 256 colors), TARGET FILE SIZE: under 5 KB per image. Use clean Pokemon-style line art, vibrant saturated colors, single creature centered in frame, tightly cropped to creature edges (no padding wider than 2px), no text or watermarks."
423,Wolvaring,Metal,Ice,Common,wolf,Cave|Castle|Harbor,any,Monday,any,96x96,5,,,,,,"Pokemon-style monster creature named ""Wolvaring"". RARITY TIER: Common (simple form, 1-2 distinguishing details). OUTPUT VIEWS: render three separate images per creature — (1) full-body front view, (2) three-quarter back view rotated ~135 degrees from front, (3) pure side-profile view. GENERATION RES: render at 512x512 for AI quality, then DOWNSCALE to FINAL 96x96 PNG. FINAL IMAGE SPECS: 96x96 PNG, transparent background, indexed palette (max 256 colors), TARGET FILE SIZE: under 5 KB per image. Use clean Pokemon-style line art, vibrant saturated colors, single creature centered in frame, tightly cropped to creature edges (no padding wider than 2px), no text or watermarks."
424,Salazar,Storm,,Common,frog,Beach|Mountain,any,Thursday,Rain,96x96,5,,,,,,"Pokemon-style monster creature named ""Salazar"". RARITY TIER: Common (simple form, 1-2 distinguishing details). OUTPUT VIEWS: render three separate images per creature — (1) full-body front view, (2) three-quarter back view rotated ~135 degrees from front, (3) pure side-profile view. GENERATION RES: render at 512x512 for AI quality, then DOWNSCALE to FINAL 96x96 PNG. FINAL IMAGE SPECS: 96x96 PNG, transparent background, indexed palette (max 256 colors), TARGET FILE SIZE: under 5 KB per image. Use clean Pokemon-style line art, vibrant saturated colors, single creature centered in frame, tightly cropped to creature edges (no padding wider than 2px), no text or watermarks."
425,Terroquito,Wind,Venom,Common,beast,Plains|Mountain,any,Friday,Foehn,96x96,5,,,,,,"Pokemon-style monster creature named ""Terroquito"". RARITY TIER: Common (simple form, 1-2 distinguishing details). OUTPUT VIEWS: render three separate images per creature — (1) full-body front view, (2) three-quarter back view rotated ~135 degrees from front, (3) pure side-profile view. GENERATION RES: render at 512x512 for AI quality, then DOWNSCALE to FINAL 96x96 PNG. FINAL IMAGE SPECS: 96x96 PNG, transparent background, indexed palette (max 256 colors), TARGET FILE SIZE: under 5 KB per image. Use clean Pokemon-style line art, vibrant saturated colors, single creature centered in frame, tightly cropped to creature edges (no padding wider than 2px), no text or watermarks."
426,Brawlphin,Shadow,,Common,spirit-form,Cave|Marsh|Sanctum,night-only,Wednesday,Fog,96x96,5,Blastpecker,,,,,"Pokemon-style monster creature named ""Brawlphin"". RARITY TIER: Common (simple form, 1-2 distinguishing details). EVOLUTION CHAIN: stage 2 of 2 (chain ""shadow_chain_3""). Pre-evolution: ""Blastpecker"" — this creature evolved FROM ""Blastpecker"". Preserve a recognizably similar body shape and family identity to ""Blastpecker"", but with extra detail layers, larger size (~10-15%), upgraded markings, more pronounced presence. Maintain visual continuity across the entire 2-stage chain — same family identity, recognizable shape across stages. OUTPUT VIEWS: render three separate images per creature — (1) full-body front view, (2) three-quarter back view rotated ~135 degrees from front, (3) pure side-profile view. GENERATION RES: render at 512x512 for AI quality, then DOWNSCALE to FINAL 96x96 PNG. FINAL IMAGE SPECS: 96x96 PNG, transparent background, indexed palette (max 256 colors), TARGET FILE SIZE: under 5 KB per image. Use clean Pokemon-style line art, vibrant saturated colors, single creature centered in frame, tightly cropped to creature edges (no padding wider than 2px), no text or watermarks."
427,Balord,Light,Crystal,Common,spirit-form,Castle|Sanctum|Town,day-only,Tuesday,any,96x96,5,,Bambinosaur,weather_rain,10,20,"Pokemon-style monster creature named ""Balord"". RARITY TIER: Common (simple form, 1-2 distinguishing details). EVOLUTION CHAIN: stage 1 of 2 (chain ""light_chain_4""). Evolves INTO: ""Bambinosaur"" (trigger: weather_rain, guaranteed by lvl 20). Foreshadow features that will become more prominent in ""Bambinosaur"" — keep family identity consistent so the next stage feels like a natural maturation, not a different creature. Maintain visual continuity across the entire 2-stage chain — same family identity, recognizable shape across stages. OUTPUT VIEWS: render three separate images per creature — (1) full-body front view, (2) three-quarter back view rotated ~135 degrees from front, (3) pure side-profile view. GENERATION RES: render at 512x512 for AI quality, then DOWNSCALE to FINAL 96x96 PNG. FINAL IMAGE SPECS: 96x96 PNG, transparent background, indexed palette (max 256 colors), TARGET FILE SIZE: under 5 KB per image. Use clean Pokemon-style line art, vibrant saturated colors, single creature centered in frame, tightly cropped to creature edges (no padding wider than 2px), no text or watermarks."
428,Growoose,Venom,Water,Common,reptile,Marsh|Cave|Sanctum,dawn-dusk-only,Saturday,any,96x96,5,,,,,,"Pokemon-style monster creature named ""Growoose"". RARITY TIER: Common (simple form, 1-2 distinguishing details). OUTPUT VIEWS: render three separate images per creature — (1) full-body front view, (2) three-quarter back view rotated ~135 degrees from front, (3) pure side-profile view. GENERATION RES: render at 512x512 for AI quality, then DOWNSCALE to FINAL 96x96 PNG. FINAL IMAGE SPECS: 96x96 PNG, transparent background, indexed palette (max 256 colors), TARGET FILE SIZE: under 5 KB per image. Use clean Pokemon-style line art, vibrant saturated colors, single creature centered in frame, tightly cropped to creature edges (no padding wider than 2px), no text or watermarks."
429,Spinzelle,Cosmic,,Common,amorphous-elemental,Sanctum|Mountain,night-only,Wednesday,any,96x96,5,,,,,,"Pokemon-style monster creature named ""Spinzelle"". RARITY TIER: Common (simple form, 1-2 distinguishing details). OUTPUT VIEWS: render three separate images per creature — (1) full-body front view, (2) three-quarter back view rotated ~135 degrees from front, (3) pure side-profile view. GENERATION RES: render at 512x512 for AI quality, then DOWNSCALE to FINAL 96x96 PNG. FINAL IMAGE SPECS: 96x96 PNG, transparent background, indexed palette (max 256 colors), TARGET FILE SIZE: under 5 KB per image. Use clean Pokemon-style line art, vibrant saturated colors, single creature centered in frame, tightly cropped to creature edges (no padding wider than 2px), no text or watermarks."
430,Shalord,Aether,Cosmic,Common,amorphous-elemental,Sanctum|Town,any,any,any,96x96,5,,,,,,"Pokemon-style monster creature named ""Shalord"". RARITY TIER: Common (simple form, 1-2 distinguishing details). OUTPUT VIEWS: render three separate images per creature — (1) full-body front view, (2) three-quarter back view rotated ~135 degrees from front, (3) pure side-profile view. GENERATION RES: render at 512x512 for AI quality, then DOWNSCALE to FINAL 96x96 PNG. FINAL IMAGE SPECS: 96x96 PNG, transparent background, indexed palette (max 256 colors), TARGET FILE SIZE: under 5 KB per image. Use clean Pokemon-style line art, vibrant saturated colors, single creature centered in frame, tightly cropped to creature edges (no padding wider than 2px), no text or watermarks."
431,Quickron,Dream,,Common,quadruped,Forest|Sanctum,night-only,Wednesday,any,96x96,5,,,,,,"Pokemon-style monster creature named ""Quickron"". RARITY TIER: Common (simple form, 1-2 distinguishing details). OUTPUT VIEWS: render three separate images per creature — (1) full-body front view, (2) three-quarter back view rotated ~135 degrees from front, (3) pure side-profile view. GENERATION RES: render at 512x512 for AI quality, then DOWNSCALE to FINAL 96x96 PNG. FINAL IMAGE SPECS: 96x96 PNG, transparent background, indexed palette (max 256 colors), TARGET FILE SIZE: under 5 KB per image. Use clean Pokemon-style line art, vibrant saturated colors, single creature centered in frame, tightly cropped to creature edges (no padding wider than 2px), no text or watermarks."
432,Magmabug,Mind,Sound,Common,insect,Castle|Sanctum,any,Wednesday,any,96x96,5,,,,,,"Pokemon-style monster creature named ""Magmabug"". RARITY TIER: Common (simple form, 1-2 distinguishing details). OUTPUT VIEWS: render three separate images per creature — (1) full-body front view, (2) three-quarter back view rotated ~135 degrees from front, (3) pure side-profile view. GENERATION RES: render at 512x512 for AI quality, then DOWNSCALE to FINAL 96x96 PNG. FINAL IMAGE SPECS: 96x96 PNG, transparent background, indexed palette (max 256 colors), TARGET FILE SIZE: under 5 KB per image. Use clean Pokemon-style line art, vibrant saturated colors, single creature centered in frame, tightly cropped to creature edges (no padding wider than 2px), no text or watermarks."
433,Quilphin,Sound,Wind,Common,quadruped,Forest|Town,any,Thursday,any,96x96,5,,,,,,"Pokemon-style monster creature named ""Quilphin"". RARITY TIER: Common (simple form, 1-2 distinguishing details). OUTPUT VIEWS: render three separate images per creature — (1) full-body front view, (2) three-quarter back view rotated ~135 degrees from front, (3) pure side-profile view. GENERATION RES: render at 512x512 for AI quality, then DOWNSCALE to FINAL 96x96 PNG. FINAL IMAGE SPECS: 96x96 PNG, transparent background, indexed palette (max 256 colors), TARGET FILE SIZE: under 5 KB per image. Use clean Pokemon-style line art, vibrant saturated colors, single creature centered in frame, tightly cropped to creature edges (no padding wider than 2px), no text or watermarks."
434,Quackal,Time,,Common,quadruped,Sanctum|Cave,any,any,any,96x96,5,,,,,,"Pokemon-style monster creature named ""Quackal"". RARITY TIER: Common (simple form, 1-2 distinguishing details). OUTPUT VIEWS: render three separate images per creature — (1) full-body front view, (2) three-quarter back view rotated ~135 degrees from front, (3) pure side-profile view. GENERATION RES: render at 512x512 for AI quality, then DOWNSCALE to FINAL 96x96 PNG. FINAL IMAGE SPECS: 96x96 PNG, transparent background, indexed palette (max 256 colors), TARGET FILE SIZE: under 5 KB per image. Use clean Pokemon-style line art, vibrant saturated colors, single creature centered in frame, tightly cropped to creature edges (no padding wider than 2px), no text or watermarks."
435,Koalou,Crystal,Earth,Common,bipedal-humanoid,Cave|Mountain|WaterSurface,any,Monday,any,96x96,5,,,,,,"Pokemon-style monster creature named ""Koalou"". RARITY TIER: Common (simple form, 1-2 distinguishing details). OUTPUT VIEWS: render three separate images per creature — (1) full-body front view, (2) three-quarter back view rotated ~135 degrees from front, (3) pure side-profile view. GENERATION RES: render at 512x512 for AI quality, then DOWNSCALE to FINAL 96x96 PNG. FINAL IMAGE SPECS: 96x96 PNG, transparent background, indexed palette (max 256 colors), TARGET FILE SIZE: under 5 KB per image. Use clean Pokemon-style line art, vibrant saturated colors, single creature centered in frame, tightly cropped to creature edges (no padding wider than 2px), no text or watermarks."
436,Vultops,Blood,,Common,mythic-form,Castle|Sanctum|Cave,any,Saturday,any,96x96,5,,,,,,"Pokemon-style monster creature named ""Vultops"". RARITY TIER: Common (simple form, 1-2 distinguishing details). OUTPUT VIEWS: render three separate images per creature — (1) full-body front view, (2) three-quarter back view rotated ~135 degrees from front, (3) pure side-profile view. GENERATION RES: render at 512x512 for AI quality, then DOWNSCALE to FINAL 96x96 PNG. FINAL IMAGE SPECS: 96x96 PNG, transparent background, indexed palette (max 256 colors), TARGET FILE SIZE: under 5 KB per image. Use clean Pokemon-style line art, vibrant saturated colors, single creature centered in frame, tightly cropped to creature edges (no padding wider than 2px), no text or watermarks."
437,Flamislash,Fire,Ice,Common,beast,Desert|Cave,any,Saturday,Heat,96x96,5,,,,,,"Pokemon-style monster creature named ""Flamislash"". RARITY TIER: Common (simple form, 1-2 distinguishing details). OUTPUT VIEWS: render three separate images per creature — (1) full-body front view, (2) three-quarter back view rotated ~135 degrees from front, (3) pure side-profile view. GENERATION RES: render at 512x512 for AI quality, then DOWNSCALE to FINAL 96x96 PNG. FINAL IMAGE SPECS: 96x96 PNG, transparent background, indexed palette (max 256 colors), TARGET FILE SIZE: under 5 KB per image. Use clean Pokemon-style line art, vibrant saturated colors, single creature centered in frame, tightly cropped to creature edges (no padding wider than 2px), no text or watermarks."
438,Magmingo,Water,Fire,Common,beast,Beach|Harbor|Marsh,any,Friday,Rain,96x96,5,,,,,,"Pokemon-style monster creature named ""Magmingo"". RARITY TIER: Common (simple form, 1-2 distinguishing details). OUTPUT VIEWS: render three separate images per creature — (1) full-body front view, (2) three-quarter back view rotated ~135 degrees from front, (3) pure side-profile view. GENERATION RES: render at 512x512 for AI quality, then DOWNSCALE to FINAL 96x96 PNG. FINAL IMAGE SPECS: 96x96 PNG, transparent background, indexed palette (max 256 colors), TARGET FILE SIZE: under 5 KB per image. Use clean Pokemon-style line art, vibrant saturated colors, single creature centered in frame, tightly cropped to creature edges (no padding wider than 2px), no text or watermarks."
439,Caterpion,Ice,,Common,cat,Mountain|WaterSurface,any,Wednesday,Snow,96x96,5,,Catetle,level,10,20,"Pokemon-style monster creature named ""Caterpion"". RARITY TIER: Common (simple form, 1-2 distinguishing details). EVOLUTION CHAIN: stage 1 of 2 (chain ""ice_chain_4""). Evolves INTO: ""Catetle"" (trigger: level, guaranteed by lvl 20). Foreshadow features that will become more prominent in ""Catetle"" — keep family identity consistent so the next stage feels like a natural maturation, not a different creature. Maintain visual continuity across the entire 2-stage chain — same family identity, recognizable shape across stages. OUTPUT VIEWS: render three separate images per creature — (1) full-body front view, (2) three-quarter back view rotated ~135 degrees from front, (3) pure side-profile view. GENERATION RES: render at 512x512 for AI quality, then DOWNSCALE to FINAL 96x96 PNG. FINAL IMAGE SPECS: 96x96 PNG, transparent background, indexed palette (max 256 colors), TARGET FILE SIZE: under 5 KB per image. Use clean Pokemon-style line art, vibrant saturated colors, single creature centered in frame, tightly cropped to creature edges (no padding wider than 2px), no text or watermarks."
440,Kangaroar,Earth,Storm,Common,bipedal-humanoid,Forest|Mountain|Desert,any,Sunday,any,96x96,5,,,,,,"Pokemon-style monster creature named ""Kangaroar"". RARITY TIER: Common (simple form, 1-2 distinguishing details). OUTPUT VIEWS: render three separate images per creature — (1) full-body front view, (2) three-quarter back view rotated ~135 degrees from front, (3) pure side-profile view. GENERATION RES: render at 512x512 for AI quality, then DOWNSCALE to FINAL 96x96 PNG. FINAL IMAGE SPECS: 96x96 PNG, transparent background, indexed palette (max 256 colors), TARGET FILE SIZE: under 5 KB per image. Use clean Pokemon-style line art, vibrant saturated colors, single creature centered in frame, tightly cropped to creature edges (no padding wider than 2px), no text or watermarks."
441,Jaguava,Wood,,Common,quadruped,Forest|Plains,day-preferred,Sunday,any,96x96,5,,,,,,"Pokemon-style monster creature named ""Jaguava"". RARITY TIER: Common (simple form, 1-2 distinguishing details). OUTPUT VIEWS: render three separate images per creature — (1) full-body front view, (2) three-quarter back view rotated ~135 degrees from front, (3) pure side-profile view. GENERATION RES: render at 512x512 for AI quality, then DOWNSCALE to FINAL 96x96 PNG. FINAL IMAGE SPECS: 96x96 PNG, transparent background, indexed palette (max 256 colors), TARGET FILE SIZE: under 5 KB per image. Use clean Pokemon-style line art, vibrant saturated colors, single creature centered in frame, tightly cropped to creature edges (no padding wider than 2px), no text or watermarks."
442,Huntowary,Metal,Wind,Common,mythic-form,Cave|Castle|Harbor,any,Monday,any,96x96,5,,,,,,"Pokemon-style monster creature named ""Huntowary"". RARITY TIER: Common (simple form, 1-2 distinguishing details). OUTPUT VIEWS: render three separate images per creature — (1) full-body front view, (2) three-quarter back view rotated ~135 degrees from front, (3) pure side-profile view. GENERATION RES: render at 512x512 for AI quality, then DOWNSCALE to FINAL 96x96 PNG. FINAL IMAGE SPECS: 96x96 PNG, transparent background, indexed palette (max 256 colors), TARGET FILE SIZE: under 5 KB per image. Use clean Pokemon-style line art, vibrant saturated colors, single creature centered in frame, tightly cropped to creature edges (no padding wider than 2px), no text or watermarks."
443,Hippopithe,Storm,Wind,Common,mythic-form,Beach|Mountain,any,Thursday,Rain,96x96,5,,,,,,"Pokemon-style monster creature named ""Hippopithe"". RARITY TIER: Common (simple form, 1-2 distinguishing details). OUTPUT VIEWS: render three separate images per creature — (1) full-body front view, (2) three-quarter back view rotated ~135 degrees from front, (3) pure side-profile view. GENERATION RES: render at 512x512 for AI quality, then DOWNSCALE to FINAL 96x96 PNG. FINAL IMAGE SPECS: 96x96 PNG, transparent background, indexed palette (max 256 colors), TARGET FILE SIZE: under 5 KB per image. Use clean Pokemon-style line art, vibrant saturated colors, single creature centered in frame, tightly cropped to creature edges (no padding wider than 2px), no text or watermarks."
444,Growanzee,Wind,,Common,reptile,Plains|Mountain,any,Friday,Foehn,96x96,5,,,,,,"Pokemon-style monster creature named ""Growanzee"". RARITY TIER: Common (simple form, 1-2 distinguishing details). OUTPUT VIEWS: render three separate images per creature — (1) full-body front view, (2) three-quarter back view rotated ~135 degrees from front, (3) pure side-profile view. GENERATION RES: render at 512x512 for AI quality, then DOWNSCALE to FINAL 96x96 PNG. FINAL IMAGE SPECS: 96x96 PNG, transparent background, indexed palette (max 256 colors), TARGET FILE SIZE: under 5 KB per image. Use clean Pokemon-style line art, vibrant saturated colors, single creature centered in frame, tightly cropped to creature edges (no padding wider than 2px), no text or watermarks."
445,Whirling,Shadow,Dream,Common,spirit-form,Cave|Marsh|Sanctum,night-only,Wednesday,Fog,96x96,5,,,,,,"Pokemon-style monster creature named ""Whirling"". RARITY TIER: Common (simple form, 1-2 distinguishing details). OUTPUT VIEWS: render three separate images per creature — (1) full-body front view, (2) three-quarter back view rotated ~135 degrees from front, (3) pure side-profile view. GENERATION RES: render at 512x512 for AI quality, then DOWNSCALE to FINAL 96x96 PNG. FINAL IMAGE SPECS: 96x96 PNG, transparent background, indexed palette (max 256 colors), TARGET FILE SIZE: under 5 KB per image. Use clean Pokemon-style line art, vibrant saturated colors, single creature centered in frame, tightly cropped to creature edges (no padding wider than 2px), no text or watermarks."
446,Blastbat,Light,,Common,spirit-form,Castle|Sanctum|Town,day-only,Tuesday,any,96x96,5,,Charora,level,10,20,"Pokemon-style monster creature named ""Blastbat"". RARITY TIER: Common (simple form, 1-2 distinguishing details). EVOLUTION CHAIN: stage 1 of 3 (chain ""light_chain_6""). Evolves INTO: ""Charora"" (trigger: level, guaranteed by lvl 20). Foreshadow features that will become more prominent in ""Charora"" — keep family identity consistent so the next stage feels like a natural maturation, not a different creature. Maintain visual continuity across the entire 3-stage chain — same family identity, recognizable shape across stages. OUTPUT VIEWS: render three separate images per creature — (1) full-body front view, (2) three-quarter back view rotated ~135 degrees from front, (3) pure side-profile view. GENERATION RES: render at 512x512 for AI quality, then DOWNSCALE to FINAL 96x96 PNG. FINAL IMAGE SPECS: 96x96 PNG, transparent background, indexed palette (max 256 colors), TARGET FILE SIZE: under 5 KB per image. Use clean Pokemon-style line art, vibrant saturated colors, single creature centered in frame, tightly cropped to creature edges (no padding wider than 2px), no text or watermarks."
447,Chilloyote,Venom,Wood,Common,quadruped,Marsh|Cave|Sanctum,dawn-dusk-only,Saturday,any,96x96,5,,Chimpanzyss,moon_full,10,20,"Pokemon-style monster creature named ""Chilloyote"". RARITY TIER: Common (simple form, 1-2 distinguishing details). EVOLUTION CHAIN: stage 1 of 2 (chain ""venom_chain_5""). Evolves INTO: ""Chimpanzyss"" (trigger: moon_full, guaranteed by lvl 20). Foreshadow features that will become more prominent in ""Chimpanzyss"" — keep family identity consistent so the next stage feels like a natural maturation, not a different creature. Maintain visual continuity across the entire 2-stage chain — same family identity, recognizable shape across stages. OUTPUT VIEWS: render three separate images per creature — (1) full-body front view, (2) three-quarter back view rotated ~135 degrees from front, (3) pure side-profile view. GENERATION RES: render at 512x512 for AI quality, then DOWNSCALE to FINAL 96x96 PNG. FINAL IMAGE SPECS: 96x96 PNG, transparent background, indexed palette (max 256 colors), TARGET FILE SIZE: under 5 KB per image. Use clean Pokemon-style line art, vibrant saturated colors, single creature centered in frame, tightly cropped to creature edges (no padding wider than 2px), no text or watermarks."
448,Quilling,Cosmic,Time,Common,quadruped,Sanctum|Mountain,night-only,Wednesday,any,96x96,5,,,,,,"Pokemon-style monster creature named ""Quilling"". RARITY TIER: Common (simple form, 1-2 distinguishing details). OUTPUT VIEWS: render three separate images per creature — (1) full-body front view, (2) three-quarter back view rotated ~135 degrees from front, (3) pure side-profile view. GENERATION RES: render at 512x512 for AI quality, then DOWNSCALE to FINAL 96x96 PNG. FINAL IMAGE SPECS: 96x96 PNG, transparent background, indexed palette (max 256 colors), TARGET FILE SIZE: under 5 KB per image. Use clean Pokemon-style line art, vibrant saturated colors, single creature centered in frame, tightly cropped to creature edges (no padding wider than 2px), no text or watermarks."
449,Kangamite,Aether,,Common,bipedal-humanoid,Sanctum|Town,any,any,any,96x96,5,,,,,,"Pokemon-style monster creature named ""Kangamite"". RARITY TIER: Common (simple form, 1-2 distinguishing details). OUTPUT VIEWS: render three separate images per creature — (1) full-body front view, (2) three-quarter back view rotated ~135 degrees from front, (3) pure side-profile view. GENERATION RES: render at 512x512 for AI quality, then DOWNSCALE to FINAL 96x96 PNG. FINAL IMAGE SPECS: 96x96 PNG, transparent background, indexed palette (max 256 colors), TARGET FILE SIZE: under 5 KB per image. Use clean Pokemon-style line art, vibrant saturated colors, single creature centered in frame, tightly cropped to creature edges (no padding wider than 2px), no text or watermarks."
450,Flamepecker,Dream,Mind,Common,beast,Forest|Sanctum,night-only,Wednesday,any,96x96,5,,,,,,"Pokemon-style monster creature named ""Flamepecker"". RARITY TIER: Common (simple form, 1-2 distinguishing details). OUTPUT VIEWS: render three separate images per creature — (1) full-body front view, (2) three-quarter back view rotated ~135 degrees from front, (3) pure side-profile view. GENERATION RES: render at 512x512 for AI quality, then DOWNSCALE to FINAL 96x96 PNG. FINAL IMAGE SPECS: 96x96 PNG, transparent background, indexed palette (max 256 colors), TARGET FILE SIZE: under 5 KB per image. Use clean Pokemon-style line art, vibrant saturated colors, single creature centered in frame, tightly cropped to creature edges (no padding wider than 2px), no text or watermarks."
451,Eleros,Mind,,Common,amorphous-elemental,Castle|Sanctum,any,Wednesday,any,96x96,5,,Falcolord,moon_full,10,20,"Pokemon-style monster creature named ""Eleros"". RARITY TIER: Common (simple form, 1-2 distinguishing details). EVOLUTION CHAIN: stage 1 of 2 (chain ""mind_chain_8""). Evolves INTO: ""Falcolord"" (trigger: moon_full, guaranteed by lvl 20). Foreshadow features that will become more prominent in ""Falcolord"" — keep family identity consistent so the next stage feels like a natural maturation, not a different creature. Maintain visual continuity across the entire 2-stage chain — same family identity, recognizable shape across stages. OUTPUT VIEWS: render three separate images per creature — (1) full-body front view, (2) three-quarter back view rotated ~135 degrees from front, (3) pure side-profile view. GENERATION RES: render at 512x512 for AI quality, then DOWNSCALE to FINAL 96x96 PNG. FINAL IMAGE SPECS: 96x96 PNG, transparent background, indexed palette (max 256 colors), TARGET FILE SIZE: under 5 KB per image. Use clean Pokemon-style line art, vibrant saturated colors, single creature centered in frame, tightly cropped to creature edges (no padding wider than 2px), no text or watermarks."
452,Crocodoom,Sound,Crystal,Common,quadruped,Forest|Town,any,Thursday,any,96x96,5,,,,,,"Pokemon-style monster creature named ""Crocodoom"". RARITY TIER: Common (simple form, 1-2 distinguishing details). OUTPUT VIEWS: render three separate images per creature — (1) full-body front view, (2) three-quarter back view rotated ~135 degrees from front, (3) pure side-profile view. GENERATION RES: render at 512x512 for AI quality, then DOWNSCALE to FINAL 96x96 PNG. FINAL IMAGE SPECS: 96x96 PNG, transparent background, indexed palette (max 256 colors), TARGET FILE SIZE: under 5 KB per image. Use clean Pokemon-style line art, vibrant saturated colors, single creature centered in frame, tightly cropped to creature edges (no padding wider than 2px), no text or watermarks."
453,Shelmadillo,Time,Light,Common,crab,Sanctum|Cave,any,any,any,96x96,5,,,,,,"Pokemon-style monster creature named ""Shelmadillo"". RARITY TIER: Common (simple form, 1-2 distinguishing details). OUTPUT VIEWS: render three separate images per creature — (1) full-body front view, (2) three-quarter back view rotated ~135 degrees from front, (3) pure side-profile view. GENERATION RES: render at 512x512 for AI quality, then DOWNSCALE to FINAL 96x96 PNG. FINAL IMAGE SPECS: 96x96 PNG, transparent background, indexed palette (max 256 colors), TARGET FILE SIZE: under 5 KB per image. Use clean Pokemon-style line art, vibrant saturated colors, single creature centered in frame, tightly cropped to creature edges (no padding wider than 2px), no text or watermarks."
454,Falcoton,Crystal,,Common,beast,Cave|Mountain|WaterSurface,any,Monday,any,96x96,5,Elemadillo,Fiervark,stone,30,45,"Pokemon-style monster creature named ""Falcoton"". RARITY TIER: Common (simple form, 1-2 distinguishing details). EVOLUTION CHAIN: stage 2 of 3 (chain ""crystal_chain_6""). Pre-evolution: ""Elemadillo"" — this creature evolved FROM ""Elemadillo"". Preserve a recognizably similar body shape and family identity to ""Elemadillo"", but with extra detail layers, larger size (~10-15%), upgraded markings, more pronounced presence. Evolves INTO: ""Fiervark"" (trigger: stone, guaranteed by lvl 45). Foreshadow features that will become more prominent in ""Fiervark"" — keep family identity consistent so the next stage feels like a natural maturation, not a different creature. Maintain visual continuity across the entire 3-stage chain — same family identity, recognizable shape across stages. OUTPUT VIEWS: render three separate images per creature — (1) full-body front view, (2) three-quarter back view rotated ~135 degrees from front, (3) pure side-profile view. GENERATION RES: render at 512x512 for AI quality, then DOWNSCALE to FINAL 96x96 PNG. FINAL IMAGE SPECS: 96x96 PNG, transparent background, indexed palette (max 256 colors), TARGET FILE SIZE: under 5 KB per image. Use clean Pokemon-style line art, vibrant saturated colors, single creature centered in frame, tightly cropped to creature edges (no padding wider than 2px), no text or watermarks."
455,Crocodrill,Blood,Aether,Common,quadruped,Castle|Sanctum|Cave,any,Saturday,any,96x96,5,Crazehopper,,,,,"Pokemon-style monster creature named ""Crocodrill"". RARITY TIER: Common (simple form, 1-2 distinguishing details). EVOLUTION CHAIN: stage 3 of 3 (chain ""blood_chain_6""). Pre-evolution: ""Crazehopper"" — this creature evolved FROM ""Crazehopper"". Preserve a recognizably similar body shape and family identity to ""Crazehopper"", but with extra detail layers, larger size (~10-15%), upgraded markings, more pronounced presence. Maintain visual continuity across the entire 3-stage chain — same family identity, recognizable shape across stages. OUTPUT VIEWS: render three separate images per creature — (1) full-body front view, (2) three-quarter back view rotated ~135 degrees from front, (3) pure side-profile view. GENERATION RES: render at 512x512 for AI quality, then DOWNSCALE to FINAL 96x96 PNG. FINAL IMAGE SPECS: 96x96 PNG, transparent background, indexed palette (max 256 colors), TARGET FILE SIZE: under 5 KB per image. Use clean Pokemon-style line art, vibrant saturated colors, single creature centered in frame, tightly cropped to creature edges (no padding wider than 2px), no text or watermarks."
456,Beatric,Fire,,Common,spirit-form,Desert|Cave,any,Saturday,Heat,96x96,5,Beatle,,,,,"Pokemon-style monster creature named ""Beatric"". RARITY TIER: Common (simple form, 1-2 distinguishing details). EVOLUTION CHAIN: stage 3 of 3 (chain ""fire_chain_1""). Pre-evolution: ""Beatle"" — this creature evolved FROM ""Beatle"". Preserve a recognizably similar body shape and family identity to ""Beatle"", but with extra detail layers, larger size (~10-15%), upgraded markings, more pronounced presence. Maintain visual continuity across the entire 3-stage chain — same family identity, recognizable shape across stages. OUTPUT VIEWS: render three separate images per creature — (1) full-body front view, (2) three-quarter back view rotated ~135 degrees from front, (3) pure side-profile view. GENERATION RES: render at 512x512 for AI quality, then DOWNSCALE to FINAL 96x96 PNG. FINAL IMAGE SPECS: 96x96 PNG, transparent background, indexed palette (max 256 colors), TARGET FILE SIZE: under 5 KB per image. Use clean Pokemon-style line art, vibrant saturated colors, single creature centered in frame, tightly cropped to creature edges (no padding wider than 2px), no text or watermarks."
457,Tigung,Water,Storm,Common,beast,Beach|Harbor|Marsh,any,Friday,Rain,96x96,5,,,,,,"Pokemon-style monster creature named ""Tigung"". RARITY TIER: Common (simple form, 1-2 distinguishing details). OUTPUT VIEWS: render three separate images per creature — (1) full-body front view, (2) three-quarter back view rotated ~135 degrees from front, (3) pure side-profile view. GENERATION RES: render at 512x512 for AI quality, then DOWNSCALE to FINAL 96x96 PNG. FINAL IMAGE SPECS: 96x96 PNG, transparent background, indexed palette (max 256 colors), TARGET FILE SIZE: under 5 KB per image. Use clean Pokemon-style line art, vibrant saturated colors, single creature centered in frame, tightly cropped to creature edges (no padding wider than 2px), no text or watermarks."
458,Chimemingo,Ice,Wind,Common,quadruped,Mountain|WaterSurface,any,Wednesday,Snow,96x96,5,Cherdorurth,,,,,"Pokemon-style monster creature named ""Chimemingo"". RARITY TIER: Common (simple form, 1-2 distinguishing details). EVOLUTION CHAIN: stage 2 of 2 (chain ""ice_chain_5""). Pre-evolution: ""Cherdorurth"" — this creature evolved FROM ""Cherdorurth"". Preserve a recognizably similar body shape and family identity to ""Cherdorurth"", but with extra detail layers, larger size (~10-15%), upgraded markings, more pronounced presence. Maintain visual continuity across the entire 2-stage chain — same family identity, recognizable shape across stages. OUTPUT VIEWS: render three separate images per creature — (1) full-body front view, (2) three-quarter back view rotated ~135 degrees from front, (3) pure side-profile view. GENERATION RES: render at 512x512 for AI quality, then DOWNSCALE to FINAL 96x96 PNG. FINAL IMAGE SPECS: 96x96 PNG, transparent background, indexed palette (max 256 colors), TARGET FILE SIZE: under 5 KB per image. Use clean Pokemon-style line art, vibrant saturated colors, single creature centered in frame, tightly cropped to creature edges (no padding wider than 2px), no text or watermarks."
459,Huntilla,Earth,,Common,mythic-form,Forest|Mountain|Desert,any,Sunday,any,96x96,5,,,,,,"Pokemon-style monster creature named ""Huntilla"". RARITY TIER: Common (simple form, 1-2 distinguishing details). OUTPUT VIEWS: render three separate images per creature — (1) full-body front view, (2) three-quarter back view rotated ~135 degrees from front, (3) pure side-profile view. GENERATION RES: render at 512x512 for AI quality, then DOWNSCALE to FINAL 96x96 PNG. FINAL IMAGE SPECS: 96x96 PNG, transparent background, indexed palette (max 256 colors), TARGET FILE SIZE: under 5 KB per image. Use clean Pokemon-style line art, vibrant saturated colors, single creature centered in frame, tightly cropped to creature edges (no padding wider than 2px), no text or watermarks."
460,Fuzebra,Wood,Sound,Common,beast,Forest|Plains,day-preferred,Sunday,any,96x96,5,,,,,,"Pokemon-style monster creature named ""Fuzebra"". RARITY TIER: Common (simple form, 1-2 distinguishing details). OUTPUT VIEWS: render three separate images per creature — (1) full-body front view, (2) three-quarter back view rotated ~135 degrees from front, (3) pure side-profile view. GENERATION RES: render at 512x512 for AI quality, then DOWNSCALE to FINAL 96x96 PNG. FINAL IMAGE SPECS: 96x96 PNG, transparent background, indexed palette (max 256 colors), TARGET FILE SIZE: under 5 KB per image. Use clean Pokemon-style line art, vibrant saturated colors, single creature centered in frame, tightly cropped to creature edges (no padding wider than 2px), no text or watermarks."
461,Bamboa,Metal,,Common,spirit-form,Cave|Castle|Harbor,any,Monday,any,96x96,5,Aquatorb,,,,,"Pokemon-style monster creature named ""Bamboa"". RARITY TIER: Common (simple form, 1-2 distinguishing details). EVOLUTION CHAIN: stage 3 of 3 (chain ""metal_chain_1""). Pre-evolution: ""Aquatorb"" — this creature evolved FROM ""Aquatorb"". Preserve a recognizably similar body shape and family identity to ""Aquatorb"", but with extra detail layers, larger size (~10-15%), upgraded markings, more pronounced presence. Maintain visual continuity across the entire 3-stage chain — same family identity, recognizable shape across stages. OUTPUT VIEWS: render three separate images per creature — (1) full-body front view, (2) three-quarter back view rotated ~135 degrees from front, (3) pure side-profile view. GENERATION RES: render at 512x512 for AI quality, then DOWNSCALE to FINAL 96x96 PNG. FINAL IMAGE SPECS: 96x96 PNG, transparent background, indexed palette (max 256 colors), TARGET FILE SIZE: under 5 KB per image. Use clean Pokemon-style line art, vibrant saturated colors, single creature centered in frame, tightly cropped to creature edges (no padding wider than 2px), no text or watermarks."
462,Hunterpillar,Storm,Water,Common,mythic-form,Beach|Mountain,any,Thursday,Rain,96x96,5,,,,,,"Pokemon-style monster creature named ""Hunterpillar"". RARITY TIER: Common (simple form, 1-2 distinguishing details). OUTPUT VIEWS: render three separate images per creature — (1) full-body front view, (2) three-quarter back view rotated ~135 degrees from front, (3) pure side-profile view. GENERATION RES: render at 512x512 for AI quality, then DOWNSCALE to FINAL 96x96 PNG. FINAL IMAGE SPECS: 96x96 PNG, transparent background, indexed palette (max 256 colors), TARGET FILE SIZE: under 5 KB per image. Use clean Pokemon-style line art, vibrant saturated colors, single creature centered in frame, tightly cropped to creature edges (no padding wider than 2px), no text or watermarks."
463,Groron,Wind,Earth,Common,reptile,Plains|Mountain,any,Friday,Foehn,96x96,5,,,,,,"Pokemon-style monster creature named ""Groron"". RARITY TIER: Common (simple form, 1-2 distinguishing details). OUTPUT VIEWS: render three separate images per creature — (1) full-body front view, (2) three-quarter back view rotated ~135 degrees from front, (3) pure side-profile view. GENERATION RES: render at 512x512 for AI quality, then DOWNSCALE to FINAL 96x96 PNG. FINAL IMAGE SPECS: 96x96 PNG, transparent background, indexed palette (max 256 colors), TARGET FILE SIZE: under 5 KB per image. Use clean Pokemon-style line art, vibrant saturated colors, single creature centered in frame, tightly cropped to creature edges (no padding wider than 2px), no text or watermarks."
464,Bealow,Shadow,,Common,spirit-form,Cave|Marsh|Sanctum,night-only,Wednesday,Fog,96x96,5,,Berriot,level,10,20,"Pokemon-style monster creature named ""Bealow"". RARITY TIER: Common (simple form, 1-2 distinguishing details). EVOLUTION CHAIN: stage 1 of 2 (chain ""shadow_chain_2""). Evolves INTO: ""Berriot"" (trigger: level, guaranteed by lvl 20). Foreshadow features that will become more prominent in ""Berriot"" — keep family identity consistent so the next stage feels like a natural maturation, not a different creature. Maintain visual continuity across the entire 2-stage chain — same family identity, recognizable shape across stages. OUTPUT VIEWS: render three separate images per creature — (1) full-body front view, (2) three-quarter back view rotated ~135 degrees from front, (3) pure side-profile view. GENERATION RES: render at 512x512 for AI quality, then DOWNSCALE to FINAL 96x96 PNG. FINAL IMAGE SPECS: 96x96 PNG, transparent background, indexed palette (max 256 colors), TARGET FILE SIZE: under 5 KB per image. Use clean Pokemon-style line art, vibrant saturated colors, single creature centered in frame, tightly cropped to creature edges (no padding wider than 2px), no text or watermarks."
465,Bambinosaur,Light,Shadow,Common,spirit-form,Castle|Sanctum|Town,day-only,Tuesday,any,96x96,5,Balord,,,,,"Pokemon-style monster creature named ""Bambinosaur"". RARITY TIER: Common (simple form, 1-2 distinguishing details). EVOLUTION CHAIN: stage 2 of 2 (chain ""light_chain_4""). Pre-evolution: ""Balord"" — this creature evolved FROM ""Balord"". Preserve a recognizably similar body shape and family identity to ""Balord"", but with extra detail layers, larger size (~10-15%), upgraded markings, more pronounced presence. Maintain visual continuity across the entire 2-stage chain — same family identity, recognizable shape across stages. OUTPUT VIEWS: render three separate images per creature — (1) full-body front view, (2) three-quarter back view rotated ~135 degrees from front, (3) pure side-profile view. GENERATION RES: render at 512x512 for AI quality, then DOWNSCALE to FINAL 96x96 PNG. FINAL IMAGE SPECS: 96x96 PNG, transparent background, indexed palette (max 256 colors), TARGET FILE SIZE: under 5 KB per image. Use clean Pokemon-style line art, vibrant saturated colors, single creature centered in frame, tightly cropped to creature edges (no padding wider than 2px), no text or watermarks."
466,Gladiabat,Venom,,Common,reptile,Marsh|Cave|Sanctum,dawn-dusk-only,Saturday,any,96x96,5,,,,,,"Pokemon-style monster creature named ""Gladiabat"". RARITY TIER: Common (simple form, 1-2 distinguishing details). OUTPUT VIEWS: render three separate images per creature — (1) full-body front view, (2) three-quarter back view rotated ~135 degrees from front, (3) pure side-profile view. GENERATION RES: render at 512x512 for AI quality, then DOWNSCALE to FINAL 96x96 PNG. FINAL IMAGE SPECS: 96x96 PNG, transparent background, indexed palette (max 256 colors), TARGET FILE SIZE: under 5 KB per image. Use clean Pokemon-style line art, vibrant saturated colors, single creature centered in frame, tightly cropped to creature edges (no padding wider than 2px), no text or watermarks."
467,Eaglide,Cosmic,Light,Common,bird,Sanctum|Mountain,night-only,Wednesday,any,96x96,5,Doompie,Elecboon,moon_new,30,45,"Pokemon-style monster creature named ""Eaglide"". RARITY TIER: Common (simple form, 1-2 distinguishing details). EVOLUTION CHAIN: stage 2 of 3 (chain ""cosmic_chain_6""). Pre-evolution: ""Doompie"" — this creature evolved FROM ""Doompie"". Preserve a recognizably similar body shape and family identity to ""Doompie"", but with extra detail layers, larger size (~10-15%), upgraded markings, more pronounced presence. Evolves INTO: ""Elecboon"" (trigger: moon_new, guaranteed by lvl 45). Foreshadow features that will become more prominent in ""Elecboon"" — keep family identity consistent so the next stage feels like a natural maturation, not a different creature. Maintain visual continuity across the entire 3-stage chain — same family identity, recognizable shape across stages. OUTPUT VIEWS: render three separate images per creature — (1) full-body front view, (2) three-quarter back view rotated ~135 degrees from front, (3) pure side-profile view. GENERATION RES: render at 512x512 for AI quality, then DOWNSCALE to FINAL 96x96 PNG. FINAL IMAGE SPECS: 96x96 PNG, transparent background, indexed palette (max 256 colors), TARGET FILE SIZE: under 5 KB per image. Use clean Pokemon-style line art, vibrant saturated colors, single creature centered in frame, tightly cropped to creature edges (no padding wider than 2px), no text or watermarks."
468,Vultureat,Aether,Shadow,Common,mythic-form,Sanctum|Town,any,any,any,96x96,5,,,,,,"Pokemon-style monster creature named ""Vultureat"". RARITY TIER: Common (simple form, 1-2 distinguishing details). OUTPUT VIEWS: render three separate images per creature — (1) full-body front view, (2) three-quarter back view rotated ~135 degrees from front, (3) pure side-profile view. GENERATION RES: render at 512x512 for AI quality, then DOWNSCALE to FINAL 96x96 PNG. FINAL IMAGE SPECS: 96x96 PNG, transparent background, indexed palette (max 256 colors), TARGET FILE SIZE: under 5 KB per image. Use clean Pokemon-style line art, vibrant saturated colors, single creature centered in frame, tightly cropped to creature edges (no padding wider than 2px), no text or watermarks."
469,Hitmantis,Dream,,Common,insect,Forest|Sanctum,night-only,Wednesday,any,96x96,5,,,,,,"Pokemon-style monster creature named ""Hitmantis"". RARITY TIER: Common (simple form, 1-2 distinguishing details). OUTPUT VIEWS: render three separate images per creature — (1) full-body front view, (2) three-quarter back view rotated ~135 degrees from front, (3) pure side-profile view. GENERATION RES: render at 512x512 for AI quality, then DOWNSCALE to FINAL 96x96 PNG. FINAL IMAGE SPECS: 96x96 PNG, transparent background, indexed palette (max 256 colors), TARGET FILE SIZE: under 5 KB per image. Use clean Pokemon-style line art, vibrant saturated colors, single creature centered in frame, tightly cropped to creature edges (no padding wider than 2px), no text or watermarks."
470,Bonepion,Mind,Venom,Common,spirit-form,Castle|Sanctum,any,Wednesday,any,96x96,5,Blazebra,,,,,"Pokemon-style monster creature named ""Bonepion"". RARITY TIER: Common (simple form, 1-2 distinguishing details). EVOLUTION CHAIN: stage 3 of 3 (chain ""mind_chain_1""). Pre-evolution: ""Blazebra"" — this creature evolved FROM ""Blazebra"". Preserve a recognizably similar body shape and family identity to ""Blazebra"", but with extra detail layers, larger size (~10-15%), upgraded markings, more pronounced presence. Maintain visual continuity across the entire 3-stage chain — same family identity, recognizable shape across stages. OUTPUT VIEWS: render three separate images per creature — (1) full-body front view, (2) three-quarter back view rotated ~135 degrees from front, (3) pure side-profile view. GENERATION RES: render at 512x512 for AI quality, then DOWNSCALE to FINAL 96x96 PNG. FINAL IMAGE SPECS: 96x96 PNG, transparent background, indexed palette (max 256 colors), TARGET FILE SIZE: under 5 KB per image. Use clean Pokemon-style line art, vibrant saturated colors, single creature centered in frame, tightly cropped to creature edges (no padding wider than 2px), no text or watermarks."
471,Chamelix,Sound,,Common,quadruped,Forest|Town,any,Thursday,any,96x96,5,,Chimmyn,stone,10,20,"Pokemon-style monster creature named ""Chamelix"". RARITY TIER: Common (simple form, 1-2 distinguishing details). EVOLUTION CHAIN: stage 1 of 2 (chain ""sound_chain_8""). Evolves INTO: ""Chimmyn"" (trigger: stone, guaranteed by lvl 20). Foreshadow features that will become more prominent in ""Chimmyn"" — keep family identity consistent so the next stage feels like a natural maturation, not a different creature. Maintain visual continuity across the entire 2-stage chain — same family identity, recognizable shape across stages. OUTPUT VIEWS: render three separate images per creature — (1) full-body front view, (2) three-quarter back view rotated ~135 degrees from front, (3) pure side-profile view. GENERATION RES: render at 512x512 for AI quality, then DOWNSCALE to FINAL 96x96 PNG. FINAL IMAGE SPECS: 96x96 PNG, transparent background, indexed palette (max 256 colors), TARGET FILE SIZE: under 5 KB per image. Use clean Pokemon-style line art, vibrant saturated colors, single creature centered in frame, tightly cropped to creature edges (no padding wider than 2px), no text or watermarks."
472,Porcupike,Time,Blood,Common,spirit-form,Sanctum|Cave,any,any,any,96x96,5,,,,,,"Pokemon-style monster creature named ""Porcupike"". RARITY TIER: Common (simple form, 1-2 distinguishing details). OUTPUT VIEWS: render three separate images per creature — (1) full-body front view, (2) three-quarter back view rotated ~135 degrees from front, (3) pure side-profile view. GENERATION RES: render at 512x512 for AI quality, then DOWNSCALE to FINAL 96x96 PNG. FINAL IMAGE SPECS: 96x96 PNG, transparent background, indexed palette (max 256 colors), TARGET FILE SIZE: under 5 KB per image. Use clean Pokemon-style line art, vibrant saturated colors, single creature centered in frame, tightly cropped to creature edges (no padding wider than 2px), no text or watermarks."
473,Gorifree,Crystal,Wind,Common,reptile,Cave|Mountain|WaterSurface,any,Monday,any,96x96,5,,,,,,"Pokemon-style monster creature named ""Gorifree"". RARITY TIER: Common (simple form, 1-2 distinguishing details). OUTPUT VIEWS: render three separate images per creature — (1) full-body front view, (2) three-quarter back view rotated ~135 degrees from front, (3) pure side-profile view. GENERATION RES: render at 512x512 for AI quality, then DOWNSCALE to FINAL 96x96 PNG. FINAL IMAGE SPECS: 96x96 PNG, transparent background, indexed palette (max 256 colors), TARGET FILE SIZE: under 5 KB per image. Use clean Pokemon-style line art, vibrant saturated colors, single creature centered in frame, tightly cropped to creature edges (no padding wider than 2px), no text or watermarks."
474,Dranyte,Blood,,Common,bipedal-humanoid,Castle|Sanctum|Cave,any,Saturday,any,96x96,5,Dolphung,,,,,"Pokemon-style monster creature named ""Dranyte"". RARITY TIER: Common (simple form, 1-2 distinguishing details). EVOLUTION CHAIN: stage 2 of 2 (chain ""blood_chain_8""). Pre-evolution: ""Dolphung"" — this creature evolved FROM ""Dolphung"". Preserve a recognizably similar body shape and family identity to ""Dolphung"", but with extra detail layers, larger size (~10-15%), upgraded markings, more pronounced presence. Maintain visual continuity across the entire 2-stage chain — same family identity, recognizable shape across stages. OUTPUT VIEWS: render three separate images per creature — (1) full-body front view, (2) three-quarter back view rotated ~135 degrees from front, (3) pure side-profile view. GENERATION RES: render at 512x512 for AI quality, then DOWNSCALE to FINAL 96x96 PNG. FINAL IMAGE SPECS: 96x96 PNG, transparent background, indexed palette (max 256 colors), TARGET FILE SIZE: under 5 KB per image. Use clean Pokemon-style line art, vibrant saturated colors, single creature centered in frame, tightly cropped to creature edges (no padding wider than 2px), no text or watermarks."
475,Slowroach,Fire,Metal,Common,amorphous-elemental,Desert|Cave,any,Saturday,Heat,96x96,5,,,,,,"Pokemon-style monster creature named ""Slowroach"". RARITY TIER: Common (simple form, 1-2 distinguishing details). OUTPUT VIEWS: render three separate images per creature — (1) full-body front view, (2) three-quarter back view rotated ~135 degrees from front, (3) pure side-profile view. GENERATION RES: render at 512x512 for AI quality, then DOWNSCALE to FINAL 96x96 PNG. FINAL IMAGE SPECS: 96x96 PNG, transparent background, indexed palette (max 256 colors), TARGET FILE SIZE: under 5 KB per image. Use clean Pokemon-style line art, vibrant saturated colors, single creature centered in frame, tightly cropped to creature edges (no padding wider than 2px), no text or watermarks."
476,Koastar,Water,,Common,bipedal-humanoid,Beach|Harbor|Marsh,any,Friday,Rain,96x96,5,,,,,,"Pokemon-style monster creature named ""Koastar"". RARITY TIER: Common (simple form, 1-2 distinguishing details). OUTPUT VIEWS: render three separate images per creature — (1) full-body front view, (2) three-quarter back view rotated ~135 degrees from front, (3) pure side-profile view. GENERATION RES: render at 512x512 for AI quality, then DOWNSCALE to FINAL 96x96 PNG. FINAL IMAGE SPECS: 96x96 PNG, transparent background, indexed palette (max 256 colors), TARGET FILE SIZE: under 5 KB per image. Use clean Pokemon-style line art, vibrant saturated colors, single creature centered in frame, tightly cropped to creature edges (no padding wider than 2px), no text or watermarks."
477,Hyenite,Ice,Wood,Common,mythic-form,Mountain|WaterSurface,any,Wednesday,Snow,96x96,5,,,,,,"Pokemon-style monster creature named ""Hyenite"". RARITY TIER: Common (simple form, 1-2 distinguishing details). OUTPUT VIEWS: render three separate images per creature — (1) full-body front view, (2) three-quarter back view rotated ~135 degrees from front, (3) pure side-profile view. GENERATION RES: render at 512x512 for AI quality, then DOWNSCALE to FINAL 96x96 PNG. FINAL IMAGE SPECS: 96x96 PNG, transparent background, indexed palette (max 256 colors), TARGET FILE SIZE: under 5 KB per image. Use clean Pokemon-style line art, vibrant saturated colors, single creature centered in frame, tightly cropped to creature edges (no padding wider than 2px), no text or watermarks."
478,Fiewing,Earth,Crystal,Common,bird,Forest|Mountain|Desert,any,Sunday,any,96x96,5,,,,,,"Pokemon-style monster creature named ""Fiewing"". RARITY TIER: Common (simple form, 1-2 distinguishing details). OUTPUT VIEWS: render three separate images per creature — (1) full-body front view, (2) three-quarter back view rotated ~135 degrees from front, (3) pure side-profile view. GENERATION RES: render at 512x512 for AI quality, then DOWNSCALE to FINAL 96x96 PNG. FINAL IMAGE SPECS: 96x96 PNG, transparent background, indexed palette (max 256 colors), TARGET FILE SIZE: under 5 KB per image. Use clean Pokemon-style line art, vibrant saturated colors, single creature centered in frame, tightly cropped to creature edges (no padding wider than 2px), no text or watermarks."
479,Barracite,Wood,,Common,spirit-form,Forest|Plains,day-preferred,Sunday,any,96x96,5,Badgoth,,,,,"Pokemon-style monster creature named ""Barracite"". RARITY TIER: Common (simple form, 1-2 distinguishing details). EVOLUTION CHAIN: stage 2 of 2 (chain ""wood_chain_2""). Pre-evolution: ""Badgoth"" — this creature evolved FROM ""Badgoth"". Preserve a recognizably similar body shape and family identity to ""Badgoth"", but with extra detail layers, larger size (~10-15%), upgraded markings, more pronounced presence. Maintain visual continuity across the entire 2-stage chain — same family identity, recognizable shape across stages. OUTPUT VIEWS: render three separate images per creature — (1) full-body front view, (2) three-quarter back view rotated ~135 degrees from front, (3) pure side-profile view. GENERATION RES: render at 512x512 for AI quality, then DOWNSCALE to FINAL 96x96 PNG. FINAL IMAGE SPECS: 96x96 PNG, transparent background, indexed palette (max 256 colors), TARGET FILE SIZE: under 5 KB per image. Use clean Pokemon-style line art, vibrant saturated colors, single creature centered in frame, tightly cropped to creature edges (no padding wider than 2px), no text or watermarks."
480,Lobstith,Metal,Ice,Common,crab,Cave|Castle|Harbor,any,Monday,any,96x96,5,,,,,,"Pokemon-style monster creature named ""Lobstith"". RARITY TIER: Common (simple form, 1-2 distinguishing details). OUTPUT VIEWS: render three separate images per creature — (1) full-body front view, (2) three-quarter back view rotated ~135 degrees from front, (3) pure side-profile view. GENERATION RES: render at 512x512 for AI quality, then DOWNSCALE to FINAL 96x96 PNG. FINAL IMAGE SPECS: 96x96 PNG, transparent background, indexed palette (max 256 colors), TARGET FILE SIZE: under 5 KB per image. Use clean Pokemon-style line art, vibrant saturated colors, single creature centered in frame, tightly cropped to creature edges (no padding wider than 2px), no text or watermarks."
481,Flufferine,Storm,,Common,beast,Beach|Mountain,any,Thursday,Rain,96x96,5,,,,,,"Pokemon-style monster creature named ""Flufferine"". RARITY TIER: Common (simple form, 1-2 distinguishing details). OUTPUT VIEWS: render three separate images per creature — (1) full-body front view, (2) three-quarter back view rotated ~135 degrees from front, (3) pure side-profile view. GENERATION RES: render at 512x512 for AI quality, then DOWNSCALE to FINAL 96x96 PNG. FINAL IMAGE SPECS: 96x96 PNG, transparent background, indexed palette (max 256 colors), TARGET FILE SIZE: under 5 KB per image. Use clean Pokemon-style line art, vibrant saturated colors, single creature centered in frame, tightly cropped to creature edges (no padding wider than 2px), no text or watermarks."
482,Baboom,Wind,Venom,Common,spirit-form,Plains|Mountain,any,Friday,Foehn,96x96,5,,Belling,moon_new,10,20,"Pokemon-style monster creature named ""Baboom"". RARITY TIER: Common (simple form, 1-2 distinguishing details). EVOLUTION CHAIN: stage 1 of 2 (chain ""wind_chain_2""). Evolves INTO: ""Belling"" (trigger: moon_new, guaranteed by lvl 20). Foreshadow features that will become more prominent in ""Belling"" — keep family identity consistent so the next stage feels like a natural maturation, not a different creature. Maintain visual continuity across the entire 2-stage chain — same family identity, recognizable shape across stages. OUTPUT VIEWS: render three separate images per creature — (1) full-body front view, (2) three-quarter back view rotated ~135 degrees from front, (3) pure side-profile view. GENERATION RES: render at 512x512 for AI quality, then DOWNSCALE to FINAL 96x96 PNG. FINAL IMAGE SPECS: 96x96 PNG, transparent background, indexed palette (max 256 colors), TARGET FILE SIZE: under 5 KB per image. Use clean Pokemon-style line art, vibrant saturated colors, single creature centered in frame, tightly cropped to creature edges (no padding wider than 2px), no text or watermarks."
483,Basire,Shadow,Mind,Common,spirit-form,Cave|Marsh|Sanctum,night-only,Wednesday,Fog,96x96,5,Ashking,,,,,"Pokemon-style monster creature named ""Basire"". RARITY TIER: Common (simple form, 1-2 distinguishing details). EVOLUTION CHAIN: stage 3 of 3 (chain ""shadow_chain_1""). Pre-evolution: ""Ashking"" — this creature evolved FROM ""Ashking"". Preserve a recognizably similar body shape and family identity to ""Ashking"", but with extra detail layers, larger size (~10-15%), upgraded markings, more pronounced presence. Maintain visual continuity across the entire 3-stage chain — same family identity, recognizable shape across stages. OUTPUT VIEWS: render three separate images per creature — (1) full-body front view, (2) three-quarter back view rotated ~135 degrees from front, (3) pure side-profile view. GENERATION RES: render at 512x512 for AI quality, then DOWNSCALE to FINAL 96x96 PNG. FINAL IMAGE SPECS: 96x96 PNG, transparent background, indexed palette (max 256 colors), TARGET FILE SIZE: under 5 KB per image. Use clean Pokemon-style line art, vibrant saturated colors, single creature centered in frame, tightly cropped to creature edges (no padding wider than 2px), no text or watermarks."
484,Ashrilla,Light,,Common,mythic-form,Castle|Sanctum|Town,day-only,Tuesday,any,96x96,5,Ashossum,,,,,"Pokemon-style monster creature named ""Ashrilla"". RARITY TIER: Common (simple form, 1-2 distinguishing details). EVOLUTION CHAIN: stage 2 of 2 (chain ""light_chain_2""). Pre-evolution: ""Ashossum"" — this creature evolved FROM ""Ashossum"". Preserve a recognizably similar body shape and family identity to ""Ashossum"", but with extra detail layers, larger size (~10-15%), upgraded markings, more pronounced presence. Maintain visual continuity across the entire 2-stage chain — same family identity, recognizable shape across stages. OUTPUT VIEWS: render three separate images per creature — (1) full-body front view, (2) three-quarter back view rotated ~135 degrees from front, (3) pure side-profile view. GENERATION RES: render at 512x512 for AI quality, then DOWNSCALE to FINAL 96x96 PNG. FINAL IMAGE SPECS: 96x96 PNG, transparent background, indexed palette (max 256 colors), TARGET FILE SIZE: under 5 KB per image. Use clean Pokemon-style line art, vibrant saturated colors, single creature centered in frame, tightly cropped to creature edges (no padding wider than 2px), no text or watermarks."
485,Rockarak,Venom,Water,Common,bipedal-humanoid,Marsh|Cave|Sanctum,dawn-dusk-only,Saturday,any,96x96,5,,,,,,"Pokemon-style monster creature named ""Rockarak"". RARITY TIER: Common (simple form, 1-2 distinguishing details). OUTPUT VIEWS: render three separate images per creature — (1) full-body front view, (2) three-quarter back view rotated ~135 degrees from front, (3) pure side-profile view. GENERATION RES: render at 512x512 for AI quality, then DOWNSCALE to FINAL 96x96 PNG. FINAL IMAGE SPECS: 96x96 PNG, transparent background, indexed palette (max 256 colors), TARGET FILE SIZE: under 5 KB per image. Use clean Pokemon-style line art, vibrant saturated colors, single creature centered in frame, tightly cropped to creature edges (no padding wider than 2px), no text or watermarks."
486,Hippopith,Cosmic,,Common,mythic-form,Sanctum|Mountain,night-only,Wednesday,any,96x96,5,,,,,,"Pokemon-style monster creature named ""Hippopith"". RARITY TIER: Common (simple form, 1-2 distinguishing details). OUTPUT VIEWS: render three separate images per creature — (1) full-body front view, (2) three-quarter back view rotated ~135 degrees from front, (3) pure side-profile view. GENERATION RES: render at 512x512 for AI quality, then DOWNSCALE to FINAL 96x96 PNG. FINAL IMAGE SPECS: 96x96 PNG, transparent background, indexed palette (max 256 colors), TARGET FILE SIZE: under 5 KB per image. Use clean Pokemon-style line art, vibrant saturated colors, single creature centered in frame, tightly cropped to creature edges (no padding wider than 2px), no text or watermarks."
487,Magpine,Aether,Cosmic,Common,beast,Sanctum|Town,any,any,any,96x96,5,,,,,,"Pokemon-style monster creature named ""Magpine"". RARITY TIER: Common (simple form, 1-2 distinguishing details). OUTPUT VIEWS: render three separate images per creature — (1) full-body front view, (2) three-quarter back view rotated ~135 degrees from front, (3) pure side-profile view. GENERATION RES: render at 512x512 for AI quality, then DOWNSCALE to FINAL 96x96 PNG. FINAL IMAGE SPECS: 96x96 PNG, transparent background, indexed palette (max 256 colors), TARGET FILE SIZE: under 5 KB per image. Use clean Pokemon-style line art, vibrant saturated colors, single creature centered in frame, tightly cropped to creature edges (no padding wider than 2px), no text or watermarks."
488,Spipecker,Dream,Time,Common,amorphous-elemental,Forest|Sanctum,night-only,Wednesday,any,96x96,5,,,,,,"Pokemon-style monster creature named ""Spipecker"". RARITY TIER: Common (simple form, 1-2 distinguishing details). OUTPUT VIEWS: render three separate images per creature — (1) full-body front view, (2) three-quarter back view rotated ~135 degrees from front, (3) pure side-profile view. GENERATION RES: render at 512x512 for AI quality, then DOWNSCALE to FINAL 96x96 PNG. FINAL IMAGE SPECS: 96x96 PNG, transparent background, indexed palette (max 256 colors), TARGET FILE SIZE: under 5 KB per image. Use clean Pokemon-style line art, vibrant saturated colors, single creature centered in frame, tightly cropped to creature edges (no padding wider than 2px), no text or watermarks."
489,Quiling,Mind,,Common,quadruped,Castle|Sanctum,any,Wednesday,any,96x96,5,,,,,,"Pokemon-style monster creature named ""Quiling"". RARITY TIER: Common (simple form, 1-2 distinguishing details). OUTPUT VIEWS: render three separate images per creature — (1) full-body front view, (2) three-quarter back view rotated ~135 degrees from front, (3) pure side-profile view. GENERATION RES: render at 512x512 for AI quality, then DOWNSCALE to FINAL 96x96 PNG. FINAL IMAGE SPECS: 96x96 PNG, transparent background, indexed palette (max 256 colors), TARGET FILE SIZE: under 5 KB per image. Use clean Pokemon-style line art, vibrant saturated colors, single creature centered in frame, tightly cropped to creature edges (no padding wider than 2px), no text or watermarks."
490,Alligaros,Sound,Wind,Common,mythic-form,Forest|Town,any,Thursday,any,96x96,5,Albatruna,Alphatross,weather_storm,30,45,"Pokemon-style monster creature named ""Alligaros"". RARITY TIER: Common (simple form, 1-2 distinguishing details). EVOLUTION CHAIN: stage 2 of 3 (chain ""sound_chain_1""). Pre-evolution: ""Albatruna"" — this creature evolved FROM ""Albatruna"". Preserve a recognizably similar body shape and family identity to ""Albatruna"", but with extra detail layers, larger size (~10-15%), upgraded markings, more pronounced presence. Evolves INTO: ""Alphatross"" (trigger: weather_storm, guaranteed by lvl 45). Foreshadow features that will become more prominent in ""Alphatross"" — keep family identity consistent so the next stage feels like a natural maturation, not a different creature. Maintain visual continuity across the entire 3-stage chain — same family identity, recognizable shape across stages. OUTPUT VIEWS: render three separate images per creature — (1) full-body front view, (2) three-quarter back view rotated ~135 degrees from front, (3) pure side-profile view. GENERATION RES: render at 512x512 for AI quality, then DOWNSCALE to FINAL 96x96 PNG. FINAL IMAGE SPECS: 96x96 PNG, transparent background, indexed palette (max 256 colors), TARGET FILE SIZE: under 5 KB per image. Use clean Pokemon-style line art, vibrant saturated colors, single creature centered in frame, tightly cropped to creature edges (no padding wider than 2px), no text or watermarks."
491,Leopepi,Time,,Common,amorphous-elemental,Sanctum|Cave,any,any,any,96x96,5,,,,,,"Pokemon-style monster creature named ""Leopepi"". RARITY TIER: Common (simple form, 1-2 distinguishing details). OUTPUT VIEWS: render three separate images per creature — (1) full-body front view, (2) three-quarter back view rotated ~135 degrees from front, (3) pure side-profile view. GENERATION RES: render at 512x512 for AI quality, then DOWNSCALE to FINAL 96x96 PNG. FINAL IMAGE SPECS: 96x96 PNG, transparent background, indexed palette (max 256 colors), TARGET FILE SIZE: under 5 KB per image. Use clean Pokemon-style line art, vibrant saturated colors, single creature centered in frame, tightly cropped to creature edges (no padding wider than 2px), no text or watermarks."
492,Steeloon,Crystal,Earth,Common,amorphous-elemental,Cave|Mountain|WaterSurface,any,Monday,any,96x96,5,,,,,,"Pokemon-style monster creature named ""Steeloon"". RARITY TIER: Common (simple form, 1-2 distinguishing details). OUTPUT VIEWS: render three separate images per creature — (1) full-body front view, (2) three-quarter back view rotated ~135 degrees from front, (3) pure side-profile view. GENERATION RES: render at 512x512 for AI quality, then DOWNSCALE to FINAL 96x96 PNG. FINAL IMAGE SPECS: 96x96 PNG, transparent background, indexed palette (max 256 colors), TARGET FILE SIZE: under 5 KB per image. Use clean Pokemon-style line art, vibrant saturated colors, single creature centered in frame, tightly cropped to creature edges (no padding wider than 2px), no text or watermarks."
493,Salamire,Blood,Crystal,Common,frog,Castle|Sanctum|Cave,any,Saturday,any,96x96,5,,,,,,"Pokemon-style monster creature named ""Salamire"". RARITY TIER: Common (simple form, 1-2 distinguishing details). OUTPUT VIEWS: render three separate images per creature — (1) full-body front view, (2) three-quarter back view rotated ~135 degrees from front, (3) pure side-profile view. GENERATION RES: render at 512x512 for AI quality, then DOWNSCALE to FINAL 96x96 PNG. FINAL IMAGE SPECS: 96x96 PNG, transparent background, indexed palette (max 256 colors), TARGET FILE SIZE: under 5 KB per image. Use clean Pokemon-style line art, vibrant saturated colors, single creature centered in frame, tightly cropped to creature edges (no padding wider than 2px), no text or watermarks."
494,Flamisire,Fire,,Common,beast,Desert|Cave,any,Saturday,Heat,96x96,5,Flamephin,,,,,"Pokemon-style monster creature named ""Flamisire"". RARITY TIER: Common (simple form, 1-2 distinguishing details). EVOLUTION CHAIN: stage 2 of 2 (chain ""fire_chain_8""). Pre-evolution: ""Flamephin"" — this creature evolved FROM ""Flamephin"". Preserve a recognizably similar body shape and family identity to ""Flamephin"", but with extra detail layers, larger size (~10-15%), upgraded markings, more pronounced presence. Maintain visual continuity across the entire 2-stage chain — same family identity, recognizable shape across stages. OUTPUT VIEWS: render three separate images per creature — (1) full-body front view, (2) three-quarter back view rotated ~135 degrees from front, (3) pure side-profile view. GENERATION RES: render at 512x512 for AI quality, then DOWNSCALE to FINAL 96x96 PNG. FINAL IMAGE SPECS: 96x96 PNG, transparent background, indexed palette (max 256 colors), TARGET FILE SIZE: under 5 KB per image. Use clean Pokemon-style line art, vibrant saturated colors, single creature centered in frame, tightly cropped to creature edges (no padding wider than 2px), no text or watermarks."
495,Lemithe,Water,Fire,Common,amorphous-elemental,Beach|Harbor|Marsh,any,Friday,Rain,96x96,5,,,,,,"Pokemon-style monster creature named ""Lemithe"". RARITY TIER: Common (simple form, 1-2 distinguishing details). OUTPUT VIEWS: render three separate images per creature — (1) full-body front view, (2) three-quarter back view rotated ~135 degrees from front, (3) pure side-profile view. GENERATION RES: render at 512x512 for AI quality, then DOWNSCALE to FINAL 96x96 PNG. FINAL IMAGE SPECS: 96x96 PNG, transparent background, indexed palette (max 256 colors), TARGET FILE SIZE: under 5 KB per image. Use clean Pokemon-style line art, vibrant saturated colors, single creature centered in frame, tightly cropped to creature edges (no padding wider than 2px), no text or watermarks."
496,Porcuros,Ice,,Common,spirit-form,Mountain|WaterSurface,any,Wednesday,Snow,96x96,5,,,,,,"Pokemon-style monster creature named ""Porcuros"". RARITY TIER: Common (simple form, 1-2 distinguishing details). OUTPUT VIEWS: render three separate images per creature — (1) full-body front view, (2) three-quarter back view rotated ~135 degrees from front, (3) pure side-profile view. GENERATION RES: render at 512x512 for AI quality, then DOWNSCALE to FINAL 96x96 PNG. FINAL IMAGE SPECS: 96x96 PNG, transparent background, indexed palette (max 256 colors), TARGET FILE SIZE: under 5 KB per image. Use clean Pokemon-style line art, vibrant saturated colors, single creature centered in frame, tightly cropped to creature edges (no padding wider than 2px), no text or watermarks."
497,Spinish,Earth,Storm,Common,amorphous-elemental,Forest|Mountain|Desert,any,Sunday,any,96x96,5,,,,,,"Pokemon-style monster creature named ""Spinish"". RARITY TIER: Common (simple form, 1-2 distinguishing details). OUTPUT VIEWS: render three separate images per creature — (1) full-body front view, (2) three-quarter back view rotated ~135 degrees from front, (3) pure side-profile view. GENERATION RES: render at 512x512 for AI quality, then DOWNSCALE to FINAL 96x96 PNG. FINAL IMAGE SPECS: 96x96 PNG, transparent background, indexed palette (max 256 colors), TARGET FILE SIZE: under 5 KB per image. Use clean Pokemon-style line art, vibrant saturated colors, single creature centered in frame, tightly cropped to creature edges (no padding wider than 2px), no text or watermarks."
498,Steelroach,Wood,Water,Common,amorphous-elemental,Forest|Plains,day-preferred,Sunday,any,96x96,5,,,,,,"Pokemon-style monster creature named ""Steelroach"". RARITY TIER: Common (simple form, 1-2 distinguishing details). OUTPUT VIEWS: render three separate images per creature — (1) full-body front view, (2) three-quarter back view rotated ~135 degrees from front, (3) pure side-profile view. GENERATION RES: render at 512x512 for AI quality, then DOWNSCALE to FINAL 96x96 PNG. FINAL IMAGE SPECS: 96x96 PNG, transparent background, indexed palette (max 256 colors), TARGET FILE SIZE: under 5 KB per image. Use clean Pokemon-style line art, vibrant saturated colors, single creature centered in frame, tightly cropped to creature edges (no padding wider than 2px), no text or watermarks."
499,Voltbat,Metal,,Common,mythic-form,Cave|Castle|Harbor,any,Monday,any,96x96,5,,,,,,"Pokemon-style monster creature named ""Voltbat"". RARITY TIER: Common (simple form, 1-2 distinguishing details). OUTPUT VIEWS: render three separate images per creature — (1) full-body front view, (2) three-quarter back view rotated ~135 degrees from front, (3) pure side-profile view. GENERATION RES: render at 512x512 for AI quality, then DOWNSCALE to FINAL 96x96 PNG. FINAL IMAGE SPECS: 96x96 PNG, transparent background, indexed palette (max 256 colors), TARGET FILE SIZE: under 5 KB per image. Use clean Pokemon-style line art, vibrant saturated colors, single creature centered in frame, tightly cropped to creature edges (no padding wider than 2px), no text or watermarks."
500,Gazire,Storm,Wind,Common,reptile,Beach|Mountain,any,Thursday,Rain,96x96,5,,,,,,"Pokemon-style monster creature named ""Gazire"". RARITY TIER: Common (simple form, 1-2 distinguishing details). OUTPUT VIEWS: render three separate images per creature — (1) full-body front view, (2) three-quarter back view rotated ~135 degrees from front, (3) pure side-profile view. GENERATION RES: render at 512x512 for AI quality, then DOWNSCALE to FINAL 96x96 PNG. FINAL IMAGE SPECS: 96x96 PNG, transparent background, indexed palette (max 256 colors), TARGET FILE SIZE: under 5 KB per image. Use clean Pokemon-style line art, vibrant saturated colors, single creature centered in frame, tightly cropped to creature edges (no padding wider than 2px), no text or watermarks."
501,Aquaking,Wind,,Common,fish,Plains|Mountain,any,Friday,Foehn,96x96,5,Apricode,,,,,"Pokemon-style monster creature named ""Aquaking"". RARITY TIER: Common (simple form, 1-2 distinguishing details). EVOLUTION CHAIN: stage 3 of 3 (chain ""wind_chain_1""). Pre-evolution: ""Apricode"" — this creature evolved FROM ""Apricode"". Preserve a recognizably similar body shape and family identity to ""Apricode"", but with extra detail layers, larger size (~10-15%), upgraded markings, more pronounced presence. Maintain visual continuity across the entire 3-stage chain — same family identity, recognizable shape across stages. OUTPUT VIEWS: render three separate images per creature — (1) full-body front view, (2) three-quarter back view rotated ~135 degrees from front, (3) pure side-profile view. GENERATION RES: render at 512x512 for AI quality, then DOWNSCALE to FINAL 96x96 PNG. FINAL IMAGE SPECS: 96x96 PNG, transparent background, indexed palette (max 256 colors), TARGET FILE SIZE: under 5 KB per image. Use clean Pokemon-style line art, vibrant saturated colors, single creature centered in frame, tightly cropped to creature edges (no padding wider than 2px), no text or watermarks."
502,Falcocoon,Shadow,Dream,Common,beast,Cave|Marsh|Sanctum,night-only,Wednesday,Fog,96x96,5,,Girabuff,level,10,20,"Pokemon-style monster creature named ""Falcocoon"". RARITY TIER: Common (simple form, 1-2 distinguishing details). EVOLUTION CHAIN: stage 1 of 2 (chain ""shadow_chain_7""). Evolves INTO: ""Girabuff"" (trigger: level, guaranteed by lvl 20). Foreshadow features that will become more prominent in ""Girabuff"" — keep family identity consistent so the next stage feels like a natural maturation, not a different creature. Maintain visual continuity across the entire 2-stage chain — same family identity, recognizable shape across stages. OUTPUT VIEWS: render three separate images per creature — (1) full-body front view, (2) three-quarter back view rotated ~135 degrees from front, (3) pure side-profile view. GENERATION RES: render at 512x512 for AI quality, then DOWNSCALE to FINAL 96x96 PNG. FINAL IMAGE SPECS: 96x96 PNG, transparent background, indexed palette (max 256 colors), TARGET FILE SIZE: under 5 KB per image. Use clean Pokemon-style line art, vibrant saturated colors, single creature centered in frame, tightly cropped to creature edges (no padding wider than 2px), no text or watermarks."
503,Gazemire,Light,Venom,Common,reptile,Castle|Sanctum|Town,day-only,Tuesday,any,96x96,5,,,,,,"Pokemon-style monster creature named ""Gazemire"". RARITY TIER: Common (simple form, 1-2 distinguishing details). OUTPUT VIEWS: render three separate images per creature — (1) full-body front view, (2) three-quarter back view rotated ~135 degrees from front, (3) pure side-profile view. GENERATION RES: render at 512x512 for AI quality, then DOWNSCALE to FINAL 96x96 PNG. FINAL IMAGE SPECS: 96x96 PNG, transparent background, indexed palette (max 256 colors), TARGET FILE SIZE: under 5 KB per image. Use clean Pokemon-style line art, vibrant saturated colors, single creature centered in frame, tightly cropped to creature edges (no padding wider than 2px), no text or watermarks."
504,Magmephant,Venom,,Common,insect,Marsh|Cave|Sanctum,dawn-dusk-only,Saturday,any,96x96,5,,,,,,"Pokemon-style monster creature named ""Magmephant"". RARITY TIER: Common (simple form, 1-2 distinguishing details). OUTPUT VIEWS: render three separate images per creature — (1) full-body front view, (2) three-quarter back view rotated ~135 degrees from front, (3) pure side-profile view. GENERATION RES: render at 512x512 for AI quality, then DOWNSCALE to FINAL 96x96 PNG. FINAL IMAGE SPECS: 96x96 PNG, transparent background, indexed palette (max 256 colors), TARGET FILE SIZE: under 5 KB per image. Use clean Pokemon-style line art, vibrant saturated colors, single creature centered in frame, tightly cropped to creature edges (no padding wider than 2px), no text or watermarks."
505,Growecta,Cosmic,Time,Common,reptile,Sanctum|Mountain,night-only,Wednesday,any,96x96,5,,,,,,"Pokemon-style monster creature named ""Growecta"". RARITY TIER: Common (simple form, 1-2 distinguishing details). OUTPUT VIEWS: render three separate images per creature — (1) full-body front view, (2) three-quarter back view rotated ~135 degrees from front, (3) pure side-profile view. GENERATION RES: render at 512x512 for AI quality, then DOWNSCALE to FINAL 96x96 PNG. FINAL IMAGE SPECS: 96x96 PNG, transparent background, indexed palette (max 256 colors), TARGET FILE SIZE: under 5 KB per image. Use clean Pokemon-style line art, vibrant saturated colors, single creature centered in frame, tightly cropped to creature edges (no padding wider than 2px), no text or watermarks."
506,Gazops,Aether,,Common,reptile,Sanctum|Town,any,any,any,96x96,5,Fiester,,,,,"Pokemon-style monster creature named ""Gazops"". RARITY TIER: Common (simple form, 1-2 distinguishing details). EVOLUTION CHAIN: stage 2 of 2 (chain ""aether_chain_5""). Pre-evolution: ""Fiester"" — this creature evolved FROM ""Fiester"". Preserve a recognizably similar body shape and family identity to ""Fiester"", but with extra detail layers, larger size (~10-15%), upgraded markings, more pronounced presence. Maintain visual continuity across the entire 2-stage chain — same family identity, recognizable shape across stages. OUTPUT VIEWS: render three separate images per creature — (1) full-body front view, (2) three-quarter back view rotated ~135 degrees from front, (3) pure side-profile view. GENERATION RES: render at 512x512 for AI quality, then DOWNSCALE to FINAL 96x96 PNG. FINAL IMAGE SPECS: 96x96 PNG, transparent background, indexed palette (max 256 colors), TARGET FILE SIZE: under 5 KB per image. Use clean Pokemon-style line art, vibrant saturated colors, single creature centered in frame, tightly cropped to creature edges (no padding wider than 2px), no text or watermarks."
507,Goldida,Dream,Mind,Common,reptile,Forest|Sanctum,night-only,Wednesday,any,96x96,5,,,,,,"Pokemon-style monster creature named ""Goldida"". RARITY TIER: Common (simple form, 1-2 distinguishing details). OUTPUT VIEWS: render three separate images per creature — (1) full-body front view, (2) three-quarter back view rotated ~135 degrees from front, (3) pure side-profile view. GENERATION RES: render at 512x512 for AI quality, then DOWNSCALE to FINAL 96x96 PNG. FINAL IMAGE SPECS: 96x96 PNG, transparent background, indexed palette (max 256 colors), TARGET FILE SIZE: under 5 KB per image. Use clean Pokemon-style line art, vibrant saturated colors, single creature centered in frame, tightly cropped to creature edges (no padding wider than 2px), no text or watermarks."
508,Cabarrage,Mind,Dream,Common,quadruped,Castle|Sanctum,any,Wednesday,any,96x96,5,Bonezelle,,,,,"Pokemon-style monster creature named ""Cabarrage"". RARITY TIER: Common (simple form, 1-2 distinguishing details). EVOLUTION CHAIN: stage 2 of 2 (chain ""mind_chain_2""). Pre-evolution: ""Bonezelle"" — this creature evolved FROM ""Bonezelle"". Preserve a recognizably similar body shape and family identity to ""Bonezelle"", but with extra detail layers, larger size (~10-15%), upgraded markings, more pronounced presence. Maintain visual continuity across the entire 2-stage chain — same family identity, recognizable shape across stages. OUTPUT VIEWS: render three separate images per creature — (1) full-body front view, (2) three-quarter back view rotated ~135 degrees from front, (3) pure side-profile view. GENERATION RES: render at 512x512 for AI quality, then DOWNSCALE to FINAL 96x96 PNG. FINAL IMAGE SPECS: 96x96 PNG, transparent background, indexed palette (max 256 colors), TARGET FILE SIZE: under 5 KB per image. Use clean Pokemon-style line art, vibrant saturated colors, single creature centered in frame, tightly cropped to creature edges (no padding wider than 2px), no text or watermarks."
509,Wintoose,Sound,,Common,spirit-form,Forest|Town,any,Thursday,any,96x96,5,,,,,,"Pokemon-style monster creature named ""Wintoose"". RARITY TIER: Common (simple form, 1-2 distinguishing details). OUTPUT VIEWS: render three separate images per creature — (1) full-body front view, (2) three-quarter back view rotated ~135 degrees from front, (3) pure side-profile view. GENERATION RES: render at 512x512 for AI quality, then DOWNSCALE to FINAL 96x96 PNG. FINAL IMAGE SPECS: 96x96 PNG, transparent background, indexed palette (max 256 colors), TARGET FILE SIZE: under 5 KB per image. Use clean Pokemon-style line art, vibrant saturated colors, single creature centered in frame, tightly cropped to creature edges (no padding wider than 2px), no text or watermarks."
510,Arachnibble,Time,Light,Common,insect,Sanctum|Cave,any,any,any,96x96,5,,Armasaur,level,10,20,"Pokemon-style monster creature named ""Arachnibble"". RARITY TIER: Common (simple form, 1-2 distinguishing details). EVOLUTION CHAIN: stage 1 of 3 (chain ""time_chain_1""). Evolves INTO: ""Armasaur"" (trigger: level, guaranteed by lvl 20). Foreshadow features that will become more prominent in ""Armasaur"" — keep family identity consistent so the next stage feels like a natural maturation, not a different creature. Maintain visual continuity across the entire 3-stage chain — same family identity, recognizable shape across stages. OUTPUT VIEWS: render three separate images per creature — (1) full-body front view, (2) three-quarter back view rotated ~135 degrees from front, (3) pure side-profile view. GENERATION RES: render at 512x512 for AI quality, then DOWNSCALE to FINAL 96x96 PNG. FINAL IMAGE SPECS: 96x96 PNG, transparent background, indexed palette (max 256 colors), TARGET FILE SIZE: under 5 KB per image. Use clean Pokemon-style line art, vibrant saturated colors, single creature centered in frame, tightly cropped to creature edges (no padding wider than 2px), no text or watermarks."
511,Koalava,Crystal,,Common,bipedal-humanoid,Cave|Mountain|WaterSurface,any,Monday,any,96x96,5,,,,,,"Pokemon-style monster creature named ""Koalava"". RARITY TIER: Common (simple form, 1-2 distinguishing details). OUTPUT VIEWS: render three separate images per creature — (1) full-body front view, (2) three-quarter back view rotated ~135 degrees from front, (3) pure side-profile view. GENERATION RES: render at 512x512 for AI quality, then DOWNSCALE to FINAL 96x96 PNG. FINAL IMAGE SPECS: 96x96 PNG, transparent background, indexed palette (max 256 colors), TARGET FILE SIZE: under 5 KB per image. Use clean Pokemon-style line art, vibrant saturated colors, single creature centered in frame, tightly cropped to creature edges (no padding wider than 2px), no text or watermarks."
512,Eletic,Blood,Aether,Common,amorphous-elemental,Castle|Sanctum|Cave,any,Saturday,any,96x96,5,,,,,,"Pokemon-style monster creature named ""Eletic"". RARITY TIER: Common (simple form, 1-2 distinguishing details). OUTPUT VIEWS: render three separate images per creature — (1) full-body front view, (2) three-quarter back view rotated ~135 degrees from front, (3) pure side-profile view. GENERATION RES: render at 512x512 for AI quality, then DOWNSCALE to FINAL 96x96 PNG. FINAL IMAGE SPECS: 96x96 PNG, transparent background, indexed palette (max 256 colors), TARGET FILE SIZE: under 5 KB per image. Use clean Pokemon-style line art, vibrant saturated colors, single creature centered in frame, tightly cropped to creature edges (no padding wider than 2px), no text or watermarks."
513,Wrathhog,Fire,Wood,Common,rodent,Desert|Cave,any,Saturday,Heat,96x96,5,,,,,,"Pokemon-style monster creature named ""Wrathhog"". RARITY TIER: Common (simple form, 1-2 distinguishing details). OUTPUT VIEWS: render three separate images per creature — (1) full-body front view, (2) three-quarter back view rotated ~135 degrees from front, (3) pure side-profile view. GENERATION RES: render at 512x512 for AI quality, then DOWNSCALE to FINAL 96x96 PNG. FINAL IMAGE SPECS: 96x96 PNG, transparent background, indexed palette (max 256 colors), TARGET FILE SIZE: under 5 KB per image. Use clean Pokemon-style line art, vibrant saturated colors, single creature centered in frame, tightly cropped to creature edges (no padding wider than 2px), no text or watermarks."
514,Vulturia,Water,,Common,mythic-form,Beach|Harbor|Marsh,any,Friday,Rain,96x96,5,,,,,,"Pokemon-style monster creature named ""Vulturia"". RARITY TIER: Common (simple form, 1-2 distinguishing details). OUTPUT VIEWS: render three separate images per creature — (1) full-body front view, (2) three-quarter back view rotated ~135 degrees from front, (3) pure side-profile view. GENERATION RES: render at 512x512 for AI quality, then DOWNSCALE to FINAL 96x96 PNG. FINAL IMAGE SPECS: 96x96 PNG, transparent background, indexed palette (max 256 colors), TARGET FILE SIZE: under 5 KB per image. Use clean Pokemon-style line art, vibrant saturated colors, single creature centered in frame, tightly cropped to creature edges (no padding wider than 2px), no text or watermarks."
515,Dralix,Ice,Wind,Common,bipedal-humanoid,Mountain|WaterSurface,any,Wednesday,Snow,96x96,5,,,,,,"Pokemon-style monster creature named ""Dralix"". RARITY TIER: Common (simple form, 1-2 distinguishing details). OUTPUT VIEWS: render three separate images per creature — (1) full-body front view, (2) three-quarter back view rotated ~135 degrees from front, (3) pure side-profile view. GENERATION RES: render at 512x512 for AI quality, then DOWNSCALE to FINAL 96x96 PNG. FINAL IMAGE SPECS: 96x96 PNG, transparent background, indexed palette (max 256 colors), TARGET FILE SIZE: under 5 KB per image. Use clean Pokemon-style line art, vibrant saturated colors, single creature centered in frame, tightly cropped to creature edges (no padding wider than 2px), no text or watermarks."
516,Crocodos,Earth,,Common,quadruped,Forest|Mountain|Desert,any,Sunday,any,96x96,5,Crazedine,Demonkey,weather_storm,30,45,"Pokemon-style monster creature named ""Crocodos"". RARITY TIER: Common (simple form, 1-2 distinguishing details). EVOLUTION CHAIN: stage 2 of 3 (chain ""earth_chain_6""). Pre-evolution: ""Crazedine"" — this creature evolved FROM ""Crazedine"". Preserve a recognizably similar body shape and family identity to ""Crazedine"", but with extra detail layers, larger size (~10-15%), upgraded markings, more pronounced presence. Evolves INTO: ""Demonkey"" (trigger: weather_storm, guaranteed by lvl 45). Foreshadow features that will become more prominent in ""Demonkey"" — keep family identity consistent so the next stage feels like a natural maturation, not a different creature. Maintain visual continuity across the entire 3-stage chain — same family identity, recognizable shape across stages. OUTPUT VIEWS: render three separate images per creature — (1) full-body front view, (2) three-quarter back view rotated ~135 degrees from front, (3) pure side-profile view. GENERATION RES: render at 512x512 for AI quality, then DOWNSCALE to FINAL 96x96 PNG. FINAL IMAGE SPECS: 96x96 PNG, transparent background, indexed palette (max 256 colors), TARGET FILE SIZE: under 5 KB per image. Use clean Pokemon-style line art, vibrant saturated colors, single creature centered in frame, tightly cropped to creature edges (no padding wider than 2px), no text or watermarks."
517,Vultuna,Wood,Sound,Common,mythic-form,Forest|Plains,day-preferred,Sunday,any,96x96,5,,,,,,"Pokemon-style monster creature named ""Vultuna"". RARITY TIER: Common (simple form, 1-2 distinguishing details). OUTPUT VIEWS: render three separate images per creature — (1) full-body front view, (2) three-quarter back view rotated ~135 degrees from front, (3) pure side-profile view. GENERATION RES: render at 512x512 for AI quality, then DOWNSCALE to FINAL 96x96 PNG. FINAL IMAGE SPECS: 96x96 PNG, transparent background, indexed palette (max 256 colors), TARGET FILE SIZE: under 5 KB per image. Use clean Pokemon-style line art, vibrant saturated colors, single creature centered in frame, tightly cropped to creature edges (no padding wider than 2px), no text or watermarks."
518,Crocoduno,Metal,Crystal,Common,quadruped,Cave|Castle|Harbor,any,Monday,any,96x96,5,,Dewilla,level,10,20,"Pokemon-style monster creature named ""Crocoduno"". RARITY TIER: Common (simple form, 1-2 distinguishing details). EVOLUTION CHAIN: stage 1 of 2 (chain ""metal_chain_5""). Evolves INTO: ""Dewilla"" (trigger: level, guaranteed by lvl 20). Foreshadow features that will become more prominent in ""Dewilla"" — keep family identity consistent so the next stage feels like a natural maturation, not a different creature. Maintain visual continuity across the entire 2-stage chain — same family identity, recognizable shape across stages. OUTPUT VIEWS: render three separate images per creature — (1) full-body front view, (2) three-quarter back view rotated ~135 degrees from front, (3) pure side-profile view. GENERATION RES: render at 512x512 for AI quality, then DOWNSCALE to FINAL 96x96 PNG. FINAL IMAGE SPECS: 96x96 PNG, transparent background, indexed palette (max 256 colors), TARGET FILE SIZE: under 5 KB per image. Use clean Pokemon-style line art, vibrant saturated colors, single creature centered in frame, tightly cropped to creature edges (no padding wider than 2px), no text or watermarks."
519,Soyster,Storm,,Common,amorphous-elemental,Beach|Mountain,any,Thursday,Rain,96x96,5,,,,,,"Pokemon-style monster creature named ""Soyster"". RARITY TIER: Common (simple form, 1-2 distinguishing details). OUTPUT VIEWS: render three separate images per creature — (1) full-body front view, (2) three-quarter back view rotated ~135 degrees from front, (3) pure side-profile view. GENERATION RES: render at 512x512 for AI quality, then DOWNSCALE to FINAL 96x96 PNG. FINAL IMAGE SPECS: 96x96 PNG, transparent background, indexed palette (max 256 colors), TARGET FILE SIZE: under 5 KB per image. Use clean Pokemon-style line art, vibrant saturated colors, single creature centered in frame, tightly cropped to creature edges (no padding wider than 2px), no text or watermarks."
520,Belling,Wind,Earth,Common,spirit-form,Plains|Mountain,any,Friday,Foehn,96x96,5,Baboom,,,,,"Pokemon-style monster creature named ""Belling"". RARITY TIER: Common (simple form, 1-2 distinguishing details). EVOLUTION CHAIN: stage 2 of 2 (chain ""wind_chain_2""). Pre-evolution: ""Baboom"" — this creature evolved FROM ""Baboom"". Preserve a recognizably similar body shape and family identity to ""Baboom"", but with extra detail layers, larger size (~10-15%), upgraded markings, more pronounced presence. Maintain visual continuity across the entire 2-stage chain — same family identity, recognizable shape across stages. OUTPUT VIEWS: render three separate images per creature — (1) full-body front view, (2) three-quarter back view rotated ~135 degrees from front, (3) pure side-profile view. GENERATION RES: render at 512x512 for AI quality, then DOWNSCALE to FINAL 96x96 PNG. FINAL IMAGE SPECS: 96x96 PNG, transparent background, indexed palette (max 256 colors), TARGET FILE SIZE: under 5 KB per image. Use clean Pokemon-style line art, vibrant saturated colors, single creature centered in frame, tightly cropped to creature edges (no padding wider than 2px), no text or watermarks."
521,Stunster,Shadow,,Common,amorphous-elemental,Cave|Marsh|Sanctum,night-only,Wednesday,Fog,96x96,5,,,,,,"Pokemon-style monster creature named ""Stunster"". RARITY TIER: Common (simple form, 1-2 distinguishing details). OUTPUT VIEWS: render three separate images per creature — (1) full-body front view, (2) three-quarter back view rotated ~135 degrees from front, (3) pure side-profile view. GENERATION RES: render at 512x512 for AI quality, then DOWNSCALE to FINAL 96x96 PNG. FINAL IMAGE SPECS: 96x96 PNG, transparent background, indexed palette (max 256 colors), TARGET FILE SIZE: under 5 KB per image. Use clean Pokemon-style line art, vibrant saturated colors, single creature centered in frame, tightly cropped to creature edges (no padding wider than 2px), no text or watermarks."
522,Bellibia,Light,Shadow,Common,spirit-form,Castle|Sanctum|Town,day-only,Tuesday,any,96x96,5,,Bisyle,level,10,20,"Pokemon-style monster creature named ""Bellibia"". RARITY TIER: Common (simple form, 1-2 distinguishing details). EVOLUTION CHAIN: stage 1 of 2 (chain ""light_chain_5""). Evolves INTO: ""Bisyle"" (trigger: level, guaranteed by lvl 20). Foreshadow features that will become more prominent in ""Bisyle"" — keep family identity consistent so the next stage feels like a natural maturation, not a different creature. Maintain visual continuity across the entire 2-stage chain — same family identity, recognizable shape across stages. OUTPUT VIEWS: render three separate images per creature — (1) full-body front view, (2) three-quarter back view rotated ~135 degrees from front, (3) pure side-profile view. GENERATION RES: render at 512x512 for AI quality, then DOWNSCALE to FINAL 96x96 PNG. FINAL IMAGE SPECS: 96x96 PNG, transparent background, indexed palette (max 256 colors), TARGET FILE SIZE: under 5 KB per image. Use clean Pokemon-style line art, vibrant saturated colors, single creature centered in frame, tightly cropped to creature edges (no padding wider than 2px), no text or watermarks."
523,Dragonightmare,Venom,Blood,Common,dragon,Marsh|Cave|Sanctum,dawn-dusk-only,Saturday,any,96x96,5,,Elecander,level,10,20,"Pokemon-style monster creature named ""Dragonightmare"". RARITY TIER: Common (simple form, 1-2 distinguishing details). EVOLUTION CHAIN: stage 1 of 2 (chain ""venom_chain_8""). Evolves INTO: ""Elecander"" (trigger: level, guaranteed by lvl 20). Foreshadow features that will become more prominent in ""Elecander"" — keep family identity consistent so the next stage feels like a natural maturation, not a different creature. Maintain visual continuity across the entire 2-stage chain — same family identity, recognizable shape across stages. OUTPUT VIEWS: render three separate images per creature — (1) full-body front view, (2) three-quarter back view rotated ~135 degrees from front, (3) pure side-profile view. GENERATION RES: render at 512x512 for AI quality, then DOWNSCALE to FINAL 96x96 PNG. FINAL IMAGE SPECS: 96x96 PNG, transparent background, indexed palette (max 256 colors), TARGET FILE SIZE: under 5 KB per image. Use clean Pokemon-style line art, vibrant saturated colors, single creature centered in frame, tightly cropped to creature edges (no padding wider than 2px), no text or watermarks."
524,Chimpanzia,Cosmic,,Common,simian,Sanctum|Mountain,night-only,Wednesday,any,96x96,5,,Crazeboon,stone,10,20,"Pokemon-style monster creature named ""Chimpanzia"". RARITY TIER: Common (simple form, 1-2 distinguishing details). EVOLUTION CHAIN: stage 1 of 2 (chain ""cosmic_chain_4""). Evolves INTO: ""Crazeboon"" (trigger: stone, guaranteed by lvl 20). Foreshadow features that will become more prominent in ""Crazeboon"" — keep family identity consistent so the next stage feels like a natural maturation, not a different creature. Maintain visual continuity across the entire 2-stage chain — same family identity, recognizable shape across stages. OUTPUT VIEWS: render three separate images per creature — (1) full-body front view, (2) three-quarter back view rotated ~135 degrees from front, (3) pure side-profile view. GENERATION RES: render at 512x512 for AI quality, then DOWNSCALE to FINAL 96x96 PNG. FINAL IMAGE SPECS: 96x96 PNG, transparent background, indexed palette (max 256 colors), TARGET FILE SIZE: under 5 KB per image. Use clean Pokemon-style line art, vibrant saturated colors, single creature centered in frame, tightly cropped to creature edges (no padding wider than 2px), no text or watermarks."
525,Warhog,Aether,Shadow,Common,spirit-form,Sanctum|Town,any,any,any,96x96,5,,,,,,"Pokemon-style monster creature named ""Warhog"". RARITY TIER: Common (simple form, 1-2 distinguishing details). OUTPUT VIEWS: render three separate images per creature — (1) full-body front view, (2) three-quarter back view rotated ~135 degrees from front, (3) pure side-profile view. GENERATION RES: render at 512x512 for AI quality, then DOWNSCALE to FINAL 96x96 PNG. FINAL IMAGE SPECS: 96x96 PNG, transparent background, indexed palette (max 256 colors), TARGET FILE SIZE: under 5 KB per image. Use clean Pokemon-style line art, vibrant saturated colors, single creature centered in frame, tightly cropped to creature edges (no padding wider than 2px), no text or watermarks."
526,Flamoal,Dream,,Common,beast,Forest|Sanctum,night-only,Wednesday,any,96x96,5,,,,,,"Pokemon-style monster creature named ""Flamoal"". RARITY TIER: Common (simple form, 1-2 distinguishing details). OUTPUT VIEWS: render three separate images per creature — (1) full-body front view, (2) three-quarter back view rotated ~135 degrees from front, (3) pure side-profile view. GENERATION RES: render at 512x512 for AI quality, then DOWNSCALE to FINAL 96x96 PNG. FINAL IMAGE SPECS: 96x96 PNG, transparent background, indexed palette (max 256 colors), TARGET FILE SIZE: under 5 KB per image. Use clean Pokemon-style line art, vibrant saturated colors, single creature centered in frame, tightly cropped to creature edges (no padding wider than 2px), no text or watermarks."
527,Hippotar,Mind,Venom,Common,mythic-form,Castle|Sanctum,any,Wednesday,any,96x96,5,,,,,,"Pokemon-style monster creature named ""Hippotar"". RARITY TIER: Common (simple form, 1-2 distinguishing details). OUTPUT VIEWS: render three separate images per creature — (1) full-body front view, (2) three-quarter back view rotated ~135 degrees from front, (3) pure side-profile view. GENERATION RES: render at 512x512 for AI quality, then DOWNSCALE to FINAL 96x96 PNG. FINAL IMAGE SPECS: 96x96 PNG, transparent background, indexed palette (max 256 colors), TARGET FILE SIZE: under 5 KB per image. Use clean Pokemon-style line art, vibrant saturated colors, single creature centered in frame, tightly cropped to creature edges (no padding wider than 2px), no text or watermarks."
528,Coyoplume,Sound,Mind,Common,bird,Forest|Town,any,Thursday,any,96x96,5,,,,,,"Pokemon-style monster creature named ""Coyoplume"". RARITY TIER: Common (simple form, 1-2 distinguishing details). OUTPUT VIEWS: render three separate images per creature — (1) full-body front view, (2) three-quarter back view rotated ~135 degrees from front, (3) pure side-profile view. GENERATION RES: render at 512x512 for AI quality, then DOWNSCALE to FINAL 96x96 PNG. FINAL IMAGE SPECS: 96x96 PNG, transparent background, indexed palette (max 256 colors), TARGET FILE SIZE: under 5 KB per image. Use clean Pokemon-style line art, vibrant saturated colors, single creature centered in frame, tightly cropped to creature edges (no padding wider than 2px), no text or watermarks."
529,Slowora,Time,,Common,amorphous-elemental,Sanctum|Cave,any,any,any,96x96,5,,,,,,"Pokemon-style monster creature named ""Slowora"". RARITY TIER: Common (simple form, 1-2 distinguishing details). OUTPUT VIEWS: render three separate images per creature — (1) full-body front view, (2) three-quarter back view rotated ~135 degrees from front, (3) pure side-profile view. GENERATION RES: render at 512x512 for AI quality, then DOWNSCALE to FINAL 96x96 PNG. FINAL IMAGE SPECS: 96x96 PNG, transparent background, indexed palette (max 256 colors), TARGET FILE SIZE: under 5 KB per image. Use clean Pokemon-style line art, vibrant saturated colors, single creature centered in frame, tightly cropped to creature edges (no padding wider than 2px), no text or watermarks."
530,Raccocoon,Crystal,Wind,Common,bipedal-humanoid,Cave|Mountain|WaterSurface,any,Monday,any,96x96,5,,,,,,"Pokemon-style monster creature named ""Raccocoon"". RARITY TIER: Common (simple form, 1-2 distinguishing details). OUTPUT VIEWS: render three separate images per creature — (1) full-body front view, (2) three-quarter back view rotated ~135 degrees from front, (3) pure side-profile view. GENERATION RES: render at 512x512 for AI quality, then DOWNSCALE to FINAL 96x96 PNG. FINAL IMAGE SPECS: 96x96 PNG, transparent background, indexed palette (max 256 colors), TARGET FILE SIZE: under 5 KB per image. Use clean Pokemon-style line art, vibrant saturated colors, single creature centered in frame, tightly cropped to creature edges (no padding wider than 2px), no text or watermarks."
531,Hippobite,Blood,,Common,mythic-form,Castle|Sanctum|Cave,any,Saturday,any,96x96,5,,,,,,"Pokemon-style monster creature named ""Hippobite"". RARITY TIER: Common (simple form, 1-2 distinguishing details). OUTPUT VIEWS: render three separate images per creature — (1) full-body front view, (2) three-quarter back view rotated ~135 degrees from front, (3) pure side-profile view. GENERATION RES: render at 512x512 for AI quality, then DOWNSCALE to FINAL 96x96 PNG. FINAL IMAGE SPECS: 96x96 PNG, transparent background, indexed palette (max 256 colors), TARGET FILE SIZE: under 5 KB per image. Use clean Pokemon-style line art, vibrant saturated colors, single creature centered in frame, tightly cropped to creature edges (no padding wider than 2px), no text or watermarks."
532,Magmadger,Fire,Metal,Common,beast,Desert|Cave,any,Saturday,Heat,96x96,5,,,,,,"Pokemon-style monster creature named ""Magmadger"". RARITY TIER: Common (simple form, 1-2 distinguishing details). OUTPUT VIEWS: render three separate images per creature — (1) full-body front view, (2) three-quarter back view rotated ~135 degrees from front, (3) pure side-profile view. GENERATION RES: render at 512x512 for AI quality, then DOWNSCALE to FINAL 96x96 PNG. FINAL IMAGE SPECS: 96x96 PNG, transparent background, indexed palette (max 256 colors), TARGET FILE SIZE: under 5 KB per image. Use clean Pokemon-style line art, vibrant saturated colors, single creature centered in frame, tightly cropped to creature edges (no padding wider than 2px), no text or watermarks."
533,Pandaze,Water,Earth,Common,spirit-form,Beach|Harbor|Marsh,any,Friday,Rain,96x96,5,,,,,,"Pokemon-style monster creature named ""Pandaze"". RARITY TIER: Common (simple form, 1-2 distinguishing details). OUTPUT VIEWS: render three separate images per creature — (1) full-body front view, (2) three-quarter back view rotated ~135 degrees from front, (3) pure side-profile view. GENERATION RES: render at 512x512 for AI quality, then DOWNSCALE to FINAL 96x96 PNG. FINAL IMAGE SPECS: 96x96 PNG, transparent background, indexed palette (max 256 colors), TARGET FILE SIZE: under 5 KB per image. Use clean Pokemon-style line art, vibrant saturated colors, single creature centered in frame, tightly cropped to creature edges (no padding wider than 2px), no text or watermarks."
534,Oysterminate,Ice,,Common,mythic-form,Mountain|WaterSurface,any,Wednesday,Snow,96x96,5,,,,,,"Pokemon-style monster creature named ""Oysterminate"". RARITY TIER: Common (simple form, 1-2 distinguishing details). OUTPUT VIEWS: render three separate images per creature — (1) full-body front view, (2) three-quarter back view rotated ~135 degrees from front, (3) pure side-profile view. GENERATION RES: render at 512x512 for AI quality, then DOWNSCALE to FINAL 96x96 PNG. FINAL IMAGE SPECS: 96x96 PNG, transparent background, indexed palette (max 256 colors), TARGET FILE SIZE: under 5 KB per image. Use clean Pokemon-style line art, vibrant saturated colors, single creature centered in frame, tightly cropped to creature edges (no padding wider than 2px), no text or watermarks."
535,Octocross,Earth,Crystal,Common,octopus,Forest|Mountain|Desert,any,Sunday,any,96x96,5,,,,,,"Pokemon-style monster creature named ""Octocross"". RARITY TIER: Common (simple form, 1-2 distinguishing details). OUTPUT VIEWS: render three separate images per creature — (1) full-body front view, (2) three-quarter back view rotated ~135 degrees from front, (3) pure side-profile view. GENERATION RES: render at 512x512 for AI quality, then DOWNSCALE to FINAL 96x96 PNG. FINAL IMAGE SPECS: 96x96 PNG, transparent background, indexed palette (max 256 colors), TARGET FILE SIZE: under 5 KB per image. Use clean Pokemon-style line art, vibrant saturated colors, single creature centered in frame, tightly cropped to creature edges (no padding wider than 2px), no text or watermarks."
536,Rhinolax,Wood,,Common,bipedal-humanoid,Forest|Plains,day-preferred,Sunday,any,96x96,5,,,,,,"Pokemon-style monster creature named ""Rhinolax"". RARITY TIER: Common (simple form, 1-2 distinguishing details). OUTPUT VIEWS: render three separate images per creature — (1) full-body front view, (2) three-quarter back view rotated ~135 degrees from front, (3) pure side-profile view. GENERATION RES: render at 512x512 for AI quality, then DOWNSCALE to FINAL 96x96 PNG. FINAL IMAGE SPECS: 96x96 PNG, transparent background, indexed palette (max 256 colors), TARGET FILE SIZE: under 5 KB per image. Use clean Pokemon-style line art, vibrant saturated colors, single creature centered in frame, tightly cropped to creature edges (no padding wider than 2px), no text or watermarks."
537,Spivark,Metal,Ice,Common,amorphous-elemental,Cave|Castle|Harbor,any,Monday,any,96x96,5,,,,,,"Pokemon-style monster creature named ""Spivark"". RARITY TIER: Common (simple form, 1-2 distinguishing details). OUTPUT VIEWS: render three separate images per creature — (1) full-body front view, (2) three-quarter back view rotated ~135 degrees from front, (3) pure side-profile view. GENERATION RES: render at 512x512 for AI quality, then DOWNSCALE to FINAL 96x96 PNG. FINAL IMAGE SPECS: 96x96 PNG, transparent background, indexed palette (max 256 colors), TARGET FILE SIZE: under 5 KB per image. Use clean Pokemon-style line art, vibrant saturated colors, single creature centered in frame, tightly cropped to creature edges (no padding wider than 2px), no text or watermarks."
538,Glacowary,Storm,Metal,Common,reptile,Beach|Mountain,any,Thursday,Rain,96x96,5,,,,,,"Pokemon-style monster creature named ""Glacowary"". RARITY TIER: Common (simple form, 1-2 distinguishing details). OUTPUT VIEWS: render three separate images per creature — (1) full-body front view, (2) three-quarter back view rotated ~135 degrees from front, (3) pure side-profile view. GENERATION RES: render at 512x512 for AI quality, then DOWNSCALE to FINAL 96x96 PNG. FINAL IMAGE SPECS: 96x96 PNG, transparent background, indexed palette (max 256 colors), TARGET FILE SIZE: under 5 KB per image. Use clean Pokemon-style line art, vibrant saturated colors, single creature centered in frame, tightly cropped to creature edges (no padding wider than 2px), no text or watermarks."
539,Chimepecker,Wind,,Common,quadruped,Plains|Mountain,any,Friday,Foehn,96x96,5,,Crolix,level,10,20,"Pokemon-style monster creature named ""Chimepecker"". RARITY TIER: Common (simple form, 1-2 distinguishing details). EVOLUTION CHAIN: stage 1 of 2 (chain ""wind_chain_5""). Evolves INTO: ""Crolix"" (trigger: level, guaranteed by lvl 20). Foreshadow features that will become more prominent in ""Crolix"" — keep family identity consistent so the next stage feels like a natural maturation, not a different creature. Maintain visual continuity across the entire 2-stage chain — same family identity, recognizable shape across stages. OUTPUT VIEWS: render three separate images per creature — (1) full-body front view, (2) three-quarter back view rotated ~135 degrees from front, (3) pure side-profile view. GENERATION RES: render at 512x512 for AI quality, then DOWNSCALE to FINAL 96x96 PNG. FINAL IMAGE SPECS: 96x96 PNG, transparent background, indexed palette (max 256 colors), TARGET FILE SIZE: under 5 KB per image. Use clean Pokemon-style line art, vibrant saturated colors, single creature centered in frame, tightly cropped to creature edges (no padding wider than 2px), no text or watermarks."
540,Pandithe,Shadow,Mind,Common,spirit-form,Cave|Marsh|Sanctum,night-only,Wednesday,Fog,96x96,5,,,,,,"Pokemon-style monster creature named ""Pandithe"". RARITY TIER: Common (simple form, 1-2 distinguishing details). OUTPUT VIEWS: render three separate images per creature — (1) full-body front view, (2) three-quarter back view rotated ~135 degrees from front, (3) pure side-profile view. GENERATION RES: render at 512x512 for AI quality, then DOWNSCALE to FINAL 96x96 PNG. FINAL IMAGE SPECS: 96x96 PNG, transparent background, indexed palette (max 256 colors), TARGET FILE SIZE: under 5 KB per image. Use clean Pokemon-style line art, vibrant saturated colors, single creature centered in frame, tightly cropped to creature edges (no padding wider than 2px), no text or watermarks."
541,Badgeler,Light,,Common,slime,Castle|Sanctum|Town,day-only,Tuesday,any,96x96,5,,Bagontur,moon_full,10,20,"Pokemon-style monster creature named ""Badgeler"". RARITY TIER: Common (simple form, 1-2 distinguishing details). EVOLUTION CHAIN: stage 1 of 2 (chain ""light_chain_3""). Evolves INTO: ""Bagontur"" (trigger: moon_full, guaranteed by lvl 20). Foreshadow features that will become more prominent in ""Bagontur"" — keep family identity consistent so the next stage feels like a natural maturation, not a different creature. Maintain visual continuity across the entire 2-stage chain — same family identity, recognizable shape across stages. OUTPUT VIEWS: render three separate images per creature — (1) full-body front view, (2) three-quarter back view rotated ~135 degrees from front, (3) pure side-profile view. GENERATION RES: render at 512x512 for AI quality, then DOWNSCALE to FINAL 96x96 PNG. FINAL IMAGE SPECS: 96x96 PNG, transparent background, indexed palette (max 256 colors), TARGET FILE SIZE: under 5 KB per image. Use clean Pokemon-style line art, vibrant saturated colors, single creature centered in frame, tightly cropped to creature edges (no padding wider than 2px), no text or watermarks."
542,Flamipip,Venom,Water,Common,beast,Marsh|Cave|Sanctum,dawn-dusk-only,Saturday,any,96x96,5,,,,,,"Pokemon-style monster creature named ""Flamipip"". RARITY TIER: Common (simple form, 1-2 distinguishing details). OUTPUT VIEWS: render three separate images per creature — (1) full-body front view, (2) three-quarter back view rotated ~135 degrees from front, (3) pure side-profile view. GENERATION RES: render at 512x512 for AI quality, then DOWNSCALE to FINAL 96x96 PNG. FINAL IMAGE SPECS: 96x96 PNG, transparent background, indexed palette (max 256 colors), TARGET FILE SIZE: under 5 KB per image. Use clean Pokemon-style line art, vibrant saturated colors, single creature centered in frame, tightly cropped to creature edges (no padding wider than 2px), no text or watermarks."
543,Ghophin,Cosmic,Mind,Common,reptile,Sanctum|Mountain,night-only,Wednesday,any,96x96,5,,,,,,"Pokemon-style monster creature named ""Ghophin"". RARITY TIER: Common (simple form, 1-2 distinguishing details). OUTPUT VIEWS: render three separate images per creature — (1) full-body front view, (2) three-quarter back view rotated ~135 degrees from front, (3) pure side-profile view. GENERATION RES: render at 512x512 for AI quality, then DOWNSCALE to FINAL 96x96 PNG. FINAL IMAGE SPECS: 96x96 PNG, transparent background, indexed palette (max 256 colors), TARGET FILE SIZE: under 5 KB per image. Use clean Pokemon-style line art, vibrant saturated colors, single creature centered in frame, tightly cropped to creature edges (no padding wider than 2px), no text or watermarks."
544,Scorpish,Aether,,Common,insect,Sanctum|Town,any,any,any,96x96,5,,,,,,"Pokemon-style monster creature named ""Scorpish"". RARITY TIER: Common (simple form, 1-2 distinguishing details). OUTPUT VIEWS: render three separate images per creature — (1) full-body front view, (2) three-quarter back view rotated ~135 degrees from front, (3) pure side-profile view. GENERATION RES: render at 512x512 for AI quality, then DOWNSCALE to FINAL 96x96 PNG. FINAL IMAGE SPECS: 96x96 PNG, transparent background, indexed palette (max 256 colors), TARGET FILE SIZE: under 5 KB per image. Use clean Pokemon-style line art, vibrant saturated colors, single creature centered in frame, tightly cropped to creature edges (no padding wider than 2px), no text or watermarks."
545,Crabbit,Dream,Time,Common,crab,Forest|Sanctum,night-only,Wednesday,any,96x96,5,,Demyte,level,10,20,"Pokemon-style monster creature named ""Crabbit"". RARITY TIER: Common (simple form, 1-2 distinguishing details). EVOLUTION CHAIN: stage 1 of 3 (chain ""dream_chain_6""). Evolves INTO: ""Demyte"" (trigger: level, guaranteed by lvl 20). Foreshadow features that will become more prominent in ""Demyte"" — keep family identity consistent so the next stage feels like a natural maturation, not a different creature. Maintain visual continuity across the entire 3-stage chain — same family identity, recognizable shape across stages. OUTPUT VIEWS: render three separate images per creature — (1) full-body front view, (2) three-quarter back view rotated ~135 degrees from front, (3) pure side-profile view. GENERATION RES: render at 512x512 for AI quality, then DOWNSCALE to FINAL 96x96 PNG. FINAL IMAGE SPECS: 96x96 PNG, transparent background, indexed palette (max 256 colors), TARGET FILE SIZE: under 5 KB per image. Use clean Pokemon-style line art, vibrant saturated colors, single creature centered in frame, tightly cropped to creature edges (no padding wider than 2px), no text or watermarks."
546,Demoda,Mind,,Common,bipedal-humanoid,Castle|Sanctum,any,Wednesday,any,96x96,5,Crazewing,Donkow,level,30,45,"Pokemon-style monster creature named ""Demoda"". RARITY TIER: Common (simple form, 1-2 distinguishing details). EVOLUTION CHAIN: stage 2 of 3 (chain ""mind_chain_6""). Pre-evolution: ""Crazewing"" — this creature evolved FROM ""Crazewing"". Preserve a recognizably similar body shape and family identity to ""Crazewing"", but with extra detail layers, larger size (~10-15%), upgraded markings, more pronounced presence. Evolves INTO: ""Donkow"" (trigger: level, guaranteed by lvl 45). Foreshadow features that will become more prominent in ""Donkow"" — keep family identity consistent so the next stage feels like a natural maturation, not a different creature. Maintain visual continuity across the entire 3-stage chain — same family identity, recognizable shape across stages. OUTPUT VIEWS: render three separate images per creature — (1) full-body front view, (2) three-quarter back view rotated ~135 degrees from front, (3) pure side-profile view. GENERATION RES: render at 512x512 for AI quality, then DOWNSCALE to FINAL 96x96 PNG. FINAL IMAGE SPECS: 96x96 PNG, transparent background, indexed palette (max 256 colors), TARGET FILE SIZE: under 5 KB per image. Use clean Pokemon-style line art, vibrant saturated colors, single creature centered in frame, tightly cropped to creature edges (no padding wider than 2px), no text or watermarks."
547,Harlequill,Sound,Wind,Common,horse,Forest|Town,any,Thursday,any,96x96,5,,,,,,"Pokemon-style monster creature named ""Harlequill"". RARITY TIER: Common (simple form, 1-2 distinguishing details). OUTPUT VIEWS: render three separate images per creature — (1) full-body front view, (2) three-quarter back view rotated ~135 degrees from front, (3) pure side-profile view. GENERATION RES: render at 512x512 for AI quality, then DOWNSCALE to FINAL 96x96 PNG. FINAL IMAGE SPECS: 96x96 PNG, transparent background, indexed palette (max 256 colors), TARGET FILE SIZE: under 5 KB per image. Use clean Pokemon-style line art, vibrant saturated colors, single creature centered in frame, tightly cropped to creature edges (no padding wider than 2px), no text or watermarks."
548,Buffora,Time,Aether,Common,spirit-form,Sanctum|Cave,any,any,any,96x96,5,Buffaceon,,,,,"Pokemon-style monster creature named ""Buffora"". RARITY TIER: Common (simple form, 1-2 distinguishing details). EVOLUTION CHAIN: stage 2 of 2 (chain ""time_chain_4""). Pre-evolution: ""Buffaceon"" — this creature evolved FROM ""Buffaceon"". Preserve a recognizably similar body shape and family identity to ""Buffaceon"", but with extra detail layers, larger size (~10-15%), upgraded markings, more pronounced presence. Maintain visual continuity across the entire 2-stage chain — same family identity, recognizable shape across stages. OUTPUT VIEWS: render three separate images per creature — (1) full-body front view, (2) three-quarter back view rotated ~135 degrees from front, (3) pure side-profile view. GENERATION RES: render at 512x512 for AI quality, then DOWNSCALE to FINAL 96x96 PNG. FINAL IMAGE SPECS: 96x96 PNG, transparent background, indexed palette (max 256 colors), TARGET FILE SIZE: under 5 KB per image. Use clean Pokemon-style line art, vibrant saturated colors, single creature centered in frame, tightly cropped to creature edges (no padding wider than 2px), no text or watermarks."
549,Tucanine,Crystal,,Common,beast,Cave|Mountain|WaterSurface,any,Monday,any,96x96,5,,,,,,"Pokemon-style monster creature named ""Tucanine"". RARITY TIER: Common (simple form, 1-2 distinguishing details). OUTPUT VIEWS: render three separate images per creature — (1) full-body front view, (2) three-quarter back view rotated ~135 degrees from front, (3) pure side-profile view. GENERATION RES: render at 512x512 for AI quality, then DOWNSCALE to FINAL 96x96 PNG. FINAL IMAGE SPECS: 96x96 PNG, transparent background, indexed palette (max 256 colors), TARGET FILE SIZE: under 5 KB per image. Use clean Pokemon-style line art, vibrant saturated colors, single creature centered in frame, tightly cropped to creature edges (no padding wider than 2px), no text or watermarks."
550,Carnoda,Blood,Crystal,Common,quadruped,Castle|Sanctum|Cave,any,Saturday,any,96x96,5,,Cobrire,level,10,20,"Pokemon-style monster creature named ""Carnoda"". RARITY TIER: Common (simple form, 1-2 distinguishing details). EVOLUTION CHAIN: stage 1 of 2 (chain ""blood_chain_5""). Evolves INTO: ""Cobrire"" (trigger: level, guaranteed by lvl 20). Foreshadow features that will become more prominent in ""Cobrire"" — keep family identity consistent so the next stage feels like a natural maturation, not a different creature. Maintain visual continuity across the entire 2-stage chain — same family identity, recognizable shape across stages. OUTPUT VIEWS: render three separate images per creature — (1) full-body front view, (2) three-quarter back view rotated ~135 degrees from front, (3) pure side-profile view. GENERATION RES: render at 512x512 for AI quality, then DOWNSCALE to FINAL 96x96 PNG. FINAL IMAGE SPECS: 96x96 PNG, transparent background, indexed palette (max 256 colors), TARGET FILE SIZE: under 5 KB per image. Use clean Pokemon-style line art, vibrant saturated colors, single creature centered in frame, tightly cropped to creature edges (no padding wider than 2px), no text or watermarks."
551,Ramping,Fire,,Common,bipedal-humanoid,Desert|Cave,any,Saturday,Heat,96x96,5,,,,,,"Pokemon-style monster creature named ""Ramping"". RARITY TIER: Common (simple form, 1-2 distinguishing details). OUTPUT VIEWS: render three separate images per creature — (1) full-body front view, (2) three-quarter back view rotated ~135 degrees from front, (3) pure side-profile view. GENERATION RES: render at 512x512 for AI quality, then DOWNSCALE to FINAL 96x96 PNG. FINAL IMAGE SPECS: 96x96 PNG, transparent background, indexed palette (max 256 colors), TARGET FILE SIZE: under 5 KB per image. Use clean Pokemon-style line art, vibrant saturated colors, single creature centered in frame, tightly cropped to creature edges (no padding wider than 2px), no text or watermarks."
552,Hypena,Water,Fire,Common,mythic-form,Beach|Harbor|Marsh,any,Friday,Rain,96x96,5,Hyenuzz,,,,,"Pokemon-style monster creature named ""Hypena"". RARITY TIER: Common (simple form, 1-2 distinguishing details). EVOLUTION CHAIN: stage 2 of 2 (chain ""water_chain_8""). Pre-evolution: ""Hyenuzz"" — this creature evolved FROM ""Hyenuzz"". Preserve a recognizably similar body shape and family identity to ""Hyenuzz"", but with extra detail layers, larger size (~10-15%), upgraded markings, more pronounced presence. Maintain visual continuity across the entire 2-stage chain — same family identity, recognizable shape across stages. OUTPUT VIEWS: render three separate images per creature — (1) full-body front view, (2) three-quarter back view rotated ~135 degrees from front, (3) pure side-profile view. GENERATION RES: render at 512x512 for AI quality, then DOWNSCALE to FINAL 96x96 PNG. FINAL IMAGE SPECS: 96x96 PNG, transparent background, indexed palette (max 256 colors), TARGET FILE SIZE: under 5 KB per image. Use clean Pokemon-style line art, vibrant saturated colors, single creature centered in frame, tightly cropped to creature edges (no padding wider than 2px), no text or watermarks."
553,Chimuar,Ice,Earth,Common,quadruped,Mountain|WaterSurface,any,Wednesday,Snow,96x96,5,Chimetile,Cobrawl,level,30,45,"Pokemon-style monster creature named ""Chimuar"". RARITY TIER: Common (simple form, 1-2 distinguishing details). EVOLUTION CHAIN: stage 2 of 3 (chain ""ice_chain_6""). Pre-evolution: ""Chimetile"" — this creature evolved FROM ""Chimetile"". Preserve a recognizably similar body shape and family identity to ""Chimetile"", but with extra detail layers, larger size (~10-15%), upgraded markings, more pronounced presence. Evolves INTO: ""Cobrawl"" (trigger: level, guaranteed by lvl 45). Foreshadow features that will become more prominent in ""Cobrawl"" — keep family identity consistent so the next stage feels like a natural maturation, not a different creature. Maintain visual continuity across the entire 3-stage chain — same family identity, recognizable shape across stages. OUTPUT VIEWS: render three separate images per creature — (1) full-body front view, (2) three-quarter back view rotated ~135 degrees from front, (3) pure side-profile view. GENERATION RES: render at 512x512 for AI quality, then DOWNSCALE to FINAL 96x96 PNG. FINAL IMAGE SPECS: 96x96 PNG, transparent background, indexed palette (max 256 colors), TARGET FILE SIZE: under 5 KB per image. Use clean Pokemon-style line art, vibrant saturated colors, single creature centered in frame, tightly cropped to creature edges (no padding wider than 2px), no text or watermarks."
554,Slowboon,Earth,,Common,amorphous-elemental,Forest|Mountain|Desert,any,Sunday,any,96x96,5,,,,,,"Pokemon-style monster creature named ""Slowboon"". RARITY TIER: Common (simple form, 1-2 distinguishing details). OUTPUT VIEWS: render three separate images per creature — (1) full-body front view, (2) three-quarter back view rotated ~135 degrees from front, (3) pure side-profile view. GENERATION RES: render at 512x512 for AI quality, then DOWNSCALE to FINAL 96x96 PNG. FINAL IMAGE SPECS: 96x96 PNG, transparent background, indexed palette (max 256 colors), TARGET FILE SIZE: under 5 KB per image. Use clean Pokemon-style line art, vibrant saturated colors, single creature centered in frame, tightly cropped to creature edges (no padding wider than 2px), no text or watermarks."
555,Pandame,Wood,Water,Common,spirit-form,Forest|Plains,day-preferred,Sunday,any,96x96,5,,,,,,"Pokemon-style monster creature named ""Pandame"". RARITY TIER: Common (simple form, 1-2 distinguishing details). OUTPUT VIEWS: render three separate images per creature — (1) full-body front view, (2) three-quarter back view rotated ~135 degrees from front, (3) pure side-profile view. GENERATION RES: render at 512x512 for AI quality, then DOWNSCALE to FINAL 96x96 PNG. FINAL IMAGE SPECS: 96x96 PNG, transparent background, indexed palette (max 256 colors), TARGET FILE SIZE: under 5 KB per image. Use clean Pokemon-style line art, vibrant saturated colors, single creature centered in frame, tightly cropped to creature edges (no padding wider than 2px), no text or watermarks."
556,Alligette,Metal,,Common,mythic-form,Cave|Castle|Harbor,any,Monday,any,96x96,5,,Aquatorb,stone,10,20,"Pokemon-style monster creature named ""Alligette"". RARITY TIER: Common (simple form, 1-2 distinguishing details). EVOLUTION CHAIN: stage 1 of 3 (chain ""metal_chain_1""). Evolves INTO: ""Aquatorb"" (trigger: stone, guaranteed by lvl 20). Foreshadow features that will become more prominent in ""Aquatorb"" — keep family identity consistent so the next stage feels like a natural maturation, not a different creature. Maintain visual continuity across the entire 3-stage chain — same family identity, recognizable shape across stages. OUTPUT VIEWS: render three separate images per creature — (1) full-body front view, (2) three-quarter back view rotated ~135 degrees from front, (3) pure side-profile view. GENERATION RES: render at 512x512 for AI quality, then DOWNSCALE to FINAL 96x96 PNG. FINAL IMAGE SPECS: 96x96 PNG, transparent background, indexed palette (max 256 colors), TARGET FILE SIZE: under 5 KB per image. Use clean Pokemon-style line art, vibrant saturated colors, single creature centered in frame, tightly cropped to creature edges (no padding wider than 2px), no text or watermarks."
557,Fierdine,Storm,Wind,Common,beast,Beach|Mountain,any,Thursday,Rain,96x96,5,,,,,,"Pokemon-style monster creature named ""Fierdine"". RARITY TIER: Common (simple form, 1-2 distinguishing details). OUTPUT VIEWS: render three separate images per creature — (1) full-body front view, (2) three-quarter back view rotated ~135 degrees from front, (3) pure side-profile view. GENERATION RES: render at 512x512 for AI quality, then DOWNSCALE to FINAL 96x96 PNG. FINAL IMAGE SPECS: 96x96 PNG, transparent background, indexed palette (max 256 colors), TARGET FILE SIZE: under 5 KB per image. Use clean Pokemon-style line art, vibrant saturated colors, single creature centered in frame, tightly cropped to creature edges (no padding wider than 2px), no text or watermarks."
558,Slowray,Wind,Wood,Common,amorphous-elemental,Plains|Mountain,any,Friday,Foehn,96x96,5,,,,,,"Pokemon-style monster creature named ""Slowray"". RARITY TIER: Common (simple form, 1-2 distinguishing details). OUTPUT VIEWS: render three separate images per creature — (1) full-body front view, (2) three-quarter back view rotated ~135 degrees from front, (3) pure side-profile view. GENERATION RES: render at 512x512 for AI quality, then DOWNSCALE to FINAL 96x96 PNG. FINAL IMAGE SPECS: 96x96 PNG, transparent background, indexed palette (max 256 colors), TARGET FILE SIZE: under 5 KB per image. Use clean Pokemon-style line art, vibrant saturated colors, single creature centered in frame, tightly cropped to creature edges (no padding wider than 2px), no text or watermarks."
559,Rampitar,Shadow,,Common,bipedal-humanoid,Cave|Marsh|Sanctum,night-only,Wednesday,Fog,96x96,5,,,,,,"Pokemon-style monster creature named ""Rampitar"". RARITY TIER: Common (simple form, 1-2 distinguishing details). OUTPUT VIEWS: render three separate images per creature — (1) full-body front view, (2) three-quarter back view rotated ~135 degrees from front, (3) pure side-profile view. GENERATION RES: render at 512x512 for AI quality, then DOWNSCALE to FINAL 96x96 PNG. FINAL IMAGE SPECS: 96x96 PNG, transparent background, indexed palette (max 256 colors), TARGET FILE SIZE: under 5 KB per image. Use clean Pokemon-style line art, vibrant saturated colors, single creature centered in frame, tightly cropped to creature edges (no padding wider than 2px), no text or watermarks."
560,Dewalo,Light,Venom,Common,bipedal-humanoid,Castle|Sanctum|Town,day-only,Tuesday,any,96x96,5,,,,,,"Pokemon-style monster creature named ""Dewalo"". RARITY TIER: Common (simple form, 1-2 distinguishing details). OUTPUT VIEWS: render three separate images per creature — (1) full-body front view, (2) three-quarter back view rotated ~135 degrees from front, (3) pure side-profile view. GENERATION RES: render at 512x512 for AI quality, then DOWNSCALE to FINAL 96x96 PNG. FINAL IMAGE SPECS: 96x96 PNG, transparent background, indexed palette (max 256 colors), TARGET FILE SIZE: under 5 KB per image. Use clean Pokemon-style line art, vibrant saturated colors, single creature centered in frame, tightly cropped to creature edges (no padding wider than 2px), no text or watermarks."
561,Crocolix,Venom,,Common,quadruped,Marsh|Cave|Sanctum,dawn-dusk-only,Saturday,any,96x96,5,Coyoron,,,,,"Pokemon-style monster creature named ""Crocolix"". RARITY TIER: Common (simple form, 1-2 distinguishing details). EVOLUTION CHAIN: stage 3 of 3 (chain ""venom_chain_6""). Pre-evolution: ""Coyoron"" — this creature evolved FROM ""Coyoron"". Preserve a recognizably similar body shape and family identity to ""Coyoron"", but with extra detail layers, larger size (~10-15%), upgraded markings, more pronounced presence. Maintain visual continuity across the entire 3-stage chain — same family identity, recognizable shape across stages. OUTPUT VIEWS: render three separate images per creature — (1) full-body front view, (2) three-quarter back view rotated ~135 degrees from front, (3) pure side-profile view. GENERATION RES: render at 512x512 for AI quality, then DOWNSCALE to FINAL 96x96 PNG. FINAL IMAGE SPECS: 96x96 PNG, transparent background, indexed palette (max 256 colors), TARGET FILE SIZE: under 5 KB per image. Use clean Pokemon-style line art, vibrant saturated colors, single creature centered in frame, tightly cropped to creature edges (no padding wider than 2px), no text or watermarks."
562,Flutopus,Cosmic,Time,Common,beast,Sanctum|Mountain,night-only,Wednesday,any,96x96,5,Flarak,,,,,"Pokemon-style monster creature named ""Flutopus"". RARITY TIER: Common (simple form, 1-2 distinguishing details). EVOLUTION CHAIN: stage 2 of 2 (chain ""cosmic_chain_8""). Pre-evolution: ""Flarak"" — this creature evolved FROM ""Flarak"". Preserve a recognizably similar body shape and family identity to ""Flarak"", but with extra detail layers, larger size (~10-15%), upgraded markings, more pronounced presence. Maintain visual continuity across the entire 2-stage chain — same family identity, recognizable shape across stages. OUTPUT VIEWS: render three separate images per creature — (1) full-body front view, (2) three-quarter back view rotated ~135 degrees from front, (3) pure side-profile view. GENERATION RES: render at 512x512 for AI quality, then DOWNSCALE to FINAL 96x96 PNG. FINAL IMAGE SPECS: 96x96 PNG, transparent background, indexed palette (max 256 colors), TARGET FILE SIZE: under 5 KB per image. Use clean Pokemon-style line art, vibrant saturated colors, single creature centered in frame, tightly cropped to creature edges (no padding wider than 2px), no text or watermarks."
563,Pelilord,Aether,Venom,Common,bird,Sanctum|Town,any,any,any,96x96,5,,,,,,"Pokemon-style monster creature named ""Pelilord"". RARITY TIER: Common (simple form, 1-2 distinguishing details). OUTPUT VIEWS: render three separate images per creature — (1) full-body front view, (2) three-quarter back view rotated ~135 degrees from front, (3) pure side-profile view. GENERATION RES: render at 512x512 for AI quality, then DOWNSCALE to FINAL 96x96 PNG. FINAL IMAGE SPECS: 96x96 PNG, transparent background, indexed palette (max 256 colors), TARGET FILE SIZE: under 5 KB per image. Use clean Pokemon-style line art, vibrant saturated colors, single creature centered in frame, tightly cropped to creature edges (no padding wider than 2px), no text or watermarks."
564,Grohopper,Dream,,Common,reptile,Forest|Sanctum,night-only,Wednesday,any,96x96,5,,,,,,"Pokemon-style monster creature named ""Grohopper"". RARITY TIER: Common (simple form, 1-2 distinguishing details). OUTPUT VIEWS: render three separate images per creature — (1) full-body front view, (2) three-quarter back view rotated ~135 degrees from front, (3) pure side-profile view. GENERATION RES: render at 512x512 for AI quality, then DOWNSCALE to FINAL 96x96 PNG. FINAL IMAGE SPECS: 96x96 PNG, transparent background, indexed palette (max 256 colors), TARGET FILE SIZE: under 5 KB per image. Use clean Pokemon-style line art, vibrant saturated colors, single creature centered in frame, tightly cropped to creature edges (no padding wider than 2px), no text or watermarks."
565,Caterpoom,Mind,Dream,Common,cat,Castle|Sanctum,any,Wednesday,any,96x96,5,,Chimeling,level,10,20,"Pokemon-style monster creature named ""Caterpoom"". RARITY TIER: Common (simple form, 1-2 distinguishing details). EVOLUTION CHAIN: stage 1 of 2 (chain ""mind_chain_3""). Evolves INTO: ""Chimeling"" (trigger: level, guaranteed by lvl 20). Foreshadow features that will become more prominent in ""Chimeling"" — keep family identity consistent so the next stage feels like a natural maturation, not a different creature. Maintain visual continuity across the entire 2-stage chain — same family identity, recognizable shape across stages. OUTPUT VIEWS: render three separate images per creature — (1) full-body front view, (2) three-quarter back view rotated ~135 degrees from front, (3) pure side-profile view. GENERATION RES: render at 512x512 for AI quality, then DOWNSCALE to FINAL 96x96 PNG. FINAL IMAGE SPECS: 96x96 PNG, transparent background, indexed palette (max 256 colors), TARGET FILE SIZE: under 5 KB per image. Use clean Pokemon-style line art, vibrant saturated colors, single creature centered in frame, tightly cropped to creature edges (no padding wider than 2px), no text or watermarks."
566,Elecoth,Sound,,Common,amorphous-elemental,Forest|Town,any,Thursday,any,96x96,5,,,,,,"Pokemon-style monster creature named ""Elecoth"". RARITY TIER: Common (simple form, 1-2 distinguishing details). OUTPUT VIEWS: render three separate images per creature — (1) full-body front view, (2) three-quarter back view rotated ~135 degrees from front, (3) pure side-profile view. GENERATION RES: render at 512x512 for AI quality, then DOWNSCALE to FINAL 96x96 PNG. FINAL IMAGE SPECS: 96x96 PNG, transparent background, indexed palette (max 256 colors), TARGET FILE SIZE: under 5 KB per image. Use clean Pokemon-style line art, vibrant saturated colors, single creature centered in frame, tightly cropped to creature edges (no padding wider than 2px), no text or watermarks."
567,Weaseal,Time,Light,Common,spirit-form,Sanctum|Cave,any,any,any,96x96,5,,,,,,"Pokemon-style monster creature named ""Weaseal"". RARITY TIER: Common (simple form, 1-2 distinguishing details). OUTPUT VIEWS: render three separate images per creature — (1) full-body front view, (2) three-quarter back view rotated ~135 degrees from front, (3) pure side-profile view. GENERATION RES: render at 512x512 for AI quality, then DOWNSCALE to FINAL 96x96 PNG. FINAL IMAGE SPECS: 96x96 PNG, transparent background, indexed palette (max 256 colors), TARGET FILE SIZE: under 5 KB per image. Use clean Pokemon-style line art, vibrant saturated colors, single creature centered in frame, tightly cropped to creature edges (no padding wider than 2px), no text or watermarks."
568,Shelking,Crystal,Storm,Common,crab,Cave|Mountain|WaterSurface,any,Monday,any,96x96,5,,,,,,"Pokemon-style monster creature named ""Shelking"". RARITY TIER: Common (simple form, 1-2 distinguishing details). OUTPUT VIEWS: render three separate images per creature — (1) full-body front view, (2) three-quarter back view rotated ~135 degrees from front, (3) pure side-profile view. GENERATION RES: render at 512x512 for AI quality, then DOWNSCALE to FINAL 96x96 PNG. FINAL IMAGE SPECS: 96x96 PNG, transparent background, indexed palette (max 256 colors), TARGET FILE SIZE: under 5 KB per image. Use clean Pokemon-style line art, vibrant saturated colors, single creature centered in frame, tightly cropped to creature edges (no padding wider than 2px), no text or watermarks."
569,Gladium,Blood,,Common,reptile,Castle|Sanctum|Cave,any,Saturday,any,96x96,5,,,,,,"Pokemon-style monster creature named ""Gladium"". RARITY TIER: Common (simple form, 1-2 distinguishing details). OUTPUT VIEWS: render three separate images per creature — (1) full-body front view, (2) three-quarter back view rotated ~135 degrees from front, (3) pure side-profile view. GENERATION RES: render at 512x512 for AI quality, then DOWNSCALE to FINAL 96x96 PNG. FINAL IMAGE SPECS: 96x96 PNG, transparent background, indexed palette (max 256 colors), TARGET FILE SIZE: under 5 KB per image. Use clean Pokemon-style line art, vibrant saturated colors, single creature centered in frame, tightly cropped to creature edges (no padding wider than 2px), no text or watermarks."
570,Fieraros,Fire,Wood,Common,beast,Desert|Cave,any,Saturday,Heat,96x96,5,Fiefly,,,,,"Pokemon-style monster creature named ""Fieraros"". RARITY TIER: Common (simple form, 1-2 distinguishing details). EVOLUTION CHAIN: stage 2 of 2 (chain ""fire_chain_7""). Pre-evolution: ""Fiefly"" — this creature evolved FROM ""Fiefly"". Preserve a recognizably similar body shape and family identity to ""Fiefly"", but with extra detail layers, larger size (~10-15%), upgraded markings, more pronounced presence. Maintain visual continuity across the entire 2-stage chain — same family identity, recognizable shape across stages. OUTPUT VIEWS: render three separate images per creature — (1) full-body front view, (2) three-quarter back view rotated ~135 degrees from front, (3) pure side-profile view. GENERATION RES: render at 512x512 for AI quality, then DOWNSCALE to FINAL 96x96 PNG. FINAL IMAGE SPECS: 96x96 PNG, transparent background, indexed palette (max 256 colors), TARGET FILE SIZE: under 5 KB per image. Use clean Pokemon-style line art, vibrant saturated colors, single creature centered in frame, tightly cropped to creature edges (no padding wider than 2px), no text or watermarks."
571,Hyenuzz,Water,,Common,mythic-form,Beach|Harbor|Marsh,any,Friday,Rain,96x96,5,,Hypena,weather_rain,10,20,"Pokemon-style monster creature named ""Hyenuzz"". RARITY TIER: Common (simple form, 1-2 distinguishing details). EVOLUTION CHAIN: stage 1 of 2 (chain ""water_chain_8""). Evolves INTO: ""Hypena"" (trigger: weather_rain, guaranteed by lvl 20). Foreshadow features that will become more prominent in ""Hypena"" — keep family identity consistent so the next stage feels like a natural maturation, not a different creature. Maintain visual continuity across the entire 2-stage chain — same family identity, recognizable shape across stages. OUTPUT VIEWS: render three separate images per creature — (1) full-body front view, (2) three-quarter back view rotated ~135 degrees from front, (3) pure side-profile view. GENERATION RES: render at 512x512 for AI quality, then DOWNSCALE to FINAL 96x96 PNG. FINAL IMAGE SPECS: 96x96 PNG, transparent background, indexed palette (max 256 colors), TARGET FILE SIZE: under 5 KB per image. Use clean Pokemon-style line art, vibrant saturated colors, single creature centered in frame, tightly cropped to creature edges (no padding wider than 2px), no text or watermarks."
572,Cobrawl,Ice,Wind,Common,snake,Mountain|WaterSurface,any,Wednesday,Snow,96x96,5,Chimuar,,,,,"Pokemon-style monster creature named ""Cobrawl"". RARITY TIER: Common (simple form, 1-2 distinguishing details). EVOLUTION CHAIN: stage 3 of 3 (chain ""ice_chain_6""). Pre-evolution: ""Chimuar"" — this creature evolved FROM ""Chimuar"". Preserve a recognizably similar body shape and family identity to ""Chimuar"", but with extra detail layers, larger size (~10-15%), upgraded markings, more pronounced presence. Maintain visual continuity across the entire 3-stage chain — same family identity, recognizable shape across stages. OUTPUT VIEWS: render three separate images per creature — (1) full-body front view, (2) three-quarter back view rotated ~135 degrees from front, (3) pure side-profile view. GENERATION RES: render at 512x512 for AI quality, then DOWNSCALE to FINAL 96x96 PNG. FINAL IMAGE SPECS: 96x96 PNG, transparent background, indexed palette (max 256 colors), TARGET FILE SIZE: under 5 KB per image. Use clean Pokemon-style line art, vibrant saturated colors, single creature centered in frame, tightly cropped to creature edges (no padding wider than 2px), no text or watermarks."
573,Magmyte,Earth,Fire,Common,beast,Forest|Mountain|Desert,any,Sunday,any,96x96,5,,,,,,"Pokemon-style monster creature named ""Magmyte"". RARITY TIER: Common (simple form, 1-2 distinguishing details). OUTPUT VIEWS: render three separate images per creature — (1) full-body front view, (2) three-quarter back view rotated ~135 degrees from front, (3) pure side-profile view. GENERATION RES: render at 512x512 for AI quality, then DOWNSCALE to FINAL 96x96 PNG. FINAL IMAGE SPECS: 96x96 PNG, transparent background, indexed palette (max 256 colors), TARGET FILE SIZE: under 5 KB per image. Use clean Pokemon-style line art, vibrant saturated colors, single creature centered in frame, tightly cropped to creature edges (no padding wider than 2px), no text or watermarks."
574,Aquatadger,Wood,,Common,fish,Forest|Plains,day-preferred,Sunday,any,96x96,5,Antelobster,Autoad,stone,30,45,"Pokemon-style monster creature named ""Aquatadger"". RARITY TIER: Common (simple form, 1-2 distinguishing details). EVOLUTION CHAIN: stage 2 of 3 (chain ""wood_chain_1""). Pre-evolution: ""Antelobster"" — this creature evolved FROM ""Antelobster"". Preserve a recognizably similar body shape and family identity to ""Antelobster"", but with extra detail layers, larger size (~10-15%), upgraded markings, more pronounced presence. Evolves INTO: ""Autoad"" (trigger: stone, guaranteed by lvl 45). Foreshadow features that will become more prominent in ""Autoad"" — keep family identity consistent so the next stage feels like a natural maturation, not a different creature. Maintain visual continuity across the entire 3-stage chain — same family identity, recognizable shape across stages. OUTPUT VIEWS: render three separate images per creature — (1) full-body front view, (2) three-quarter back view rotated ~135 degrees from front, (3) pure side-profile view. GENERATION RES: render at 512x512 for AI quality, then DOWNSCALE to FINAL 96x96 PNG. FINAL IMAGE SPECS: 96x96 PNG, transparent background, indexed palette (max 256 colors), TARGET FILE SIZE: under 5 KB per image. Use clean Pokemon-style line art, vibrant saturated colors, single creature centered in frame, tightly cropped to creature edges (no padding wider than 2px), no text or watermarks."
575,Dewilla,Metal,Crystal,Common,bipedal-humanoid,Cave|Castle|Harbor,any,Monday,any,96x96,5,Crocoduno,,,,,"Pokemon-style monster creature named ""Dewilla"". RARITY TIER: Common (simple form, 1-2 distinguishing details). EVOLUTION CHAIN: stage 2 of 2 (chain ""metal_chain_5""). Pre-evolution: ""Crocoduno"" — this creature evolved FROM ""Crocoduno"". Preserve a recognizably similar body shape and family identity to ""Crocoduno"", but with extra detail layers, larger size (~10-15%), upgraded markings, more pronounced presence. Maintain visual continuity across the entire 2-stage chain — same family identity, recognizable shape across stages. OUTPUT VIEWS: render three separate images per creature — (1) full-body front view, (2) three-quarter back view rotated ~135 degrees from front, (3) pure side-profile view. GENERATION RES: render at 512x512 for AI quality, then DOWNSCALE to FINAL 96x96 PNG. FINAL IMAGE SPECS: 96x96 PNG, transparent background, indexed palette (max 256 colors), TARGET FILE SIZE: under 5 KB per image. Use clean Pokemon-style line art, vibrant saturated colors, single creature centered in frame, tightly cropped to creature edges (no padding wider than 2px), no text or watermarks."
576,Bonerine,Storm,,Common,spirit-form,Beach|Mountain,any,Thursday,Rain,96x96,5,Belluar,,,,,"Pokemon-style monster creature named ""Bonerine"". RARITY TIER: Common (simple form, 1-2 distinguishing details). EVOLUTION CHAIN: stage 2 of 2 (chain ""storm_chain_5""). Pre-evolution: ""Belluar"" — this creature evolved FROM ""Belluar"". Preserve a recognizably similar body shape and family identity to ""Belluar"", but with extra detail layers, larger size (~10-15%), upgraded markings, more pronounced presence. Maintain visual continuity across the entire 2-stage chain — same family identity, recognizable shape across stages. OUTPUT VIEWS: render three separate images per creature — (1) full-body front view, (2) three-quarter back view rotated ~135 degrees from front, (3) pure side-profile view. GENERATION RES: render at 512x512 for AI quality, then DOWNSCALE to FINAL 96x96 PNG. FINAL IMAGE SPECS: 96x96 PNG, transparent background, indexed palette (max 256 colors), TARGET FILE SIZE: under 5 KB per image. Use clean Pokemon-style line art, vibrant saturated colors, single creature centered in frame, tightly cropped to creature edges (no padding wider than 2px), no text or watermarks."
577,Magihog,Wind,Earth,Common,beast,Plains|Mountain,any,Friday,Foehn,96x96,5,,,,,,"Pokemon-style monster creature named ""Magihog"". RARITY TIER: Common (simple form, 1-2 distinguishing details). OUTPUT VIEWS: render three separate images per creature — (1) full-body front view, (2) three-quarter back view rotated ~135 degrees from front, (3) pure side-profile view. GENERATION RES: render at 512x512 for AI quality, then DOWNSCALE to FINAL 96x96 PNG. FINAL IMAGE SPECS: 96x96 PNG, transparent background, indexed palette (max 256 colors), TARGET FILE SIZE: under 5 KB per image. Use clean Pokemon-style line art, vibrant saturated colors, single creature centered in frame, tightly cropped to creature edges (no padding wider than 2px), no text or watermarks."
578,Giralite,Shadow,Light,Common,reptile,Cave|Marsh|Sanctum,night-only,Wednesday,Fog,96x96,5,,Glacander,level,10,20,"Pokemon-style monster creature named ""Giralite"". RARITY TIER: Common (simple form, 1-2 distinguishing details). EVOLUTION CHAIN: stage 1 of 2 (chain ""shadow_chain_8""). Evolves INTO: ""Glacander"" (trigger: level, guaranteed by lvl 20). Foreshadow features that will become more prominent in ""Glacander"" — keep family identity consistent so the next stage feels like a natural maturation, not a different creature. Maintain visual continuity across the entire 2-stage chain — same family identity, recognizable shape across stages. OUTPUT VIEWS: render three separate images per creature — (1) full-body front view, (2) three-quarter back view rotated ~135 degrees from front, (3) pure side-profile view. GENERATION RES: render at 512x512 for AI quality, then DOWNSCALE to FINAL 96x96 PNG. FINAL IMAGE SPECS: 96x96 PNG, transparent background, indexed palette (max 256 colors), TARGET FILE SIZE: under 5 KB per image. Use clean Pokemon-style line art, vibrant saturated colors, single creature centered in frame, tightly cropped to creature edges (no padding wider than 2px), no text or watermarks."
579,Starzelle,Light,,Common,amorphous-elemental,Castle|Sanctum|Town,day-only,Tuesday,any,96x96,5,,,,,,"Pokemon-style monster creature named ""Starzelle"". RARITY TIER: Common (simple form, 1-2 distinguishing details). OUTPUT VIEWS: render three separate images per creature — (1) full-body front view, (2) three-quarter back view rotated ~135 degrees from front, (3) pure side-profile view. GENERATION RES: render at 512x512 for AI quality, then DOWNSCALE to FINAL 96x96 PNG. FINAL IMAGE SPECS: 96x96 PNG, transparent background, indexed palette (max 256 colors), TARGET FILE SIZE: under 5 KB per image. Use clean Pokemon-style line art, vibrant saturated colors, single creature centered in frame, tightly cropped to creature edges (no padding wider than 2px), no text or watermarks."
580,Weasou,Venom,Blood,Common,spirit-form,Marsh|Cave|Sanctum,dawn-dusk-only,Saturday,any,96x96,5,,,,,,"Pokemon-style monster creature named ""Weasou"". RARITY TIER: Common (simple form, 1-2 distinguishing details). OUTPUT VIEWS: render three separate images per creature — (1) full-body front view, (2) three-quarter back view rotated ~135 degrees from front, (3) pure side-profile view. GENERATION RES: render at 512x512 for AI quality, then DOWNSCALE to FINAL 96x96 PNG. FINAL IMAGE SPECS: 96x96 PNG, transparent background, indexed palette (max 256 colors), TARGET FILE SIZE: under 5 KB per image. Use clean Pokemon-style line art, vibrant saturated colors, single creature centered in frame, tightly cropped to creature edges (no padding wider than 2px), no text or watermarks."
581,Bibite,Cosmic,,Common,spirit-form,Sanctum|Mountain,night-only,Wednesday,any,96x96,5,Barracupid,,,,,"Pokemon-style monster creature named ""Bibite"". RARITY TIER: Common (simple form, 1-2 distinguishing details). EVOLUTION CHAIN: stage 3 of 3 (chain ""cosmic_chain_1""). Pre-evolution: ""Barracupid"" — this creature evolved FROM ""Barracupid"". Preserve a recognizably similar body shape and family identity to ""Barracupid"", but with extra detail layers, larger size (~10-15%), upgraded markings, more pronounced presence. Maintain visual continuity across the entire 3-stage chain — same family identity, recognizable shape across stages. OUTPUT VIEWS: render three separate images per creature — (1) full-body front view, (2) three-quarter back view rotated ~135 degrees from front, (3) pure side-profile view. GENERATION RES: render at 512x512 for AI quality, then DOWNSCALE to FINAL 96x96 PNG. FINAL IMAGE SPECS: 96x96 PNG, transparent background, indexed palette (max 256 colors), TARGET FILE SIZE: under 5 KB per image. Use clean Pokemon-style line art, vibrant saturated colors, single creature centered in frame, tightly cropped to creature edges (no padding wider than 2px), no text or watermarks."
582,Slowmingo,Aether,Shadow,Common,amorphous-elemental,Sanctum|Town,any,any,any,96x96,5,,,,,,"Pokemon-style monster creature named ""Slowmingo"". RARITY TIER: Common (simple form, 1-2 distinguishing details). OUTPUT VIEWS: render three separate images per creature — (1) full-body front view, (2) three-quarter back view rotated ~135 degrees from front, (3) pure side-profile view. GENERATION RES: render at 512x512 for AI quality, then DOWNSCALE to FINAL 96x96 PNG. FINAL IMAGE SPECS: 96x96 PNG, transparent background, indexed palette (max 256 colors), TARGET FILE SIZE: under 5 KB per image. Use clean Pokemon-style line art, vibrant saturated colors, single creature centered in frame, tightly cropped to creature edges (no padding wider than 2px), no text or watermarks."
583,Gladiapecker,Dream,Blood,Common,simian,Forest|Sanctum,night-only,Wednesday,any,96x96,5,,,,,,"Pokemon-style monster creature named ""Gladiapecker"". RARITY TIER: Common (simple form, 1-2 distinguishing details). OUTPUT VIEWS: render three separate images per creature — (1) full-body front view, (2) three-quarter back view rotated ~135 degrees from front, (3) pure side-profile view. GENERATION RES: render at 512x512 for AI quality, then DOWNSCALE to FINAL 96x96 PNG. FINAL IMAGE SPECS: 96x96 PNG, transparent background, indexed palette (max 256 colors), TARGET FILE SIZE: under 5 KB per image. Use clean Pokemon-style line art, vibrant saturated colors, single creature centered in frame, tightly cropped to creature edges (no padding wider than 2px), no text or watermarks."
584,Fieringale,Mind,,Common,beast,Castle|Sanctum,any,Wednesday,any,96x96,5,,,,,,"Pokemon-style monster creature named ""Fieringale"". RARITY TIER: Common (simple form, 1-2 distinguishing details). OUTPUT VIEWS: render three separate images per creature — (1) full-body front view, (2) three-quarter back view rotated ~135 degrees from front, (3) pure side-profile view. GENERATION RES: render at 512x512 for AI quality, then DOWNSCALE to FINAL 96x96 PNG. FINAL IMAGE SPECS: 96x96 PNG, transparent background, indexed palette (max 256 colors), TARGET FILE SIZE: under 5 KB per image. Use clean Pokemon-style line art, vibrant saturated colors, single creature centered in frame, tightly cropped to creature edges (no padding wider than 2px), no text or watermarks."
585,Octotone,Sound,Mind,Common,octopus,Forest|Town,any,Thursday,any,96x96,5,,,,,,"Pokemon-style monster creature named ""Octotone"". RARITY TIER: Common (simple form, 1-2 distinguishing details). OUTPUT VIEWS: render three separate images per creature — (1) full-body front view, (2) three-quarter back view rotated ~135 degrees from front, (3) pure side-profile view. GENERATION RES: render at 512x512 for AI quality, then DOWNSCALE to FINAL 96x96 PNG. FINAL IMAGE SPECS: 96x96 PNG, transparent background, indexed palette (max 256 colors), TARGET FILE SIZE: under 5 KB per image. Use clean Pokemon-style line art, vibrant saturated colors, single creature centered in frame, tightly cropped to creature edges (no padding wider than 2px), no text or watermarks."
586,Hypemingo,Time,,Common,mythic-form,Sanctum|Cave,any,any,any,96x96,5,,,,,,"Pokemon-style monster creature named ""Hypemingo"". RARITY TIER: Common (simple form, 1-2 distinguishing details). OUTPUT VIEWS: render three separate images per creature — (1) full-body front view, (2) three-quarter back view rotated ~135 degrees from front, (3) pure side-profile view. GENERATION RES: render at 512x512 for AI quality, then DOWNSCALE to FINAL 96x96 PNG. FINAL IMAGE SPECS: 96x96 PNG, transparent background, indexed palette (max 256 colors), TARGET FILE SIZE: under 5 KB per image. Use clean Pokemon-style line art, vibrant saturated colors, single creature centered in frame, tightly cropped to creature edges (no padding wider than 2px), no text or watermarks."
587,Voltibou,Crystal,Wind,Common,mythic-form,Cave|Mountain|WaterSurface,any,Monday,any,96x96,5,,,,,,"Pokemon-style monster creature named ""Voltibou"". RARITY TIER: Common (simple form, 1-2 distinguishing details). OUTPUT VIEWS: render three separate images per creature — (1) full-body front view, (2) three-quarter back view rotated ~135 degrees from front, (3) pure side-profile view. GENERATION RES: render at 512x512 for AI quality, then DOWNSCALE to FINAL 96x96 PNG. FINAL IMAGE SPECS: 96x96 PNG, transparent background, indexed palette (max 256 colors), TARGET FILE SIZE: under 5 KB per image. Use clean Pokemon-style line art, vibrant saturated colors, single creature centered in frame, tightly cropped to creature edges (no padding wider than 2px), no text or watermarks."
588,Horrofly,Blood,Time,Common,mythic-form,Castle|Sanctum|Cave,any,Saturday,any,96x96,5,,,,,,"Pokemon-style monster creature named ""Horrofly"". RARITY TIER: Common (simple form, 1-2 distinguishing details). OUTPUT VIEWS: render three separate images per creature — (1) full-body front view, (2) three-quarter back view rotated ~135 degrees from front, (3) pure side-profile view. GENERATION RES: render at 512x512 for AI quality, then DOWNSCALE to FINAL 96x96 PNG. FINAL IMAGE SPECS: 96x96 PNG, transparent background, indexed palette (max 256 colors), TARGET FILE SIZE: under 5 KB per image. Use clean Pokemon-style line art, vibrant saturated colors, single creature centered in frame, tightly cropped to creature edges (no padding wider than 2px), no text or watermarks."
589,Beatle,Fire,,Common,spirit-form,Desert|Cave,any,Saturday,Heat,96x96,5,Bealix,Beatric,weather_storm,30,45,"Pokemon-style monster creature named ""Beatle"". RARITY TIER: Common (simple form, 1-2 distinguishing details). EVOLUTION CHAIN: stage 2 of 3 (chain ""fire_chain_1""). Pre-evolution: ""Bealix"" — this creature evolved FROM ""Bealix"". Preserve a recognizably similar body shape and family identity to ""Bealix"", but with extra detail layers, larger size (~10-15%), upgraded markings, more pronounced presence. Evolves INTO: ""Beatric"" (trigger: weather_storm, guaranteed by lvl 45). Foreshadow features that will become more prominent in ""Beatric"" — keep family identity consistent so the next stage feels like a natural maturation, not a different creature. Maintain visual continuity across the entire 3-stage chain — same family identity, recognizable shape across stages. OUTPUT VIEWS: render three separate images per creature — (1) full-body front view, (2) three-quarter back view rotated ~135 degrees from front, (3) pure side-profile view. GENERATION RES: render at 512x512 for AI quality, then DOWNSCALE to FINAL 96x96 PNG. FINAL IMAGE SPECS: 96x96 PNG, transparent background, indexed palette (max 256 colors), TARGET FILE SIZE: under 5 KB per image. Use clean Pokemon-style line art, vibrant saturated colors, single creature centered in frame, tightly cropped to creature edges (no padding wider than 2px), no text or watermarks."
590,Leopops,Water,Earth,Common,amorphous-elemental,Beach|Harbor|Marsh,any,Friday,Rain,96x96,5,,,,,,"Pokemon-style monster creature named ""Leopops"". RARITY TIER: Common (simple form, 1-2 distinguishing details). OUTPUT VIEWS: render three separate images per creature — (1) full-body front view, (2) three-quarter back view rotated ~135 degrees from front, (3) pure side-profile view. GENERATION RES: render at 512x512 for AI quality, then DOWNSCALE to FINAL 96x96 PNG. FINAL IMAGE SPECS: 96x96 PNG, transparent background, indexed palette (max 256 colors), TARGET FILE SIZE: under 5 KB per image. Use clean Pokemon-style line art, vibrant saturated colors, single creature centered in frame, tightly cropped to creature edges (no padding wider than 2px), no text or watermarks."
591,Aquatopus,Ice,,Common,fish,Mountain|WaterSurface,any,Wednesday,Snow,96x96,5,Alliganium,,,,,"Pokemon-style monster creature named ""Aquatopus"". RARITY TIER: Common (simple form, 1-2 distinguishing details). EVOLUTION CHAIN: stage 3 of 3 (chain ""ice_chain_1""). Pre-evolution: ""Alliganium"" — this creature evolved FROM ""Alliganium"". Preserve a recognizably similar body shape and family identity to ""Alliganium"", but with extra detail layers, larger size (~10-15%), upgraded markings, more pronounced presence. Maintain visual continuity across the entire 3-stage chain — same family identity, recognizable shape across stages. OUTPUT VIEWS: render three separate images per creature — (1) full-body front view, (2) three-quarter back view rotated ~135 degrees from front, (3) pure side-profile view. GENERATION RES: render at 512x512 for AI quality, then DOWNSCALE to FINAL 96x96 PNG. FINAL IMAGE SPECS: 96x96 PNG, transparent background, indexed palette (max 256 colors), TARGET FILE SIZE: under 5 KB per image. Use clean Pokemon-style line art, vibrant saturated colors, single creature centered in frame, tightly cropped to creature edges (no padding wider than 2px), no text or watermarks."
592,Wolvith,Earth,Crystal,Common,wolf,Forest|Mountain|Desert,any,Sunday,any,96x96,5,,,,,,"Pokemon-style monster creature named ""Wolvith"". RARITY TIER: Common (simple form, 1-2 distinguishing details). OUTPUT VIEWS: render three separate images per creature — (1) full-body front view, (2) three-quarter back view rotated ~135 degrees from front, (3) pure side-profile view. GENERATION RES: render at 512x512 for AI quality, then DOWNSCALE to FINAL 96x96 PNG. FINAL IMAGE SPECS: 96x96 PNG, transparent background, indexed palette (max 256 colors), TARGET FILE SIZE: under 5 KB per image. Use clean Pokemon-style line art, vibrant saturated colors, single creature centered in frame, tightly cropped to creature edges (no padding wider than 2px), no text or watermarks."
593,Autoad,Wood,Earth,Common,frog,Forest|Plains,day-preferred,Sunday,any,96x96,5,Aquatadger,,,,,"Pokemon-style monster creature named ""Autoad"". RARITY TIER: Common (simple form, 1-2 distinguishing details). EVOLUTION CHAIN: stage 3 of 3 (chain ""wood_chain_1""). Pre-evolution: ""Aquatadger"" — this creature evolved FROM ""Aquatadger"". Preserve a recognizably similar body shape and family identity to ""Aquatadger"", but with extra detail layers, larger size (~10-15%), upgraded markings, more pronounced presence. Maintain visual continuity across the entire 3-stage chain — same family identity, recognizable shape across stages. OUTPUT VIEWS: render three separate images per creature — (1) full-body front view, (2) three-quarter back view rotated ~135 degrees from front, (3) pure side-profile view. GENERATION RES: render at 512x512 for AI quality, then DOWNSCALE to FINAL 96x96 PNG. FINAL IMAGE SPECS: 96x96 PNG, transparent background, indexed palette (max 256 colors), TARGET FILE SIZE: under 5 KB per image. Use clean Pokemon-style line art, vibrant saturated colors, single creature centered in frame, tightly cropped to creature edges (no padding wider than 2px), no text or watermarks."
594,Rockela,Metal,,Common,bipedal-humanoid,Cave|Castle|Harbor,any,Monday,any,96x96,5,,,,,,"Pokemon-style monster creature named ""Rockela"". RARITY TIER: Common (simple form, 1-2 distinguishing details). OUTPUT VIEWS: render three separate images per creature — (1) full-body front view, (2) three-quarter back view rotated ~135 degrees from front, (3) pure side-profile view. GENERATION RES: render at 512x512 for AI quality, then DOWNSCALE to FINAL 96x96 PNG. FINAL IMAGE SPECS: 96x96 PNG, transparent background, indexed palette (max 256 colors), TARGET FILE SIZE: under 5 KB per image. Use clean Pokemon-style line art, vibrant saturated colors, single creature centered in frame, tightly cropped to creature edges (no padding wider than 2px), no text or watermarks."
595,Quickwhale,Storm,Metal,Common,cetacean,Beach|Mountain,any,Thursday,Rain,96x96,5,,,,,,"Pokemon-style monster creature named ""Quickwhale"". RARITY TIER: Common (simple form, 1-2 distinguishing details). OUTPUT VIEWS: render three separate images per creature — (1) full-body front view, (2) three-quarter back view rotated ~135 degrees from front, (3) pure side-profile view. GENERATION RES: render at 512x512 for AI quality, then DOWNSCALE to FINAL 96x96 PNG. FINAL IMAGE SPECS: 96x96 PNG, transparent background, indexed palette (max 256 colors), TARGET FILE SIZE: under 5 KB per image. Use clean Pokemon-style line art, vibrant saturated colors, single creature centered in frame, tightly cropped to creature edges (no padding wider than 2px), no text or watermarks."
596,Apricode,Wind,,Common,mythic-form,Plains|Mountain,any,Friday,Foehn,96x96,5,Alliros,Aquaking,moon_full,30,45,"Pokemon-style monster creature named ""Apricode"". RARITY TIER: Common (simple form, 1-2 distinguishing details). EVOLUTION CHAIN: stage 2 of 3 (chain ""wind_chain_1""). Pre-evolution: ""Alliros"" — this creature evolved FROM ""Alliros"". Preserve a recognizably similar body shape and family identity to ""Alliros"", but with extra detail layers, larger size (~10-15%), upgraded markings, more pronounced presence. Evolves INTO: ""Aquaking"" (trigger: moon_full, guaranteed by lvl 45). Foreshadow features that will become more prominent in ""Aquaking"" — keep family identity consistent so the next stage feels like a natural maturation, not a different creature. Maintain visual continuity across the entire 3-stage chain — same family identity, recognizable shape across stages. OUTPUT VIEWS: render three separate images per creature — (1) full-body front view, (2) three-quarter back view rotated ~135 degrees from front, (3) pure side-profile view. GENERATION RES: render at 512x512 for AI quality, then DOWNSCALE to FINAL 96x96 PNG. FINAL IMAGE SPECS: 96x96 PNG, transparent background, indexed palette (max 256 colors), TARGET FILE SIZE: under 5 KB per image. Use clean Pokemon-style line art, vibrant saturated colors, single creature centered in frame, tightly cropped to creature edges (no padding wider than 2px), no text or watermarks."
597,Horrorilla,Shadow,Mind,Common,beast,Cave|Marsh|Sanctum,night-only,Wednesday,Fog,96x96,5,,,,,,"Pokemon-style monster creature named ""Horrorilla"". RARITY TIER: Common (simple form, 1-2 distinguishing details). OUTPUT VIEWS: render three separate images per creature — (1) full-body front view, (2) three-quarter back view rotated ~135 degrees from front, (3) pure side-profile view. GENERATION RES: render at 512x512 for AI quality, then DOWNSCALE to FINAL 96x96 PNG. FINAL IMAGE SPECS: 96x96 PNG, transparent background, indexed palette (max 256 colors), TARGET FILE SIZE: under 5 KB per image. Use clean Pokemon-style line art, vibrant saturated colors, single creature centered in frame, tightly cropped to creature edges (no padding wider than 2px), no text or watermarks."
598,Aquatile,Light,Crystal,Common,fish,Castle|Sanctum|Town,day-only,Tuesday,any,96x96,5,Albareon,Armabyss,level,30,45,"Pokemon-style monster creature named ""Aquatile"". RARITY TIER: Common (simple form, 1-2 distinguishing details). EVOLUTION CHAIN: stage 2 of 3 (chain ""light_chain_1""). Pre-evolution: ""Albareon"" — this creature evolved FROM ""Albareon"". Preserve a recognizably similar body shape and family identity to ""Albareon"", but with extra detail layers, larger size (~10-15%), upgraded markings, more pronounced presence. Evolves INTO: ""Armabyss"" (trigger: level, guaranteed by lvl 45). Foreshadow features that will become more prominent in ""Armabyss"" — keep family identity consistent so the next stage feels like a natural maturation, not a different creature. Maintain visual continuity across the entire 3-stage chain — same family identity, recognizable shape across stages. OUTPUT VIEWS: render three separate images per creature — (1) full-body front view, (2) three-quarter back view rotated ~135 degrees from front, (3) pure side-profile view. GENERATION RES: render at 512x512 for AI quality, then DOWNSCALE to FINAL 96x96 PNG. FINAL IMAGE SPECS: 96x96 PNG, transparent background, indexed palette (max 256 colors), TARGET FILE SIZE: under 5 KB per image. Use clean Pokemon-style line art, vibrant saturated colors, single creature centered in frame, tightly cropped to creature edges (no padding wider than 2px), no text or watermarks."
599,Albatroal,Venom,,Common,mythic-form,Marsh|Cave|Sanctum,dawn-dusk-only,Saturday,any,96x96,5,,Armadion,level,10,20,"Pokemon-style monster creature named ""Albatroal"". RARITY TIER: Common (simple form, 1-2 distinguishing details). EVOLUTION CHAIN: stage 1 of 3 (chain ""venom_chain_1""). Evolves INTO: ""Armadion"" (trigger: level, guaranteed by lvl 20). Foreshadow features that will become more prominent in ""Armadion"" — keep family identity consistent so the next stage feels like a natural maturation, not a different creature. Maintain visual continuity across the entire 3-stage chain — same family identity, recognizable shape across stages. OUTPUT VIEWS: render three separate images per creature — (1) full-body front view, (2) three-quarter back view rotated ~135 degrees from front, (3) pure side-profile view. GENERATION RES: render at 512x512 for AI quality, then DOWNSCALE to FINAL 96x96 PNG. FINAL IMAGE SPECS: 96x96 PNG, transparent background, indexed palette (max 256 colors), TARGET FILE SIZE: under 5 KB per image. Use clean Pokemon-style line art, vibrant saturated colors, single creature centered in frame, tightly cropped to creature edges (no padding wider than 2px), no text or watermarks."
600,Kangarak,Cosmic,Mind,Uncommon,bipedal-humanoid,Sanctum|Mountain,night-only,Wednesday,any,96x96,5,,,,,,"Pokemon-style monster creature named ""Kangarak"". RARITY TIER: Uncommon (more detailed body, 2-3 distinguishing details). OUTPUT VIEWS: render three separate images per creature — (1) full-body front view, (2) three-quarter back view rotated ~135 degrees from front, (3) pure side-profile view. GENERATION RES: render at 512x512 for AI quality, then DOWNSCALE to FINAL 96x96 PNG. FINAL IMAGE SPECS: 96x96 PNG, transparent background, indexed palette (max 256 colors), TARGET FILE SIZE: under 5 KB per image. Use clean Pokemon-style line art, vibrant saturated colors, single creature centered in frame, tightly cropped to creature edges (no padding wider than 2px), no text or watermarks."
601,Donkuno,Aether,,Uncommon,bipedal-humanoid,Sanctum|Town,any,any,any,96x96,5,,Elasion,level,10,20,"Pokemon-style monster creature named ""Donkuno"". RARITY TIER: Uncommon (more detailed body, 2-3 distinguishing details). EVOLUTION CHAIN: stage 1 of 2 (chain ""aether_chain_4""). Evolves INTO: ""Elasion"" (trigger: level, guaranteed by lvl 20). Foreshadow features that will become more prominent in ""Elasion"" — keep family identity consistent so the next stage feels like a natural maturation, not a different creature. Maintain visual continuity across the entire 2-stage chain — same family identity, recognizable shape across stages. OUTPUT VIEWS: render three separate images per creature — (1) full-body front view, (2) three-quarter back view rotated ~135 degrees from front, (3) pure side-profile view. GENERATION RES: render at 512x512 for AI quality, then DOWNSCALE to FINAL 96x96 PNG. FINAL IMAGE SPECS: 96x96 PNG, transparent background, indexed palette (max 256 colors), TARGET FILE SIZE: under 5 KB per image. Use clean Pokemon-style line art, vibrant saturated colors, single creature centered in frame, tightly cropped to creature edges (no padding wider than 2px), no text or watermarks."
602,Shaloon,Dream,Time,Uncommon,amorphous-elemental,Forest|Sanctum,night-only,Wednesday,any,96x96,5,,,,,,"Pokemon-style monster creature named ""Shaloon"". RARITY TIER: Uncommon (more detailed body, 2-3 distinguishing details). OUTPUT VIEWS: render three separate images per creature — (1) full-body front view, (2) three-quarter back view rotated ~135 degrees from front, (3) pure side-profile view. GENERATION RES: render at 512x512 for AI quality, then DOWNSCALE to FINAL 96x96 PNG. FINAL IMAGE SPECS: 96x96 PNG, transparent background, indexed palette (max 256 colors), TARGET FILE SIZE: under 5 KB per image. Use clean Pokemon-style line art, vibrant saturated colors, single creature centered in frame, tightly cropped to creature edges (no padding wider than 2px), no text or watermarks."
603,Shalax,Mind,Sound,Uncommon,amorphous-elemental,Castle|Sanctum,any,Wednesday,any,96x96,5,,,,,,"Pokemon-style monster creature named ""Shalax"". RARITY TIER: Uncommon (more detailed body, 2-3 distinguishing details). OUTPUT VIEWS: render three separate images per creature — (1) full-body front view, (2) three-quarter back view rotated ~135 degrees from front, (3) pure side-profile view. GENERATION RES: render at 512x512 for AI quality, then DOWNSCALE to FINAL 96x96 PNG. FINAL IMAGE SPECS: 96x96 PNG, transparent background, indexed palette (max 256 colors), TARGET FILE SIZE: under 5 KB per image. Use clean Pokemon-style line art, vibrant saturated colors, single creature centered in frame, tightly cropped to creature edges (no padding wider than 2px), no text or watermarks."
604,Hypony,Sound,,Uncommon,mythic-form,Forest|Town,any,Thursday,any,96x96,5,,,,,,"Pokemon-style monster creature named ""Hypony"". RARITY TIER: Uncommon (more detailed body, 2-3 distinguishing details). OUTPUT VIEWS: render three separate images per creature — (1) full-body front view, (2) three-quarter back view rotated ~135 degrees from front, (3) pure side-profile view. GENERATION RES: render at 512x512 for AI quality, then DOWNSCALE to FINAL 96x96 PNG. FINAL IMAGE SPECS: 96x96 PNG, transparent background, indexed palette (max 256 colors), TARGET FILE SIZE: under 5 KB per image. Use clean Pokemon-style line art, vibrant saturated colors, single creature centered in frame, tightly cropped to creature edges (no padding wider than 2px), no text or watermarks."
605,Falcoplume,Time,Aether,Uncommon,bird,Sanctum|Cave,any,any,any,96x96,5,,,,,,"Pokemon-style monster creature named ""Falcoplume"". RARITY TIER: Uncommon (more detailed body, 2-3 distinguishing details). OUTPUT VIEWS: render three separate images per creature — (1) full-body front view, (2) three-quarter back view rotated ~135 degrees from front, (3) pure side-profile view. GENERATION RES: render at 512x512 for AI quality, then DOWNSCALE to FINAL 96x96 PNG. FINAL IMAGE SPECS: 96x96 PNG, transparent background, indexed palette (max 256 colors), TARGET FILE SIZE: under 5 KB per image. Use clean Pokemon-style line art, vibrant saturated colors, single creature centered in frame, tightly cropped to creature edges (no padding wider than 2px), no text or watermarks."
606,Albanub,Crystal,,Uncommon,mythic-form,Cave|Mountain|WaterSurface,any,Monday,any,96x96,5,,Albatryle,moon_new,10,20,"Pokemon-style monster creature named ""Albanub"". RARITY TIER: Uncommon (more detailed body, 2-3 distinguishing details). EVOLUTION CHAIN: stage 1 of 3 (chain ""crystal_chain_1""). Evolves INTO: ""Albatryle"" (trigger: moon_new, guaranteed by lvl 20). Foreshadow features that will become more prominent in ""Albatryle"" — keep family identity consistent so the next stage feels like a natural maturation, not a different creature. Maintain visual continuity across the entire 3-stage chain — same family identity, recognizable shape across stages. OUTPUT VIEWS: render three separate images per creature — (1) full-body front view, (2) three-quarter back view rotated ~135 degrees from front, (3) pure side-profile view. GENERATION RES: render at 512x512 for AI quality, then DOWNSCALE to FINAL 96x96 PNG. FINAL IMAGE SPECS: 96x96 PNG, transparent background, indexed palette (max 256 colors), TARGET FILE SIZE: under 5 KB per image. Use clean Pokemon-style line art, vibrant saturated colors, single creature centered in frame, tightly cropped to creature edges (no padding wider than 2px), no text or watermarks."
607,Pantheaf,Blood,Crystal,Uncommon,cat,Castle|Sanctum|Cave,any,Saturday,any,96x96,5,,,,,,"Pokemon-style monster creature named ""Pantheaf"". RARITY TIER: Uncommon (more detailed body, 2-3 distinguishing details). OUTPUT VIEWS: render three separate images per creature — (1) full-body front view, (2) three-quarter back view rotated ~135 degrees from front, (3) pure side-profile view. GENERATION RES: render at 512x512 for AI quality, then DOWNSCALE to FINAL 96x96 PNG. FINAL IMAGE SPECS: 96x96 PNG, transparent background, indexed palette (max 256 colors), TARGET FILE SIZE: under 5 KB per image. Use clean Pokemon-style line art, vibrant saturated colors, single creature centered in frame, tightly cropped to creature edges (no padding wider than 2px), no text or watermarks."
608,Chamelite,Fire,Ice,Uncommon,quadruped,Desert|Cave,any,Saturday,Heat,96x96,5,Boneton,,,,,"Pokemon-style monster creature named ""Chamelite"". RARITY TIER: Uncommon (more detailed body, 2-3 distinguishing details). EVOLUTION CHAIN: stage 2 of 2 (chain ""fire_chain_2""). Pre-evolution: ""Boneton"" — this creature evolved FROM ""Boneton"". Preserve a recognizably similar body shape and family identity to ""Boneton"", but with extra detail layers, larger size (~10-15%), upgraded markings, more pronounced presence. Maintain visual continuity across the entire 2-stage chain — same family identity, recognizable shape across stages. OUTPUT VIEWS: render three separate images per creature — (1) full-body front view, (2) three-quarter back view rotated ~135 degrees from front, (3) pure side-profile view. GENERATION RES: render at 512x512 for AI quality, then DOWNSCALE to FINAL 96x96 PNG. FINAL IMAGE SPECS: 96x96 PNG, transparent background, indexed palette (max 256 colors), TARGET FILE SIZE: under 5 KB per image. Use clean Pokemon-style line art, vibrant saturated colors, single creature centered in frame, tightly cropped to creature edges (no padding wider than 2px), no text or watermarks."
609,Rhinodily,Water,,Uncommon,bipedal-humanoid,Beach|Harbor|Marsh,any,Friday,Rain,96x96,5,,,,,,"Pokemon-style monster creature named ""Rhinodily"". RARITY TIER: Uncommon (more detailed body, 2-3 distinguishing details). OUTPUT VIEWS: render three separate images per creature — (1) full-body front view, (2) three-quarter back view rotated ~135 degrees from front, (3) pure side-profile view. GENERATION RES: render at 512x512 for AI quality, then DOWNSCALE to FINAL 96x96 PNG. FINAL IMAGE SPECS: 96x96 PNG, transparent background, indexed palette (max 256 colors), TARGET FILE SIZE: under 5 KB per image. Use clean Pokemon-style line art, vibrant saturated colors, single creature centered in frame, tightly cropped to creature edges (no padding wider than 2px), no text or watermarks."
610,Spinking,Ice,Earth,Uncommon,amorphous-elemental,Mountain|WaterSurface,any,Wednesday,Snow,96x96,5,,,,,,"Pokemon-style monster creature named ""Spinking"". RARITY TIER: Uncommon (more detailed body, 2-3 distinguishing details). OUTPUT VIEWS: render three separate images per creature — (1) full-body front view, (2) three-quarter back view rotated ~135 degrees from front, (3) pure side-profile view. GENERATION RES: render at 512x512 for AI quality, then DOWNSCALE to FINAL 96x96 PNG. FINAL IMAGE SPECS: 96x96 PNG, transparent background, indexed palette (max 256 colors), TARGET FILE SIZE: under 5 KB per image. Use clean Pokemon-style line art, vibrant saturated colors, single creature centered in frame, tightly cropped to creature edges (no padding wider than 2px), no text or watermarks."
611,Chimebil,Earth,,Uncommon,quadruped,Forest|Mountain|Desert,any,Sunday,any,96x96,5,Caterak,,,,,"Pokemon-style monster creature named ""Chimebil"". RARITY TIER: Uncommon (more detailed body, 2-3 distinguishing details). EVOLUTION CHAIN: stage 2 of 2 (chain ""earth_chain_4""). Pre-evolution: ""Caterak"" — this creature evolved FROM ""Caterak"". Preserve a recognizably similar body shape and family identity to ""Caterak"", but with extra detail layers, larger size (~10-15%), upgraded markings, more pronounced presence. Maintain visual continuity across the entire 2-stage chain — same family identity, recognizable shape across stages. OUTPUT VIEWS: render three separate images per creature — (1) full-body front view, (2) three-quarter back view rotated ~135 degrees from front, (3) pure side-profile view. GENERATION RES: render at 512x512 for AI quality, then DOWNSCALE to FINAL 96x96 PNG. FINAL IMAGE SPECS: 96x96 PNG, transparent background, indexed palette (max 256 colors), TARGET FILE SIZE: under 5 KB per image. Use clean Pokemon-style line art, vibrant saturated colors, single creature centered in frame, tightly cropped to creature edges (no padding wider than 2px), no text or watermarks."
612,Bisotto,Wood,Water,Uncommon,spirit-form,Forest|Plains,day-preferred,Sunday,any,96x96,5,Biemborth,,,,,"Pokemon-style monster creature named ""Bisotto"". RARITY TIER: Uncommon (more detailed body, 2-3 distinguishing details). EVOLUTION CHAIN: stage 2 of 2 (chain ""wood_chain_3""). Pre-evolution: ""Biemborth"" — this creature evolved FROM ""Biemborth"". Preserve a recognizably similar body shape and family identity to ""Biemborth"", but with extra detail layers, larger size (~10-15%), upgraded markings, more pronounced presence. Maintain visual continuity across the entire 2-stage chain — same family identity, recognizable shape across stages. OUTPUT VIEWS: render three separate images per creature — (1) full-body front view, (2) three-quarter back view rotated ~135 degrees from front, (3) pure side-profile view. GENERATION RES: render at 512x512 for AI quality, then DOWNSCALE to FINAL 96x96 PNG. FINAL IMAGE SPECS: 96x96 PNG, transparent background, indexed palette (max 256 colors), TARGET FILE SIZE: under 5 KB per image. Use clean Pokemon-style line art, vibrant saturated colors, single creature centered in frame, tightly cropped to creature edges (no padding wider than 2px), no text or watermarks."
613,Sumouse,Metal,Wind,Uncommon,rodent,Cave|Castle|Harbor,any,Monday,any,96x96,5,,,,,,"Pokemon-style monster creature named ""Sumouse"". RARITY TIER: Uncommon (more detailed body, 2-3 distinguishing details). OUTPUT VIEWS: render three separate images per creature — (1) full-body front view, (2) three-quarter back view rotated ~135 degrees from front, (3) pure side-profile view. GENERATION RES: render at 512x512 for AI quality, then DOWNSCALE to FINAL 96x96 PNG. FINAL IMAGE SPECS: 96x96 PNG, transparent background, indexed palette (max 256 colors), TARGET FILE SIZE: under 5 KB per image. Use clean Pokemon-style line art, vibrant saturated colors, single creature centered in frame, tightly cropped to creature edges (no padding wider than 2px), no text or watermarks."
614,Camoose,Storm,,Uncommon,quadruped,Beach|Mountain,any,Thursday,Rain,96x96,5,Byrroisdot,,,,,"Pokemon-style monster creature named ""Camoose"". RARITY TIER: Uncommon (more detailed body, 2-3 distinguishing details). EVOLUTION CHAIN: stage 3 of 3 (chain ""storm_chain_6""). Pre-evolution: ""Byrroisdot"" — this creature evolved FROM ""Byrroisdot"". Preserve a recognizably similar body shape and family identity to ""Byrroisdot"", but with extra detail layers, larger size (~10-15%), upgraded markings, more pronounced presence. Maintain visual continuity across the entire 3-stage chain — same family identity, recognizable shape across stages. OUTPUT VIEWS: render three separate images per creature — (1) full-body front view, (2) three-quarter back view rotated ~135 degrees from front, (3) pure side-profile view. GENERATION RES: render at 512x512 for AI quality, then DOWNSCALE to FINAL 96x96 PNG. FINAL IMAGE SPECS: 96x96 PNG, transparent background, indexed palette (max 256 colors), TARGET FILE SIZE: under 5 KB per image. Use clean Pokemon-style line art, vibrant saturated colors, single creature centered in frame, tightly cropped to creature edges (no padding wider than 2px), no text or watermarks."
615,Salamatine,Wind,Wood,Uncommon,frog,Plains|Mountain,any,Friday,Foehn,96x96,5,,,,,,"Pokemon-style monster creature named ""Salamatine"". RARITY TIER: Uncommon (more detailed body, 2-3 distinguishing details). OUTPUT VIEWS: render three separate images per creature — (1) full-body front view, (2) three-quarter back view rotated ~135 degrees from front, (3) pure side-profile view. GENERATION RES: render at 512x512 for AI quality, then DOWNSCALE to FINAL 96x96 PNG. FINAL IMAGE SPECS: 96x96 PNG, transparent background, indexed palette (max 256 colors), TARGET FILE SIZE: under 5 KB per image. Use clean Pokemon-style line art, vibrant saturated colors, single creature centered in frame, tightly cropped to creature edges (no padding wider than 2px), no text or watermarks."
616,Girabuff,Shadow,,Uncommon,reptile,Cave|Marsh|Sanctum,night-only,Wednesday,Fog,96x96,5,Falcocoon,,,,,"Pokemon-style monster creature named ""Girabuff"". RARITY TIER: Uncommon (more detailed body, 2-3 distinguishing details). EVOLUTION CHAIN: stage 2 of 2 (chain ""shadow_chain_7""). Pre-evolution: ""Falcocoon"" — this creature evolved FROM ""Falcocoon"". Preserve a recognizably similar body shape and family identity to ""Falcocoon"", but with extra detail layers, larger size (~10-15%), upgraded markings, more pronounced presence. Maintain visual continuity across the entire 2-stage chain — same family identity, recognizable shape across stages. OUTPUT VIEWS: render three separate images per creature — (1) full-body front view, (2) three-quarter back view rotated ~135 degrees from front, (3) pure side-profile view. GENERATION RES: render at 512x512 for AI quality, then DOWNSCALE to FINAL 96x96 PNG. FINAL IMAGE SPECS: 96x96 PNG, transparent background, indexed palette (max 256 colors), TARGET FILE SIZE: under 5 KB per image. Use clean Pokemon-style line art, vibrant saturated colors, single creature centered in frame, tightly cropped to creature edges (no padding wider than 2px), no text or watermarks."
617,Hypeen,Light,Venom,Uncommon,mythic-form,Castle|Sanctum|Town,day-only,Tuesday,any,96x96,5,,,,,,"Pokemon-style monster creature named ""Hypeen"". RARITY TIER: Uncommon (more detailed body, 2-3 distinguishing details). OUTPUT VIEWS: render three separate images per creature — (1) full-body front view, (2) three-quarter back view rotated ~135 degrees from front, (3) pure side-profile view. GENERATION RES: render at 512x512 for AI quality, then DOWNSCALE to FINAL 96x96 PNG. FINAL IMAGE SPECS: 96x96 PNG, transparent background, indexed palette (max 256 colors), TARGET FILE SIZE: under 5 KB per image. Use clean Pokemon-style line art, vibrant saturated colors, single creature centered in frame, tightly cropped to creature edges (no padding wider than 2px), no text or watermarks."
618,Ostrire,Venom,Wood,Uncommon,mythic-form,Marsh|Cave|Sanctum,dawn-dusk-only,Saturday,any,96x96,5,,,,,,"Pokemon-style monster creature named ""Ostrire"". RARITY TIER: Uncommon (more detailed body, 2-3 distinguishing details). OUTPUT VIEWS: render three separate images per creature — (1) full-body front view, (2) three-quarter back view rotated ~135 degrees from front, (3) pure side-profile view. GENERATION RES: render at 512x512 for AI quality, then DOWNSCALE to FINAL 96x96 PNG. FINAL IMAGE SPECS: 96x96 PNG, transparent background, indexed palette (max 256 colors), TARGET FILE SIZE: under 5 KB per image. Use clean Pokemon-style line art, vibrant saturated colors, single creature centered in frame, tightly cropped to creature edges (no padding wider than 2px), no text or watermarks."
619,Rhinobyss,Cosmic,,Uncommon,bipedal-humanoid,Sanctum|Mountain,night-only,Wednesday,any,96x96,5,,,,,,"Pokemon-style monster creature named ""Rhinobyss"". RARITY TIER: Uncommon (more detailed body, 2-3 distinguishing details). OUTPUT VIEWS: render three separate images per creature — (1) full-body front view, (2) three-quarter back view rotated ~135 degrees from front, (3) pure side-profile view. GENERATION RES: render at 512x512 for AI quality, then DOWNSCALE to FINAL 96x96 PNG. FINAL IMAGE SPECS: 96x96 PNG, transparent background, indexed palette (max 256 colors), TARGET FILE SIZE: under 5 KB per image. Use clean Pokemon-style line art, vibrant saturated colors, single creature centered in frame, tightly cropped to creature edges (no padding wider than 2px), no text or watermarks."
620,Wintodile,Aether,Venom,Uncommon,spirit-form,Sanctum|Town,any,any,any,96x96,5,,,,,,"Pokemon-style monster creature named ""Wintodile"". RARITY TIER: Uncommon (more detailed body, 2-3 distinguishing details). OUTPUT VIEWS: render three separate images per creature — (1) full-body front view, (2) three-quarter back view rotated ~135 degrees from front, (3) pure side-profile view. GENERATION RES: render at 512x512 for AI quality, then DOWNSCALE to FINAL 96x96 PNG. FINAL IMAGE SPECS: 96x96 PNG, transparent background, indexed palette (max 256 colors), TARGET FILE SIZE: under 5 KB per image. Use clean Pokemon-style line art, vibrant saturated colors, single creature centered in frame, tightly cropped to creature edges (no padding wider than 2px), no text or watermarks."
621,Voltguin,Dream,,Uncommon,mythic-form,Forest|Sanctum,night-only,Wednesday,any,96x96,5,,,,,,"Pokemon-style monster creature named ""Voltguin"". RARITY TIER: Uncommon (more detailed body, 2-3 distinguishing details). OUTPUT VIEWS: render three separate images per creature — (1) full-body front view, (2) three-quarter back view rotated ~135 degrees from front, (3) pure side-profile view. GENERATION RES: render at 512x512 for AI quality, then DOWNSCALE to FINAL 96x96 PNG. FINAL IMAGE SPECS: 96x96 PNG, transparent background, indexed palette (max 256 colors), TARGET FILE SIZE: under 5 KB per image. Use clean Pokemon-style line art, vibrant saturated colors, single creature centered in frame, tightly cropped to creature edges (no padding wider than 2px), no text or watermarks."
622,Quiltile,Mind,Dream,Uncommon,quadruped,Castle|Sanctum,any,Wednesday,any,96x96,5,,,,,,"Pokemon-style monster creature named ""Quiltile"". RARITY TIER: Uncommon (more detailed body, 2-3 distinguishing details). OUTPUT VIEWS: render three separate images per creature — (1) full-body front view, (2) three-quarter back view rotated ~135 degrees from front, (3) pure side-profile view. GENERATION RES: render at 512x512 for AI quality, then DOWNSCALE to FINAL 96x96 PNG. FINAL IMAGE SPECS: 96x96 PNG, transparent background, indexed palette (max 256 colors), TARGET FILE SIZE: under 5 KB per image. Use clean Pokemon-style line art, vibrant saturated colors, single creature centered in frame, tightly cropped to creature edges (no padding wider than 2px), no text or watermarks."
623,Meltypus,Sound,Crystal,Uncommon,beast,Forest|Town,any,Thursday,any,96x96,5,,,,,,"Pokemon-style monster creature named ""Meltypus"". RARITY TIER: Uncommon (more detailed body, 2-3 distinguishing details). OUTPUT VIEWS: render three separate images per creature — (1) full-body front view, (2) three-quarter back view rotated ~135 degrees from front, (3) pure side-profile view. GENERATION RES: render at 512x512 for AI quality, then DOWNSCALE to FINAL 96x96 PNG. FINAL IMAGE SPECS: 96x96 PNG, transparent background, indexed palette (max 256 colors), TARGET FILE SIZE: under 5 KB per image. Use clean Pokemon-style line art, vibrant saturated colors, single creature centered in frame, tightly cropped to creature edges (no padding wider than 2px), no text or watermarks."
624,Swanna,Time,,Uncommon,amorphous-elemental,Sanctum|Cave,any,any,any,96x96,5,,,,,,"Pokemon-style monster creature named ""Swanna"". RARITY TIER: Uncommon (more detailed body, 2-3 distinguishing details). OUTPUT VIEWS: render three separate images per creature — (1) full-body front view, (2) three-quarter back view rotated ~135 degrees from front, (3) pure side-profile view. GENERATION RES: render at 512x512 for AI quality, then DOWNSCALE to FINAL 96x96 PNG. FINAL IMAGE SPECS: 96x96 PNG, transparent background, indexed palette (max 256 colors), TARGET FILE SIZE: under 5 KB per image. Use clean Pokemon-style line art, vibrant saturated colors, single creature centered in frame, tightly cropped to creature edges (no padding wider than 2px), no text or watermarks."
625,Doomadillo,Crystal,Storm,Uncommon,bipedal-humanoid,Cave|Mountain|WaterSurface,any,Monday,any,96x96,5,,Doomdine,level,10,20,"Pokemon-style monster creature named ""Doomadillo"". RARITY TIER: Uncommon (more detailed body, 2-3 distinguishing details). EVOLUTION CHAIN: stage 1 of 2 (chain ""crystal_chain_4""). Evolves INTO: ""Doomdine"" (trigger: level, guaranteed by lvl 20). Foreshadow features that will become more prominent in ""Doomdine"" — keep family identity consistent so the next stage feels like a natural maturation, not a different creature. Maintain visual continuity across the entire 2-stage chain — same family identity, recognizable shape across stages. OUTPUT VIEWS: render three separate images per creature — (1) full-body front view, (2) three-quarter back view rotated ~135 degrees from front, (3) pure side-profile view. GENERATION RES: render at 512x512 for AI quality, then DOWNSCALE to FINAL 96x96 PNG. FINAL IMAGE SPECS: 96x96 PNG, transparent background, indexed palette (max 256 colors), TARGET FILE SIZE: under 5 KB per image. Use clean Pokemon-style line art, vibrant saturated colors, single creature centered in frame, tightly cropped to creature edges (no padding wider than 2px), no text or watermarks."
626,Antetine,Blood,,Uncommon,insect,Castle|Sanctum|Cave,any,Saturday,any,96x96,5,,Aquail,level,10,20,"Pokemon-style monster creature named ""Antetine"". RARITY TIER: Uncommon (more detailed body, 2-3 distinguishing details). EVOLUTION CHAIN: stage 1 of 3 (chain ""blood_chain_1""). Evolves INTO: ""Aquail"" (trigger: level, guaranteed by lvl 20). Foreshadow features that will become more prominent in ""Aquail"" — keep family identity consistent so the next stage feels like a natural maturation, not a different creature. Maintain visual continuity across the entire 3-stage chain — same family identity, recognizable shape across stages. OUTPUT VIEWS: render three separate images per creature — (1) full-body front view, (2) three-quarter back view rotated ~135 degrees from front, (3) pure side-profile view. GENERATION RES: render at 512x512 for AI quality, then DOWNSCALE to FINAL 96x96 PNG. FINAL IMAGE SPECS: 96x96 PNG, transparent background, indexed palette (max 256 colors), TARGET FILE SIZE: under 5 KB per image. Use clean Pokemon-style line art, vibrant saturated colors, single creature centered in frame, tightly cropped to creature edges (no padding wider than 2px), no text or watermarks."
627,Hypetile,Fire,Wood,Uncommon,mythic-form,Desert|Cave,any,Saturday,Heat,96x96,5,,,,,,"Pokemon-style monster creature named ""Hypetile"". RARITY TIER: Uncommon (more detailed body, 2-3 distinguishing details). OUTPUT VIEWS: render three separate images per creature — (1) full-body front view, (2) three-quarter back view rotated ~135 degrees from front, (3) pure side-profile view. GENERATION RES: render at 512x512 for AI quality, then DOWNSCALE to FINAL 96x96 PNG. FINAL IMAGE SPECS: 96x96 PNG, transparent background, indexed palette (max 256 colors), TARGET FILE SIZE: under 5 KB per image. Use clean Pokemon-style line art, vibrant saturated colors, single creature centered in frame, tightly cropped to creature edges (no padding wider than 2px), no text or watermarks."
628,Silverigator,Water,Storm,Uncommon,amorphous-elemental,Beach|Harbor|Marsh,any,Friday,Rain,96x96,5,,,,,,"Pokemon-style monster creature named ""Silverigator"". RARITY TIER: Uncommon (more detailed body, 2-3 distinguishing details). OUTPUT VIEWS: render three separate images per creature — (1) full-body front view, (2) three-quarter back view rotated ~135 degrees from front, (3) pure side-profile view. GENERATION RES: render at 512x512 for AI quality, then DOWNSCALE to FINAL 96x96 PNG. FINAL IMAGE SPECS: 96x96 PNG, transparent background, indexed palette (max 256 colors), TARGET FILE SIZE: under 5 KB per image. Use clean Pokemon-style line art, vibrant saturated colors, single creature centered in frame, tightly cropped to creature edges (no padding wider than 2px), no text or watermarks."
629,Horroboon,Ice,,Uncommon,mythic-form,Mountain|WaterSurface,any,Wednesday,Snow,96x96,5,,,,,,"Pokemon-style monster creature named ""Horroboon"". RARITY TIER: Uncommon (more detailed body, 2-3 distinguishing details). OUTPUT VIEWS: render three separate images per creature — (1) full-body front view, (2) three-quarter back view rotated ~135 degrees from front, (3) pure side-profile view. GENERATION RES: render at 512x512 for AI quality, then DOWNSCALE to FINAL 96x96 PNG. FINAL IMAGE SPECS: 96x96 PNG, transparent background, indexed palette (max 256 colors), TARGET FILE SIZE: under 5 KB per image. Use clean Pokemon-style line art, vibrant saturated colors, single creature centered in frame, tightly cropped to creature edges (no padding wider than 2px), no text or watermarks."
630,Kingray,Earth,Fire,Uncommon,bipedal-humanoid,Forest|Mountain|Desert,any,Sunday,any,96x96,5,,,,,,"Pokemon-style monster creature named ""Kingray"". RARITY TIER: Uncommon (more detailed body, 2-3 distinguishing details). OUTPUT VIEWS: render three separate images per creature — (1) full-body front view, (2) three-quarter back view rotated ~135 degrees from front, (3) pure side-profile view. GENERATION RES: render at 512x512 for AI quality, then DOWNSCALE to FINAL 96x96 PNG. FINAL IMAGE SPECS: 96x96 PNG, transparent background, indexed palette (max 256 colors), TARGET FILE SIZE: under 5 KB per image. Use clean Pokemon-style line art, vibrant saturated colors, single creature centered in frame, tightly cropped to creature edges (no padding wider than 2px), no text or watermarks."
631,Pengepi,Wood,,Uncommon,spirit-form,Forest|Plains,day-preferred,Sunday,any,96x96,5,,,,,,"Pokemon-style monster creature named ""Pengepi"". RARITY TIER: Uncommon (more detailed body, 2-3 distinguishing details). OUTPUT VIEWS: render three separate images per creature — (1) full-body front view, (2) three-quarter back view rotated ~135 degrees from front, (3) pure side-profile view. GENERATION RES: render at 512x512 for AI quality, then DOWNSCALE to FINAL 96x96 PNG. FINAL IMAGE SPECS: 96x96 PNG, transparent background, indexed palette (max 256 colors), TARGET FILE SIZE: under 5 KB per image. Use clean Pokemon-style line art, vibrant saturated colors, single creature centered in frame, tightly cropped to creature edges (no padding wider than 2px), no text or watermarks."
632,Dranub,Metal,Crystal,Uncommon,bipedal-humanoid,Cave|Castle|Harbor,any,Monday,any,96x96,5,Dracory,,,,,"Pokemon-style monster creature named ""Dranub"". RARITY TIER: Uncommon (more detailed body, 2-3 distinguishing details). EVOLUTION CHAIN: stage 3 of 3 (chain ""metal_chain_6""). Pre-evolution: ""Dracory"" — this creature evolved FROM ""Dracory"". Preserve a recognizably similar body shape and family identity to ""Dracory"", but with extra detail layers, larger size (~10-15%), upgraded markings, more pronounced presence. Maintain visual continuity across the entire 3-stage chain — same family identity, recognizable shape across stages. OUTPUT VIEWS: render three separate images per creature — (1) full-body front view, (2) three-quarter back view rotated ~135 degrees from front, (3) pure side-profile view. GENERATION RES: render at 512x512 for AI quality, then DOWNSCALE to FINAL 96x96 PNG. FINAL IMAGE SPECS: 96x96 PNG, transparent background, indexed palette (max 256 colors), TARGET FILE SIZE: under 5 KB per image. Use clean Pokemon-style line art, vibrant saturated colors, single creature centered in frame, tightly cropped to creature edges (no padding wider than 2px), no text or watermarks."
633,Rockaroo,Storm,Water,Uncommon,bipedal-humanoid,Beach|Mountain,any,Thursday,Rain,96x96,5,,,,,,"Pokemon-style monster creature named ""Rockaroo"". RARITY TIER: Uncommon (more detailed body, 2-3 distinguishing details). OUTPUT VIEWS: render three separate images per creature — (1) full-body front view, (2) three-quarter back view rotated ~135 degrees from front, (3) pure side-profile view. GENERATION RES: render at 512x512 for AI quality, then DOWNSCALE to FINAL 96x96 PNG. FINAL IMAGE SPECS: 96x96 PNG, transparent background, indexed palette (max 256 colors), TARGET FILE SIZE: under 5 KB per image. Use clean Pokemon-style line art, vibrant saturated colors, single creature centered in frame, tightly cropped to creature edges (no padding wider than 2px), no text or watermarks."
634,Octopine,Wind,,Uncommon,octopus,Plains|Mountain,any,Friday,Foehn,96x96,5,,,,,,"Pokemon-style monster creature named ""Octopine"". RARITY TIER: Uncommon (more detailed body, 2-3 distinguishing details). OUTPUT VIEWS: render three separate images per creature — (1) full-body front view, (2) three-quarter back view rotated ~135 degrees from front, (3) pure side-profile view. GENERATION RES: render at 512x512 for AI quality, then DOWNSCALE to FINAL 96x96 PNG. FINAL IMAGE SPECS: 96x96 PNG, transparent background, indexed palette (max 256 colors), TARGET FILE SIZE: under 5 KB per image. Use clean Pokemon-style line art, vibrant saturated colors, single creature centered in frame, tightly cropped to creature edges (no padding wider than 2px), no text or watermarks."
635,Leotine,Shadow,Light,Uncommon,amorphous-elemental,Cave|Marsh|Sanctum,night-only,Wednesday,Fog,96x96,5,,,,,,"Pokemon-style monster creature named ""Leotine"". RARITY TIER: Uncommon (more detailed body, 2-3 distinguishing details). OUTPUT VIEWS: render three separate images per creature — (1) full-body front view, (2) three-quarter back view rotated ~135 degrees from front, (3) pure side-profile view. GENERATION RES: render at 512x512 for AI quality, then DOWNSCALE to FINAL 96x96 PNG. FINAL IMAGE SPECS: 96x96 PNG, transparent background, indexed palette (max 256 colors), TARGET FILE SIZE: under 5 KB per image. Use clean Pokemon-style line art, vibrant saturated colors, single creature centered in frame, tightly cropped to creature edges (no padding wider than 2px), no text or watermarks."
636,Magicapi,Light,,Uncommon,beast,Castle|Sanctum|Town,day-only,Tuesday,any,96x96,5,,,,,,"Pokemon-style monster creature named ""Magicapi"". RARITY TIER: Uncommon (more detailed body, 2-3 distinguishing details). OUTPUT VIEWS: render three separate images per creature — (1) full-body front view, (2) three-quarter back view rotated ~135 degrees from front, (3) pure side-profile view. GENERATION RES: render at 512x512 for AI quality, then DOWNSCALE to FINAL 96x96 PNG. FINAL IMAGE SPECS: 96x96 PNG, transparent background, indexed palette (max 256 colors), TARGET FILE SIZE: under 5 KB per image. Use clean Pokemon-style line art, vibrant saturated colors, single creature centered in frame, tightly cropped to creature edges (no padding wider than 2px), no text or watermarks."
637,Bisong,Venom,Blood,Uncommon,spirit-form,Marsh|Cave|Sanctum,dawn-dusk-only,Saturday,any,96x96,5,Beatic,,,,,"Pokemon-style monster creature named ""Bisong"". RARITY TIER: Uncommon (more detailed body, 2-3 distinguishing details). EVOLUTION CHAIN: stage 2 of 2 (chain ""venom_chain_2""). Pre-evolution: ""Beatic"" — this creature evolved FROM ""Beatic"". Preserve a recognizably similar body shape and family identity to ""Beatic"", but with extra detail layers, larger size (~10-15%), upgraded markings, more pronounced presence. Maintain visual continuity across the entire 2-stage chain — same family identity, recognizable shape across stages. OUTPUT VIEWS: render three separate images per creature — (1) full-body front view, (2) three-quarter back view rotated ~135 degrees from front, (3) pure side-profile view. GENERATION RES: render at 512x512 for AI quality, then DOWNSCALE to FINAL 96x96 PNG. FINAL IMAGE SPECS: 96x96 PNG, transparent background, indexed palette (max 256 colors), TARGET FILE SIZE: under 5 KB per image. Use clean Pokemon-style line art, vibrant saturated colors, single creature centered in frame, tightly cropped to creature edges (no padding wider than 2px), no text or watermarks."
638,Octopoal,Cosmic,Light,Uncommon,octopus,Sanctum|Mountain,night-only,Wednesday,any,96x96,5,,,,,,"Pokemon-style monster creature named ""Octopoal"". RARITY TIER: Uncommon (more detailed body, 2-3 distinguishing details). OUTPUT VIEWS: render three separate images per creature — (1) full-body front view, (2) three-quarter back view rotated ~135 degrees from front, (3) pure side-profile view. GENERATION RES: render at 512x512 for AI quality, then DOWNSCALE to FINAL 96x96 PNG. FINAL IMAGE SPECS: 96x96 PNG, transparent background, indexed palette (max 256 colors), TARGET FILE SIZE: under 5 KB per image. Use clean Pokemon-style line art, vibrant saturated colors, single creature centered in frame, tightly cropped to creature edges (no padding wider than 2px), no text or watermarks."
639,Quiloda,Aether,,Uncommon,quadruped,Sanctum|Town,any,any,any,96x96,5,,,,,,"Pokemon-style monster creature named ""Quiloda"". RARITY TIER: Uncommon (more detailed body, 2-3 distinguishing details). OUTPUT VIEWS: render three separate images per creature — (1) full-body front view, (2) three-quarter back view rotated ~135 degrees from front, (3) pure side-profile view. GENERATION RES: render at 512x512 for AI quality, then DOWNSCALE to FINAL 96x96 PNG. FINAL IMAGE SPECS: 96x96 PNG, transparent background, indexed palette (max 256 colors), TARGET FILE SIZE: under 5 KB per image. Use clean Pokemon-style line art, vibrant saturated colors, single creature centered in frame, tightly cropped to creature edges (no padding wider than 2px), no text or watermarks."
640,Demyte,Dream,Blood,Uncommon,bipedal-humanoid,Forest|Sanctum,night-only,Wednesday,any,96x96,5,Crabbit,Dolphite,level,30,45,"Pokemon-style monster creature named ""Demyte"". RARITY TIER: Uncommon (more detailed body, 2-3 distinguishing details). EVOLUTION CHAIN: stage 2 of 3 (chain ""dream_chain_6""). Pre-evolution: ""Crabbit"" — this creature evolved FROM ""Crabbit"". Preserve a recognizably similar body shape and family identity to ""Crabbit"", but with extra detail layers, larger size (~10-15%), upgraded markings, more pronounced presence. Evolves INTO: ""Dolphite"" (trigger: level, guaranteed by lvl 45). Foreshadow features that will become more prominent in ""Dolphite"" — keep family identity consistent so the next stage feels like a natural maturation, not a different creature. Maintain visual continuity across the entire 3-stage chain — same family identity, recognizable shape across stages. OUTPUT VIEWS: render three separate images per creature — (1) full-body front view, (2) three-quarter back view rotated ~135 degrees from front, (3) pure side-profile view. GENERATION RES: render at 512x512 for AI quality, then DOWNSCALE to FINAL 96x96 PNG. FINAL IMAGE SPECS: 96x96 PNG, transparent background, indexed palette (max 256 colors), TARGET FILE SIZE: under 5 KB per image. Use clean Pokemon-style line art, vibrant saturated colors, single creature centered in frame, tightly cropped to creature edges (no padding wider than 2px), no text or watermarks."
641,Rockaros,Mind,,Uncommon,bipedal-humanoid,Castle|Sanctum,any,Wednesday,any,96x96,5,,,,,,"Pokemon-style monster creature named ""Rockaros"". RARITY TIER: Uncommon (more detailed body, 2-3 distinguishing details). OUTPUT VIEWS: render three separate images per creature — (1) full-body front view, (2) three-quarter back view rotated ~135 degrees from front, (3) pure side-profile view. GENERATION RES: render at 512x512 for AI quality, then DOWNSCALE to FINAL 96x96 PNG. FINAL IMAGE SPECS: 96x96 PNG, transparent background, indexed palette (max 256 colors), TARGET FILE SIZE: under 5 KB per image. Use clean Pokemon-style line art, vibrant saturated colors, single creature centered in frame, tightly cropped to creature edges (no padding wider than 2px), no text or watermarks."
642,Kinezelle,Sound,Mind,Uncommon,bipedal-humanoid,Forest|Town,any,Thursday,any,96x96,5,,,,,,"Pokemon-style monster creature named ""Kinezelle"". RARITY TIER: Uncommon (more detailed body, 2-3 distinguishing details). OUTPUT VIEWS: render three separate images per creature — (1) full-body front view, (2) three-quarter back view rotated ~135 degrees from front, (3) pure side-profile view. GENERATION RES: render at 512x512 for AI quality, then DOWNSCALE to FINAL 96x96 PNG. FINAL IMAGE SPECS: 96x96 PNG, transparent background, indexed palette (max 256 colors), TARGET FILE SIZE: under 5 KB per image. Use clean Pokemon-style line art, vibrant saturated colors, single creature centered in frame, tightly cropped to creature edges (no padding wider than 2px), no text or watermarks."
643,Dolphig,Time,Blood,Uncommon,cetacean,Sanctum|Cave,any,any,any,96x96,5,Dinositar,,,,,"Pokemon-style monster creature named ""Dolphig"". RARITY TIER: Uncommon (more detailed body, 2-3 distinguishing details). EVOLUTION CHAIN: stage 2 of 2 (chain ""time_chain_8""). Pre-evolution: ""Dinositar"" — this creature evolved FROM ""Dinositar"". Preserve a recognizably similar body shape and family identity to ""Dinositar"", but with extra detail layers, larger size (~10-15%), upgraded markings, more pronounced presence. Maintain visual continuity across the entire 2-stage chain — same family identity, recognizable shape across stages. OUTPUT VIEWS: render three separate images per creature — (1) full-body front view, (2) three-quarter back view rotated ~135 degrees from front, (3) pure side-profile view. GENERATION RES: render at 512x512 for AI quality, then DOWNSCALE to FINAL 96x96 PNG. FINAL IMAGE SPECS: 96x96 PNG, transparent background, indexed palette (max 256 colors), TARGET FILE SIZE: under 5 KB per image. Use clean Pokemon-style line art, vibrant saturated colors, single creature centered in frame, tightly cropped to creature edges (no padding wider than 2px), no text or watermarks."
644,Recyclops,Crystal,,Uncommon,bipedal-humanoid,Cave|Mountain|WaterSurface,any,Monday,any,96x96,5,,,,,,"Pokemon-style monster creature named ""Recyclops"". RARITY TIER: Uncommon (more detailed body, 2-3 distinguishing details). OUTPUT VIEWS: render three separate images per creature — (1) full-body front view, (2) three-quarter back view rotated ~135 degrees from front, (3) pure side-profile view. GENERATION RES: render at 512x512 for AI quality, then DOWNSCALE to FINAL 96x96 PNG. FINAL IMAGE SPECS: 96x96 PNG, transparent background, indexed palette (max 256 colors), TARGET FILE SIZE: under 5 KB per image. Use clean Pokemon-style line art, vibrant saturated colors, single creature centered in frame, tightly cropped to creature edges (no padding wider than 2px), no text or watermarks."
645,Scorpicoon,Blood,Time,Uncommon,insect,Castle|Sanctum|Cave,any,Saturday,any,96x96,5,,,,,,"Pokemon-style monster creature named ""Scorpicoon"". RARITY TIER: Uncommon (more detailed body, 2-3 distinguishing details). OUTPUT VIEWS: render three separate images per creature — (1) full-body front view, (2) three-quarter back view rotated ~135 degrees from front, (3) pure side-profile view. GENERATION RES: render at 512x512 for AI quality, then DOWNSCALE to FINAL 96x96 PNG. FINAL IMAGE SPECS: 96x96 PNG, transparent background, indexed palette (max 256 colors), TARGET FILE SIZE: under 5 KB per image. Use clean Pokemon-style line art, vibrant saturated colors, single creature centered in frame, tightly cropped to creature edges (no padding wider than 2px), no text or watermarks."
646,Spiboon,Fire,,Uncommon,amorphous-elemental,Desert|Cave,any,Saturday,Heat,96x96,5,,,,,,"Pokemon-style monster creature named ""Spiboon"". RARITY TIER: Uncommon (more detailed body, 2-3 distinguishing details). OUTPUT VIEWS: render three separate images per creature — (1) full-body front view, (2) three-quarter back view rotated ~135 degrees from front, (3) pure side-profile view. GENERATION RES: render at 512x512 for AI quality, then DOWNSCALE to FINAL 96x96 PNG. FINAL IMAGE SPECS: 96x96 PNG, transparent background, indexed palette (max 256 colors), TARGET FILE SIZE: under 5 KB per image. Use clean Pokemon-style line art, vibrant saturated colors, single creature centered in frame, tightly cropped to creature edges (no padding wider than 2px), no text or watermarks."
647,Magitile,Water,Earth,Uncommon,beast,Beach|Harbor|Marsh,any,Friday,Rain,96x96,5,,,,,,"Pokemon-style monster creature named ""Magitile"". RARITY TIER: Uncommon (more detailed body, 2-3 distinguishing details). OUTPUT VIEWS: render three separate images per creature — (1) full-body front view, (2) three-quarter back view rotated ~135 degrees from front, (3) pure side-profile view. GENERATION RES: render at 512x512 for AI quality, then DOWNSCALE to FINAL 96x96 PNG. FINAL IMAGE SPECS: 96x96 PNG, transparent background, indexed palette (max 256 colors), TARGET FILE SIZE: under 5 KB per image. Use clean Pokemon-style line art, vibrant saturated colors, single creature centered in frame, tightly cropped to creature edges (no padding wider than 2px), no text or watermarks."
648,Termitis,Ice,Wood,Uncommon,beast,Mountain|WaterSurface,any,Wednesday,Snow,96x96,5,,,,,,"Pokemon-style monster creature named ""Termitis"". RARITY TIER: Uncommon (more detailed body, 2-3 distinguishing details). OUTPUT VIEWS: render three separate images per creature — (1) full-body front view, (2) three-quarter back view rotated ~135 degrees from front, (3) pure side-profile view. GENERATION RES: render at 512x512 for AI quality, then DOWNSCALE to FINAL 96x96 PNG. FINAL IMAGE SPECS: 96x96 PNG, transparent background, indexed palette (max 256 colors), TARGET FILE SIZE: under 5 KB per image. Use clean Pokemon-style line art, vibrant saturated colors, single creature centered in frame, tightly cropped to creature edges (no padding wider than 2px), no text or watermarks."
649,Cateceon,Earth,,Uncommon,cat,Forest|Mountain|Desert,any,Sunday,any,96x96,5,Banite,,,,,"Pokemon-style monster creature named ""Cateceon"". RARITY TIER: Uncommon (more detailed body, 2-3 distinguishing details). EVOLUTION CHAIN: stage 2 of 2 (chain ""earth_chain_3""). Pre-evolution: ""Banite"" — this creature evolved FROM ""Banite"". Preserve a recognizably similar body shape and family identity to ""Banite"", but with extra detail layers, larger size (~10-15%), upgraded markings, more pronounced presence. Maintain visual continuity across the entire 2-stage chain — same family identity, recognizable shape across stages. OUTPUT VIEWS: render three separate images per creature — (1) full-body front view, (2) three-quarter back view rotated ~135 degrees from front, (3) pure side-profile view. GENERATION RES: render at 512x512 for AI quality, then DOWNSCALE to FINAL 96x96 PNG. FINAL IMAGE SPECS: 96x96 PNG, transparent background, indexed palette (max 256 colors), TARGET FILE SIZE: under 5 KB per image. Use clean Pokemon-style line art, vibrant saturated colors, single creature centered in frame, tightly cropped to creature edges (no padding wider than 2px), no text or watermarks."
650,Elecnea,Wood,Earth,Uncommon,amorphous-elemental,Forest|Plains,day-preferred,Sunday,any,96x96,5,Elecling,,,,,"Pokemon-style monster creature named ""Elecnea"". RARITY TIER: Uncommon (more detailed body, 2-3 distinguishing details). EVOLUTION CHAIN: stage 2 of 2 (chain ""wood_chain_8""). Pre-evolution: ""Elecling"" — this creature evolved FROM ""Elecling"". Preserve a recognizably similar body shape and family identity to ""Elecling"", but with extra detail layers, larger size (~10-15%), upgraded markings, more pronounced presence. Maintain visual continuity across the entire 2-stage chain — same family identity, recognizable shape across stages. OUTPUT VIEWS: render three separate images per creature — (1) full-body front view, (2) three-quarter back view rotated ~135 degrees from front, (3) pure side-profile view. GENERATION RES: render at 512x512 for AI quality, then DOWNSCALE to FINAL 96x96 PNG. FINAL IMAGE SPECS: 96x96 PNG, transparent background, indexed palette (max 256 colors), TARGET FILE SIZE: under 5 KB per image. Use clean Pokemon-style line art, vibrant saturated colors, single creature centered in frame, tightly cropped to creature edges (no padding wider than 2px), no text or watermarks."
651,Wallaros,Metal,,Uncommon,spirit-form,Cave|Castle|Harbor,any,Monday,any,96x96,5,,,,,,"Pokemon-style monster creature named ""Wallaros"". RARITY TIER: Uncommon (more detailed body, 2-3 distinguishing details). OUTPUT VIEWS: render three separate images per creature — (1) full-body front view, (2) three-quarter back view rotated ~135 degrees from front, (3) pure side-profile view. GENERATION RES: render at 512x512 for AI quality, then DOWNSCALE to FINAL 96x96 PNG. FINAL IMAGE SPECS: 96x96 PNG, transparent background, indexed palette (max 256 colors), TARGET FILE SIZE: under 5 KB per image. Use clean Pokemon-style line art, vibrant saturated colors, single creature centered in frame, tightly cropped to creature edges (no padding wider than 2px), no text or watermarks."
652,Sandida,Storm,Metal,Uncommon,amorphous-elemental,Beach|Mountain,any,Thursday,Rain,96x96,5,,,,,,"Pokemon-style monster creature named ""Sandida"". RARITY TIER: Uncommon (more detailed body, 2-3 distinguishing details). OUTPUT VIEWS: render three separate images per creature — (1) full-body front view, (2) three-quarter back view rotated ~135 degrees from front, (3) pure side-profile view. GENERATION RES: render at 512x512 for AI quality, then DOWNSCALE to FINAL 96x96 PNG. FINAL IMAGE SPECS: 96x96 PNG, transparent background, indexed palette (max 256 colors), TARGET FILE SIZE: under 5 KB per image. Use clean Pokemon-style line art, vibrant saturated colors, single creature centered in frame, tightly cropped to creature edges (no padding wider than 2px), no text or watermarks."
653,Irodine,Wind,Venom,Uncommon,spirit-form,Plains|Mountain,any,Friday,Foehn,96x96,5,,,,,,"Pokemon-style monster creature named ""Irodine"". RARITY TIER: Uncommon (more detailed body, 2-3 distinguishing details). OUTPUT VIEWS: render three separate images per creature — (1) full-body front view, (2) three-quarter back view rotated ~135 degrees from front, (3) pure side-profile view. GENERATION RES: render at 512x512 for AI quality, then DOWNSCALE to FINAL 96x96 PNG. FINAL IMAGE SPECS: 96x96 PNG, transparent background, indexed palette (max 256 colors), TARGET FILE SIZE: under 5 KB per image. Use clean Pokemon-style line art, vibrant saturated colors, single creature centered in frame, tightly cropped to creature edges (no padding wider than 2px), no text or watermarks."
654,Elecacle,Shadow,,Uncommon,amorphous-elemental,Cave|Marsh|Sanctum,night-only,Wednesday,Fog,96x96,5,Doomroach,Elelite,moon_full,30,45,"Pokemon-style monster creature named ""Elecacle"". RARITY TIER: Uncommon (more detailed body, 2-3 distinguishing details). EVOLUTION CHAIN: stage 2 of 3 (chain ""shadow_chain_6""). Pre-evolution: ""Doomroach"" — this creature evolved FROM ""Doomroach"". Preserve a recognizably similar body shape and family identity to ""Doomroach"", but with extra detail layers, larger size (~10-15%), upgraded markings, more pronounced presence. Evolves INTO: ""Elelite"" (trigger: moon_full, guaranteed by lvl 45). Foreshadow features that will become more prominent in ""Elelite"" — keep family identity consistent so the next stage feels like a natural maturation, not a different creature. Maintain visual continuity across the entire 3-stage chain — same family identity, recognizable shape across stages. OUTPUT VIEWS: render three separate images per creature — (1) full-body front view, (2) three-quarter back view rotated ~135 degrees from front, (3) pure side-profile view. GENERATION RES: render at 512x512 for AI quality, then DOWNSCALE to FINAL 96x96 PNG. FINAL IMAGE SPECS: 96x96 PNG, transparent background, indexed palette (max 256 colors), TARGET FILE SIZE: under 5 KB per image. Use clean Pokemon-style line art, vibrant saturated colors, single creature centered in frame, tightly cropped to creature edges (no padding wider than 2px), no text or watermarks."
655,Chimpair,Light,Crystal,Uncommon,simian,Castle|Sanctum|Town,day-only,Tuesday,any,96x96,5,,Chimpion,level,10,20,"Pokemon-style monster creature named ""Chimpair"". RARITY TIER: Uncommon (more detailed body, 2-3 distinguishing details). EVOLUTION CHAIN: stage 1 of 2 (chain ""light_chain_8""). Evolves INTO: ""Chimpion"" (trigger: level, guaranteed by lvl 20). Foreshadow features that will become more prominent in ""Chimpion"" — keep family identity consistent so the next stage feels like a natural maturation, not a different creature. Maintain visual continuity across the entire 2-stage chain — same family identity, recognizable shape across stages. OUTPUT VIEWS: render three separate images per creature — (1) full-body front view, (2) three-quarter back view rotated ~135 degrees from front, (3) pure side-profile view. GENERATION RES: render at 512x512 for AI quality, then DOWNSCALE to FINAL 96x96 PNG. FINAL IMAGE SPECS: 96x96 PNG, transparent background, indexed palette (max 256 colors), TARGET FILE SIZE: under 5 KB per image. Use clean Pokemon-style line art, vibrant saturated colors, single creature centered in frame, tightly cropped to creature edges (no padding wider than 2px), no text or watermarks."
656,Discorpion,Venom,,Uncommon,insect,Marsh|Cave|Sanctum,dawn-dusk-only,Saturday,any,96x96,5,,Dracaid,level,10,20,"Pokemon-style monster creature named ""Discorpion"". RARITY TIER: Uncommon (more detailed body, 2-3 distinguishing details). EVOLUTION CHAIN: stage 1 of 2 (chain ""venom_chain_7""). Evolves INTO: ""Dracaid"" (trigger: level, guaranteed by lvl 20). Foreshadow features that will become more prominent in ""Dracaid"" — keep family identity consistent so the next stage feels like a natural maturation, not a different creature. Maintain visual continuity across the entire 2-stage chain — same family identity, recognizable shape across stages. OUTPUT VIEWS: render three separate images per creature — (1) full-body front view, (2) three-quarter back view rotated ~135 degrees from front, (3) pure side-profile view. GENERATION RES: render at 512x512 for AI quality, then DOWNSCALE to FINAL 96x96 PNG. FINAL IMAGE SPECS: 96x96 PNG, transparent background, indexed palette (max 256 colors), TARGET FILE SIZE: under 5 KB per image. Use clean Pokemon-style line art, vibrant saturated colors, single creature centered in frame, tightly cropped to creature edges (no padding wider than 2px), no text or watermarks."
657,Venohawk,Cosmic,Mind,Uncommon,mythic-form,Sanctum|Mountain,night-only,Wednesday,any,96x96,5,,,,,,"Pokemon-style monster creature named ""Venohawk"". RARITY TIER: Uncommon (more detailed body, 2-3 distinguishing details). OUTPUT VIEWS: render three separate images per creature — (1) full-body front view, (2) three-quarter back view rotated ~135 degrees from front, (3) pure side-profile view. GENERATION RES: render at 512x512 for AI quality, then DOWNSCALE to FINAL 96x96 PNG. FINAL IMAGE SPECS: 96x96 PNG, transparent background, indexed palette (max 256 colors), TARGET FILE SIZE: under 5 KB per image. Use clean Pokemon-style line art, vibrant saturated colors, single creature centered in frame, tightly cropped to creature edges (no padding wider than 2px), no text or watermarks."
658,Hypadillo,Aether,Cosmic,Uncommon,mythic-form,Sanctum|Town,any,any,any,96x96,5,Gokyd,,,,,"Pokemon-style monster creature named ""Hypadillo"". RARITY TIER: Uncommon (more detailed body, 2-3 distinguishing details). EVOLUTION CHAIN: stage 2 of 2 (chain ""aether_chain_7""). Pre-evolution: ""Gokyd"" — this creature evolved FROM ""Gokyd"". Preserve a recognizably similar body shape and family identity to ""Gokyd"", but with extra detail layers, larger size (~10-15%), upgraded markings, more pronounced presence. Maintain visual continuity across the entire 2-stage chain — same family identity, recognizable shape across stages. OUTPUT VIEWS: render three separate images per creature — (1) full-body front view, (2) three-quarter back view rotated ~135 degrees from front, (3) pure side-profile view. GENERATION RES: render at 512x512 for AI quality, then DOWNSCALE to FINAL 96x96 PNG. FINAL IMAGE SPECS: 96x96 PNG, transparent background, indexed palette (max 256 colors), TARGET FILE SIZE: under 5 KB per image. Use clean Pokemon-style line art, vibrant saturated colors, single creature centered in frame, tightly cropped to creature edges (no padding wider than 2px), no text or watermarks."
659,Koaleat,Dream,,Uncommon,bipedal-humanoid,Forest|Sanctum,night-only,Wednesday,any,96x96,5,,,,,,"Pokemon-style monster creature named ""Koaleat"". RARITY TIER: Uncommon (more detailed body, 2-3 distinguishing details). OUTPUT VIEWS: render three separate images per creature — (1) full-body front view, (2) three-quarter back view rotated ~135 degrees from front, (3) pure side-profile view. GENERATION RES: render at 512x512 for AI quality, then DOWNSCALE to FINAL 96x96 PNG. FINAL IMAGE SPECS: 96x96 PNG, transparent background, indexed palette (max 256 colors), TARGET FILE SIZE: under 5 KB per image. Use clean Pokemon-style line art, vibrant saturated colors, single creature centered in frame, tightly cropped to creature edges (no padding wider than 2px), no text or watermarks."
660,Blazebra,Mind,Sound,Uncommon,spirit-form,Castle|Sanctum,any,Wednesday,any,96x96,5,Bisita,Bonepion,weather_rain,30,45,"Pokemon-style monster creature named ""Blazebra"". RARITY TIER: Uncommon (more detailed body, 2-3 distinguishing details). EVOLUTION CHAIN: stage 2 of 3 (chain ""mind_chain_1""). Pre-evolution: ""Bisita"" — this creature evolved FROM ""Bisita"". Preserve a recognizably similar body shape and family identity to ""Bisita"", but with extra detail layers, larger size (~10-15%), upgraded markings, more pronounced presence. Evolves INTO: ""Bonepion"" (trigger: weather_rain, guaranteed by lvl 45). Foreshadow features that will become more prominent in ""Bonepion"" — keep family identity consistent so the next stage feels like a natural maturation, not a different creature. Maintain visual continuity across the entire 3-stage chain — same family identity, recognizable shape across stages. OUTPUT VIEWS: render three separate images per creature — (1) full-body front view, (2) three-quarter back view rotated ~135 degrees from front, (3) pure side-profile view. GENERATION RES: render at 512x512 for AI quality, then DOWNSCALE to FINAL 96x96 PNG. FINAL IMAGE SPECS: 96x96 PNG, transparent background, indexed palette (max 256 colors), TARGET FILE SIZE: under 5 KB per image. Use clean Pokemon-style line art, vibrant saturated colors, single creature centered in frame, tightly cropped to creature edges (no padding wider than 2px), no text or watermarks."
661,Lemaid,Sound,,Uncommon,amorphous-elemental,Forest|Town,any,Thursday,any,96x96,5,,,,,,"Pokemon-style monster creature named ""Lemaid"". RARITY TIER: Uncommon (more detailed body, 2-3 distinguishing details). OUTPUT VIEWS: render three separate images per creature — (1) full-body front view, (2) three-quarter back view rotated ~135 degrees from front, (3) pure side-profile view. GENERATION RES: render at 512x512 for AI quality, then DOWNSCALE to FINAL 96x96 PNG. FINAL IMAGE SPECS: 96x96 PNG, transparent background, indexed palette (max 256 colors), TARGET FILE SIZE: under 5 KB per image. Use clean Pokemon-style line art, vibrant saturated colors, single creature centered in frame, tightly cropped to creature edges (no padding wider than 2px), no text or watermarks."
662,Ramrilla,Time,Aether,Uncommon,bipedal-humanoid,Sanctum|Cave,any,any,any,96x96,5,,,,,,"Pokemon-style monster creature named ""Ramrilla"". RARITY TIER: Uncommon (more detailed body, 2-3 distinguishing details). OUTPUT VIEWS: render three separate images per creature — (1) full-body front view, (2) three-quarter back view rotated ~135 degrees from front, (3) pure side-profile view. GENERATION RES: render at 512x512 for AI quality, then DOWNSCALE to FINAL 96x96 PNG. FINAL IMAGE SPECS: 96x96 PNG, transparent background, indexed palette (max 256 colors), TARGET FILE SIZE: under 5 KB per image. Use clean Pokemon-style line art, vibrant saturated colors, single creature centered in frame, tightly cropped to creature edges (no padding wider than 2px), no text or watermarks."
663,Kanganyte,Crystal,Earth,Uncommon,bipedal-humanoid,Cave|Mountain|WaterSurface,any,Monday,any,96x96,5,,,,,,"Pokemon-style monster creature named ""Kanganyte"". RARITY TIER: Uncommon (more detailed body, 2-3 distinguishing details). OUTPUT VIEWS: render three separate images per creature — (1) full-body front view, (2) three-quarter back view rotated ~135 degrees from front, (3) pure side-profile view. GENERATION RES: render at 512x512 for AI quality, then DOWNSCALE to FINAL 96x96 PNG. FINAL IMAGE SPECS: 96x96 PNG, transparent background, indexed palette (max 256 colors), TARGET FILE SIZE: under 5 KB per image. Use clean Pokemon-style line art, vibrant saturated colors, single creature centered in frame, tightly cropped to creature edges (no padding wider than 2px), no text or watermarks."
664,Ashmadillo,Blood,,Uncommon,mythic-form,Castle|Sanctum|Cave,any,Saturday,any,96x96,5,,Badguno,level,10,20,"Pokemon-style monster creature named ""Ashmadillo"". RARITY TIER: Uncommon (more detailed body, 2-3 distinguishing details). EVOLUTION CHAIN: stage 1 of 2 (chain ""blood_chain_2""). Evolves INTO: ""Badguno"" (trigger: level, guaranteed by lvl 20). Foreshadow features that will become more prominent in ""Badguno"" — keep family identity consistent so the next stage feels like a natural maturation, not a different creature. Maintain visual continuity across the entire 2-stage chain — same family identity, recognizable shape across stages. OUTPUT VIEWS: render three separate images per creature — (1) full-body front view, (2) three-quarter back view rotated ~135 degrees from front, (3) pure side-profile view. GENERATION RES: render at 512x512 for AI quality, then DOWNSCALE to FINAL 96x96 PNG. FINAL IMAGE SPECS: 96x96 PNG, transparent background, indexed palette (max 256 colors), TARGET FILE SIZE: under 5 KB per image. Use clean Pokemon-style line art, vibrant saturated colors, single creature centered in frame, tightly cropped to creature edges (no padding wider than 2px), no text or watermarks."
665,Gladite,Fire,Ice,Uncommon,reptile,Desert|Cave,any,Saturday,Heat,96x96,5,,,,,,"Pokemon-style monster creature named ""Gladite"". RARITY TIER: Uncommon (more detailed body, 2-3 distinguishing details). OUTPUT VIEWS: render three separate images per creature — (1) full-body front view, (2) three-quarter back view rotated ~135 degrees from front, (3) pure side-profile view. GENERATION RES: render at 512x512 for AI quality, then DOWNSCALE to FINAL 96x96 PNG. FINAL IMAGE SPECS: 96x96 PNG, transparent background, indexed palette (max 256 colors), TARGET FILE SIZE: under 5 KB per image. Use clean Pokemon-style line art, vibrant saturated colors, single creature centered in frame, tightly cropped to creature edges (no padding wider than 2px), no text or watermarks."
666,Quaileaf,Water,,Uncommon,plant,Beach|Harbor|Marsh,any,Friday,Rain,96x96,5,,,,,,"Pokemon-style monster creature named ""Quaileaf"". RARITY TIER: Uncommon (more detailed body, 2-3 distinguishing details). OUTPUT VIEWS: render three separate images per creature — (1) full-body front view, (2) three-quarter back view rotated ~135 degrees from front, (3) pure side-profile view. GENERATION RES: render at 512x512 for AI quality, then DOWNSCALE to FINAL 96x96 PNG. FINAL IMAGE SPECS: 96x96 PNG, transparent background, indexed palette (max 256 colors), TARGET FILE SIZE: under 5 KB per image. Use clean Pokemon-style line art, vibrant saturated colors, single creature centered in frame, tightly cropped to creature edges (no padding wider than 2px), no text or watermarks."
667,Starraffe,Ice,Earth,Uncommon,amorphous-elemental,Mountain|WaterSurface,any,Wednesday,Snow,96x96,5,,,,,,"Pokemon-style monster creature named ""Starraffe"". RARITY TIER: Uncommon (more detailed body, 2-3 distinguishing details). OUTPUT VIEWS: render three separate images per creature — (1) full-body front view, (2) three-quarter back view rotated ~135 degrees from front, (3) pure side-profile view. GENERATION RES: render at 512x512 for AI quality, then DOWNSCALE to FINAL 96x96 PNG. FINAL IMAGE SPECS: 96x96 PNG, transparent background, indexed palette (max 256 colors), TARGET FILE SIZE: under 5 KB per image. Use clean Pokemon-style line art, vibrant saturated colors, single creature centered in frame, tightly cropped to creature edges (no padding wider than 2px), no text or watermarks."
668,Crazedine,Earth,Storm,Uncommon,quadruped,Forest|Mountain|Desert,any,Sunday,any,96x96,5,,Crocodos,weather_storm,10,20,"Pokemon-style monster creature named ""Crazedine"". RARITY TIER: Uncommon (more detailed body, 2-3 distinguishing details). EVOLUTION CHAIN: stage 1 of 3 (chain ""earth_chain_6""). Evolves INTO: ""Crocodos"" (trigger: weather_storm, guaranteed by lvl 20). Foreshadow features that will become more prominent in ""Crocodos"" — keep family identity consistent so the next stage feels like a natural maturation, not a different creature. Maintain visual continuity across the entire 3-stage chain — same family identity, recognizable shape across stages. OUTPUT VIEWS: render three separate images per creature — (1) full-body front view, (2) three-quarter back view rotated ~135 degrees from front, (3) pure side-profile view. GENERATION RES: render at 512x512 for AI quality, then DOWNSCALE to FINAL 96x96 PNG. FINAL IMAGE SPECS: 96x96 PNG, transparent background, indexed palette (max 256 colors), TARGET FILE SIZE: under 5 KB per image. Use clean Pokemon-style line art, vibrant saturated colors, single creature centered in frame, tightly cropped to creature edges (no padding wider than 2px), no text or watermarks."
669,Gorinite,Wood,,Uncommon,reptile,Forest|Plains,day-preferred,Sunday,any,96x96,5,,,,,,"Pokemon-style monster creature named ""Gorinite"". RARITY TIER: Uncommon (more detailed body, 2-3 distinguishing details). OUTPUT VIEWS: render three separate images per creature — (1) full-body front view, (2) three-quarter back view rotated ~135 degrees from front, (3) pure side-profile view. GENERATION RES: render at 512x512 for AI quality, then DOWNSCALE to FINAL 96x96 PNG. FINAL IMAGE SPECS: 96x96 PNG, transparent background, indexed palette (max 256 colors), TARGET FILE SIZE: under 5 KB per image. Use clean Pokemon-style line art, vibrant saturated colors, single creature centered in frame, tightly cropped to creature edges (no padding wider than 2px), no text or watermarks."
670,Warboon,Metal,Wind,Uncommon,spirit-form,Cave|Castle|Harbor,any,Monday,any,96x96,5,,,,,,"Pokemon-style monster creature named ""Warboon"". RARITY TIER: Uncommon (more detailed body, 2-3 distinguishing details). OUTPUT VIEWS: render three separate images per creature — (1) full-body front view, (2) three-quarter back view rotated ~135 degrees from front, (3) pure side-profile view. GENERATION RES: render at 512x512 for AI quality, then DOWNSCALE to FINAL 96x96 PNG. FINAL IMAGE SPECS: 96x96 PNG, transparent background, indexed palette (max 256 colors), TARGET FILE SIZE: under 5 KB per image. Use clean Pokemon-style line art, vibrant saturated colors, single creature centered in frame, tightly cropped to creature edges (no padding wider than 2px), no text or watermarks."
671,Glacirilla,Storm,,Uncommon,reptile,Beach|Mountain,any,Thursday,Rain,96x96,5,,,,,,"Pokemon-style monster creature named ""Glacirilla"". RARITY TIER: Uncommon (more detailed body, 2-3 distinguishing details). OUTPUT VIEWS: render three separate images per creature — (1) full-body front view, (2) three-quarter back view rotated ~135 degrees from front, (3) pure side-profile view. GENERATION RES: render at 512x512 for AI quality, then DOWNSCALE to FINAL 96x96 PNG. FINAL IMAGE SPECS: 96x96 PNG, transparent background, indexed palette (max 256 colors), TARGET FILE SIZE: under 5 KB per image. Use clean Pokemon-style line art, vibrant saturated colors, single creature centered in frame, tightly cropped to creature edges (no padding wider than 2px), no text or watermarks."
672,Dracithe,Wind,Wood,Uncommon,bipedal-humanoid,Plains|Mountain,any,Friday,Foehn,96x96,5,Donkairy,,,,,"Pokemon-style monster creature named ""Dracithe"". RARITY TIER: Uncommon (more detailed body, 2-3 distinguishing details). EVOLUTION CHAIN: stage 3 of 3 (chain ""wind_chain_6""). Pre-evolution: ""Donkairy"" — this creature evolved FROM ""Donkairy"". Preserve a recognizably similar body shape and family identity to ""Donkairy"", but with extra detail layers, larger size (~10-15%), upgraded markings, more pronounced presence. Maintain visual continuity across the entire 3-stage chain — same family identity, recognizable shape across stages. OUTPUT VIEWS: render three separate images per creature — (1) full-body front view, (2) three-quarter back view rotated ~135 degrees from front, (3) pure side-profile view. GENERATION RES: render at 512x512 for AI quality, then DOWNSCALE to FINAL 96x96 PNG. FINAL IMAGE SPECS: 96x96 PNG, transparent background, indexed palette (max 256 colors), TARGET FILE SIZE: under 5 KB per image. Use clean Pokemon-style line art, vibrant saturated colors, single creature centered in frame, tightly cropped to creature edges (no padding wider than 2px), no text or watermarks."
673,Berriot,Shadow,Dream,Uncommon,spirit-form,Cave|Marsh|Sanctum,night-only,Wednesday,Fog,96x96,5,Bealow,,,,,"Pokemon-style monster creature named ""Berriot"". RARITY TIER: Uncommon (more detailed body, 2-3 distinguishing details). EVOLUTION CHAIN: stage 2 of 2 (chain ""shadow_chain_2""). Pre-evolution: ""Bealow"" — this creature evolved FROM ""Bealow"". Preserve a recognizably similar body shape and family identity to ""Bealow"", but with extra detail layers, larger size (~10-15%), upgraded markings, more pronounced presence. Maintain visual continuity across the entire 2-stage chain — same family identity, recognizable shape across stages. OUTPUT VIEWS: render three separate images per creature — (1) full-body front view, (2) three-quarter back view rotated ~135 degrees from front, (3) pure side-profile view. GENERATION RES: render at 512x512 for AI quality, then DOWNSCALE to FINAL 96x96 PNG. FINAL IMAGE SPECS: 96x96 PNG, transparent background, indexed palette (max 256 colors), TARGET FILE SIZE: under 5 KB per image. Use clean Pokemon-style line art, vibrant saturated colors, single creature centered in frame, tightly cropped to creature edges (no padding wider than 2px), no text or watermarks."
674,Ramopotamus,Light,,Uncommon,bipedal-humanoid,Castle|Sanctum|Town,day-only,Tuesday,any,96x96,5,,,,,,"Pokemon-style monster creature named ""Ramopotamus"". RARITY TIER: Uncommon (more detailed body, 2-3 distinguishing details). OUTPUT VIEWS: render three separate images per creature — (1) full-body front view, (2) three-quarter back view rotated ~135 degrees from front, (3) pure side-profile view. GENERATION RES: render at 512x512 for AI quality, then DOWNSCALE to FINAL 96x96 PNG. FINAL IMAGE SPECS: 96x96 PNG, transparent background, indexed palette (max 256 colors), TARGET FILE SIZE: under 5 KB per image. Use clean Pokemon-style line art, vibrant saturated colors, single creature centered in frame, tightly cropped to creature edges (no padding wider than 2px), no text or watermarks."
675,Specipie,Venom,Wood,Uncommon,spectre,Marsh|Cave|Sanctum,dawn-dusk-only,Saturday,any,96x96,5,,,,,,"Pokemon-style monster creature named ""Specipie"". RARITY TIER: Uncommon (more detailed body, 2-3 distinguishing details). OUTPUT VIEWS: render three separate images per creature — (1) full-body front view, (2) three-quarter back view rotated ~135 degrees from front, (3) pure side-profile view. GENERATION RES: render at 512x512 for AI quality, then DOWNSCALE to FINAL 96x96 PNG. FINAL IMAGE SPECS: 96x96 PNG, transparent background, indexed palette (max 256 colors), TARGET FILE SIZE: under 5 KB per image. Use clean Pokemon-style line art, vibrant saturated colors, single creature centered in frame, tightly cropped to creature edges (no padding wider than 2px), no text or watermarks."
676,Elecboon,Cosmic,,Uncommon,amorphous-elemental,Sanctum|Mountain,night-only,Wednesday,any,96x96,5,Eaglide,,,,,"Pokemon-style monster creature named ""Elecboon"". RARITY TIER: Uncommon (more detailed body, 2-3 distinguishing details). EVOLUTION CHAIN: stage 3 of 3 (chain ""cosmic_chain_6""). Pre-evolution: ""Eaglide"" — this creature evolved FROM ""Eaglide"". Preserve a recognizably similar body shape and family identity to ""Eaglide"", but with extra detail layers, larger size (~10-15%), upgraded markings, more pronounced presence. Maintain visual continuity across the entire 3-stage chain — same family identity, recognizable shape across stages. OUTPUT VIEWS: render three separate images per creature — (1) full-body front view, (2) three-quarter back view rotated ~135 degrees from front, (3) pure side-profile view. GENERATION RES: render at 512x512 for AI quality, then DOWNSCALE to FINAL 96x96 PNG. FINAL IMAGE SPECS: 96x96 PNG, transparent background, indexed palette (max 256 colors), TARGET FILE SIZE: under 5 KB per image. Use clean Pokemon-style line art, vibrant saturated colors, single creature centered in frame, tightly cropped to creature edges (no padding wider than 2px), no text or watermarks."
677,Wolvyle,Aether,Venom,Uncommon,wolf,Sanctum|Town,any,any,any,96x96,5,,,,,,"Pokemon-style monster creature named ""Wolvyle"". RARITY TIER: Uncommon (more detailed body, 2-3 distinguishing details). OUTPUT VIEWS: render three separate images per creature — (1) full-body front view, (2) three-quarter back view rotated ~135 degrees from front, (3) pure side-profile view. GENERATION RES: render at 512x512 for AI quality, then DOWNSCALE to FINAL 96x96 PNG. FINAL IMAGE SPECS: 96x96 PNG, transparent background, indexed palette (max 256 colors), TARGET FILE SIZE: under 5 KB per image. Use clean Pokemon-style line art, vibrant saturated colors, single creature centered in frame, tightly cropped to creature edges (no padding wider than 2px), no text or watermarks."
678,Gropie,Dream,Mind,Uncommon,reptile,Forest|Sanctum,night-only,Wednesday,any,96x96,5,,,,,,"Pokemon-style monster creature named ""Gropie"". RARITY TIER: Uncommon (more detailed body, 2-3 distinguishing details). OUTPUT VIEWS: render three separate images per creature — (1) full-body front view, (2) three-quarter back view rotated ~135 degrees from front, (3) pure side-profile view. GENERATION RES: render at 512x512 for AI quality, then DOWNSCALE to FINAL 96x96 PNG. FINAL IMAGE SPECS: 96x96 PNG, transparent background, indexed palette (max 256 colors), TARGET FILE SIZE: under 5 KB per image. Use clean Pokemon-style line art, vibrant saturated colors, single creature centered in frame, tightly cropped to creature edges (no padding wider than 2px), no text or watermarks."
679,Koaloal,Mind,,Uncommon,bipedal-humanoid,Castle|Sanctum,any,Wednesday,any,96x96,5,,,,,,"Pokemon-style monster creature named ""Koaloal"". RARITY TIER: Uncommon (more detailed body, 2-3 distinguishing details). OUTPUT VIEWS: render three separate images per creature — (1) full-body front view, (2) three-quarter back view rotated ~135 degrees from front, (3) pure side-profile view. GENERATION RES: render at 512x512 for AI quality, then DOWNSCALE to FINAL 96x96 PNG. FINAL IMAGE SPECS: 96x96 PNG, transparent background, indexed palette (max 256 colors), TARGET FILE SIZE: under 5 KB per image. Use clean Pokemon-style line art, vibrant saturated colors, single creature centered in frame, tightly cropped to creature edges (no padding wider than 2px), no text or watermarks."
680,Wintaros,Sound,Crystal,Uncommon,spirit-form,Forest|Town,any,Thursday,any,96x96,5,,,,,,"Pokemon-style monster creature named ""Wintaros"". RARITY TIER: Uncommon (more detailed body, 2-3 distinguishing details). OUTPUT VIEWS: render three separate images per creature — (1) full-body front view, (2) three-quarter back view rotated ~135 degrees from front, (3) pure side-profile view. GENERATION RES: render at 512x512 for AI quality, then DOWNSCALE to FINAL 96x96 PNG. FINAL IMAGE SPECS: 96x96 PNG, transparent background, indexed palette (max 256 colors), TARGET FILE SIZE: under 5 KB per image. Use clean Pokemon-style line art, vibrant saturated colors, single creature centered in frame, tightly cropped to creature edges (no padding wider than 2px), no text or watermarks."
681,Mascotton,Time,,Uncommon,beast,Sanctum|Cave,any,any,any,96x96,5,,,,,,"Pokemon-style monster creature named ""Mascotton"". RARITY TIER: Uncommon (more detailed body, 2-3 distinguishing details). OUTPUT VIEWS: render three separate images per creature — (1) full-body front view, (2) three-quarter back view rotated ~135 degrees from front, (3) pure side-profile view. GENERATION RES: render at 512x512 for AI quality, then DOWNSCALE to FINAL 96x96 PNG. FINAL IMAGE SPECS: 96x96 PNG, transparent background, indexed palette (max 256 colors), TARGET FILE SIZE: under 5 KB per image. Use clean Pokemon-style line art, vibrant saturated colors, single creature centered in frame, tightly cropped to creature edges (no padding wider than 2px), no text or watermarks."
682,Spidow,Crystal,Storm,Uncommon,amorphous-elemental,Cave|Mountain|WaterSurface,any,Monday,any,96x96,5,,,,,,"Pokemon-style monster creature named ""Spidow"". RARITY TIER: Uncommon (more detailed body, 2-3 distinguishing details). OUTPUT VIEWS: render three separate images per creature — (1) full-body front view, (2) three-quarter back view rotated ~135 degrees from front, (3) pure side-profile view. GENERATION RES: render at 512x512 for AI quality, then DOWNSCALE to FINAL 96x96 PNG. FINAL IMAGE SPECS: 96x96 PNG, transparent background, indexed palette (max 256 colors), TARGET FILE SIZE: under 5 KB per image. Use clean Pokemon-style line art, vibrant saturated colors, single creature centered in frame, tightly cropped to creature edges (no padding wider than 2px), no text or watermarks."
683,Coyophy,Blood,Aether,Uncommon,canine,Castle|Sanctum|Cave,any,Saturday,any,96x96,5,,Crazehopper,stone,10,20,"Pokemon-style monster creature named ""Coyophy"". RARITY TIER: Uncommon (more detailed body, 2-3 distinguishing details). EVOLUTION CHAIN: stage 1 of 3 (chain ""blood_chain_6""). Evolves INTO: ""Crazehopper"" (trigger: stone, guaranteed by lvl 20). Foreshadow features that will become more prominent in ""Crazehopper"" — keep family identity consistent so the next stage feels like a natural maturation, not a different creature. Maintain visual continuity across the entire 3-stage chain — same family identity, recognizable shape across stages. OUTPUT VIEWS: render three separate images per creature — (1) full-body front view, (2) three-quarter back view rotated ~135 degrees from front, (3) pure side-profile view. GENERATION RES: render at 512x512 for AI quality, then DOWNSCALE to FINAL 96x96 PNG. FINAL IMAGE SPECS: 96x96 PNG, transparent background, indexed palette (max 256 colors), TARGET FILE SIZE: under 5 KB per image. Use clean Pokemon-style line art, vibrant saturated colors, single creature centered in frame, tightly cropped to creature edges (no padding wider than 2px), no text or watermarks."
684,Lemitar,Fire,,Uncommon,amorphous-elemental,Desert|Cave,any,Saturday,Heat,96x96,5,,,,,,"Pokemon-style monster creature named ""Lemitar"". RARITY TIER: Uncommon (more detailed body, 2-3 distinguishing details). OUTPUT VIEWS: render three separate images per creature — (1) full-body front view, (2) three-quarter back view rotated ~135 degrees from front, (3) pure side-profile view. GENERATION RES: render at 512x512 for AI quality, then DOWNSCALE to FINAL 96x96 PNG. FINAL IMAGE SPECS: 96x96 PNG, transparent background, indexed palette (max 256 colors), TARGET FILE SIZE: under 5 KB per image. Use clean Pokemon-style line art, vibrant saturated colors, single creature centered in frame, tightly cropped to creature edges (no padding wider than 2px), no text or watermarks."
685,Kangaryss,Water,Storm,Uncommon,bipedal-humanoid,Beach|Harbor|Marsh,any,Friday,Rain,96x96,5,,,,,,"Pokemon-style monster creature named ""Kangaryss"". RARITY TIER: Uncommon (more detailed body, 2-3 distinguishing details). OUTPUT VIEWS: render three separate images per creature — (1) full-body front view, (2) three-quarter back view rotated ~135 degrees from front, (3) pure side-profile view. GENERATION RES: render at 512x512 for AI quality, then DOWNSCALE to FINAL 96x96 PNG. FINAL IMAGE SPECS: 96x96 PNG, transparent background, indexed palette (max 256 colors), TARGET FILE SIZE: under 5 KB per image. Use clean Pokemon-style line art, vibrant saturated colors, single creature centered in frame, tightly cropped to creature edges (no padding wider than 2px), no text or watermarks."
686,Alliganium,Ice,,Uncommon,mythic-form,Mountain|WaterSurface,any,Wednesday,Snow,96x96,5,Allicoon,Aquatopus,weather_rain,30,45,"Pokemon-style monster creature named ""Alliganium"". RARITY TIER: Uncommon (more detailed body, 2-3 distinguishing details). EVOLUTION CHAIN: stage 2 of 3 (chain ""ice_chain_1""). Pre-evolution: ""Allicoon"" — this creature evolved FROM ""Allicoon"". Preserve a recognizably similar body shape and family identity to ""Allicoon"", but with extra detail layers, larger size (~10-15%), upgraded markings, more pronounced presence. Evolves INTO: ""Aquatopus"" (trigger: weather_rain, guaranteed by lvl 45). Foreshadow features that will become more prominent in ""Aquatopus"" — keep family identity consistent so the next stage feels like a natural maturation, not a different creature. Maintain visual continuity across the entire 3-stage chain — same family identity, recognizable shape across stages. OUTPUT VIEWS: render three separate images per creature — (1) full-body front view, (2) three-quarter back view rotated ~135 degrees from front, (3) pure side-profile view. GENERATION RES: render at 512x512 for AI quality, then DOWNSCALE to FINAL 96x96 PNG. FINAL IMAGE SPECS: 96x96 PNG, transparent background, indexed palette (max 256 colors), TARGET FILE SIZE: under 5 KB per image. Use clean Pokemon-style line art, vibrant saturated colors, single creature centered in frame, tightly cropped to creature edges (no padding wider than 2px), no text or watermarks."
687,Alligatar,Earth,Fire,Uncommon,mythic-form,Forest|Mountain|Desert,any,Sunday,any,96x96,5,,Aquatalo,level,10,20,"Pokemon-style monster creature named ""Alligatar"". RARITY TIER: Uncommon (more detailed body, 2-3 distinguishing details). EVOLUTION CHAIN: stage 1 of 3 (chain ""earth_chain_1""). Evolves INTO: ""Aquatalo"" (trigger: level, guaranteed by lvl 20). Foreshadow features that will become more prominent in ""Aquatalo"" — keep family identity consistent so the next stage feels like a natural maturation, not a different creature. Maintain visual continuity across the entire 3-stage chain — same family identity, recognizable shape across stages. OUTPUT VIEWS: render three separate images per creature — (1) full-body front view, (2) three-quarter back view rotated ~135 degrees from front, (3) pure side-profile view. GENERATION RES: render at 512x512 for AI quality, then DOWNSCALE to FINAL 96x96 PNG. FINAL IMAGE SPECS: 96x96 PNG, transparent background, indexed palette (max 256 colors), TARGET FILE SIZE: under 5 KB per image. Use clean Pokemon-style line art, vibrant saturated colors, single creature centered in frame, tightly cropped to creature edges (no padding wider than 2px), no text or watermarks."
688,Kangaslash,Wood,Sound,Uncommon,bipedal-humanoid,Forest|Plains,day-preferred,Sunday,any,96x96,5,,,,,,"Pokemon-style monster creature named ""Kangaslash"". RARITY TIER: Uncommon (more detailed body, 2-3 distinguishing details). OUTPUT VIEWS: render three separate images per creature — (1) full-body front view, (2) three-quarter back view rotated ~135 degrees from front, (3) pure side-profile view. GENERATION RES: render at 512x512 for AI quality, then DOWNSCALE to FINAL 96x96 PNG. FINAL IMAGE SPECS: 96x96 PNG, transparent background, indexed palette (max 256 colors), TARGET FILE SIZE: under 5 KB per image. Use clean Pokemon-style line art, vibrant saturated colors, single creature centered in frame, tightly cropped to creature edges (no padding wider than 2px), no text or watermarks."
689,Spimadillo,Metal,,Uncommon,amorphous-elemental,Cave|Castle|Harbor,any,Monday,any,96x96,5,,,,,,"Pokemon-style monster creature named ""Spimadillo"". RARITY TIER: Uncommon (more detailed body, 2-3 distinguishing details). OUTPUT VIEWS: render three separate images per creature — (1) full-body front view, (2) three-quarter back view rotated ~135 degrees from front, (3) pure side-profile view. GENERATION RES: render at 512x512 for AI quality, then DOWNSCALE to FINAL 96x96 PNG. FINAL IMAGE SPECS: 96x96 PNG, transparent background, indexed palette (max 256 colors), TARGET FILE SIZE: under 5 KB per image. Use clean Pokemon-style line art, vibrant saturated colors, single creature centered in frame, tightly cropped to creature edges (no padding wider than 2px), no text or watermarks."
690,Basaur,Storm,Water,Uncommon,spirit-form,Beach|Mountain,any,Thursday,Rain,96x96,5,,Bealite,stone,10,20,"Pokemon-style monster creature named ""Basaur"". RARITY TIER: Uncommon (more detailed body, 2-3 distinguishing details). EVOLUTION CHAIN: stage 1 of 2 (chain ""storm_chain_3""). Evolves INTO: ""Bealite"" (trigger: stone, guaranteed by lvl 20). Foreshadow features that will become more prominent in ""Bealite"" — keep family identity consistent so the next stage feels like a natural maturation, not a different creature. Maintain visual continuity across the entire 2-stage chain — same family identity, recognizable shape across stages. OUTPUT VIEWS: render three separate images per creature — (1) full-body front view, (2) three-quarter back view rotated ~135 degrees from front, (3) pure side-profile view. GENERATION RES: render at 512x512 for AI quality, then DOWNSCALE to FINAL 96x96 PNG. FINAL IMAGE SPECS: 96x96 PNG, transparent background, indexed palette (max 256 colors), TARGET FILE SIZE: under 5 KB per image. Use clean Pokemon-style line art, vibrant saturated colors, single creature centered in frame, tightly cropped to creature edges (no padding wider than 2px), no text or watermarks."
691,Skeleroach,Wind,,Uncommon,amorphous-elemental,Plains|Mountain,any,Friday,Foehn,96x96,5,,,,,,"Pokemon-style monster creature named ""Skeleroach"". RARITY TIER: Uncommon (more detailed body, 2-3 distinguishing details). OUTPUT VIEWS: render three separate images per creature — (1) full-body front view, (2) three-quarter back view rotated ~135 degrees from front, (3) pure side-profile view. GENERATION RES: render at 512x512 for AI quality, then DOWNSCALE to FINAL 96x96 PNG. FINAL IMAGE SPECS: 96x96 PNG, transparent background, indexed palette (max 256 colors), TARGET FILE SIZE: under 5 KB per image. Use clean Pokemon-style line art, vibrant saturated colors, single creature centered in frame, tightly cropped to creature edges (no padding wider than 2px), no text or watermarks."
692,Hippopuno,Shadow,Light,Uncommon,mythic-form,Cave|Marsh|Sanctum,night-only,Wednesday,Fog,96x96,5,,,,,,"Pokemon-style monster creature named ""Hippopuno"". RARITY TIER: Uncommon (more detailed body, 2-3 distinguishing details). OUTPUT VIEWS: render three separate images per creature — (1) full-body front view, (2) three-quarter back view rotated ~135 degrees from front, (3) pure side-profile view. GENERATION RES: render at 512x512 for AI quality, then DOWNSCALE to FINAL 96x96 PNG. FINAL IMAGE SPECS: 96x96 PNG, transparent background, indexed palette (max 256 colors), TARGET FILE SIZE: under 5 KB per image. Use clean Pokemon-style line art, vibrant saturated colors, single creature centered in frame, tightly cropped to creature edges (no padding wider than 2px), no text or watermarks."
693,Whirligator,Light,Shadow,Uncommon,spirit-form,Castle|Sanctum|Town,day-only,Tuesday,any,96x96,5,,,,,,"Pokemon-style monster creature named ""Whirligator"". RARITY TIER: Uncommon (more detailed body, 2-3 distinguishing details). OUTPUT VIEWS: render three separate images per creature — (1) full-body front view, (2) three-quarter back view rotated ~135 degrees from front, (3) pure side-profile view. GENERATION RES: render at 512x512 for AI quality, then DOWNSCALE to FINAL 96x96 PNG. FINAL IMAGE SPECS: 96x96 PNG, transparent background, indexed palette (max 256 colors), TARGET FILE SIZE: under 5 KB per image. Use clean Pokemon-style line art, vibrant saturated colors, single creature centered in frame, tightly cropped to creature edges (no padding wider than 2px), no text or watermarks."
694,Falcord,Venom,,Uncommon,beast,Marsh|Cave|Sanctum,dawn-dusk-only,Saturday,any,96x96,5,,,,,,"Pokemon-style monster creature named ""Falcord"". RARITY TIER: Uncommon (more detailed body, 2-3 distinguishing details). OUTPUT VIEWS: render three separate images per creature — (1) full-body front view, (2) three-quarter back view rotated ~135 degrees from front, (3) pure side-profile view. GENERATION RES: render at 512x512 for AI quality, then DOWNSCALE to FINAL 96x96 PNG. FINAL IMAGE SPECS: 96x96 PNG, transparent background, indexed palette (max 256 colors), TARGET FILE SIZE: under 5 KB per image. Use clean Pokemon-style line art, vibrant saturated colors, single creature centered in frame, tightly cropped to creature edges (no padding wider than 2px), no text or watermarks."
695,Barracupid,Cosmic,Light,Uncommon,spirit-form,Sanctum|Mountain,night-only,Wednesday,any,96x96,5,Badgaring,Bibite,level,30,45,"Pokemon-style monster creature named ""Barracupid"". RARITY TIER: Uncommon (more detailed body, 2-3 distinguishing details). EVOLUTION CHAIN: stage 2 of 3 (chain ""cosmic_chain_1""). Pre-evolution: ""Badgaring"" — this creature evolved FROM ""Badgaring"". Preserve a recognizably similar body shape and family identity to ""Badgaring"", but with extra detail layers, larger size (~10-15%), upgraded markings, more pronounced presence. Evolves INTO: ""Bibite"" (trigger: level, guaranteed by lvl 45). Foreshadow features that will become more prominent in ""Bibite"" — keep family identity consistent so the next stage feels like a natural maturation, not a different creature. Maintain visual continuity across the entire 3-stage chain — same family identity, recognizable shape across stages. OUTPUT VIEWS: render three separate images per creature — (1) full-body front view, (2) three-quarter back view rotated ~135 degrees from front, (3) pure side-profile view. GENERATION RES: render at 512x512 for AI quality, then DOWNSCALE to FINAL 96x96 PNG. FINAL IMAGE SPECS: 96x96 PNG, transparent background, indexed palette (max 256 colors), TARGET FILE SIZE: under 5 KB per image. Use clean Pokemon-style line art, vibrant saturated colors, single creature centered in frame, tightly cropped to creature edges (no padding wider than 2px), no text or watermarks."
696,Specite,Aether,,Uncommon,spectre,Sanctum|Town,any,any,any,96x96,5,,,,,,"Pokemon-style monster creature named ""Specite"". RARITY TIER: Uncommon (more detailed body, 2-3 distinguishing details). OUTPUT VIEWS: render three separate images per creature — (1) full-body front view, (2) three-quarter back view rotated ~135 degrees from front, (3) pure side-profile view. GENERATION RES: render at 512x512 for AI quality, then DOWNSCALE to FINAL 96x96 PNG. FINAL IMAGE SPECS: 96x96 PNG, transparent background, indexed palette (max 256 colors), TARGET FILE SIZE: under 5 KB per image. Use clean Pokemon-style line art, vibrant saturated colors, single creature centered in frame, tightly cropped to creature edges (no padding wider than 2px), no text or watermarks."
697,Barraceo,Dream,Blood,Uncommon,spirit-form,Forest|Sanctum,night-only,Wednesday,any,96x96,5,Ashnea,Blastboon,level,30,45,"Pokemon-style monster creature named ""Barraceo"". RARITY TIER: Uncommon (more detailed body, 2-3 distinguishing details). EVOLUTION CHAIN: stage 2 of 3 (chain ""dream_chain_1""). Pre-evolution: ""Ashnea"" — this creature evolved FROM ""Ashnea"". Preserve a recognizably similar body shape and family identity to ""Ashnea"", but with extra detail layers, larger size (~10-15%), upgraded markings, more pronounced presence. Evolves INTO: ""Blastboon"" (trigger: level, guaranteed by lvl 45). Foreshadow features that will become more prominent in ""Blastboon"" — keep family identity consistent so the next stage feels like a natural maturation, not a different creature. Maintain visual continuity across the entire 3-stage chain — same family identity, recognizable shape across stages. OUTPUT VIEWS: render three separate images per creature — (1) full-body front view, (2) three-quarter back view rotated ~135 degrees from front, (3) pure side-profile view. GENERATION RES: render at 512x512 for AI quality, then DOWNSCALE to FINAL 96x96 PNG. FINAL IMAGE SPECS: 96x96 PNG, transparent background, indexed palette (max 256 colors), TARGET FILE SIZE: under 5 KB per image. Use clean Pokemon-style line art, vibrant saturated colors, single creature centered in frame, tightly cropped to creature edges (no padding wider than 2px), no text or watermarks."
698,Kinetuito,Mind,Venom,Uncommon,bipedal-humanoid,Castle|Sanctum,any,Wednesday,any,96x96,5,,,,,,"Pokemon-style monster creature named ""Kinetuito"". RARITY TIER: Uncommon (more detailed body, 2-3 distinguishing details). OUTPUT VIEWS: render three separate images per creature — (1) full-body front view, (2) three-quarter back view rotated ~135 degrees from front, (3) pure side-profile view. GENERATION RES: render at 512x512 for AI quality, then DOWNSCALE to FINAL 96x96 PNG. FINAL IMAGE SPECS: 96x96 PNG, transparent background, indexed palette (max 256 colors), TARGET FILE SIZE: under 5 KB per image. Use clean Pokemon-style line art, vibrant saturated colors, single creature centered in frame, tightly cropped to creature edges (no padding wider than 2px), no text or watermarks."
699,Whirlhog,Sound,,Uncommon,spirit-form,Forest|Town,any,Thursday,any,96x96,5,,,,,,"Pokemon-style monster creature named ""Whirlhog"". RARITY TIER: Uncommon (more detailed body, 2-3 distinguishing details). OUTPUT VIEWS: render three separate images per creature — (1) full-body front view, (2) three-quarter back view rotated ~135 degrees from front, (3) pure side-profile view. GENERATION RES: render at 512x512 for AI quality, then DOWNSCALE to FINAL 96x96 PNG. FINAL IMAGE SPECS: 96x96 PNG, transparent background, indexed palette (max 256 colors), TARGET FILE SIZE: under 5 KB per image. Use clean Pokemon-style line art, vibrant saturated colors, single creature centered in frame, tightly cropped to creature edges (no padding wider than 2px), no text or watermarks."
700,Chimpaceon,Time,Blood,Uncommon,simian,Sanctum|Cave,any,any,any,96x96,5,,Cobruno,moon_full,10,20,"Pokemon-style monster creature named ""Chimpaceon"". RARITY TIER: Uncommon (more detailed body, 2-3 distinguishing details). EVOLUTION CHAIN: stage 1 of 2 (chain ""time_chain_5""). Evolves INTO: ""Cobruno"" (trigger: moon_full, guaranteed by lvl 20). Foreshadow features that will become more prominent in ""Cobruno"" — keep family identity consistent so the next stage feels like a natural maturation, not a different creature. Maintain visual continuity across the entire 2-stage chain — same family identity, recognizable shape across stages. OUTPUT VIEWS: render three separate images per creature — (1) full-body front view, (2) three-quarter back view rotated ~135 degrees from front, (3) pure side-profile view. GENERATION RES: render at 512x512 for AI quality, then DOWNSCALE to FINAL 96x96 PNG. FINAL IMAGE SPECS: 96x96 PNG, transparent background, indexed palette (max 256 colors), TARGET FILE SIZE: under 5 KB per image. Use clean Pokemon-style line art, vibrant saturated colors, single creature centered in frame, tightly cropped to creature edges (no padding wider than 2px), no text or watermarks."
701,Kinemeleon,Crystal,,Uncommon,bipedal-humanoid,Cave|Mountain|WaterSurface,any,Monday,any,96x96,5,,,,,,"Pokemon-style monster creature named ""Kinemeleon"". RARITY TIER: Uncommon (more detailed body, 2-3 distinguishing details). OUTPUT VIEWS: render three separate images per creature — (1) full-body front view, (2) three-quarter back view rotated ~135 degrees from front, (3) pure side-profile view. GENERATION RES: render at 512x512 for AI quality, then DOWNSCALE to FINAL 96x96 PNG. FINAL IMAGE SPECS: 96x96 PNG, transparent background, indexed palette (max 256 colors), TARGET FILE SIZE: under 5 KB per image. Use clean Pokemon-style line art, vibrant saturated colors, single creature centered in frame, tightly cropped to creature edges (no padding wider than 2px), no text or watermarks."
702,Bonypus,Blood,Time,Uncommon,spirit-form,Castle|Sanctum|Cave,any,Saturday,any,96x96,5,,Brudorth,level,10,20,"Pokemon-style monster creature named ""Bonypus"". RARITY TIER: Uncommon (more detailed body, 2-3 distinguishing details). EVOLUTION CHAIN: stage 1 of 2 (chain ""blood_chain_3""). Evolves INTO: ""Brudorth"" (trigger: level, guaranteed by lvl 20). Foreshadow features that will become more prominent in ""Brudorth"" — keep family identity consistent so the next stage feels like a natural maturation, not a different creature. Maintain visual continuity across the entire 2-stage chain — same family identity, recognizable shape across stages. OUTPUT VIEWS: render three separate images per creature — (1) full-body front view, (2) three-quarter back view rotated ~135 degrees from front, (3) pure side-profile view. GENERATION RES: render at 512x512 for AI quality, then DOWNSCALE to FINAL 96x96 PNG. FINAL IMAGE SPECS: 96x96 PNG, transparent background, indexed palette (max 256 colors), TARGET FILE SIZE: under 5 KB per image. Use clean Pokemon-style line art, vibrant saturated colors, single creature centered in frame, tightly cropped to creature edges (no padding wider than 2px), no text or watermarks."
703,Stingrage,Fire,Metal,Uncommon,amorphous-elemental,Desert|Cave,any,Saturday,Heat,96x96,5,,,,,,"Pokemon-style monster creature named ""Stingrage"". RARITY TIER: Uncommon (more detailed body, 2-3 distinguishing details). OUTPUT VIEWS: render three separate images per creature — (1) full-body front view, (2) three-quarter back view rotated ~135 degrees from front, (3) pure side-profile view. GENERATION RES: render at 512x512 for AI quality, then DOWNSCALE to FINAL 96x96 PNG. FINAL IMAGE SPECS: 96x96 PNG, transparent background, indexed palette (max 256 colors), TARGET FILE SIZE: under 5 KB per image. Use clean Pokemon-style line art, vibrant saturated colors, single creature centered in frame, tightly cropped to creature edges (no padding wider than 2px), no text or watermarks."
704,Turtusk,Water,,Uncommon,turtle,Beach|Harbor|Marsh,any,Friday,Rain,96x96,5,,,,,,"Pokemon-style monster creature named ""Turtusk"". RARITY TIER: Uncommon (more detailed body, 2-3 distinguishing details). OUTPUT VIEWS: render three separate images per creature — (1) full-body front view, (2) three-quarter back view rotated ~135 degrees from front, (3) pure side-profile view. GENERATION RES: render at 512x512 for AI quality, then DOWNSCALE to FINAL 96x96 PNG. FINAL IMAGE SPECS: 96x96 PNG, transparent background, indexed palette (max 256 colors), TARGET FILE SIZE: under 5 KB per image. Use clean Pokemon-style line art, vibrant saturated colors, single creature centered in frame, tightly cropped to creature edges (no padding wider than 2px), no text or watermarks."
705,Llamagic,Ice,Wood,Uncommon,amorphous-elemental,Mountain|WaterSurface,any,Wednesday,Snow,96x96,5,,,,,,"Pokemon-style monster creature named ""Llamagic"". RARITY TIER: Uncommon (more detailed body, 2-3 distinguishing details). OUTPUT VIEWS: render three separate images per creature — (1) full-body front view, (2) three-quarter back view rotated ~135 degrees from front, (3) pure side-profile view. GENERATION RES: render at 512x512 for AI quality, then DOWNSCALE to FINAL 96x96 PNG. FINAL IMAGE SPECS: 96x96 PNG, transparent background, indexed palette (max 256 colors), TARGET FILE SIZE: under 5 KB per image. Use clean Pokemon-style line art, vibrant saturated colors, single creature centered in frame, tightly cropped to creature edges (no padding wider than 2px), no text or watermarks."
706,Octotine,Earth,,Uncommon,octopus,Forest|Mountain|Desert,any,Sunday,any,96x96,5,,,,,,"Pokemon-style monster creature named ""Octotine"". RARITY TIER: Uncommon (more detailed body, 2-3 distinguishing details). OUTPUT VIEWS: render three separate images per creature — (1) full-body front view, (2) three-quarter back view rotated ~135 degrees from front, (3) pure side-profile view. GENERATION RES: render at 512x512 for AI quality, then DOWNSCALE to FINAL 96x96 PNG. FINAL IMAGE SPECS: 96x96 PNG, transparent background, indexed palette (max 256 colors), TARGET FILE SIZE: under 5 KB per image. Use clean Pokemon-style line art, vibrant saturated colors, single creature centered in frame, tightly cropped to creature edges (no padding wider than 2px), no text or watermarks."
707,Spidig,Wood,Earth,Uncommon,amorphous-elemental,Forest|Plains,day-preferred,Sunday,any,96x96,5,,,,,,"Pokemon-style monster creature named ""Spidig"". RARITY TIER: Uncommon (more detailed body, 2-3 distinguishing details). OUTPUT VIEWS: render three separate images per creature — (1) full-body front view, (2) three-quarter back view rotated ~135 degrees from front, (3) pure side-profile view. GENERATION RES: render at 512x512 for AI quality, then DOWNSCALE to FINAL 96x96 PNG. FINAL IMAGE SPECS: 96x96 PNG, transparent background, indexed palette (max 256 colors), TARGET FILE SIZE: under 5 KB per image. Use clean Pokemon-style line art, vibrant saturated colors, single creature centered in frame, tightly cropped to creature edges (no padding wider than 2px), no text or watermarks."
708,Salameler,Metal,Ice,Uncommon,frog,Cave|Castle|Harbor,any,Monday,any,96x96,5,,,,,,"Pokemon-style monster creature named ""Salameler"". RARITY TIER: Uncommon (more detailed body, 2-3 distinguishing details). OUTPUT VIEWS: render three separate images per creature — (1) full-body front view, (2) three-quarter back view rotated ~135 degrees from front, (3) pure side-profile view. GENERATION RES: render at 512x512 for AI quality, then DOWNSCALE to FINAL 96x96 PNG. FINAL IMAGE SPECS: 96x96 PNG, transparent background, indexed palette (max 256 colors), TARGET FILE SIZE: under 5 KB per image. Use clean Pokemon-style line art, vibrant saturated colors, single creature centered in frame, tightly cropped to creature edges (no padding wider than 2px), no text or watermarks."
709,Alligoth,Storm,,Uncommon,beast,Beach|Mountain,any,Thursday,Rain,96x96,5,Alligactric,Allirak,level,30,45,"Pokemon-style monster creature named ""Alligoth"". RARITY TIER: Uncommon (more detailed body, 2-3 distinguishing details). EVOLUTION CHAIN: stage 2 of 3 (chain ""storm_chain_1""). Pre-evolution: ""Alligactric"" — this creature evolved FROM ""Alligactric"". Preserve a recognizably similar body shape and family identity to ""Alligactric"", but with extra detail layers, larger size (~10-15%), upgraded markings, more pronounced presence. Evolves INTO: ""Allirak"" (trigger: level, guaranteed by lvl 45). Foreshadow features that will become more prominent in ""Allirak"" — keep family identity consistent so the next stage feels like a natural maturation, not a different creature. Maintain visual continuity across the entire 3-stage chain — same family identity, recognizable shape across stages. OUTPUT VIEWS: render three separate images per creature — (1) full-body front view, (2) three-quarter back view rotated ~135 degrees from front, (3) pure side-profile view. GENERATION RES: render at 512x512 for AI quality, then DOWNSCALE to FINAL 96x96 PNG. FINAL IMAGE SPECS: 96x96 PNG, transparent background, indexed palette (max 256 colors), TARGET FILE SIZE: under 5 KB per image. Use clean Pokemon-style line art, vibrant saturated colors, single creature centered in frame, tightly cropped to creature edges (no padding wider than 2px), no text or watermarks."
710,Electriwing,Wind,Venom,Uncommon,bird,Plains|Mountain,any,Friday,Foehn,96x96,5,Dracoss,,,,,"Pokemon-style monster creature named ""Electriwing"". RARITY TIER: Uncommon (more detailed body, 2-3 distinguishing details). EVOLUTION CHAIN: stage 2 of 2 (chain ""wind_chain_7""). Pre-evolution: ""Dracoss"" — this creature evolved FROM ""Dracoss"". Preserve a recognizably similar body shape and family identity to ""Dracoss"", but with extra detail layers, larger size (~10-15%), upgraded markings, more pronounced presence. Maintain visual continuity across the entire 2-stage chain — same family identity, recognizable shape across stages. OUTPUT VIEWS: render three separate images per creature — (1) full-body front view, (2) three-quarter back view rotated ~135 degrees from front, (3) pure side-profile view. GENERATION RES: render at 512x512 for AI quality, then DOWNSCALE to FINAL 96x96 PNG. FINAL IMAGE SPECS: 96x96 PNG, transparent background, indexed palette (max 256 colors), TARGET FILE SIZE: under 5 KB per image. Use clean Pokemon-style line art, vibrant saturated colors, single creature centered in frame, tightly cropped to creature edges (no padding wider than 2px), no text or watermarks."
711,Quickwing,Shadow,,Uncommon,bird,Cave|Marsh|Sanctum,night-only,Wednesday,Fog,96x96,5,,,,,,"Pokemon-style monster creature named ""Quickwing"". RARITY TIER: Uncommon (more detailed body, 2-3 distinguishing details). OUTPUT VIEWS: render three separate images per creature — (1) full-body front view, (2) three-quarter back view rotated ~135 degrees from front, (3) pure side-profile view. GENERATION RES: render at 512x512 for AI quality, then DOWNSCALE to FINAL 96x96 PNG. FINAL IMAGE SPECS: 96x96 PNG, transparent background, indexed palette (max 256 colors), TARGET FILE SIZE: under 5 KB per image. Use clean Pokemon-style line art, vibrant saturated colors, single creature centered in frame, tightly cropped to creature edges (no padding wider than 2px), no text or watermarks."
712,Bisyle,Light,Crystal,Uncommon,spirit-form,Castle|Sanctum|Town,day-only,Tuesday,any,96x96,5,Bellibia,,,,,"Pokemon-style monster creature named ""Bisyle"". RARITY TIER: Uncommon (more detailed body, 2-3 distinguishing details). EVOLUTION CHAIN: stage 2 of 2 (chain ""light_chain_5""). Pre-evolution: ""Bellibia"" — this creature evolved FROM ""Bellibia"". Preserve a recognizably similar body shape and family identity to ""Bellibia"", but with extra detail layers, larger size (~10-15%), upgraded markings, more pronounced presence. Maintain visual continuity across the entire 2-stage chain — same family identity, recognizable shape across stages. OUTPUT VIEWS: render three separate images per creature — (1) full-body front view, (2) three-quarter back view rotated ~135 degrees from front, (3) pure side-profile view. GENERATION RES: render at 512x512 for AI quality, then DOWNSCALE to FINAL 96x96 PNG. FINAL IMAGE SPECS: 96x96 PNG, transparent background, indexed palette (max 256 colors), TARGET FILE SIZE: under 5 KB per image. Use clean Pokemon-style line art, vibrant saturated colors, single creature centered in frame, tightly cropped to creature edges (no padding wider than 2px), no text or watermarks."
713,Sardeeno,Venom,Water,Uncommon,amorphous-elemental,Marsh|Cave|Sanctum,dawn-dusk-only,Saturday,any,96x96,5,,,,,,"Pokemon-style monster creature named ""Sardeeno"". RARITY TIER: Uncommon (more detailed body, 2-3 distinguishing details). OUTPUT VIEWS: render three separate images per creature — (1) full-body front view, (2) three-quarter back view rotated ~135 degrees from front, (3) pure side-profile view. GENERATION RES: render at 512x512 for AI quality, then DOWNSCALE to FINAL 96x96 PNG. FINAL IMAGE SPECS: 96x96 PNG, transparent background, indexed palette (max 256 colors), TARGET FILE SIZE: under 5 KB per image. Use clean Pokemon-style line art, vibrant saturated colors, single creature centered in frame, tightly cropped to creature edges (no padding wider than 2px), no text or watermarks."
714,Fiehog,Cosmic,,Uncommon,beast,Sanctum|Mountain,night-only,Wednesday,any,96x96,5,Eletopus,,,,,"Pokemon-style monster creature named ""Fiehog"". RARITY TIER: Uncommon (more detailed body, 2-3 distinguishing details). EVOLUTION CHAIN: stage 2 of 2 (chain ""cosmic_chain_7""). Pre-evolution: ""Eletopus"" — this creature evolved FROM ""Eletopus"". Preserve a recognizably similar body shape and family identity to ""Eletopus"", but with extra detail layers, larger size (~10-15%), upgraded markings, more pronounced presence. Maintain visual continuity across the entire 2-stage chain — same family identity, recognizable shape across stages. OUTPUT VIEWS: render three separate images per creature — (1) full-body front view, (2) three-quarter back view rotated ~135 degrees from front, (3) pure side-profile view. GENERATION RES: render at 512x512 for AI quality, then DOWNSCALE to FINAL 96x96 PNG. FINAL IMAGE SPECS: 96x96 PNG, transparent background, indexed palette (max 256 colors), TARGET FILE SIZE: under 5 KB per image. Use clean Pokemon-style line art, vibrant saturated colors, single creature centered in frame, tightly cropped to creature edges (no padding wider than 2px), no text or watermarks."
715,Ghostrich,Aether,Cosmic,Uncommon,spectre,Sanctum|Town,any,any,any,96x96,5,,Girder,weather_rain,10,20,"Pokemon-style monster creature named ""Ghostrich"". RARITY TIER: Uncommon (more detailed body, 2-3 distinguishing details). EVOLUTION CHAIN: stage 1 of 3 (chain ""aether_chain_6""). Evolves INTO: ""Girder"" (trigger: weather_rain, guaranteed by lvl 20). Foreshadow features that will become more prominent in ""Girder"" — keep family identity consistent so the next stage feels like a natural maturation, not a different creature. Maintain visual continuity across the entire 3-stage chain — same family identity, recognizable shape across stages. OUTPUT VIEWS: render three separate images per creature — (1) full-body front view, (2) three-quarter back view rotated ~135 degrees from front, (3) pure side-profile view. GENERATION RES: render at 512x512 for AI quality, then DOWNSCALE to FINAL 96x96 PNG. FINAL IMAGE SPECS: 96x96 PNG, transparent background, indexed palette (max 256 colors), TARGET FILE SIZE: under 5 KB per image. Use clean Pokemon-style line art, vibrant saturated colors, single creature centered in frame, tightly cropped to creature edges (no padding wider than 2px), no text or watermarks."
716,Herboth,Dream,,Uncommon,mythic-form,Forest|Sanctum,night-only,Wednesday,any,96x96,5,,,,,,"Pokemon-style monster creature named ""Herboth"". RARITY TIER: Uncommon (more detailed body, 2-3 distinguishing details). OUTPUT VIEWS: render three separate images per creature — (1) full-body front view, (2) three-quarter back view rotated ~135 degrees from front, (3) pure side-profile view. GENERATION RES: render at 512x512 for AI quality, then DOWNSCALE to FINAL 96x96 PNG. FINAL IMAGE SPECS: 96x96 PNG, transparent background, indexed palette (max 256 colors), TARGET FILE SIZE: under 5 KB per image. Use clean Pokemon-style line art, vibrant saturated colors, single creature centered in frame, tightly cropped to creature edges (no padding wider than 2px), no text or watermarks."
717,Hippopow,Mind,Sound,Uncommon,mythic-form,Castle|Sanctum,any,Wednesday,any,96x96,5,,,,,,"Pokemon-style monster creature named ""Hippopow"". RARITY TIER: Uncommon (more detailed body, 2-3 distinguishing details). OUTPUT VIEWS: render three separate images per creature — (1) full-body front view, (2) three-quarter back view rotated ~135 degrees from front, (3) pure side-profile view. GENERATION RES: render at 512x512 for AI quality, then DOWNSCALE to FINAL 96x96 PNG. FINAL IMAGE SPECS: 96x96 PNG, transparent background, indexed palette (max 256 colors), TARGET FILE SIZE: under 5 KB per image. Use clean Pokemon-style line art, vibrant saturated colors, single creature centered in frame, tightly cropped to creature edges (no padding wider than 2px), no text or watermarks."
718,Stunorb,Sound,Wind,Uncommon,amorphous-elemental,Forest|Town,any,Thursday,any,96x96,5,,,,,,"Pokemon-style monster creature named ""Stunorb"". RARITY TIER: Uncommon (more detailed body, 2-3 distinguishing details). OUTPUT VIEWS: render three separate images per creature — (1) full-body front view, (2) three-quarter back view rotated ~135 degrees from front, (3) pure side-profile view. GENERATION RES: render at 512x512 for AI quality, then DOWNSCALE to FINAL 96x96 PNG. FINAL IMAGE SPECS: 96x96 PNG, transparent background, indexed palette (max 256 colors), TARGET FILE SIZE: under 5 KB per image. Use clean Pokemon-style line art, vibrant saturated colors, single creature centered in frame, tightly cropped to creature edges (no padding wider than 2px), no text or watermarks."
719,Koaleler,Time,,Uncommon,bipedal-humanoid,Sanctum|Cave,any,any,any,96x96,5,,,,,,"Pokemon-style monster creature named ""Koaleler"". RARITY TIER: Uncommon (more detailed body, 2-3 distinguishing details). OUTPUT VIEWS: render three separate images per creature — (1) full-body front view, (2) three-quarter back view rotated ~135 degrees from front, (3) pure side-profile view. GENERATION RES: render at 512x512 for AI quality, then DOWNSCALE to FINAL 96x96 PNG. FINAL IMAGE SPECS: 96x96 PNG, transparent background, indexed palette (max 256 colors), TARGET FILE SIZE: under 5 KB per image. Use clean Pokemon-style line art, vibrant saturated colors, single creature centered in frame, tightly cropped to creature edges (no padding wider than 2px), no text or watermarks."
720,Quilodo,Crystal,Earth,Uncommon,quadruped,Cave|Mountain|WaterSurface,any,Monday,any,96x96,5,,,,,,"Pokemon-style monster creature named ""Quilodo"". RARITY TIER: Uncommon (more detailed body, 2-3 distinguishing details). OUTPUT VIEWS: render three separate images per creature — (1) full-body front view, (2) three-quarter back view rotated ~135 degrees from front, (3) pure side-profile view. GENERATION RES: render at 512x512 for AI quality, then DOWNSCALE to FINAL 96x96 PNG. FINAL IMAGE SPECS: 96x96 PNG, transparent background, indexed palette (max 256 colors), TARGET FILE SIZE: under 5 KB per image. Use clean Pokemon-style line art, vibrant saturated colors, single creature centered in frame, tightly cropped to creature edges (no padding wider than 2px), no text or watermarks."
721,Pigeolord,Blood,,Uncommon,spirit-form,Castle|Sanctum|Cave,any,Saturday,any,96x96,5,,,,,,"Pokemon-style monster creature named ""Pigeolord"". RARITY TIER: Uncommon (more detailed body, 2-3 distinguishing details). OUTPUT VIEWS: render three separate images per creature — (1) full-body front view, (2) three-quarter back view rotated ~135 degrees from front, (3) pure side-profile view. GENERATION RES: render at 512x512 for AI quality, then DOWNSCALE to FINAL 96x96 PNG. FINAL IMAGE SPECS: 96x96 PNG, transparent background, indexed palette (max 256 colors), TARGET FILE SIZE: under 5 KB per image. Use clean Pokemon-style line art, vibrant saturated colors, single creature centered in frame, tightly cropped to creature edges (no padding wider than 2px), no text or watermarks."
722,Fiefly,Fire,Ice,Uncommon,beast,Desert|Cave,any,Saturday,Heat,96x96,5,,Fieraros,stone,10,20,"Pokemon-style monster creature named ""Fiefly"". RARITY TIER: Uncommon (more detailed body, 2-3 distinguishing details). EVOLUTION CHAIN: stage 1 of 2 (chain ""fire_chain_7""). Evolves INTO: ""Fieraros"" (trigger: stone, guaranteed by lvl 20). Foreshadow features that will become more prominent in ""Fieraros"" — keep family identity consistent so the next stage feels like a natural maturation, not a different creature. Maintain visual continuity across the entire 2-stage chain — same family identity, recognizable shape across stages. OUTPUT VIEWS: render three separate images per creature — (1) full-body front view, (2) three-quarter back view rotated ~135 degrees from front, (3) pure side-profile view. GENERATION RES: render at 512x512 for AI quality, then DOWNSCALE to FINAL 96x96 PNG. FINAL IMAGE SPECS: 96x96 PNG, transparent background, indexed palette (max 256 colors), TARGET FILE SIZE: under 5 KB per image. Use clean Pokemon-style line art, vibrant saturated colors, single creature centered in frame, tightly cropped to creature edges (no padding wider than 2px), no text or watermarks."
723,Wallabyte,Water,Fire,Uncommon,spirit-form,Beach|Harbor|Marsh,any,Friday,Rain,96x96,5,,,,,,"Pokemon-style monster creature named ""Wallabyte"". RARITY TIER: Uncommon (more detailed body, 2-3 distinguishing details). OUTPUT VIEWS: render three separate images per creature — (1) full-body front view, (2) three-quarter back view rotated ~135 degrees from front, (3) pure side-profile view. GENERATION RES: render at 512x512 for AI quality, then DOWNSCALE to FINAL 96x96 PNG. FINAL IMAGE SPECS: 96x96 PNG, transparent background, indexed palette (max 256 colors), TARGET FILE SIZE: under 5 KB per image. Use clean Pokemon-style line art, vibrant saturated colors, single creature centered in frame, tightly cropped to creature edges (no padding wider than 2px), no text or watermarks."
724,Moltowary,Ice,,Uncommon,beast,Mountain|WaterSurface,any,Wednesday,Snow,96x96,5,,,,,,"Pokemon-style monster creature named ""Moltowary"". RARITY TIER: Uncommon (more detailed body, 2-3 distinguishing details). OUTPUT VIEWS: render three separate images per creature — (1) full-body front view, (2) three-quarter back view rotated ~135 degrees from front, (3) pure side-profile view. GENERATION RES: render at 512x512 for AI quality, then DOWNSCALE to FINAL 96x96 PNG. FINAL IMAGE SPECS: 96x96 PNG, transparent background, indexed palette (max 256 colors), TARGET FILE SIZE: under 5 KB per image. Use clean Pokemon-style line art, vibrant saturated colors, single creature centered in frame, tightly cropped to creature edges (no padding wider than 2px), no text or watermarks."
725,Hedgehawk,Earth,Storm,Uncommon,mythic-form,Forest|Mountain|Desert,any,Sunday,any,96x96,5,,,,,,"Pokemon-style monster creature named ""Hedgehawk"". RARITY TIER: Uncommon (more detailed body, 2-3 distinguishing details). OUTPUT VIEWS: render three separate images per creature — (1) full-body front view, (2) three-quarter back view rotated ~135 degrees from front, (3) pure side-profile view. GENERATION RES: render at 512x512 for AI quality, then DOWNSCALE to FINAL 96x96 PNG. FINAL IMAGE SPECS: 96x96 PNG, transparent background, indexed palette (max 256 colors), TARGET FILE SIZE: under 5 KB per image. Use clean Pokemon-style line art, vibrant saturated colors, single creature centered in frame, tightly cropped to creature edges (no padding wider than 2px), no text or watermarks."
726,Chimpazar,Wood,,Uncommon,simian,Forest|Plains,day-preferred,Sunday,any,96x96,5,,Cobrius,level,10,20,"Pokemon-style monster creature named ""Chimpazar"". RARITY TIER: Uncommon (more detailed body, 2-3 distinguishing details). EVOLUTION CHAIN: stage 1 of 2 (chain ""wood_chain_5""). Evolves INTO: ""Cobrius"" (trigger: level, guaranteed by lvl 20). Foreshadow features that will become more prominent in ""Cobrius"" — keep family identity consistent so the next stage feels like a natural maturation, not a different creature. Maintain visual continuity across the entire 2-stage chain — same family identity, recognizable shape across stages. OUTPUT VIEWS: render three separate images per creature — (1) full-body front view, (2) three-quarter back view rotated ~135 degrees from front, (3) pure side-profile view. GENERATION RES: render at 512x512 for AI quality, then DOWNSCALE to FINAL 96x96 PNG. FINAL IMAGE SPECS: 96x96 PNG, transparent background, indexed palette (max 256 colors), TARGET FILE SIZE: under 5 KB per image. Use clean Pokemon-style line art, vibrant saturated colors, single creature centered in frame, tightly cropped to creature edges (no padding wider than 2px), no text or watermarks."
727,Aquatorb,Metal,Wind,Uncommon,fish,Cave|Castle|Harbor,any,Monday,any,96x96,5,Alligette,Bamboa,stone,30,45,"Pokemon-style monster creature named ""Aquatorb"". RARITY TIER: Uncommon (more detailed body, 2-3 distinguishing details). EVOLUTION CHAIN: stage 2 of 3 (chain ""metal_chain_1""). Pre-evolution: ""Alligette"" — this creature evolved FROM ""Alligette"". Preserve a recognizably similar body shape and family identity to ""Alligette"", but with extra detail layers, larger size (~10-15%), upgraded markings, more pronounced presence. Evolves INTO: ""Bamboa"" (trigger: stone, guaranteed by lvl 45). Foreshadow features that will become more prominent in ""Bamboa"" — keep family identity consistent so the next stage feels like a natural maturation, not a different creature. Maintain visual continuity across the entire 3-stage chain — same family identity, recognizable shape across stages. OUTPUT VIEWS: render three separate images per creature — (1) full-body front view, (2) three-quarter back view rotated ~135 degrees from front, (3) pure side-profile view. GENERATION RES: render at 512x512 for AI quality, then DOWNSCALE to FINAL 96x96 PNG. FINAL IMAGE SPECS: 96x96 PNG, transparent background, indexed palette (max 256 colors), TARGET FILE SIZE: under 5 KB per image. Use clean Pokemon-style line art, vibrant saturated colors, single creature centered in frame, tightly cropped to creature edges (no padding wider than 2px), no text or watermarks."
728,Dinorak,Storm,Wind,Uncommon,bipedal-humanoid,Beach|Mountain,any,Thursday,Rain,96x96,5,,,,,,"Pokemon-style monster creature named ""Dinorak"". RARITY TIER: Uncommon (more detailed body, 2-3 distinguishing details). OUTPUT VIEWS: render three separate images per creature — (1) full-body front view, (2) three-quarter back view rotated ~135 degrees from front, (3) pure side-profile view. GENERATION RES: render at 512x512 for AI quality, then DOWNSCALE to FINAL 96x96 PNG. FINAL IMAGE SPECS: 96x96 PNG, transparent background, indexed palette (max 256 colors), TARGET FILE SIZE: under 5 KB per image. Use clean Pokemon-style line art, vibrant saturated colors, single creature centered in frame, tightly cropped to creature edges (no padding wider than 2px), no text or watermarks."
729,Dracoss,Wind,,Uncommon,bipedal-humanoid,Plains|Mountain,any,Friday,Foehn,96x96,5,,Electriwing,level,10,20,"Pokemon-style monster creature named ""Dracoss"". RARITY TIER: Uncommon (more detailed body, 2-3 distinguishing details). EVOLUTION CHAIN: stage 1 of 2 (chain ""wind_chain_7""). Evolves INTO: ""Electriwing"" (trigger: level, guaranteed by lvl 20). Foreshadow features that will become more prominent in ""Electriwing"" — keep family identity consistent so the next stage feels like a natural maturation, not a different creature. Maintain visual continuity across the entire 2-stage chain — same family identity, recognizable shape across stages. OUTPUT VIEWS: render three separate images per creature — (1) full-body front view, (2) three-quarter back view rotated ~135 degrees from front, (3) pure side-profile view. GENERATION RES: render at 512x512 for AI quality, then DOWNSCALE to FINAL 96x96 PNG. FINAL IMAGE SPECS: 96x96 PNG, transparent background, indexed palette (max 256 colors), TARGET FILE SIZE: under 5 KB per image. Use clean Pokemon-style line art, vibrant saturated colors, single creature centered in frame, tightly cropped to creature edges (no padding wider than 2px), no text or watermarks."
730,Rampatross,Shadow,Dream,Uncommon,bipedal-humanoid,Cave|Marsh|Sanctum,night-only,Wednesday,Fog,96x96,5,,,,,,"Pokemon-style monster creature named ""Rampatross"". RARITY TIER: Uncommon (more detailed body, 2-3 distinguishing details). OUTPUT VIEWS: render three separate images per creature — (1) full-body front view, (2) three-quarter back view rotated ~135 degrees from front, (3) pure side-profile view. GENERATION RES: render at 512x512 for AI quality, then DOWNSCALE to FINAL 96x96 PNG. FINAL IMAGE SPECS: 96x96 PNG, transparent background, indexed palette (max 256 colors), TARGET FILE SIZE: under 5 KB per image. Use clean Pokemon-style line art, vibrant saturated colors, single creature centered in frame, tightly cropped to creature edges (no padding wider than 2px), no text or watermarks."
731,Spiney,Light,,Uncommon,amorphous-elemental,Castle|Sanctum|Town,day-only,Tuesday,any,96x96,5,,,,,,"Pokemon-style monster creature named ""Spiney"". RARITY TIER: Uncommon (more detailed body, 2-3 distinguishing details). OUTPUT VIEWS: render three separate images per creature — (1) full-body front view, (2) three-quarter back view rotated ~135 degrees from front, (3) pure side-profile view. GENERATION RES: render at 512x512 for AI quality, then DOWNSCALE to FINAL 96x96 PNG. FINAL IMAGE SPECS: 96x96 PNG, transparent background, indexed palette (max 256 colors), TARGET FILE SIZE: under 5 KB per image. Use clean Pokemon-style line art, vibrant saturated colors, single creature centered in frame, tightly cropped to creature edges (no padding wider than 2px), no text or watermarks."
732,Burnerine,Venom,Wood,Uncommon,spirit-form,Marsh|Cave|Sanctum,dawn-dusk-only,Saturday,any,96x96,5,Broikus,,,,,"Pokemon-style monster creature named ""Burnerine"". RARITY TIER: Uncommon (more detailed body, 2-3 distinguishing details). EVOLUTION CHAIN: stage 2 of 2 (chain ""venom_chain_4""). Pre-evolution: ""Broikus"" — this creature evolved FROM ""Broikus"". Preserve a recognizably similar body shape and family identity to ""Broikus"", but with extra detail layers, larger size (~10-15%), upgraded markings, more pronounced presence. Maintain visual continuity across the entire 2-stage chain — same family identity, recognizable shape across stages. OUTPUT VIEWS: render three separate images per creature — (1) full-body front view, (2) three-quarter back view rotated ~135 degrees from front, (3) pure side-profile view. GENERATION RES: render at 512x512 for AI quality, then DOWNSCALE to FINAL 96x96 PNG. FINAL IMAGE SPECS: 96x96 PNG, transparent background, indexed palette (max 256 colors), TARGET FILE SIZE: under 5 KB per image. Use clean Pokemon-style line art, vibrant saturated colors, single creature centered in frame, tightly cropped to creature edges (no padding wider than 2px), no text or watermarks."
733,Crocoth,Cosmic,Time,Uncommon,quadruped,Sanctum|Mountain,night-only,Wednesday,any,96x96,5,Crocosion,,,,,"Pokemon-style monster creature named ""Crocoth"". RARITY TIER: Uncommon (more detailed body, 2-3 distinguishing details). EVOLUTION CHAIN: stage 2 of 2 (chain ""cosmic_chain_5""). Pre-evolution: ""Crocosion"" — this creature evolved FROM ""Crocosion"". Preserve a recognizably similar body shape and family identity to ""Crocosion"", but with extra detail layers, larger size (~10-15%), upgraded markings, more pronounced presence. Maintain visual continuity across the entire 2-stage chain — same family identity, recognizable shape across stages. OUTPUT VIEWS: render three separate images per creature — (1) full-body front view, (2) three-quarter back view rotated ~135 degrees from front, (3) pure side-profile view. GENERATION RES: render at 512x512 for AI quality, then DOWNSCALE to FINAL 96x96 PNG. FINAL IMAGE SPECS: 96x96 PNG, transparent background, indexed palette (max 256 colors), TARGET FILE SIZE: under 5 KB per image. Use clean Pokemon-style line art, vibrant saturated colors, single creature centered in frame, tightly cropped to creature edges (no padding wider than 2px), no text or watermarks."
734,Pantheon,Aether,,Uncommon,cat,Sanctum|Town,any,any,any,96x96,5,,,,,,"Pokemon-style monster creature named ""Pantheon"". RARITY TIER: Uncommon (more detailed body, 2-3 distinguishing details). OUTPUT VIEWS: render three separate images per creature — (1) full-body front view, (2) three-quarter back view rotated ~135 degrees from front, (3) pure side-profile view. GENERATION RES: render at 512x512 for AI quality, then DOWNSCALE to FINAL 96x96 PNG. FINAL IMAGE SPECS: 96x96 PNG, transparent background, indexed palette (max 256 colors), TARGET FILE SIZE: under 5 KB per image. Use clean Pokemon-style line art, vibrant saturated colors, single creature centered in frame, tightly cropped to creature edges (no padding wider than 2px), no text or watermarks."
735,Blastboon,Dream,Mind,Uncommon,spirit-form,Forest|Sanctum,night-only,Wednesday,any,96x96,5,Barraceo,,,,,"Pokemon-style monster creature named ""Blastboon"". RARITY TIER: Uncommon (more detailed body, 2-3 distinguishing details). EVOLUTION CHAIN: stage 3 of 3 (chain ""dream_chain_1""). Pre-evolution: ""Barraceo"" — this creature evolved FROM ""Barraceo"". Preserve a recognizably similar body shape and family identity to ""Barraceo"", but with extra detail layers, larger size (~10-15%), upgraded markings, more pronounced presence. Maintain visual continuity across the entire 3-stage chain — same family identity, recognizable shape across stages. OUTPUT VIEWS: render three separate images per creature — (1) full-body front view, (2) three-quarter back view rotated ~135 degrees from front, (3) pure side-profile view. GENERATION RES: render at 512x512 for AI quality, then DOWNSCALE to FINAL 96x96 PNG. FINAL IMAGE SPECS: 96x96 PNG, transparent background, indexed palette (max 256 colors), TARGET FILE SIZE: under 5 KB per image. Use clean Pokemon-style line art, vibrant saturated colors, single creature centered in frame, tightly cropped to creature edges (no padding wider than 2px), no text or watermarks."
736,Elecatee,Mind,,Uncommon,cat,Castle|Sanctum,any,Wednesday,any,96x96,5,Dragodrill,,,,,"Pokemon-style monster creature named ""Elecatee"". RARITY TIER: Uncommon (more detailed body, 2-3 distinguishing details). EVOLUTION CHAIN: stage 2 of 2 (chain ""mind_chain_7""). Pre-evolution: ""Dragodrill"" — this creature evolved FROM ""Dragodrill"". Preserve a recognizably similar body shape and family identity to ""Dragodrill"", but with extra detail layers, larger size (~10-15%), upgraded markings, more pronounced presence. Maintain visual continuity across the entire 2-stage chain — same family identity, recognizable shape across stages. OUTPUT VIEWS: render three separate images per creature — (1) full-body front view, (2) three-quarter back view rotated ~135 degrees from front, (3) pure side-profile view. GENERATION RES: render at 512x512 for AI quality, then DOWNSCALE to FINAL 96x96 PNG. FINAL IMAGE SPECS: 96x96 PNG, transparent background, indexed palette (max 256 colors), TARGET FILE SIZE: under 5 KB per image. Use clean Pokemon-style line art, vibrant saturated colors, single creature centered in frame, tightly cropped to creature edges (no padding wider than 2px), no text or watermarks."
737,Badgerbil,Sound,Crystal,Uncommon,spirit-form,Forest|Town,any,Thursday,any,96x96,5,Ashguin,,,,,"Pokemon-style monster creature named ""Badgerbil"". RARITY TIER: Uncommon (more detailed body, 2-3 distinguishing details). EVOLUTION CHAIN: stage 2 of 2 (chain ""sound_chain_2""). Pre-evolution: ""Ashguin"" — this creature evolved FROM ""Ashguin"". Preserve a recognizably similar body shape and family identity to ""Ashguin"", but with extra detail layers, larger size (~10-15%), upgraded markings, more pronounced presence. Maintain visual continuity across the entire 2-stage chain — same family identity, recognizable shape across stages. OUTPUT VIEWS: render three separate images per creature — (1) full-body front view, (2) three-quarter back view rotated ~135 degrees from front, (3) pure side-profile view. GENERATION RES: render at 512x512 for AI quality, then DOWNSCALE to FINAL 96x96 PNG. FINAL IMAGE SPECS: 96x96 PNG, transparent background, indexed palette (max 256 colors), TARGET FILE SIZE: under 5 KB per image. Use clean Pokemon-style line art, vibrant saturated colors, single creature centered in frame, tightly cropped to creature edges (no padding wider than 2px), no text or watermarks."
738,Slowelope,Time,Light,Uncommon,amorphous-elemental,Sanctum|Cave,any,any,any,96x96,5,,,,,,"Pokemon-style monster creature named ""Slowelope"". RARITY TIER: Uncommon (more detailed body, 2-3 distinguishing details). OUTPUT VIEWS: render three separate images per creature — (1) full-body front view, (2) three-quarter back view rotated ~135 degrees from front, (3) pure side-profile view. GENERATION RES: render at 512x512 for AI quality, then DOWNSCALE to FINAL 96x96 PNG. FINAL IMAGE SPECS: 96x96 PNG, transparent background, indexed palette (max 256 colors), TARGET FILE SIZE: under 5 KB per image. Use clean Pokemon-style line art, vibrant saturated colors, single creature centered in frame, tightly cropped to creature edges (no padding wider than 2px), no text or watermarks."
739,Albatryle,Crystal,,Uncommon,mythic-form,Cave|Mountain|WaterSurface,any,Monday,any,96x96,5,Albanub,Alligasaur,moon_new,30,45,"Pokemon-style monster creature named ""Albatryle"". RARITY TIER: Uncommon (more detailed body, 2-3 distinguishing details). EVOLUTION CHAIN: stage 2 of 3 (chain ""crystal_chain_1""). Pre-evolution: ""Albanub"" — this creature evolved FROM ""Albanub"". Preserve a recognizably similar body shape and family identity to ""Albanub"", but with extra detail layers, larger size (~10-15%), upgraded markings, more pronounced presence. Evolves INTO: ""Alligasaur"" (trigger: moon_new, guaranteed by lvl 45). Foreshadow features that will become more prominent in ""Alligasaur"" — keep family identity consistent so the next stage feels like a natural maturation, not a different creature. Maintain visual continuity across the entire 3-stage chain — same family identity, recognizable shape across stages. OUTPUT VIEWS: render three separate images per creature — (1) full-body front view, (2) three-quarter back view rotated ~135 degrees from front, (3) pure side-profile view. GENERATION RES: render at 512x512 for AI quality, then DOWNSCALE to FINAL 96x96 PNG. FINAL IMAGE SPECS: 96x96 PNG, transparent background, indexed palette (max 256 colors), TARGET FILE SIZE: under 5 KB per image. Use clean Pokemon-style line art, vibrant saturated colors, single creature centered in frame, tightly cropped to creature edges (no padding wider than 2px), no text or watermarks."
740,Sandish,Blood,Aether,Uncommon,amorphous-elemental,Castle|Sanctum|Cave,any,Saturday,any,96x96,5,,,,,,"Pokemon-style monster creature named ""Sandish"". RARITY TIER: Uncommon (more detailed body, 2-3 distinguishing details). OUTPUT VIEWS: render three separate images per creature — (1) full-body front view, (2) three-quarter back view rotated ~135 degrees from front, (3) pure side-profile view. GENERATION RES: render at 512x512 for AI quality, then DOWNSCALE to FINAL 96x96 PNG. FINAL IMAGE SPECS: 96x96 PNG, transparent background, indexed palette (max 256 colors), TARGET FILE SIZE: under 5 KB per image. Use clean Pokemon-style line art, vibrant saturated colors, single creature centered in frame, tightly cropped to creature edges (no padding wider than 2px), no text or watermarks."
741,Bealix,Fire,,Uncommon,spirit-form,Desert|Cave,any,Saturday,Heat,96x96,5,,Beatle,weather_storm,10,20,"Pokemon-style monster creature named ""Bealix"". RARITY TIER: Uncommon (more detailed body, 2-3 distinguishing details). EVOLUTION CHAIN: stage 1 of 3 (chain ""fire_chain_1""). Evolves INTO: ""Beatle"" (trigger: weather_storm, guaranteed by lvl 20). Foreshadow features that will become more prominent in ""Beatle"" — keep family identity consistent so the next stage feels like a natural maturation, not a different creature. Maintain visual continuity across the entire 3-stage chain — same family identity, recognizable shape across stages. OUTPUT VIEWS: render three separate images per creature — (1) full-body front view, (2) three-quarter back view rotated ~135 degrees from front, (3) pure side-profile view. GENERATION RES: render at 512x512 for AI quality, then DOWNSCALE to FINAL 96x96 PNG. FINAL IMAGE SPECS: 96x96 PNG, transparent background, indexed palette (max 256 colors), TARGET FILE SIZE: under 5 KB per image. Use clean Pokemon-style line art, vibrant saturated colors, single creature centered in frame, tightly cropped to creature edges (no padding wider than 2px), no text or watermarks."
742,Armadaza,Water,Storm,Uncommon,mythic-form,Beach|Harbor|Marsh,any,Friday,Rain,96x96,5,,Ashboon,moon_full,10,20,"Pokemon-style monster creature named ""Armadaza"". RARITY TIER: Uncommon (more detailed body, 2-3 distinguishing details). EVOLUTION CHAIN: stage 1 of 3 (chain ""water_chain_1""). Evolves INTO: ""Ashboon"" (trigger: moon_full, guaranteed by lvl 20). Foreshadow features that will become more prominent in ""Ashboon"" — keep family identity consistent so the next stage feels like a natural maturation, not a different creature. Maintain visual continuity across the entire 3-stage chain — same family identity, recognizable shape across stages. OUTPUT VIEWS: render three separate images per creature — (1) full-body front view, (2) three-quarter back view rotated ~135 degrees from front, (3) pure side-profile view. GENERATION RES: render at 512x512 for AI quality, then DOWNSCALE to FINAL 96x96 PNG. FINAL IMAGE SPECS: 96x96 PNG, transparent background, indexed palette (max 256 colors), TARGET FILE SIZE: under 5 KB per image. Use clean Pokemon-style line art, vibrant saturated colors, single creature centered in frame, tightly cropped to creature edges (no padding wider than 2px), no text or watermarks."
743,Demapi,Ice,Wind,Uncommon,bipedal-humanoid,Mountain|WaterSurface,any,Wednesday,Snow,96x96,5,Crocoom,,,,,"Pokemon-style monster creature named ""Demapi"". RARITY TIER: Uncommon (more detailed body, 2-3 distinguishing details). EVOLUTION CHAIN: stage 2 of 2 (chain ""ice_chain_7""). Pre-evolution: ""Crocoom"" — this creature evolved FROM ""Crocoom"". Preserve a recognizably similar body shape and family identity to ""Crocoom"", but with extra detail layers, larger size (~10-15%), upgraded markings, more pronounced presence. Maintain visual continuity across the entire 2-stage chain — same family identity, recognizable shape across stages. OUTPUT VIEWS: render three separate images per creature — (1) full-body front view, (2) three-quarter back view rotated ~135 degrees from front, (3) pure side-profile view. GENERATION RES: render at 512x512 for AI quality, then DOWNSCALE to FINAL 96x96 PNG. FINAL IMAGE SPECS: 96x96 PNG, transparent background, indexed palette (max 256 colors), TARGET FILE SIZE: under 5 KB per image. Use clean Pokemon-style line art, vibrant saturated colors, single creature centered in frame, tightly cropped to creature edges (no padding wider than 2px), no text or watermarks."
744,Cocobra,Earth,,Uncommon,snake,Forest|Mountain|Desert,any,Sunday,any,96x96,5,Chimpanther,,,,,"Pokemon-style monster creature named ""Cocobra"". RARITY TIER: Uncommon (more detailed body, 2-3 distinguishing details). EVOLUTION CHAIN: stage 2 of 2 (chain ""earth_chain_5""). Pre-evolution: ""Chimpanther"" — this creature evolved FROM ""Chimpanther"". Preserve a recognizably similar body shape and family identity to ""Chimpanther"", but with extra detail layers, larger size (~10-15%), upgraded markings, more pronounced presence. Maintain visual continuity across the entire 2-stage chain — same family identity, recognizable shape across stages. OUTPUT VIEWS: render three separate images per creature — (1) full-body front view, (2) three-quarter back view rotated ~135 degrees from front, (3) pure side-profile view. GENERATION RES: render at 512x512 for AI quality, then DOWNSCALE to FINAL 96x96 PNG. FINAL IMAGE SPECS: 96x96 PNG, transparent background, indexed palette (max 256 colors), TARGET FILE SIZE: under 5 KB per image. Use clean Pokemon-style line art, vibrant saturated colors, single creature centered in frame, tightly cropped to creature edges (no padding wider than 2px), no text or watermarks."
745,Kangabuff,Wood,Sound,Uncommon,bipedal-humanoid,Forest|Plains,day-preferred,Sunday,any,96x96,5,,,,,,"Pokemon-style monster creature named ""Kangabuff"". RARITY TIER: Uncommon (more detailed body, 2-3 distinguishing details). OUTPUT VIEWS: render three separate images per creature — (1) full-body front view, (2) three-quarter back view rotated ~135 degrees from front, (3) pure side-profile view. GENERATION RES: render at 512x512 for AI quality, then DOWNSCALE to FINAL 96x96 PNG. FINAL IMAGE SPECS: 96x96 PNG, transparent background, indexed palette (max 256 colors), TARGET FILE SIZE: under 5 KB per image. Use clean Pokemon-style line art, vibrant saturated colors, single creature centered in frame, tightly cropped to creature edges (no padding wider than 2px), no text or watermarks."
746,Flatar,Metal,,Uncommon,beast,Cave|Castle|Harbor,any,Monday,any,96x96,5,,,,,,"Pokemon-style monster creature named ""Flatar"". RARITY TIER: Uncommon (more detailed body, 2-3 distinguishing details). OUTPUT VIEWS: render three separate images per creature — (1) full-body front view, (2) three-quarter back view rotated ~135 degrees from front, (3) pure side-profile view. GENERATION RES: render at 512x512 for AI quality, then DOWNSCALE to FINAL 96x96 PNG. FINAL IMAGE SPECS: 96x96 PNG, transparent background, indexed palette (max 256 colors), TARGET FILE SIZE: under 5 KB per image. Use clean Pokemon-style line art, vibrant saturated colors, single creature centered in frame, tightly cropped to creature edges (no padding wider than 2px), no text or watermarks."
747,Dragire,Storm,Water,Uncommon,bipedal-humanoid,Beach|Mountain,any,Thursday,Rain,96x96,5,,,,,,"Pokemon-style monster creature named ""Dragire"". RARITY TIER: Uncommon (more detailed body, 2-3 distinguishing details). OUTPUT VIEWS: render three separate images per creature — (1) full-body front view, (2) three-quarter back view rotated ~135 degrees from front, (3) pure side-profile view. GENERATION RES: render at 512x512 for AI quality, then DOWNSCALE to FINAL 96x96 PNG. FINAL IMAGE SPECS: 96x96 PNG, transparent background, indexed palette (max 256 colors), TARGET FILE SIZE: under 5 KB per image. Use clean Pokemon-style line art, vibrant saturated colors, single creature centered in frame, tightly cropped to creature edges (no padding wider than 2px), no text or watermarks."
748,Alliros,Wind,Earth,Uncommon,mythic-form,Plains|Mountain,any,Friday,Foehn,96x96,5,,Apricode,moon_full,10,20,"Pokemon-style monster creature named ""Alliros"". RARITY TIER: Uncommon (more detailed body, 2-3 distinguishing details). EVOLUTION CHAIN: stage 1 of 3 (chain ""wind_chain_1""). Evolves INTO: ""Apricode"" (trigger: moon_full, guaranteed by lvl 20). Foreshadow features that will become more prominent in ""Apricode"" — keep family identity consistent so the next stage feels like a natural maturation, not a different creature. Maintain visual continuity across the entire 3-stage chain — same family identity, recognizable shape across stages. OUTPUT VIEWS: render three separate images per creature — (1) full-body front view, (2) three-quarter back view rotated ~135 degrees from front, (3) pure side-profile view. GENERATION RES: render at 512x512 for AI quality, then DOWNSCALE to FINAL 96x96 PNG. FINAL IMAGE SPECS: 96x96 PNG, transparent background, indexed palette (max 256 colors), TARGET FILE SIZE: under 5 KB per image. Use clean Pokemon-style line art, vibrant saturated colors, single creature centered in frame, tightly cropped to creature edges (no padding wider than 2px), no text or watermarks."
749,Hypitar,Shadow,,Uncommon,mythic-form,Cave|Marsh|Sanctum,night-only,Wednesday,Fog,96x96,5,,,,,,"Pokemon-style monster creature named ""Hypitar"". RARITY TIER: Uncommon (more detailed body, 2-3 distinguishing details). OUTPUT VIEWS: render three separate images per creature — (1) full-body front view, (2) three-quarter back view rotated ~135 degrees from front, (3) pure side-profile view. GENERATION RES: render at 512x512 for AI quality, then DOWNSCALE to FINAL 96x96 PNG. FINAL IMAGE SPECS: 96x96 PNG, transparent background, indexed palette (max 256 colors), TARGET FILE SIZE: under 5 KB per image. Use clean Pokemon-style line art, vibrant saturated colors, single creature centered in frame, tightly cropped to creature edges (no padding wider than 2px), no text or watermarks."
750,Stunatross,Light,Shadow,Uncommon,amorphous-elemental,Castle|Sanctum|Town,day-only,Tuesday,any,96x96,5,,,,,,"Pokemon-style monster creature named ""Stunatross"". RARITY TIER: Uncommon (more detailed body, 2-3 distinguishing details). OUTPUT VIEWS: render three separate images per creature — (1) full-body front view, (2) three-quarter back view rotated ~135 degrees from front, (3) pure side-profile view. GENERATION RES: render at 512x512 for AI quality, then DOWNSCALE to FINAL 96x96 PNG. FINAL IMAGE SPECS: 96x96 PNG, transparent background, indexed palette (max 256 colors), TARGET FILE SIZE: under 5 KB per image. Use clean Pokemon-style line art, vibrant saturated colors, single creature centered in frame, tightly cropped to creature edges (no padding wider than 2px), no text or watermarks."
751,Coyoron,Venom,,Uncommon,canine,Marsh|Cave|Sanctum,dawn-dusk-only,Saturday,any,96x96,5,Cobrops,Crocolix,weather_storm,30,45,"Pokemon-style monster creature named ""Coyoron"". RARITY TIER: Uncommon (more detailed body, 2-3 distinguishing details). EVOLUTION CHAIN: stage 2 of 3 (chain ""venom_chain_6""). Pre-evolution: ""Cobrops"" — this creature evolved FROM ""Cobrops"". Preserve a recognizably similar body shape and family identity to ""Cobrops"", but with extra detail layers, larger size (~10-15%), upgraded markings, more pronounced presence. Evolves INTO: ""Crocolix"" (trigger: weather_storm, guaranteed by lvl 45). Foreshadow features that will become more prominent in ""Crocolix"" — keep family identity consistent so the next stage feels like a natural maturation, not a different creature. Maintain visual continuity across the entire 3-stage chain — same family identity, recognizable shape across stages. OUTPUT VIEWS: render three separate images per creature — (1) full-body front view, (2) three-quarter back view rotated ~135 degrees from front, (3) pure side-profile view. GENERATION RES: render at 512x512 for AI quality, then DOWNSCALE to FINAL 96x96 PNG. FINAL IMAGE SPECS: 96x96 PNG, transparent background, indexed palette (max 256 colors), TARGET FILE SIZE: under 5 KB per image. Use clean Pokemon-style line art, vibrant saturated colors, single creature centered in frame, tightly cropped to creature edges (no padding wider than 2px), no text or watermarks."
752,Rhinama,Cosmic,Light,Uncommon,bipedal-humanoid,Sanctum|Mountain,night-only,Wednesday,any,96x96,5,,,,,,"Pokemon-style monster creature named ""Rhinama"". RARITY TIER: Uncommon (more detailed body, 2-3 distinguishing details). OUTPUT VIEWS: render three separate images per creature — (1) full-body front view, (2) three-quarter back view rotated ~135 degrees from front, (3) pure side-profile view. GENERATION RES: render at 512x512 for AI quality, then DOWNSCALE to FINAL 96x96 PNG. FINAL IMAGE SPECS: 96x96 PNG, transparent background, indexed palette (max 256 colors), TARGET FILE SIZE: under 5 KB per image. Use clean Pokemon-style line art, vibrant saturated colors, single creature centered in frame, tightly cropped to creature edges (no padding wider than 2px), no text or watermarks."
753,Elasion,Aether,Shadow,Uncommon,amorphous-elemental,Sanctum|Town,any,any,any,96x96,5,Donkuno,,,,,"Pokemon-style monster creature named ""Elasion"". RARITY TIER: Uncommon (more detailed body, 2-3 distinguishing details). EVOLUTION CHAIN: stage 2 of 2 (chain ""aether_chain_4""). Pre-evolution: ""Donkuno"" — this creature evolved FROM ""Donkuno"". Preserve a recognizably similar body shape and family identity to ""Donkuno"", but with extra detail layers, larger size (~10-15%), upgraded markings, more pronounced presence. Maintain visual continuity across the entire 2-stage chain — same family identity, recognizable shape across stages. OUTPUT VIEWS: render three separate images per creature — (1) full-body front view, (2) three-quarter back view rotated ~135 degrees from front, (3) pure side-profile view. GENERATION RES: render at 512x512 for AI quality, then DOWNSCALE to FINAL 96x96 PNG. FINAL IMAGE SPECS: 96x96 PNG, transparent background, indexed palette (max 256 colors), TARGET FILE SIZE: under 5 KB per image. Use clean Pokemon-style line art, vibrant saturated colors, single creature centered in frame, tightly cropped to creature edges (no padding wider than 2px), no text or watermarks."
754,Chilloose,Dream,,Uncommon,quadruped,Forest|Sanctum,night-only,Wednesday,any,96x96,5,Chillbat,,,,,"Pokemon-style monster creature named ""Chilloose"". RARITY TIER: Uncommon (more detailed body, 2-3 distinguishing details). EVOLUTION CHAIN: stage 2 of 2 (chain ""dream_chain_4""). Pre-evolution: ""Chillbat"" — this creature evolved FROM ""Chillbat"". Preserve a recognizably similar body shape and family identity to ""Chillbat"", but with extra detail layers, larger size (~10-15%), upgraded markings, more pronounced presence. Maintain visual continuity across the entire 2-stage chain — same family identity, recognizable shape across stages. OUTPUT VIEWS: render three separate images per creature — (1) full-body front view, (2) three-quarter back view rotated ~135 degrees from front, (3) pure side-profile view. GENERATION RES: render at 512x512 for AI quality, then DOWNSCALE to FINAL 96x96 PNG. FINAL IMAGE SPECS: 96x96 PNG, transparent background, indexed palette (max 256 colors), TARGET FILE SIZE: under 5 KB per image. Use clean Pokemon-style line art, vibrant saturated colors, single creature centered in frame, tightly cropped to creature edges (no padding wider than 2px), no text or watermarks."
755,Turtite,Mind,Venom,Uncommon,turtle,Castle|Sanctum,any,Wednesday,any,96x96,5,,,,,,"Pokemon-style monster creature named ""Turtite"". RARITY TIER: Uncommon (more detailed body, 2-3 distinguishing details). OUTPUT VIEWS: render three separate images per creature — (1) full-body front view, (2) three-quarter back view rotated ~135 degrees from front, (3) pure side-profile view. GENERATION RES: render at 512x512 for AI quality, then DOWNSCALE to FINAL 96x96 PNG. FINAL IMAGE SPECS: 96x96 PNG, transparent background, indexed palette (max 256 colors), TARGET FILE SIZE: under 5 KB per image. Use clean Pokemon-style line art, vibrant saturated colors, single creature centered in frame, tightly cropped to creature edges (no padding wider than 2px), no text or watermarks."
756,Buffanite,Sound,,Uncommon,spirit-form,Forest|Town,any,Thursday,any,96x96,5,Buffabite,,,,,"Pokemon-style monster creature named ""Buffanite"". RARITY TIER: Uncommon (more detailed body, 2-3 distinguishing details). EVOLUTION CHAIN: stage 3 of 3 (chain ""sound_chain_6""). Pre-evolution: ""Buffabite"" — this creature evolved FROM ""Buffabite"". Preserve a recognizably similar body shape and family identity to ""Buffabite"", but with extra detail layers, larger size (~10-15%), upgraded markings, more pronounced presence. Maintain visual continuity across the entire 3-stage chain — same family identity, recognizable shape across stages. OUTPUT VIEWS: render three separate images per creature — (1) full-body front view, (2) three-quarter back view rotated ~135 degrees from front, (3) pure side-profile view. GENERATION RES: render at 512x512 for AI quality, then DOWNSCALE to FINAL 96x96 PNG. FINAL IMAGE SPECS: 96x96 PNG, transparent background, indexed palette (max 256 colors), TARGET FILE SIZE: under 5 KB per image. Use clean Pokemon-style line art, vibrant saturated colors, single creature centered in frame, tightly cropped to creature edges (no padding wider than 2px), no text or watermarks."
757,Bonewing,Time,Blood,Uncommon,bird,Sanctum|Cave,any,any,any,96x96,5,Blastling,,,,,"Pokemon-style monster creature named ""Bonewing"". RARITY TIER: Uncommon (more detailed body, 2-3 distinguishing details). EVOLUTION CHAIN: stage 2 of 2 (chain ""time_chain_3""). Pre-evolution: ""Blastling"" — this creature evolved FROM ""Blastling"". Preserve a recognizably similar body shape and family identity to ""Blastling"", but with extra detail layers, larger size (~10-15%), upgraded markings, more pronounced presence. Maintain visual continuity across the entire 2-stage chain — same family identity, recognizable shape across stages. OUTPUT VIEWS: render three separate images per creature — (1) full-body front view, (2) three-quarter back view rotated ~135 degrees from front, (3) pure side-profile view. GENERATION RES: render at 512x512 for AI quality, then DOWNSCALE to FINAL 96x96 PNG. FINAL IMAGE SPECS: 96x96 PNG, transparent background, indexed palette (max 256 colors), TARGET FILE SIZE: under 5 KB per image. Use clean Pokemon-style line art, vibrant saturated colors, single creature centered in frame, tightly cropped to creature edges (no padding wider than 2px), no text or watermarks."
758,Octoron,Crystal,Wind,Uncommon,octopus,Cave|Mountain|WaterSurface,any,Monday,any,96x96,5,,,,,,"Pokemon-style monster creature named ""Octoron"". RARITY TIER: Uncommon (more detailed body, 2-3 distinguishing details). OUTPUT VIEWS: render three separate images per creature — (1) full-body front view, (2) three-quarter back view rotated ~135 degrees from front, (3) pure side-profile view. GENERATION RES: render at 512x512 for AI quality, then DOWNSCALE to FINAL 96x96 PNG. FINAL IMAGE SPECS: 96x96 PNG, transparent background, indexed palette (max 256 colors), TARGET FILE SIZE: under 5 KB per image. Use clean Pokemon-style line art, vibrant saturated colors, single creature centered in frame, tightly cropped to creature edges (no padding wider than 2px), no text or watermarks."
759,Crazehopper,Blood,,Uncommon,quadruped,Castle|Sanctum|Cave,any,Saturday,any,96x96,5,Coyophy,Crocodrill,stone,30,45,"Pokemon-style monster creature named ""Crazehopper"". RARITY TIER: Uncommon (more detailed body, 2-3 distinguishing details). EVOLUTION CHAIN: stage 2 of 3 (chain ""blood_chain_6""). Pre-evolution: ""Coyophy"" — this creature evolved FROM ""Coyophy"". Preserve a recognizably similar body shape and family identity to ""Coyophy"", but with extra detail layers, larger size (~10-15%), upgraded markings, more pronounced presence. Evolves INTO: ""Crocodrill"" (trigger: stone, guaranteed by lvl 45). Foreshadow features that will become more prominent in ""Crocodrill"" — keep family identity consistent so the next stage feels like a natural maturation, not a different creature. Maintain visual continuity across the entire 3-stage chain — same family identity, recognizable shape across stages. OUTPUT VIEWS: render three separate images per creature — (1) full-body front view, (2) three-quarter back view rotated ~135 degrees from front, (3) pure side-profile view. GENERATION RES: render at 512x512 for AI quality, then DOWNSCALE to FINAL 96x96 PNG. FINAL IMAGE SPECS: 96x96 PNG, transparent background, indexed palette (max 256 colors), TARGET FILE SIZE: under 5 KB per image. Use clean Pokemon-style line art, vibrant saturated colors, single creature centered in frame, tightly cropped to creature edges (no padding wider than 2px), no text or watermarks."
760,Rhinoceaf,Fire,Metal,Uncommon,bipedal-humanoid,Desert|Cave,any,Saturday,Heat,96x96,5,,,,,,"Pokemon-style monster creature named ""Rhinoceaf"". RARITY TIER: Uncommon (more detailed body, 2-3 distinguishing details). OUTPUT VIEWS: render three separate images per creature — (1) full-body front view, (2) three-quarter back view rotated ~135 degrees from front, (3) pure side-profile view. GENERATION RES: render at 512x512 for AI quality, then DOWNSCALE to FINAL 96x96 PNG. FINAL IMAGE SPECS: 96x96 PNG, transparent background, indexed palette (max 256 colors), TARGET FILE SIZE: under 5 KB per image. Use clean Pokemon-style line art, vibrant saturated colors, single creature centered in frame, tightly cropped to creature edges (no padding wider than 2px), no text or watermarks."
761,Glacican,Water,,Uncommon,reptile,Beach|Harbor|Marsh,any,Friday,Rain,96x96,5,,Gorilite,stone,10,20,"Pokemon-style monster creature named ""Glacican"". RARITY TIER: Uncommon (more detailed body, 2-3 distinguishing details). EVOLUTION CHAIN: stage 1 of 2 (chain ""water_chain_5""). Evolves INTO: ""Gorilite"" (trigger: stone, guaranteed by lvl 20). Foreshadow features that will become more prominent in ""Gorilite"" — keep family identity consistent so the next stage feels like a natural maturation, not a different creature. Maintain visual continuity across the entire 2-stage chain — same family identity, recognizable shape across stages. OUTPUT VIEWS: render three separate images per creature — (1) full-body front view, (2) three-quarter back view rotated ~135 degrees from front, (3) pure side-profile view. GENERATION RES: render at 512x512 for AI quality, then DOWNSCALE to FINAL 96x96 PNG. FINAL IMAGE SPECS: 96x96 PNG, transparent background, indexed palette (max 256 colors), TARGET FILE SIZE: under 5 KB per image. Use clean Pokemon-style line art, vibrant saturated colors, single creature centered in frame, tightly cropped to creature edges (no padding wider than 2px), no text or watermarks."
762,Ghorilla,Ice,Wood,Uncommon,reptile,Mountain|WaterSurface,any,Wednesday,Snow,96x96,5,,,,,,"Pokemon-style monster creature named ""Ghorilla"". RARITY TIER: Uncommon (more detailed body, 2-3 distinguishing details). OUTPUT VIEWS: render three separate images per creature — (1) full-body front view, (2) three-quarter back view rotated ~135 degrees from front, (3) pure side-profile view. GENERATION RES: render at 512x512 for AI quality, then DOWNSCALE to FINAL 96x96 PNG. FINAL IMAGE SPECS: 96x96 PNG, transparent background, indexed palette (max 256 colors), TARGET FILE SIZE: under 5 KB per image. Use clean Pokemon-style line art, vibrant saturated colors, single creature centered in frame, tightly cropped to creature edges (no padding wider than 2px), no text or watermarks."
763,Salaslash,Earth,Crystal,Uncommon,frog,Forest|Mountain|Desert,any,Sunday,any,96x96,5,,,,,,"Pokemon-style monster creature named ""Salaslash"". RARITY TIER: Uncommon (more detailed body, 2-3 distinguishing details). OUTPUT VIEWS: render three separate images per creature — (1) full-body front view, (2) three-quarter back view rotated ~135 degrees from front, (3) pure side-profile view. GENERATION RES: render at 512x512 for AI quality, then DOWNSCALE to FINAL 96x96 PNG. FINAL IMAGE SPECS: 96x96 PNG, transparent background, indexed palette (max 256 colors), TARGET FILE SIZE: under 5 KB per image. Use clean Pokemon-style line art, vibrant saturated colors, single creature centered in frame, tightly cropped to creature edges (no padding wider than 2px), no text or watermarks."
764,Crocyle,Wood,,Uncommon,quadruped,Forest|Plains,day-preferred,Sunday,any,96x96,5,,Dewephant,level,10,20,"Pokemon-style monster creature named ""Crocyle"". RARITY TIER: Uncommon (more detailed body, 2-3 distinguishing details). EVOLUTION CHAIN: stage 1 of 2 (chain ""wood_chain_7""). Evolves INTO: ""Dewephant"" (trigger: level, guaranteed by lvl 20). Foreshadow features that will become more prominent in ""Dewephant"" — keep family identity consistent so the next stage feels like a natural maturation, not a different creature. Maintain visual continuity across the entire 2-stage chain — same family identity, recognizable shape across stages. OUTPUT VIEWS: render three separate images per creature — (1) full-body front view, (2) three-quarter back view rotated ~135 degrees from front, (3) pure side-profile view. GENERATION RES: render at 512x512 for AI quality, then DOWNSCALE to FINAL 96x96 PNG. FINAL IMAGE SPECS: 96x96 PNG, transparent background, indexed palette (max 256 colors), TARGET FILE SIZE: under 5 KB per image. Use clean Pokemon-style line art, vibrant saturated colors, single creature centered in frame, tightly cropped to creature edges (no padding wider than 2px), no text or watermarks."
765,Steeloth,Metal,Ice,Uncommon,amorphous-elemental,Cave|Castle|Harbor,any,Monday,any,96x96,5,,,,,,"Pokemon-style monster creature named ""Steeloth"". RARITY TIER: Uncommon (more detailed body, 2-3 distinguishing details). OUTPUT VIEWS: render three separate images per creature — (1) full-body front view, (2) three-quarter back view rotated ~135 degrees from front, (3) pure side-profile view. GENERATION RES: render at 512x512 for AI quality, then DOWNSCALE to FINAL 96x96 PNG. FINAL IMAGE SPECS: 96x96 PNG, transparent background, indexed palette (max 256 colors), TARGET FILE SIZE: under 5 KB per image. Use clean Pokemon-style line art, vibrant saturated colors, single creature centered in frame, tightly cropped to creature edges (no padding wider than 2px), no text or watermarks."
766,Fieruin,Storm,,Uncommon,beast,Beach|Mountain,any,Thursday,Rain,96x96,5,,,,,,"Pokemon-style monster creature named ""Fieruin"". RARITY TIER: Uncommon (more detailed body, 2-3 distinguishing details). OUTPUT VIEWS: render three separate images per creature — (1) full-body front view, (2) three-quarter back view rotated ~135 degrees from front, (3) pure side-profile view. GENERATION RES: render at 512x512 for AI quality, then DOWNSCALE to FINAL 96x96 PNG. FINAL IMAGE SPECS: 96x96 PNG, transparent background, indexed palette (max 256 colors), TARGET FILE SIZE: under 5 KB per image. Use clean Pokemon-style line art, vibrant saturated colors, single creature centered in frame, tightly cropped to creature edges (no padding wider than 2px), no text or watermarks."
767,Slowuar,Wind,Venom,Uncommon,amorphous-elemental,Plains|Mountain,any,Friday,Foehn,96x96,5,,,,,,"Pokemon-style monster creature named ""Slowuar"". RARITY TIER: Uncommon (more detailed body, 2-3 distinguishing details). OUTPUT VIEWS: render three separate images per creature — (1) full-body front view, (2) three-quarter back view rotated ~135 degrees from front, (3) pure side-profile view. GENERATION RES: render at 512x512 for AI quality, then DOWNSCALE to FINAL 96x96 PNG. FINAL IMAGE SPECS: 96x96 PNG, transparent background, indexed palette (max 256 colors), TARGET FILE SIZE: under 5 KB per image. Use clean Pokemon-style line art, vibrant saturated colors, single creature centered in frame, tightly cropped to creature edges (no padding wider than 2px), no text or watermarks."
768,Quickodile,Shadow,Mind,Uncommon,quadruped,Cave|Marsh|Sanctum,night-only,Wednesday,Fog,96x96,5,,,,,,"Pokemon-style monster creature named ""Quickodile"". RARITY TIER: Uncommon (more detailed body, 2-3 distinguishing details). OUTPUT VIEWS: render three separate images per creature — (1) full-body front view, (2) three-quarter back view rotated ~135 degrees from front, (3) pure side-profile view. GENERATION RES: render at 512x512 for AI quality, then DOWNSCALE to FINAL 96x96 PNG. FINAL IMAGE SPECS: 96x96 PNG, transparent background, indexed palette (max 256 colors), TARGET FILE SIZE: under 5 KB per image. Use clean Pokemon-style line art, vibrant saturated colors, single creature centered in frame, tightly cropped to creature edges (no padding wider than 2px), no text or watermarks."
769,Mountite,Light,,Uncommon,beast,Castle|Sanctum|Town,day-only,Tuesday,any,96x96,5,,,,,,"Pokemon-style monster creature named ""Mountite"". RARITY TIER: Uncommon (more detailed body, 2-3 distinguishing details). OUTPUT VIEWS: render three separate images per creature — (1) full-body front view, (2) three-quarter back view rotated ~135 degrees from front, (3) pure side-profile view. GENERATION RES: render at 512x512 for AI quality, then DOWNSCALE to FINAL 96x96 PNG. FINAL IMAGE SPECS: 96x96 PNG, transparent background, indexed palette (max 256 colors), TARGET FILE SIZE: under 5 KB per image. Use clean Pokemon-style line art, vibrant saturated colors, single creature centered in frame, tightly cropped to creature edges (no padding wider than 2px), no text or watermarks."
770,Flamidrill,Venom,Water,Uncommon,beast,Marsh|Cave|Sanctum,dawn-dusk-only,Saturday,any,96x96,5,,,,,,"Pokemon-style monster creature named ""Flamidrill"". RARITY TIER: Uncommon (more detailed body, 2-3 distinguishing details). OUTPUT VIEWS: render three separate images per creature — (1) full-body front view, (2) three-quarter back view rotated ~135 degrees from front, (3) pure side-profile view. GENERATION RES: render at 512x512 for AI quality, then DOWNSCALE to FINAL 96x96 PNG. FINAL IMAGE SPECS: 96x96 PNG, transparent background, indexed palette (max 256 colors), TARGET FILE SIZE: under 5 KB per image. Use clean Pokemon-style line art, vibrant saturated colors, single creature centered in frame, tightly cropped to creature edges (no padding wider than 2px), no text or watermarks."
771,Eletopus,Cosmic,,Uncommon,amorphous-elemental,Sanctum|Mountain,night-only,Wednesday,any,96x96,5,,Fiehog,level,10,20,"Pokemon-style monster creature named ""Eletopus"". RARITY TIER: Uncommon (more detailed body, 2-3 distinguishing details). EVOLUTION CHAIN: stage 1 of 2 (chain ""cosmic_chain_7""). Evolves INTO: ""Fiehog"" (trigger: level, guaranteed by lvl 20). Foreshadow features that will become more prominent in ""Fiehog"" — keep family identity consistent so the next stage feels like a natural maturation, not a different creature. Maintain visual continuity across the entire 2-stage chain — same family identity, recognizable shape across stages. OUTPUT VIEWS: render three separate images per creature — (1) full-body front view, (2) three-quarter back view rotated ~135 degrees from front, (3) pure side-profile view. GENERATION RES: render at 512x512 for AI quality, then DOWNSCALE to FINAL 96x96 PNG. FINAL IMAGE SPECS: 96x96 PNG, transparent background, indexed palette (max 256 colors), TARGET FILE SIZE: under 5 KB per image. Use clean Pokemon-style line art, vibrant saturated colors, single creature centered in frame, tightly cropped to creature edges (no padding wider than 2px), no text or watermarks."
772,Ashron,Aether,Cosmic,Uncommon,mythic-form,Sanctum|Town,any,any,any,96x96,5,Ashmingo,,,,,"Pokemon-style monster creature named ""Ashron"". RARITY TIER: Uncommon (more detailed body, 2-3 distinguishing details). EVOLUTION CHAIN: stage 3 of 3 (chain ""aether_chain_1""). Pre-evolution: ""Ashmingo"" — this creature evolved FROM ""Ashmingo"". Preserve a recognizably similar body shape and family identity to ""Ashmingo"", but with extra detail layers, larger size (~10-15%), upgraded markings, more pronounced presence. Maintain visual continuity across the entire 3-stage chain — same family identity, recognizable shape across stages. OUTPUT VIEWS: render three separate images per creature — (1) full-body front view, (2) three-quarter back view rotated ~135 degrees from front, (3) pure side-profile view. GENERATION RES: render at 512x512 for AI quality, then DOWNSCALE to FINAL 96x96 PNG. FINAL IMAGE SPECS: 96x96 PNG, transparent background, indexed palette (max 256 colors), TARGET FILE SIZE: under 5 KB per image. Use clean Pokemon-style line art, vibrant saturated colors, single creature centered in frame, tightly cropped to creature edges (no padding wider than 2px), no text or watermarks."
773,Pandotic,Dream,Time,Uncommon,spirit-form,Forest|Sanctum,night-only,Wednesday,any,96x96,5,,,,,,"Pokemon-style monster creature named ""Pandotic"". RARITY TIER: Uncommon (more detailed body, 2-3 distinguishing details). OUTPUT VIEWS: render three separate images per creature — (1) full-body front view, (2) three-quarter back view rotated ~135 degrees from front, (3) pure side-profile view. GENERATION RES: render at 512x512 for AI quality, then DOWNSCALE to FINAL 96x96 PNG. FINAL IMAGE SPECS: 96x96 PNG, transparent background, indexed palette (max 256 colors), TARGET FILE SIZE: under 5 KB per image. Use clean Pokemon-style line art, vibrant saturated colors, single creature centered in frame, tightly cropped to creature edges (no padding wider than 2px), no text or watermarks."
774,Bonezelle,Mind,,Uncommon,spirit-form,Castle|Sanctum,any,Wednesday,any,96x96,5,,Cabarrage,level,10,20,"Pokemon-style monster creature named ""Bonezelle"". RARITY TIER: Uncommon (more detailed body, 2-3 distinguishing details). EVOLUTION CHAIN: stage 1 of 2 (chain ""mind_chain_2""). Evolves INTO: ""Cabarrage"" (trigger: level, guaranteed by lvl 20). Foreshadow features that will become more prominent in ""Cabarrage"" — keep family identity consistent so the next stage feels like a natural maturation, not a different creature. Maintain visual continuity across the entire 2-stage chain — same family identity, recognizable shape across stages. OUTPUT VIEWS: render three separate images per creature — (1) full-body front view, (2) three-quarter back view rotated ~135 degrees from front, (3) pure side-profile view. GENERATION RES: render at 512x512 for AI quality, then DOWNSCALE to FINAL 96x96 PNG. FINAL IMAGE SPECS: 96x96 PNG, transparent background, indexed palette (max 256 colors), TARGET FILE SIZE: under 5 KB per image. Use clean Pokemon-style line art, vibrant saturated colors, single creature centered in frame, tightly cropped to creature edges (no padding wider than 2px), no text or watermarks."
775,Bonaroo,Sound,Wind,Uncommon,spirit-form,Forest|Town,any,Thursday,any,96x96,5,,Bonedine,level,10,20,"Pokemon-style monster creature named ""Bonaroo"". RARITY TIER: Uncommon (more detailed body, 2-3 distinguishing details). EVOLUTION CHAIN: stage 1 of 2 (chain ""sound_chain_5""). Evolves INTO: ""Bonedine"" (trigger: level, guaranteed by lvl 20). Foreshadow features that will become more prominent in ""Bonedine"" — keep family identity consistent so the next stage feels like a natural maturation, not a different creature. Maintain visual continuity across the entire 2-stage chain — same family identity, recognizable shape across stages. OUTPUT VIEWS: render three separate images per creature — (1) full-body front view, (2) three-quarter back view rotated ~135 degrees from front, (3) pure side-profile view. GENERATION RES: render at 512x512 for AI quality, then DOWNSCALE to FINAL 96x96 PNG. FINAL IMAGE SPECS: 96x96 PNG, transparent background, indexed palette (max 256 colors), TARGET FILE SIZE: under 5 KB per image. Use clean Pokemon-style line art, vibrant saturated colors, single creature centered in frame, tightly cropped to creature edges (no padding wider than 2px), no text or watermarks."
776,Walrust,Time,,Uncommon,spirit-form,Sanctum|Cave,any,any,any,96x96,5,,,,,,"Pokemon-style monster creature named ""Walrust"". RARITY TIER: Uncommon (more detailed body, 2-3 distinguishing details). OUTPUT VIEWS: render three separate images per creature — (1) full-body front view, (2) three-quarter back view rotated ~135 degrees from front, (3) pure side-profile view. GENERATION RES: render at 512x512 for AI quality, then DOWNSCALE to FINAL 96x96 PNG. FINAL IMAGE SPECS: 96x96 PNG, transparent background, indexed palette (max 256 colors), TARGET FILE SIZE: under 5 KB per image. Use clean Pokemon-style line art, vibrant saturated colors, single creature centered in frame, tightly cropped to creature edges (no padding wider than 2px), no text or watermarks."
777,Hypossum,Crystal,Earth,Uncommon,mythic-form,Cave|Mountain|WaterSurface,any,Monday,any,96x96,5,,,,,,"Pokemon-style monster creature named ""Hypossum"". RARITY TIER: Uncommon (more detailed body, 2-3 distinguishing details). OUTPUT VIEWS: render three separate images per creature — (1) full-body front view, (2) three-quarter back view rotated ~135 degrees from front, (3) pure side-profile view. GENERATION RES: render at 512x512 for AI quality, then DOWNSCALE to FINAL 96x96 PNG. FINAL IMAGE SPECS: 96x96 PNG, transparent background, indexed palette (max 256 colors), TARGET FILE SIZE: under 5 KB per image. Use clean Pokemon-style line art, vibrant saturated colors, single creature centered in frame, tightly cropped to creature edges (no padding wider than 2px), no text or watermarks."
778,Aquail,Blood,Crystal,Uncommon,fish,Castle|Sanctum|Cave,any,Saturday,any,96x96,5,Antetine,Armaloon,level,30,45,"Pokemon-style monster creature named ""Aquail"". RARITY TIER: Uncommon (more detailed body, 2-3 distinguishing details). EVOLUTION CHAIN: stage 2 of 3 (chain ""blood_chain_1""). Pre-evolution: ""Antetine"" — this creature evolved FROM ""Antetine"". Preserve a recognizably similar body shape and family identity to ""Antetine"", but with extra detail layers, larger size (~10-15%), upgraded markings, more pronounced presence. Evolves INTO: ""Armaloon"" (trigger: level, guaranteed by lvl 45). Foreshadow features that will become more prominent in ""Armaloon"" — keep family identity consistent so the next stage feels like a natural maturation, not a different creature. Maintain visual continuity across the entire 3-stage chain — same family identity, recognizable shape across stages. OUTPUT VIEWS: render three separate images per creature — (1) full-body front view, (2) three-quarter back view rotated ~135 degrees from front, (3) pure side-profile view. GENERATION RES: render at 512x512 for AI quality, then DOWNSCALE to FINAL 96x96 PNG. FINAL IMAGE SPECS: 96x96 PNG, transparent background, indexed palette (max 256 colors), TARGET FILE SIZE: under 5 KB per image. Use clean Pokemon-style line art, vibrant saturated colors, single creature centered in frame, tightly cropped to creature edges (no padding wider than 2px), no text or watermarks."
779,Wintitar,Fire,,Uncommon,spirit-form,Desert|Cave,any,Saturday,Heat,96x96,5,,,,,,"Pokemon-style monster creature named ""Wintitar"". RARITY TIER: Uncommon (more detailed body, 2-3 distinguishing details). OUTPUT VIEWS: render three separate images per creature — (1) full-body front view, (2) three-quarter back view rotated ~135 degrees from front, (3) pure side-profile view. GENERATION RES: render at 512x512 for AI quality, then DOWNSCALE to FINAL 96x96 PNG. FINAL IMAGE SPECS: 96x96 PNG, transparent background, indexed palette (max 256 colors), TARGET FILE SIZE: under 5 KB per image. Use clean Pokemon-style line art, vibrant saturated colors, single creature centered in frame, tightly cropped to creature edges (no padding wider than 2px), no text or watermarks."
780,Warphin,Water,Fire,Uncommon,spirit-form,Beach|Harbor|Marsh,any,Friday,Rain,96x96,5,,,,,,"Pokemon-style monster creature named ""Warphin"". RARITY TIER: Uncommon (more detailed body, 2-3 distinguishing details). OUTPUT VIEWS: render three separate images per creature — (1) full-body front view, (2) three-quarter back view rotated ~135 degrees from front, (3) pure side-profile view. GENERATION RES: render at 512x512 for AI quality, then DOWNSCALE to FINAL 96x96 PNG. FINAL IMAGE SPECS: 96x96 PNG, transparent background, indexed palette (max 256 colors), TARGET FILE SIZE: under 5 KB per image. Use clean Pokemon-style line art, vibrant saturated colors, single creature centered in frame, tightly cropped to creature edges (no padding wider than 2px), no text or watermarks."
781,Dracotto,Ice,,Uncommon,bipedal-humanoid,Mountain|WaterSurface,any,Wednesday,Snow,96x96,5,Dewibia,,,,,"Pokemon-style monster creature named ""Dracotto"". RARITY TIER: Uncommon (more detailed body, 2-3 distinguishing details). EVOLUTION CHAIN: stage 2 of 2 (chain ""ice_chain_8""). Pre-evolution: ""Dewibia"" — this creature evolved FROM ""Dewibia"". Preserve a recognizably similar body shape and family identity to ""Dewibia"", but with extra detail layers, larger size (~10-15%), upgraded markings, more pronounced presence. Maintain visual continuity across the entire 2-stage chain — same family identity, recognizable shape across stages. OUTPUT VIEWS: render three separate images per creature — (1) full-body front view, (2) three-quarter back view rotated ~135 degrees from front, (3) pure side-profile view. GENERATION RES: render at 512x512 for AI quality, then DOWNSCALE to FINAL 96x96 PNG. FINAL IMAGE SPECS: 96x96 PNG, transparent background, indexed palette (max 256 colors), TARGET FILE SIZE: under 5 KB per image. Use clean Pokemon-style line art, vibrant saturated colors, single creature centered in frame, tightly cropped to creature edges (no padding wider than 2px), no text or watermarks."
782,Wolvath,Earth,Storm,Uncommon,wolf,Forest|Mountain|Desert,any,Sunday,any,96x96,5,,,,,,"Pokemon-style monster creature named ""Wolvath"". RARITY TIER: Uncommon (more detailed body, 2-3 distinguishing details). OUTPUT VIEWS: render three separate images per creature — (1) full-body front view, (2) three-quarter back view rotated ~135 degrees from front, (3) pure side-profile view. GENERATION RES: render at 512x512 for AI quality, then DOWNSCALE to FINAL 96x96 PNG. FINAL IMAGE SPECS: 96x96 PNG, transparent background, indexed palette (max 256 colors), TARGET FILE SIZE: under 5 KB per image. Use clean Pokemon-style line art, vibrant saturated colors, single creature centered in frame, tightly cropped to creature edges (no padding wider than 2px), no text or watermarks."
783,Cobrius,Wood,Water,Uncommon,quadruped,Forest|Plains,day-preferred,Sunday,any,96x96,5,Chimpazar,,,,,"Pokemon-style monster creature named ""Cobrius"". RARITY TIER: Uncommon (more detailed body, 2-3 distinguishing details). EVOLUTION CHAIN: stage 2 of 2 (chain ""wood_chain_5""). Pre-evolution: ""Chimpazar"" — this creature evolved FROM ""Chimpazar"". Preserve a recognizably similar body shape and family identity to ""Chimpazar"", but with extra detail layers, larger size (~10-15%), upgraded markings, more pronounced presence. Maintain visual continuity across the entire 2-stage chain — same family identity, recognizable shape across stages. OUTPUT VIEWS: render three separate images per creature — (1) full-body front view, (2) three-quarter back view rotated ~135 degrees from front, (3) pure side-profile view. GENERATION RES: render at 512x512 for AI quality, then DOWNSCALE to FINAL 96x96 PNG. FINAL IMAGE SPECS: 96x96 PNG, transparent background, indexed palette (max 256 colors), TARGET FILE SIZE: under 5 KB per image. Use clean Pokemon-style line art, vibrant saturated colors, single creature centered in frame, tightly cropped to creature edges (no padding wider than 2px), no text or watermarks."
784,Fieroyote,Metal,,Uncommon,beast,Cave|Castle|Harbor,any,Monday,any,96x96,5,Falceat,,,,,"Pokemon-style monster creature named ""Fieroyote"". RARITY TIER: Uncommon (more detailed body, 2-3 distinguishing details). EVOLUTION CHAIN: stage 2 of 2 (chain ""metal_chain_8""). Pre-evolution: ""Falceat"" — this creature evolved FROM ""Falceat"". Preserve a recognizably similar body shape and family identity to ""Falceat"", but with extra detail layers, larger size (~10-15%), upgraded markings, more pronounced presence. Maintain visual continuity across the entire 2-stage chain — same family identity, recognizable shape across stages. OUTPUT VIEWS: render three separate images per creature — (1) full-body front view, (2) three-quarter back view rotated ~135 degrees from front, (3) pure side-profile view. GENERATION RES: render at 512x512 for AI quality, then DOWNSCALE to FINAL 96x96 PNG. FINAL IMAGE SPECS: 96x96 PNG, transparent background, indexed palette (max 256 colors), TARGET FILE SIZE: under 5 KB per image. Use clean Pokemon-style line art, vibrant saturated colors, single creature centered in frame, tightly cropped to creature edges (no padding wider than 2px), no text or watermarks."
785,Doomarak,Storm,Wind,Uncommon,bipedal-humanoid,Beach|Mountain,any,Thursday,Rain,96x96,5,,,,,,"Pokemon-style monster creature named ""Doomarak"". RARITY TIER: Uncommon (more detailed body, 2-3 distinguishing details). OUTPUT VIEWS: render three separate images per creature — (1) full-body front view, (2) three-quarter back view rotated ~135 degrees from front, (3) pure side-profile view. GENERATION RES: render at 512x512 for AI quality, then DOWNSCALE to FINAL 96x96 PNG. FINAL IMAGE SPECS: 96x96 PNG, transparent background, indexed palette (max 256 colors), TARGET FILE SIZE: under 5 KB per image. Use clean Pokemon-style line art, vibrant saturated colors, single creature centered in frame, tightly cropped to creature edges (no padding wider than 2px), no text or watermarks."
786,Gladaby,Wind,,Uncommon,reptile,Plains|Mountain,any,Friday,Foehn,96x96,5,,,,,,"Pokemon-style monster creature named ""Gladaby"". RARITY TIER: Uncommon (more detailed body, 2-3 distinguishing details). OUTPUT VIEWS: render three separate images per creature — (1) full-body front view, (2) three-quarter back view rotated ~135 degrees from front, (3) pure side-profile view. GENERATION RES: render at 512x512 for AI quality, then DOWNSCALE to FINAL 96x96 PNG. FINAL IMAGE SPECS: 96x96 PNG, transparent background, indexed palette (max 256 colors), TARGET FILE SIZE: under 5 KB per image. Use clean Pokemon-style line art, vibrant saturated colors, single creature centered in frame, tightly cropped to creature edges (no padding wider than 2px), no text or watermarks."
787,Scorpola,Shadow,Dream,Uncommon,insect,Cave|Marsh|Sanctum,night-only,Wednesday,Fog,96x96,5,,,,,,"Pokemon-style monster creature named ""Scorpola"". RARITY TIER: Uncommon (more detailed body, 2-3 distinguishing details). OUTPUT VIEWS: render three separate images per creature — (1) full-body front view, (2) three-quarter back view rotated ~135 degrees from front, (3) pure side-profile view. GENERATION RES: render at 512x512 for AI quality, then DOWNSCALE to FINAL 96x96 PNG. FINAL IMAGE SPECS: 96x96 PNG, transparent background, indexed palette (max 256 colors), TARGET FILE SIZE: under 5 KB per image. Use clean Pokemon-style line art, vibrant saturated colors, single creature centered in frame, tightly cropped to creature edges (no padding wider than 2px), no text or watermarks."
788,Lobstow,Light,Venom,Uncommon,crab,Castle|Sanctum|Town,day-only,Tuesday,any,96x96,5,,,,,,"Pokemon-style monster creature named ""Lobstow"". RARITY TIER: Uncommon (more detailed body, 2-3 distinguishing details). OUTPUT VIEWS: render three separate images per creature — (1) full-body front view, (2) three-quarter back view rotated ~135 degrees from front, (3) pure side-profile view. GENERATION RES: render at 512x512 for AI quality, then DOWNSCALE to FINAL 96x96 PNG. FINAL IMAGE SPECS: 96x96 PNG, transparent background, indexed palette (max 256 colors), TARGET FILE SIZE: under 5 KB per image. Use clean Pokemon-style line art, vibrant saturated colors, single creature centered in frame, tightly cropped to creature edges (no padding wider than 2px), no text or watermarks."
789,Leopash,Venom,,Uncommon,amorphous-elemental,Marsh|Cave|Sanctum,dawn-dusk-only,Saturday,any,96x96,5,,,,,,"Pokemon-style monster creature named ""Leopash"". RARITY TIER: Uncommon (more detailed body, 2-3 distinguishing details). OUTPUT VIEWS: render three separate images per creature — (1) full-body front view, (2) three-quarter back view rotated ~135 degrees from front, (3) pure side-profile view. GENERATION RES: render at 512x512 for AI quality, then DOWNSCALE to FINAL 96x96 PNG. FINAL IMAGE SPECS: 96x96 PNG, transparent background, indexed palette (max 256 colors), TARGET FILE SIZE: under 5 KB per image. Use clean Pokemon-style line art, vibrant saturated colors, single creature centered in frame, tightly cropped to creature edges (no padding wider than 2px), no text or watermarks."
790,Doompie,Cosmic,Time,Uncommon,bipedal-humanoid,Sanctum|Mountain,night-only,Wednesday,any,96x96,5,,Eaglide,moon_new,10,20,"Pokemon-style monster creature named ""Doompie"". RARITY TIER: Uncommon (more detailed body, 2-3 distinguishing details). EVOLUTION CHAIN: stage 1 of 3 (chain ""cosmic_chain_6""). Evolves INTO: ""Eaglide"" (trigger: moon_new, guaranteed by lvl 20). Foreshadow features that will become more prominent in ""Eaglide"" — keep family identity consistent so the next stage feels like a natural maturation, not a different creature. Maintain visual continuity across the entire 3-stage chain — same family identity, recognizable shape across stages. OUTPUT VIEWS: render three separate images per creature — (1) full-body front view, (2) three-quarter back view rotated ~135 degrees from front, (3) pure side-profile view. GENERATION RES: render at 512x512 for AI quality, then DOWNSCALE to FINAL 96x96 PNG. FINAL IMAGE SPECS: 96x96 PNG, transparent background, indexed palette (max 256 colors), TARGET FILE SIZE: under 5 KB per image. Use clean Pokemon-style line art, vibrant saturated colors, single creature centered in frame, tightly cropped to creature edges (no padding wider than 2px), no text or watermarks."
791,Fiester,Aether,,Uncommon,beast,Sanctum|Town,any,any,any,96x96,5,,Gazops,moon_full,10,20,"Pokemon-style monster creature named ""Fiester"". RARITY TIER: Uncommon (more detailed body, 2-3 distinguishing details). EVOLUTION CHAIN: stage 1 of 2 (chain ""aether_chain_5""). Evolves INTO: ""Gazops"" (trigger: moon_full, guaranteed by lvl 20). Foreshadow features that will become more prominent in ""Gazops"" — keep family identity consistent so the next stage feels like a natural maturation, not a different creature. Maintain visual continuity across the entire 2-stage chain — same family identity, recognizable shape across stages. OUTPUT VIEWS: render three separate images per creature — (1) full-body front view, (2) three-quarter back view rotated ~135 degrees from front, (3) pure side-profile view. GENERATION RES: render at 512x512 for AI quality, then DOWNSCALE to FINAL 96x96 PNG. FINAL IMAGE SPECS: 96x96 PNG, transparent background, indexed palette (max 256 colors), TARGET FILE SIZE: under 5 KB per image. Use clean Pokemon-style line art, vibrant saturated colors, single creature centered in frame, tightly cropped to creature edges (no padding wider than 2px), no text or watermarks."
792,Oysteo,Dream,Mind,Uncommon,mythic-form,Forest|Sanctum,night-only,Wednesday,any,96x96,5,,,,,,"Pokemon-style monster creature named ""Oysteo"". RARITY TIER: Uncommon (more detailed body, 2-3 distinguishing details). OUTPUT VIEWS: render three separate images per creature — (1) full-body front view, (2) three-quarter back view rotated ~135 degrees from front, (3) pure side-profile view. GENERATION RES: render at 512x512 for AI quality, then DOWNSCALE to FINAL 96x96 PNG. FINAL IMAGE SPECS: 96x96 PNG, transparent background, indexed palette (max 256 colors), TARGET FILE SIZE: under 5 KB per image. Use clean Pokemon-style line art, vibrant saturated colors, single creature centered in frame, tightly cropped to creature edges (no padding wider than 2px), no text or watermarks."
793,Ninjaros,Mind,Dream,Uncommon,reptile,Castle|Sanctum,any,Wednesday,any,96x96,5,,,,,,"Pokemon-style monster creature named ""Ninjaros"". RARITY TIER: Uncommon (more detailed body, 2-3 distinguishing details). OUTPUT VIEWS: render three separate images per creature — (1) full-body front view, (2) three-quarter back view rotated ~135 degrees from front, (3) pure side-profile view. GENERATION RES: render at 512x512 for AI quality, then DOWNSCALE to FINAL 96x96 PNG. FINAL IMAGE SPECS: 96x96 PNG, transparent background, indexed palette (max 256 colors), TARGET FILE SIZE: under 5 KB per image. Use clean Pokemon-style line art, vibrant saturated colors, single creature centered in frame, tightly cropped to creature edges (no padding wider than 2px), no text or watermarks."
794,Gladecta,Sound,,Uncommon,reptile,Forest|Town,any,Thursday,any,96x96,5,,,,,,"Pokemon-style monster creature named ""Gladecta"". RARITY TIER: Uncommon (more detailed body, 2-3 distinguishing details). OUTPUT VIEWS: render three separate images per creature — (1) full-body front view, (2) three-quarter back view rotated ~135 degrees from front, (3) pure side-profile view. GENERATION RES: render at 512x512 for AI quality, then DOWNSCALE to FINAL 96x96 PNG. FINAL IMAGE SPECS: 96x96 PNG, transparent background, indexed palette (max 256 colors), TARGET FILE SIZE: under 5 KB per image. Use clean Pokemon-style line art, vibrant saturated colors, single creature centered in frame, tightly cropped to creature edges (no padding wider than 2px), no text or watermarks."
795,Buffaceon,Time,Light,Uncommon,spirit-form,Sanctum|Cave,any,any,any,96x96,5,,Buffora,stone,10,20,"Pokemon-style monster creature named ""Buffaceon"". RARITY TIER: Uncommon (more detailed body, 2-3 distinguishing details). EVOLUTION CHAIN: stage 1 of 2 (chain ""time_chain_4""). Evolves INTO: ""Buffora"" (trigger: stone, guaranteed by lvl 20). Foreshadow features that will become more prominent in ""Buffora"" — keep family identity consistent so the next stage feels like a natural maturation, not a different creature. Maintain visual continuity across the entire 2-stage chain — same family identity, recognizable shape across stages. OUTPUT VIEWS: render three separate images per creature — (1) full-body front view, (2) three-quarter back view rotated ~135 degrees from front, (3) pure side-profile view. GENERATION RES: render at 512x512 for AI quality, then DOWNSCALE to FINAL 96x96 PNG. FINAL IMAGE SPECS: 96x96 PNG, transparent background, indexed palette (max 256 colors), TARGET FILE SIZE: under 5 KB per image. Use clean Pokemon-style line art, vibrant saturated colors, single creature centered in frame, tightly cropped to creature edges (no padding wider than 2px), no text or watermarks."
796,Elecupine,Crystal,,Uncommon,amorphous-elemental,Cave|Mountain|WaterSurface,any,Monday,any,96x96,5,Droputor,,,,,"Pokemon-style monster creature named ""Elecupine"". RARITY TIER: Uncommon (more detailed body, 2-3 distinguishing details). EVOLUTION CHAIN: stage 2 of 2 (chain ""crystal_chain_5""). Pre-evolution: ""Droputor"" — this creature evolved FROM ""Droputor"". Preserve a recognizably similar body shape and family identity to ""Droputor"", but with extra detail layers, larger size (~10-15%), upgraded markings, more pronounced presence. Maintain visual continuity across the entire 2-stage chain — same family identity, recognizable shape across stages. OUTPUT VIEWS: render three separate images per creature — (1) full-body front view, (2) three-quarter back view rotated ~135 degrees from front, (3) pure side-profile view. GENERATION RES: render at 512x512 for AI quality, then DOWNSCALE to FINAL 96x96 PNG. FINAL IMAGE SPECS: 96x96 PNG, transparent background, indexed palette (max 256 colors), TARGET FILE SIZE: under 5 KB per image. Use clean Pokemon-style line art, vibrant saturated colors, single creature centered in frame, tightly cropped to creature edges (no padding wider than 2px), no text or watermarks."
797,Fierpion,Blood,Aether,Uncommon,beast,Castle|Sanctum|Cave,any,Saturday,any,96x96,5,,,,,,"Pokemon-style monster creature named ""Fierpion"". RARITY TIER: Uncommon (more detailed body, 2-3 distinguishing details). OUTPUT VIEWS: render three separate images per creature — (1) full-body front view, (2) three-quarter back view rotated ~135 degrees from front, (3) pure side-profile view. GENERATION RES: render at 512x512 for AI quality, then DOWNSCALE to FINAL 96x96 PNG. FINAL IMAGE SPECS: 96x96 PNG, transparent background, indexed palette (max 256 colors), TARGET FILE SIZE: under 5 KB per image. Use clean Pokemon-style line art, vibrant saturated colors, single creature centered in frame, tightly cropped to creature edges (no padding wider than 2px), no text or watermarks."
798,Papayak,Fire,Wood,Uncommon,spirit-form,Desert|Cave,any,Saturday,Heat,96x96,5,,,,,,"Pokemon-style monster creature named ""Papayak"". RARITY TIER: Uncommon (more detailed body, 2-3 distinguishing details). OUTPUT VIEWS: render three separate images per creature — (1) full-body front view, (2) three-quarter back view rotated ~135 degrees from front, (3) pure side-profile view. GENERATION RES: render at 512x512 for AI quality, then DOWNSCALE to FINAL 96x96 PNG. FINAL IMAGE SPECS: 96x96 PNG, transparent background, indexed palette (max 256 colors), TARGET FILE SIZE: under 5 KB per image. Use clean Pokemon-style line art, vibrant saturated colors, single creature centered in frame, tightly cropped to creature edges (no padding wider than 2px), no text or watermarks."
799,Slowanzee,Water,,Uncommon,amorphous-elemental,Beach|Harbor|Marsh,any,Friday,Rain,96x96,5,,,,,,"Pokemon-style monster creature named ""Slowanzee"". RARITY TIER: Uncommon (more detailed body, 2-3 distinguishing details). OUTPUT VIEWS: render three separate images per creature — (1) full-body front view, (2) three-quarter back view rotated ~135 degrees from front, (3) pure side-profile view. GENERATION RES: render at 512x512 for AI quality, then DOWNSCALE to FINAL 96x96 PNG. FINAL IMAGE SPECS: 96x96 PNG, transparent background, indexed palette (max 256 colors), TARGET FILE SIZE: under 5 KB per image. Use clean Pokemon-style line art, vibrant saturated colors, single creature centered in frame, tightly cropped to creature edges (no padding wider than 2px), no text or watermarks."
800,Barracia,Ice,Wind,Uncommon,spirit-form,Mountain|WaterSurface,any,Wednesday,Snow,96x96,5,,Bellabura,level,10,20,"Pokemon-style monster creature named ""Barracia"". RARITY TIER: Uncommon (more detailed body, 2-3 distinguishing details). EVOLUTION CHAIN: stage 1 of 2 (chain ""ice_chain_2""). Evolves INTO: ""Bellabura"" (trigger: level, guaranteed by lvl 20). Foreshadow features that will become more prominent in ""Bellabura"" — keep family identity consistent so the next stage feels like a natural maturation, not a different creature. Maintain visual continuity across the entire 2-stage chain — same family identity, recognizable shape across stages. OUTPUT VIEWS: render three separate images per creature — (1) full-body front view, (2) three-quarter back view rotated ~135 degrees from front, (3) pure side-profile view. GENERATION RES: render at 512x512 for AI quality, then DOWNSCALE to FINAL 96x96 PNG. FINAL IMAGE SPECS: 96x96 PNG, transparent background, indexed palette (max 256 colors), TARGET FILE SIZE: under 5 KB per image. Use clean Pokemon-style line art, vibrant saturated colors, single creature centered in frame, tightly cropped to creature edges (no padding wider than 2px), no text or watermarks."
801,Elesion,Earth,,Uncommon,amorphous-elemental,Forest|Mountain|Desert,any,Sunday,any,96x96,5,Elephuzz,,,,,"Pokemon-style monster creature named ""Elesion"". RARITY TIER: Uncommon (more detailed body, 2-3 distinguishing details). EVOLUTION CHAIN: stage 2 of 2 (chain ""earth_chain_8""). Pre-evolution: ""Elephuzz"" — this creature evolved FROM ""Elephuzz"". Preserve a recognizably similar body shape and family identity to ""Elephuzz"", but with extra detail layers, larger size (~10-15%), upgraded markings, more pronounced presence. Maintain visual continuity across the entire 2-stage chain — same family identity, recognizable shape across stages. OUTPUT VIEWS: render three separate images per creature — (1) full-body front view, (2) three-quarter back view rotated ~135 degrees from front, (3) pure side-profile view. GENERATION RES: render at 512x512 for AI quality, then DOWNSCALE to FINAL 96x96 PNG. FINAL IMAGE SPECS: 96x96 PNG, transparent background, indexed palette (max 256 colors), TARGET FILE SIZE: under 5 KB per image. Use clean Pokemon-style line art, vibrant saturated colors, single creature centered in frame, tightly cropped to creature edges (no padding wider than 2px), no text or watermarks."
802,Flupecker,Wood,Sound,Uncommon,beast,Forest|Plains,day-preferred,Sunday,any,96x96,5,,,,,,"Pokemon-style monster creature named ""Flupecker"". RARITY TIER: Uncommon (more detailed body, 2-3 distinguishing details). OUTPUT VIEWS: render three separate images per creature — (1) full-body front view, (2) three-quarter back view rotated ~135 degrees from front, (3) pure side-profile view. GENERATION RES: render at 512x512 for AI quality, then DOWNSCALE to FINAL 96x96 PNG. FINAL IMAGE SPECS: 96x96 PNG, transparent background, indexed palette (max 256 colors), TARGET FILE SIZE: under 5 KB per image. Use clean Pokemon-style line art, vibrant saturated colors, single creature centered in frame, tightly cropped to creature edges (no padding wider than 2px), no text or watermarks."
803,Chickygon,Metal,Crystal,Uncommon,quadruped,Cave|Castle|Harbor,any,Monday,any,96x96,5,,Chillpion,level,10,20,"Pokemon-style monster creature named ""Chickygon"". RARITY TIER: Uncommon (more detailed body, 2-3 distinguishing details). EVOLUTION CHAIN: stage 1 of 2 (chain ""metal_chain_4""). Evolves INTO: ""Chillpion"" (trigger: level, guaranteed by lvl 20). Foreshadow features that will become more prominent in ""Chillpion"" — keep family identity consistent so the next stage feels like a natural maturation, not a different creature. Maintain visual continuity across the entire 2-stage chain — same family identity, recognizable shape across stages. OUTPUT VIEWS: render three separate images per creature — (1) full-body front view, (2) three-quarter back view rotated ~135 degrees from front, (3) pure side-profile view. GENERATION RES: render at 512x512 for AI quality, then DOWNSCALE to FINAL 96x96 PNG. FINAL IMAGE SPECS: 96x96 PNG, transparent background, indexed palette (max 256 colors), TARGET FILE SIZE: under 5 KB per image. Use clean Pokemon-style line art, vibrant saturated colors, single creature centered in frame, tightly cropped to creature edges (no padding wider than 2px), no text or watermarks."
804,Lobstash,Storm,,Uncommon,crab,Beach|Mountain,any,Thursday,Rain,96x96,5,,,,,,"Pokemon-style monster creature named ""Lobstash"". RARITY TIER: Uncommon (more detailed body, 2-3 distinguishing details). OUTPUT VIEWS: render three separate images per creature — (1) full-body front view, (2) three-quarter back view rotated ~135 degrees from front, (3) pure side-profile view. GENERATION RES: render at 512x512 for AI quality, then DOWNSCALE to FINAL 96x96 PNG. FINAL IMAGE SPECS: 96x96 PNG, transparent background, indexed palette (max 256 colors), TARGET FILE SIZE: under 5 KB per image. Use clean Pokemon-style line art, vibrant saturated colors, single creature centered in frame, tightly cropped to creature edges (no padding wider than 2px), no text or watermarks."
805,Globster,Wind,Earth,Uncommon,crab,Plains|Mountain,any,Friday,Foehn,96x96,5,,,,,,"Pokemon-style monster creature named ""Globster"". RARITY TIER: Uncommon (more detailed body, 2-3 distinguishing details). OUTPUT VIEWS: render three separate images per creature — (1) full-body front view, (2) three-quarter back view rotated ~135 degrees from front, (3) pure side-profile view. GENERATION RES: render at 512x512 for AI quality, then DOWNSCALE to FINAL 96x96 PNG. FINAL IMAGE SPECS: 96x96 PNG, transparent background, indexed palette (max 256 colors), TARGET FILE SIZE: under 5 KB per image. Use clean Pokemon-style line art, vibrant saturated colors, single creature centered in frame, tightly cropped to creature edges (no padding wider than 2px), no text or watermarks."
806,Magmavark,Shadow,,Uncommon,beast,Cave|Marsh|Sanctum,night-only,Wednesday,Fog,96x96,5,,,,,,"Pokemon-style monster creature named ""Magmavark"". RARITY TIER: Uncommon (more detailed body, 2-3 distinguishing details). OUTPUT VIEWS: render three separate images per creature — (1) full-body front view, (2) three-quarter back view rotated ~135 degrees from front, (3) pure side-profile view. GENERATION RES: render at 512x512 for AI quality, then DOWNSCALE to FINAL 96x96 PNG. FINAL IMAGE SPECS: 96x96 PNG, transparent background, indexed palette (max 256 colors), TARGET FILE SIZE: under 5 KB per image. Use clean Pokemon-style line art, vibrant saturated colors, single creature centered in frame, tightly cropped to creature edges (no padding wider than 2px), no text or watermarks."
807,Octopevoir,Light,Shadow,Uncommon,octopus,Castle|Sanctum|Town,day-only,Tuesday,any,96x96,5,,,,,,"Pokemon-style monster creature named ""Octopevoir"". RARITY TIER: Uncommon (more detailed body, 2-3 distinguishing details). OUTPUT VIEWS: render three separate images per creature — (1) full-body front view, (2) three-quarter back view rotated ~135 degrees from front, (3) pure side-profile view. GENERATION RES: render at 512x512 for AI quality, then DOWNSCALE to FINAL 96x96 PNG. FINAL IMAGE SPECS: 96x96 PNG, transparent background, indexed palette (max 256 colors), TARGET FILE SIZE: under 5 KB per image. Use clean Pokemon-style line art, vibrant saturated colors, single creature centered in frame, tightly cropped to creature edges (no padding wider than 2px), no text or watermarks."
808,Wolvelix,Venom,Blood,Uncommon,wolf,Marsh|Cave|Sanctum,dawn-dusk-only,Saturday,any,96x96,5,,,,,,"Pokemon-style monster creature named ""Wolvelix"". RARITY TIER: Uncommon (more detailed body, 2-3 distinguishing details). OUTPUT VIEWS: render three separate images per creature — (1) full-body front view, (2) three-quarter back view rotated ~135 degrees from front, (3) pure side-profile view. GENERATION RES: render at 512x512 for AI quality, then DOWNSCALE to FINAL 96x96 PNG. FINAL IMAGE SPECS: 96x96 PNG, transparent background, indexed palette (max 256 colors), TARGET FILE SIZE: under 5 KB per image. Use clean Pokemon-style line art, vibrant saturated colors, single creature centered in frame, tightly cropped to creature edges (no padding wider than 2px), no text or watermarks."
809,Gazou,Cosmic,,Uncommon,reptile,Sanctum|Mountain,night-only,Wednesday,any,96x96,5,,,,,,"Pokemon-style monster creature named ""Gazou"". RARITY TIER: Uncommon (more detailed body, 2-3 distinguishing details). OUTPUT VIEWS: render three separate images per creature — (1) full-body front view, (2) three-quarter back view rotated ~135 degrees from front, (3) pure side-profile view. GENERATION RES: render at 512x512 for AI quality, then DOWNSCALE to FINAL 96x96 PNG. FINAL IMAGE SPECS: 96x96 PNG, transparent background, indexed palette (max 256 colors), TARGET FILE SIZE: under 5 KB per image. Use clean Pokemon-style line art, vibrant saturated colors, single creature centered in frame, tightly cropped to creature edges (no padding wider than 2px), no text or watermarks."
810,Ostruno,Aether,Shadow,Uncommon,mythic-form,Sanctum|Town,any,any,any,96x96,5,,,,,,"Pokemon-style monster creature named ""Ostruno"". RARITY TIER: Uncommon (more detailed body, 2-3 distinguishing details). OUTPUT VIEWS: render three separate images per creature — (1) full-body front view, (2) three-quarter back view rotated ~135 degrees from front, (3) pure side-profile view. GENERATION RES: render at 512x512 for AI quality, then DOWNSCALE to FINAL 96x96 PNG. FINAL IMAGE SPECS: 96x96 PNG, transparent background, indexed palette (max 256 colors), TARGET FILE SIZE: under 5 KB per image. Use clean Pokemon-style line art, vibrant saturated colors, single creature centered in frame, tightly cropped to creature edges (no padding wider than 2px), no text or watermarks."
811,Pandaisy,Dream,,Uncommon,spirit-form,Forest|Sanctum,night-only,Wednesday,any,96x96,5,,,,,,"Pokemon-style monster creature named ""Pandaisy"". RARITY TIER: Uncommon (more detailed body, 2-3 distinguishing details). OUTPUT VIEWS: render three separate images per creature — (1) full-body front view, (2) three-quarter back view rotated ~135 degrees from front, (3) pure side-profile view. GENERATION RES: render at 512x512 for AI quality, then DOWNSCALE to FINAL 96x96 PNG. FINAL IMAGE SPECS: 96x96 PNG, transparent background, indexed palette (max 256 colors), TARGET FILE SIZE: under 5 KB per image. Use clean Pokemon-style line art, vibrant saturated colors, single creature centered in frame, tightly cropped to creature edges (no padding wider than 2px), no text or watermarks."
812,Donkow,Mind,Venom,Uncommon,bipedal-humanoid,Castle|Sanctum,any,Wednesday,any,96x96,5,Demoda,,,,,"Pokemon-style monster creature named ""Donkow"". RARITY TIER: Uncommon (more detailed body, 2-3 distinguishing details). EVOLUTION CHAIN: stage 3 of 3 (chain ""mind_chain_6""). Pre-evolution: ""Demoda"" — this creature evolved FROM ""Demoda"". Preserve a recognizably similar body shape and family identity to ""Demoda"", but with extra detail layers, larger size (~10-15%), upgraded markings, more pronounced presence. Maintain visual continuity across the entire 3-stage chain — same family identity, recognizable shape across stages. OUTPUT VIEWS: render three separate images per creature — (1) full-body front view, (2) three-quarter back view rotated ~135 degrees from front, (3) pure side-profile view. GENERATION RES: render at 512x512 for AI quality, then DOWNSCALE to FINAL 96x96 PNG. FINAL IMAGE SPECS: 96x96 PNG, transparent background, indexed palette (max 256 colors), TARGET FILE SIZE: under 5 KB per image. Use clean Pokemon-style line art, vibrant saturated colors, single creature centered in frame, tightly cropped to creature edges (no padding wider than 2px), no text or watermarks."
813,Steeleon,Sound,Mind,Uncommon,amorphous-elemental,Forest|Town,any,Thursday,any,96x96,5,,,,,,"Pokemon-style monster creature named ""Steeleon"". RARITY TIER: Uncommon (more detailed body, 2-3 distinguishing details). OUTPUT VIEWS: render three separate images per creature — (1) full-body front view, (2) three-quarter back view rotated ~135 degrees from front, (3) pure side-profile view. GENERATION RES: render at 512x512 for AI quality, then DOWNSCALE to FINAL 96x96 PNG. FINAL IMAGE SPECS: 96x96 PNG, transparent background, indexed palette (max 256 colors), TARGET FILE SIZE: under 5 KB per image. Use clean Pokemon-style line art, vibrant saturated colors, single creature centered in frame, tightly cropped to creature edges (no padding wider than 2px), no text or watermarks."
814,Barraly,Time,,Uncommon,spirit-form,Sanctum|Cave,any,any,any,96x96,5,,Biza,level,10,20,"Pokemon-style monster creature named ""Barraly"". RARITY TIER: Uncommon (more detailed body, 2-3 distinguishing details). EVOLUTION CHAIN: stage 1 of 2 (chain ""time_chain_2""). Evolves INTO: ""Biza"" (trigger: level, guaranteed by lvl 20). Foreshadow features that will become more prominent in ""Biza"" — keep family identity consistent so the next stage feels like a natural maturation, not a different creature. Maintain visual continuity across the entire 2-stage chain — same family identity, recognizable shape across stages. OUTPUT VIEWS: render three separate images per creature — (1) full-body front view, (2) three-quarter back view rotated ~135 degrees from front, (3) pure side-profile view. GENERATION RES: render at 512x512 for AI quality, then DOWNSCALE to FINAL 96x96 PNG. FINAL IMAGE SPECS: 96x96 PNG, transparent background, indexed palette (max 256 colors), TARGET FILE SIZE: under 5 KB per image. Use clean Pokemon-style line art, vibrant saturated colors, single creature centered in frame, tightly cropped to creature edges (no padding wider than 2px), no text or watermarks."
815,Ghoguin,Crystal,Wind,Uncommon,reptile,Cave|Mountain|WaterSurface,any,Monday,any,96x96,5,,Giananted,level,10,20,"Pokemon-style monster creature named ""Ghoguin"". RARITY TIER: Uncommon (more detailed body, 2-3 distinguishing details). EVOLUTION CHAIN: stage 1 of 2 (chain ""crystal_chain_8""). Evolves INTO: ""Giananted"" (trigger: level, guaranteed by lvl 20). Foreshadow features that will become more prominent in ""Giananted"" — keep family identity consistent so the next stage feels like a natural maturation, not a different creature. Maintain visual continuity across the entire 2-stage chain — same family identity, recognizable shape across stages. OUTPUT VIEWS: render three separate images per creature — (1) full-body front view, (2) three-quarter back view rotated ~135 degrees from front, (3) pure side-profile view. GENERATION RES: render at 512x512 for AI quality, then DOWNSCALE to FINAL 96x96 PNG. FINAL IMAGE SPECS: 96x96 PNG, transparent background, indexed palette (max 256 colors), TARGET FILE SIZE: under 5 KB per image. Use clean Pokemon-style line art, vibrant saturated colors, single creature centered in frame, tightly cropped to creature edges (no padding wider than 2px), no text or watermarks."
816,Oysteler,Blood,,Uncommon,mythic-form,Castle|Sanctum|Cave,any,Saturday,any,96x96,5,,,,,,"Pokemon-style monster creature named ""Oysteler"". RARITY TIER: Uncommon (more detailed body, 2-3 distinguishing details). OUTPUT VIEWS: render three separate images per creature — (1) full-body front view, (2) three-quarter back view rotated ~135 degrees from front, (3) pure side-profile view. GENERATION RES: render at 512x512 for AI quality, then DOWNSCALE to FINAL 96x96 PNG. FINAL IMAGE SPECS: 96x96 PNG, transparent background, indexed palette (max 256 colors), TARGET FILE SIZE: under 5 KB per image. Use clean Pokemon-style line art, vibrant saturated colors, single creature centered in frame, tightly cropped to creature edges (no padding wider than 2px), no text or watermarks."
817,Venohopper,Fire,Metal,Uncommon,mythic-form,Desert|Cave,any,Saturday,Heat,96x96,5,,,,,,"Pokemon-style monster creature named ""Venohopper"". RARITY TIER: Uncommon (more detailed body, 2-3 distinguishing details). OUTPUT VIEWS: render three separate images per creature — (1) full-body front view, (2) three-quarter back view rotated ~135 degrees from front, (3) pure side-profile view. GENERATION RES: render at 512x512 for AI quality, then DOWNSCALE to FINAL 96x96 PNG. FINAL IMAGE SPECS: 96x96 PNG, transparent background, indexed palette (max 256 colors), TARGET FILE SIZE: under 5 KB per image. Use clean Pokemon-style line art, vibrant saturated colors, single creature centered in frame, tightly cropped to creature edges (no padding wider than 2px), no text or watermarks."
818,Spimingo,Water,Earth,Uncommon,amorphous-elemental,Beach|Harbor|Marsh,any,Friday,Rain,96x96,5,,,,,,"Pokemon-style monster creature named ""Spimingo"". RARITY TIER: Uncommon (more detailed body, 2-3 distinguishing details). OUTPUT VIEWS: render three separate images per creature — (1) full-body front view, (2) three-quarter back view rotated ~135 degrees from front, (3) pure side-profile view. GENERATION RES: render at 512x512 for AI quality, then DOWNSCALE to FINAL 96x96 PNG. FINAL IMAGE SPECS: 96x96 PNG, transparent background, indexed palette (max 256 colors), TARGET FILE SIZE: under 5 KB per image. Use clean Pokemon-style line art, vibrant saturated colors, single creature centered in frame, tightly cropped to creature edges (no padding wider than 2px), no text or watermarks."
819,Octopuds,Ice,,Uncommon,octopus,Mountain|WaterSurface,any,Wednesday,Snow,96x96,5,,,,,,"Pokemon-style monster creature named ""Octopuds"". RARITY TIER: Uncommon (more detailed body, 2-3 distinguishing details). OUTPUT VIEWS: render three separate images per creature — (1) full-body front view, (2) three-quarter back view rotated ~135 degrees from front, (3) pure side-profile view. GENERATION RES: render at 512x512 for AI quality, then DOWNSCALE to FINAL 96x96 PNG. FINAL IMAGE SPECS: 96x96 PNG, transparent background, indexed palette (max 256 colors), TARGET FILE SIZE: under 5 KB per image. Use clean Pokemon-style line art, vibrant saturated colors, single creature centered in frame, tightly cropped to creature edges (no padding wider than 2px), no text or watermarks."
820,Dradily,Earth,Crystal,Uncommon,bipedal-humanoid,Forest|Mountain|Desert,any,Sunday,any,96x96,5,Doomeleon,,,,,"Pokemon-style monster creature named ""Dradily"". RARITY TIER: Uncommon (more detailed body, 2-3 distinguishing details). EVOLUTION CHAIN: stage 2 of 2 (chain ""earth_chain_7""). Pre-evolution: ""Doomeleon"" — this creature evolved FROM ""Doomeleon"". Preserve a recognizably similar body shape and family identity to ""Doomeleon"", but with extra detail layers, larger size (~10-15%), upgraded markings, more pronounced presence. Maintain visual continuity across the entire 2-stage chain — same family identity, recognizable shape across stages. OUTPUT VIEWS: render three separate images per creature — (1) full-body front view, (2) three-quarter back view rotated ~135 degrees from front, (3) pure side-profile view. GENERATION RES: render at 512x512 for AI quality, then DOWNSCALE to FINAL 96x96 PNG. FINAL IMAGE SPECS: 96x96 PNG, transparent background, indexed palette (max 256 colors), TARGET FILE SIZE: under 5 KB per image. Use clean Pokemon-style line art, vibrant saturated colors, single creature centered in frame, tightly cropped to creature edges (no padding wider than 2px), no text or watermarks."
821,Orcabbage,Wood,,Uncommon,cetacean,Forest|Plains,day-preferred,Sunday,any,96x96,5,,,,,,"Pokemon-style monster creature named ""Orcabbage"". RARITY TIER: Uncommon (more detailed body, 2-3 distinguishing details). OUTPUT VIEWS: render three separate images per creature — (1) full-body front view, (2) three-quarter back view rotated ~135 degrees from front, (3) pure side-profile view. GENERATION RES: render at 512x512 for AI quality, then DOWNSCALE to FINAL 96x96 PNG. FINAL IMAGE SPECS: 96x96 PNG, transparent background, indexed palette (max 256 colors), TARGET FILE SIZE: under 5 KB per image. Use clean Pokemon-style line art, vibrant saturated colors, single creature centered in frame, tightly cropped to creature edges (no padding wider than 2px), no text or watermarks."
822,Vultygon,Metal,Ice,Uncommon,mythic-form,Cave|Castle|Harbor,any,Monday,any,96x96,5,,,,,,"Pokemon-style monster creature named ""Vultygon"". RARITY TIER: Uncommon (more detailed body, 2-3 distinguishing details). OUTPUT VIEWS: render three separate images per creature — (1) full-body front view, (2) three-quarter back view rotated ~135 degrees from front, (3) pure side-profile view. GENERATION RES: render at 512x512 for AI quality, then DOWNSCALE to FINAL 96x96 PNG. FINAL IMAGE SPECS: 96x96 PNG, transparent background, indexed palette (max 256 colors), TARGET FILE SIZE: under 5 KB per image. Use clean Pokemon-style line art, vibrant saturated colors, single creature centered in frame, tightly cropped to creature edges (no padding wider than 2px), no text or watermarks."
823,Bealite,Storm,Metal,Uncommon,spirit-form,Beach|Mountain,any,Thursday,Rain,96x96,5,Basaur,,,,,"Pokemon-style monster creature named ""Bealite"". RARITY TIER: Uncommon (more detailed body, 2-3 distinguishing details). EVOLUTION CHAIN: stage 2 of 2 (chain ""storm_chain_3""). Pre-evolution: ""Basaur"" — this creature evolved FROM ""Basaur"". Preserve a recognizably similar body shape and family identity to ""Basaur"", but with extra detail layers, larger size (~10-15%), upgraded markings, more pronounced presence. Maintain visual continuity across the entire 2-stage chain — same family identity, recognizable shape across stages. OUTPUT VIEWS: render three separate images per creature — (1) full-body front view, (2) three-quarter back view rotated ~135 degrees from front, (3) pure side-profile view. GENERATION RES: render at 512x512 for AI quality, then DOWNSCALE to FINAL 96x96 PNG. FINAL IMAGE SPECS: 96x96 PNG, transparent background, indexed palette (max 256 colors), TARGET FILE SIZE: under 5 KB per image. Use clean Pokemon-style line art, vibrant saturated colors, single creature centered in frame, tightly cropped to creature edges (no padding wider than 2px), no text or watermarks."
824,Quilzelle,Wind,,Uncommon,quadruped,Plains|Mountain,any,Friday,Foehn,96x96,5,,,,,,"Pokemon-style monster creature named ""Quilzelle"". RARITY TIER: Uncommon (more detailed body, 2-3 distinguishing details). OUTPUT VIEWS: render three separate images per creature — (1) full-body front view, (2) three-quarter back view rotated ~135 degrees from front, (3) pure side-profile view. GENERATION RES: render at 512x512 for AI quality, then DOWNSCALE to FINAL 96x96 PNG. FINAL IMAGE SPECS: 96x96 PNG, transparent background, indexed palette (max 256 colors), TARGET FILE SIZE: under 5 KB per image. Use clean Pokemon-style line art, vibrant saturated colors, single creature centered in frame, tightly cropped to creature edges (no padding wider than 2px), no text or watermarks."
825,Wolveler,Shadow,Mind,Uncommon,wolf,Cave|Marsh|Sanctum,night-only,Wednesday,Fog,96x96,5,,,,,,"Pokemon-style monster creature named ""Wolveler"". RARITY TIER: Uncommon (more detailed body, 2-3 distinguishing details). OUTPUT VIEWS: render three separate images per creature — (1) full-body front view, (2) three-quarter back view rotated ~135 degrees from front, (3) pure side-profile view. GENERATION RES: render at 512x512 for AI quality, then DOWNSCALE to FINAL 96x96 PNG. FINAL IMAGE SPECS: 96x96 PNG, transparent background, indexed palette (max 256 colors), TARGET FILE SIZE: under 5 KB per image. Use clean Pokemon-style line art, vibrant saturated colors, single creature centered in frame, tightly cropped to creature edges (no padding wider than 2px), no text or watermarks."
826,Warraffe,Light,,Uncommon,spirit-form,Castle|Sanctum|Town,day-only,Tuesday,any,96x96,5,,,,,,"Pokemon-style monster creature named ""Warraffe"". RARITY TIER: Uncommon (more detailed body, 2-3 distinguishing details). OUTPUT VIEWS: render three separate images per creature — (1) full-body front view, (2) three-quarter back view rotated ~135 degrees from front, (3) pure side-profile view. GENERATION RES: render at 512x512 for AI quality, then DOWNSCALE to FINAL 96x96 PNG. FINAL IMAGE SPECS: 96x96 PNG, transparent background, indexed palette (max 256 colors), TARGET FILE SIZE: under 5 KB per image. Use clean Pokemon-style line art, vibrant saturated colors, single creature centered in frame, tightly cropped to creature edges (no padding wider than 2px), no text or watermarks."
827,Lobstath,Venom,Water,Uncommon,crab,Marsh|Cave|Sanctum,dawn-dusk-only,Saturday,any,96x96,5,,,,,,"Pokemon-style monster creature named ""Lobstath"". RARITY TIER: Uncommon (more detailed body, 2-3 distinguishing details). OUTPUT VIEWS: render three separate images per creature — (1) full-body front view, (2) three-quarter back view rotated ~135 degrees from front, (3) pure side-profile view. GENERATION RES: render at 512x512 for AI quality, then DOWNSCALE to FINAL 96x96 PNG. FINAL IMAGE SPECS: 96x96 PNG, transparent background, indexed palette (max 256 colors), TARGET FILE SIZE: under 5 KB per image. Use clean Pokemon-style line art, vibrant saturated colors, single creature centered in frame, tightly cropped to creature edges (no padding wider than 2px), no text or watermarks."
828,Specibat,Cosmic,Mind,Uncommon,spectre,Sanctum|Mountain,night-only,Wednesday,any,96x96,5,,,,,,"Pokemon-style monster creature named ""Specibat"". RARITY TIER: Uncommon (more detailed body, 2-3 distinguishing details). OUTPUT VIEWS: render three separate images per creature — (1) full-body front view, (2) three-quarter back view rotated ~135 degrees from front, (3) pure side-profile view. GENERATION RES: render at 512x512 for AI quality, then DOWNSCALE to FINAL 96x96 PNG. FINAL IMAGE SPECS: 96x96 PNG, transparent background, indexed palette (max 256 colors), TARGET FILE SIZE: under 5 KB per image. Use clean Pokemon-style line art, vibrant saturated colors, single creature centered in frame, tightly cropped to creature edges (no padding wider than 2px), no text or watermarks."
829,Coyonium,Aether,,Uncommon,canine,Sanctum|Town,any,any,any,96x96,5,,Crocodory,level,10,20,"Pokemon-style monster creature named ""Coyonium"". RARITY TIER: Uncommon (more detailed body, 2-3 distinguishing details). EVOLUTION CHAIN: stage 1 of 2 (chain ""aether_chain_3""). Evolves INTO: ""Crocodory"" (trigger: level, guaranteed by lvl 20). Foreshadow features that will become more prominent in ""Crocodory"" — keep family identity consistent so the next stage feels like a natural maturation, not a different creature. Maintain visual continuity across the entire 2-stage chain — same family identity, recognizable shape across stages. OUTPUT VIEWS: render three separate images per creature — (1) full-body front view, (2) three-quarter back view rotated ~135 degrees from front, (3) pure side-profile view. GENERATION RES: render at 512x512 for AI quality, then DOWNSCALE to FINAL 96x96 PNG. FINAL IMAGE SPECS: 96x96 PNG, transparent background, indexed palette (max 256 colors), TARGET FILE SIZE: under 5 KB per image. Use clean Pokemon-style line art, vibrant saturated colors, single creature centered in frame, tightly cropped to creature edges (no padding wider than 2px), no text or watermarks."
830,Quailynx,Dream,Time,Uncommon,cat,Forest|Sanctum,night-only,Wednesday,any,96x96,5,,,,,,"Pokemon-style monster creature named ""Quailynx"". RARITY TIER: Uncommon (more detailed body, 2-3 distinguishing details). OUTPUT VIEWS: render three separate images per creature — (1) full-body front view, (2) three-quarter back view rotated ~135 degrees from front, (3) pure side-profile view. GENERATION RES: render at 512x512 for AI quality, then DOWNSCALE to FINAL 96x96 PNG. FINAL IMAGE SPECS: 96x96 PNG, transparent background, indexed palette (max 256 colors), TARGET FILE SIZE: under 5 KB per image. Use clean Pokemon-style line art, vibrant saturated colors, single creature centered in frame, tightly cropped to creature edges (no padding wider than 2px), no text or watermarks."
831,Manteaf,Mind,,Uncommon,insect,Castle|Sanctum,any,Wednesday,any,96x96,5,,,,,,"Pokemon-style monster creature named ""Manteaf"". RARITY TIER: Uncommon (more detailed body, 2-3 distinguishing details). OUTPUT VIEWS: render three separate images per creature — (1) full-body front view, (2) three-quarter back view rotated ~135 degrees from front, (3) pure side-profile view. GENERATION RES: render at 512x512 for AI quality, then DOWNSCALE to FINAL 96x96 PNG. FINAL IMAGE SPECS: 96x96 PNG, transparent background, indexed palette (max 256 colors), TARGET FILE SIZE: under 5 KB per image. Use clean Pokemon-style line art, vibrant saturated colors, single creature centered in frame, tightly cropped to creature edges (no padding wider than 2px), no text or watermarks."
832,Batine,Sound,Wind,Uncommon,spirit-form,Forest|Town,any,Thursday,any,96x96,5,,Beasaur,level,10,20,"Pokemon-style monster creature named ""Batine"". RARITY TIER: Uncommon (more detailed body, 2-3 distinguishing details). EVOLUTION CHAIN: stage 1 of 2 (chain ""sound_chain_3""). Evolves INTO: ""Beasaur"" (trigger: level, guaranteed by lvl 20). Foreshadow features that will become more prominent in ""Beasaur"" — keep family identity consistent so the next stage feels like a natural maturation, not a different creature. Maintain visual continuity across the entire 2-stage chain — same family identity, recognizable shape across stages. OUTPUT VIEWS: render three separate images per creature — (1) full-body front view, (2) three-quarter back view rotated ~135 degrees from front, (3) pure side-profile view. GENERATION RES: render at 512x512 for AI quality, then DOWNSCALE to FINAL 96x96 PNG. FINAL IMAGE SPECS: 96x96 PNG, transparent background, indexed palette (max 256 colors), TARGET FILE SIZE: under 5 KB per image. Use clean Pokemon-style line art, vibrant saturated colors, single creature centered in frame, tightly cropped to creature edges (no padding wider than 2px), no text or watermarks."
833,Kangaton,Time,Aether,Uncommon,bipedal-humanoid,Sanctum|Cave,any,any,any,96x96,5,,,,,,"Pokemon-style monster creature named ""Kangaton"". RARITY TIER: Uncommon (more detailed body, 2-3 distinguishing details). OUTPUT VIEWS: render three separate images per creature — (1) full-body front view, (2) three-quarter back view rotated ~135 degrees from front, (3) pure side-profile view. GENERATION RES: render at 512x512 for AI quality, then DOWNSCALE to FINAL 96x96 PNG. FINAL IMAGE SPECS: 96x96 PNG, transparent background, indexed palette (max 256 colors), TARGET FILE SIZE: under 5 KB per image. Use clean Pokemon-style line art, vibrant saturated colors, single creature centered in frame, tightly cropped to creature edges (no padding wider than 2px), no text or watermarks."
834,Pelicash,Crystal,,Uncommon,bird,Cave|Mountain|WaterSurface,any,Monday,any,96x96,5,,,,,,"Pokemon-style monster creature named ""Pelicash"". RARITY TIER: Uncommon (more detailed body, 2-3 distinguishing details). OUTPUT VIEWS: render three separate images per creature — (1) full-body front view, (2) three-quarter back view rotated ~135 degrees from front, (3) pure side-profile view. GENERATION RES: render at 512x512 for AI quality, then DOWNSCALE to FINAL 96x96 PNG. FINAL IMAGE SPECS: 96x96 PNG, transparent background, indexed palette (max 256 colors), TARGET FILE SIZE: under 5 KB per image. Use clean Pokemon-style line art, vibrant saturated colors, single creature centered in frame, tightly cropped to creature edges (no padding wider than 2px), no text or watermarks."
835,Squidol,Blood,Crystal,Uncommon,amorphous-elemental,Castle|Sanctum|Cave,any,Saturday,any,96x96,5,,,,,,"Pokemon-style monster creature named ""Squidol"". RARITY TIER: Uncommon (more detailed body, 2-3 distinguishing details). OUTPUT VIEWS: render three separate images per creature — (1) full-body front view, (2) three-quarter back view rotated ~135 degrees from front, (3) pure side-profile view. GENERATION RES: render at 512x512 for AI quality, then DOWNSCALE to FINAL 96x96 PNG. FINAL IMAGE SPECS: 96x96 PNG, transparent background, indexed palette (max 256 colors), TARGET FILE SIZE: under 5 KB per image. Use clean Pokemon-style line art, vibrant saturated colors, single creature centered in frame, tightly cropped to creature edges (no padding wider than 2px), no text or watermarks."
836,Electriboon,Fire,,Uncommon,amorphous-elemental,Desert|Cave,any,Saturday,Heat,96x96,5,Eartherpillar,Elepion,level,30,45,"Pokemon-style monster creature named ""Electriboon"". RARITY TIER: Uncommon (more detailed body, 2-3 distinguishing details). EVOLUTION CHAIN: stage 2 of 3 (chain ""fire_chain_6""). Pre-evolution: ""Eartherpillar"" — this creature evolved FROM ""Eartherpillar"". Preserve a recognizably similar body shape and family identity to ""Eartherpillar"", but with extra detail layers, larger size (~10-15%), upgraded markings, more pronounced presence. Evolves INTO: ""Elepion"" (trigger: level, guaranteed by lvl 45). Foreshadow features that will become more prominent in ""Elepion"" — keep family identity consistent so the next stage feels like a natural maturation, not a different creature. Maintain visual continuity across the entire 3-stage chain — same family identity, recognizable shape across stages. OUTPUT VIEWS: render three separate images per creature — (1) full-body front view, (2) three-quarter back view rotated ~135 degrees from front, (3) pure side-profile view. GENERATION RES: render at 512x512 for AI quality, then DOWNSCALE to FINAL 96x96 PNG. FINAL IMAGE SPECS: 96x96 PNG, transparent background, indexed palette (max 256 colors), TARGET FILE SIZE: under 5 KB per image. Use clean Pokemon-style line art, vibrant saturated colors, single creature centered in frame, tightly cropped to creature edges (no padding wider than 2px), no text or watermarks."
837,Magmaray,Water,Fire,Uncommon,beast,Beach|Harbor|Marsh,any,Friday,Rain,96x96,5,,,,,,"Pokemon-style monster creature named ""Magmaray"". RARITY TIER: Uncommon (more detailed body, 2-3 distinguishing details). OUTPUT VIEWS: render three separate images per creature — (1) full-body front view, (2) three-quarter back view rotated ~135 degrees from front, (3) pure side-profile view. GENERATION RES: render at 512x512 for AI quality, then DOWNSCALE to FINAL 96x96 PNG. FINAL IMAGE SPECS: 96x96 PNG, transparent background, indexed palette (max 256 colors), TARGET FILE SIZE: under 5 KB per image. Use clean Pokemon-style line art, vibrant saturated colors, single creature centered in frame, tightly cropped to creature edges (no padding wider than 2px), no text or watermarks."
838,Chimetile,Ice,Earth,Uncommon,quadruped,Mountain|WaterSurface,any,Wednesday,Snow,96x96,5,,Chimuar,level,10,20,"Pokemon-style monster creature named ""Chimetile"". RARITY TIER: Uncommon (more detailed body, 2-3 distinguishing details). EVOLUTION CHAIN: stage 1 of 3 (chain ""ice_chain_6""). Evolves INTO: ""Chimuar"" (trigger: level, guaranteed by lvl 20). Foreshadow features that will become more prominent in ""Chimuar"" — keep family identity consistent so the next stage feels like a natural maturation, not a different creature. Maintain visual continuity across the entire 3-stage chain — same family identity, recognizable shape across stages. OUTPUT VIEWS: render three separate images per creature — (1) full-body front view, (2) three-quarter back view rotated ~135 degrees from front, (3) pure side-profile view. GENERATION RES: render at 512x512 for AI quality, then DOWNSCALE to FINAL 96x96 PNG. FINAL IMAGE SPECS: 96x96 PNG, transparent background, indexed palette (max 256 colors), TARGET FILE SIZE: under 5 KB per image. Use clean Pokemon-style line art, vibrant saturated colors, single creature centered in frame, tightly cropped to creature edges (no padding wider than 2px), no text or watermarks."
839,Falcotic,Earth,,Uncommon,beast,Forest|Mountain|Desert,any,Sunday,any,96x96,5,,,,,,"Pokemon-style monster creature named ""Falcotic"". RARITY TIER: Uncommon (more detailed body, 2-3 distinguishing details). OUTPUT VIEWS: render three separate images per creature — (1) full-body front view, (2) three-quarter back view rotated ~135 degrees from front, (3) pure side-profile view. GENERATION RES: render at 512x512 for AI quality, then DOWNSCALE to FINAL 96x96 PNG. FINAL IMAGE SPECS: 96x96 PNG, transparent background, indexed palette (max 256 colors), TARGET FILE SIZE: under 5 KB per image. Use clean Pokemon-style line art, vibrant saturated colors, single creature centered in frame, tightly cropped to creature edges (no padding wider than 2px), no text or watermarks."
840,Golehog,Wood,Water,Uncommon,reptile,Forest|Plains,day-preferred,Sunday,any,96x96,5,,,,,,"Pokemon-style monster creature named ""Golehog"". RARITY TIER: Uncommon (more detailed body, 2-3 distinguishing details). OUTPUT VIEWS: render three separate images per creature — (1) full-body front view, (2) three-quarter back view rotated ~135 degrees from front, (3) pure side-profile view. GENERATION RES: render at 512x512 for AI quality, then DOWNSCALE to FINAL 96x96 PNG. FINAL IMAGE SPECS: 96x96 PNG, transparent background, indexed palette (max 256 colors), TARGET FILE SIZE: under 5 KB per image. Use clean Pokemon-style line art, vibrant saturated colors, single creature centered in frame, tightly cropped to creature edges (no padding wider than 2px), no text or watermarks."
841,Pandion,Metal,,Uncommon,spirit-form,Cave|Castle|Harbor,any,Monday,any,96x96,5,,,,,,"Pokemon-style monster creature named ""Pandion"". RARITY TIER: Uncommon (more detailed body, 2-3 distinguishing details). OUTPUT VIEWS: render three separate images per creature — (1) full-body front view, (2) three-quarter back view rotated ~135 degrees from front, (3) pure side-profile view. GENERATION RES: render at 512x512 for AI quality, then DOWNSCALE to FINAL 96x96 PNG. FINAL IMAGE SPECS: 96x96 PNG, transparent background, indexed palette (max 256 colors), TARGET FILE SIZE: under 5 KB per image. Use clean Pokemon-style line art, vibrant saturated colors, single creature centered in frame, tightly cropped to creature edges (no padding wider than 2px), no text or watermarks."
842,Bonican,Storm,Wind,Uncommon,spirit-form,Beach|Mountain,any,Thursday,Rain,96x96,5,,Byrroisdot,weather_rain,10,20,"Pokemon-style monster creature named ""Bonican"". RARITY TIER: Uncommon (more detailed body, 2-3 distinguishing details). EVOLUTION CHAIN: stage 1 of 3 (chain ""storm_chain_6""). Evolves INTO: ""Byrroisdot"" (trigger: weather_rain, guaranteed by lvl 20). Foreshadow features that will become more prominent in ""Byrroisdot"" — keep family identity consistent so the next stage feels like a natural maturation, not a different creature. Maintain visual continuity across the entire 3-stage chain — same family identity, recognizable shape across stages. OUTPUT VIEWS: render three separate images per creature — (1) full-body front view, (2) three-quarter back view rotated ~135 degrees from front, (3) pure side-profile view. GENERATION RES: render at 512x512 for AI quality, then DOWNSCALE to FINAL 96x96 PNG. FINAL IMAGE SPECS: 96x96 PNG, transparent background, indexed palette (max 256 colors), TARGET FILE SIZE: under 5 KB per image. Use clean Pokemon-style line art, vibrant saturated colors, single creature centered in frame, tightly cropped to creature edges (no padding wider than 2px), no text or watermarks."
843,Spintopus,Wind,Wood,Uncommon,amorphous-elemental,Plains|Mountain,any,Friday,Foehn,96x96,5,,,,,,"Pokemon-style monster creature named ""Spintopus"". RARITY TIER: Uncommon (more detailed body, 2-3 distinguishing details). OUTPUT VIEWS: render three separate images per creature — (1) full-body front view, (2) three-quarter back view rotated ~135 degrees from front, (3) pure side-profile view. GENERATION RES: render at 512x512 for AI quality, then DOWNSCALE to FINAL 96x96 PNG. FINAL IMAGE SPECS: 96x96 PNG, transparent background, indexed palette (max 256 colors), TARGET FILE SIZE: under 5 KB per image. Use clean Pokemon-style line art, vibrant saturated colors, single creature centered in frame, tightly cropped to creature edges (no padding wider than 2px), no text or watermarks."
844,Koapet,Shadow,,Uncommon,simian,Cave|Marsh|Sanctum,night-only,Wednesday,Fog,96x96,5,,,,,,"Pokemon-style monster creature named ""Koapet"". RARITY TIER: Uncommon (more detailed body, 2-3 distinguishing details). OUTPUT VIEWS: render three separate images per creature — (1) full-body front view, (2) three-quarter back view rotated ~135 degrees from front, (3) pure side-profile view. GENERATION RES: render at 512x512 for AI quality, then DOWNSCALE to FINAL 96x96 PNG. FINAL IMAGE SPECS: 96x96 PNG, transparent background, indexed palette (max 256 colors), TARGET FILE SIZE: under 5 KB per image. Use clean Pokemon-style line art, vibrant saturated colors, single creature centered in frame, tightly cropped to creature edges (no padding wider than 2px), no text or watermarks."
845,Rabbite,Light,Venom,Uncommon,rabbit,Castle|Sanctum|Town,day-only,Tuesday,any,96x96,5,,,,,,"Pokemon-style monster creature named ""Rabbite"". RARITY TIER: Uncommon (more detailed body, 2-3 distinguishing details). OUTPUT VIEWS: render three separate images per creature — (1) full-body front view, (2) three-quarter back view rotated ~135 degrees from front, (3) pure side-profile view. GENERATION RES: render at 512x512 for AI quality, then DOWNSCALE to FINAL 96x96 PNG. FINAL IMAGE SPECS: 96x96 PNG, transparent background, indexed palette (max 256 colors), TARGET FILE SIZE: under 5 KB per image. Use clean Pokemon-style line art, vibrant saturated colors, single creature centered in frame, tightly cropped to creature edges (no padding wider than 2px), no text or watermarks."
846,Dracaid,Venom,,Uncommon,bipedal-humanoid,Marsh|Cave|Sanctum,dawn-dusk-only,Saturday,any,96x96,5,Discorpion,,,,,"Pokemon-style monster creature named ""Dracaid"". RARITY TIER: Uncommon (more detailed body, 2-3 distinguishing details). EVOLUTION CHAIN: stage 2 of 2 (chain ""venom_chain_7""). Pre-evolution: ""Discorpion"" — this creature evolved FROM ""Discorpion"". Preserve a recognizably similar body shape and family identity to ""Discorpion"", but with extra detail layers, larger size (~10-15%), upgraded markings, more pronounced presence. Maintain visual continuity across the entire 2-stage chain — same family identity, recognizable shape across stages. OUTPUT VIEWS: render three separate images per creature — (1) full-body front view, (2) three-quarter back view rotated ~135 degrees from front, (3) pure side-profile view. GENERATION RES: render at 512x512 for AI quality, then DOWNSCALE to FINAL 96x96 PNG. FINAL IMAGE SPECS: 96x96 PNG, transparent background, indexed palette (max 256 colors), TARGET FILE SIZE: under 5 KB per image. Use clean Pokemon-style line art, vibrant saturated colors, single creature centered in frame, tightly cropped to creature edges (no padding wider than 2px), no text or watermarks."
847,Kangareon,Cosmic,Time,Uncommon,bipedal-humanoid,Sanctum|Mountain,night-only,Wednesday,any,96x96,5,,,,,,"Pokemon-style monster creature named ""Kangareon"". RARITY TIER: Uncommon (more detailed body, 2-3 distinguishing details). OUTPUT VIEWS: render three separate images per creature — (1) full-body front view, (2) three-quarter back view rotated ~135 degrees from front, (3) pure side-profile view. GENERATION RES: render at 512x512 for AI quality, then DOWNSCALE to FINAL 96x96 PNG. FINAL IMAGE SPECS: 96x96 PNG, transparent background, indexed palette (max 256 colors), TARGET FILE SIZE: under 5 KB per image. Use clean Pokemon-style line art, vibrant saturated colors, single creature centered in frame, tightly cropped to creature edges (no padding wider than 2px), no text or watermarks."
848,Iroquito,Aether,Venom,Uncommon,spirit-form,Sanctum|Town,any,any,any,96x96,5,,,,,,"Pokemon-style monster creature named ""Iroquito"". RARITY TIER: Uncommon (more detailed body, 2-3 distinguishing details). OUTPUT VIEWS: render three separate images per creature — (1) full-body front view, (2) three-quarter back view rotated ~135 degrees from front, (3) pure side-profile view. GENERATION RES: render at 512x512 for AI quality, then DOWNSCALE to FINAL 96x96 PNG. FINAL IMAGE SPECS: 96x96 PNG, transparent background, indexed palette (max 256 colors), TARGET FILE SIZE: under 5 KB per image. Use clean Pokemon-style line art, vibrant saturated colors, single creature centered in frame, tightly cropped to creature edges (no padding wider than 2px), no text or watermarks."
849,Hippozar,Dream,,Uncommon,mythic-form,Forest|Sanctum,night-only,Wednesday,any,96x96,5,,,,,,"Pokemon-style monster creature named ""Hippozar"". RARITY TIER: Uncommon (more detailed body, 2-3 distinguishing details). OUTPUT VIEWS: render three separate images per creature — (1) full-body front view, (2) three-quarter back view rotated ~135 degrees from front, (3) pure side-profile view. GENERATION RES: render at 512x512 for AI quality, then DOWNSCALE to FINAL 96x96 PNG. FINAL IMAGE SPECS: 96x96 PNG, transparent background, indexed palette (max 256 colors), TARGET FILE SIZE: under 5 KB per image. Use clean Pokemon-style line art, vibrant saturated colors, single creature centered in frame, tightly cropped to creature edges (no padding wider than 2px), no text or watermarks."
850,Growossum,Mind,Dream,Rare,reptile,Castle|Sanctum,any,Wednesday,any,96x96,5,,,,,,"Pokemon-style monster creature named ""Growossum"". RARITY TIER: Rare (complex form with dynamic pose, 3-4 detailed features, glowing accents). OUTPUT VIEWS: render three separate images per creature — (1) full-body front view, (2) three-quarter back view rotated ~135 degrees from front, (3) pure side-profile view. GENERATION RES: render at 512x512 for AI quality, then DOWNSCALE to FINAL 96x96 PNG. FINAL IMAGE SPECS: 96x96 PNG, transparent background, indexed palette (max 256 colors), TARGET FILE SIZE: under 5 KB per image. Use clean Pokemon-style line art, vibrant saturated colors, single creature centered in frame, tightly cropped to creature edges (no padding wider than 2px), no text or watermarks."
851,Yetiger,Sound,,Rare,cat,Forest|Town,any,Thursday,any,96x96,5,,,,,,"Pokemon-style monster creature named ""Yetiger"". RARITY TIER: Rare (complex form with dynamic pose, 3-4 detailed features, glowing accents). OUTPUT VIEWS: render three separate images per creature — (1) full-body front view, (2) three-quarter back view rotated ~135 degrees from front, (3) pure side-profile view. GENERATION RES: render at 512x512 for AI quality, then DOWNSCALE to FINAL 96x96 PNG. FINAL IMAGE SPECS: 96x96 PNG, transparent background, indexed palette (max 256 colors), TARGET FILE SIZE: under 5 KB per image. Use clean Pokemon-style line art, vibrant saturated colors, single creature centered in frame, tightly cropped to creature edges (no padding wider than 2px), no text or watermarks."
852,Elephia,Time,Light,Rare,elephant,Sanctum|Cave,any,any,any,96x96,5,,,,,,"Pokemon-style monster creature named ""Elephia"". RARITY TIER: Rare (complex form with dynamic pose, 3-4 detailed features, glowing accents). OUTPUT VIEWS: render three separate images per creature — (1) full-body front view, (2) three-quarter back view rotated ~135 degrees from front, (3) pure side-profile view. GENERATION RES: render at 512x512 for AI quality, then DOWNSCALE to FINAL 96x96 PNG. FINAL IMAGE SPECS: 96x96 PNG, transparent background, indexed palette (max 256 colors), TARGET FILE SIZE: under 5 KB per image. Use clean Pokemon-style line art, vibrant saturated colors, single creature centered in frame, tightly cropped to creature edges (no padding wider than 2px), no text or watermarks."
853,Cheeturbo,Crystal,Storm,Rare,quadruped,Cave|Mountain|WaterSurface,any,Monday,any,96x96,5,,Dewitar,level,10,20,"Pokemon-style monster creature named ""Cheeturbo"". RARITY TIER: Rare (complex form with dynamic pose, 3-4 detailed features, glowing accents). EVOLUTION CHAIN: stage 1 of 2 (chain ""crystal_chain_3""). Evolves INTO: ""Dewitar"" (trigger: level, guaranteed by lvl 20). Foreshadow features that will become more prominent in ""Dewitar"" — keep family identity consistent so the next stage feels like a natural maturation, not a different creature. Maintain visual continuity across the entire 2-stage chain — same family identity, recognizable shape across stages. OUTPUT VIEWS: render three separate images per creature — (1) full-body front view, (2) three-quarter back view rotated ~135 degrees from front, (3) pure side-profile view. GENERATION RES: render at 512x512 for AI quality, then DOWNSCALE to FINAL 96x96 PNG. FINAL IMAGE SPECS: 96x96 PNG, transparent background, indexed palette (max 256 colors), TARGET FILE SIZE: under 5 KB per image. Use clean Pokemon-style line art, vibrant saturated colors, single creature centered in frame, tightly cropped to creature edges (no padding wider than 2px), no text or watermarks."
854,Elereon,Blood,,Rare,amorphous-elemental,Castle|Sanctum|Cave,any,Saturday,any,96x96,5,,,,,,"Pokemon-style monster creature named ""Elereon"". RARITY TIER: Rare (complex form with dynamic pose, 3-4 detailed features, glowing accents). OUTPUT VIEWS: render three separate images per creature — (1) full-body front view, (2) three-quarter back view rotated ~135 degrees from front, (3) pure side-profile view. GENERATION RES: render at 512x512 for AI quality, then DOWNSCALE to FINAL 96x96 PNG. FINAL IMAGE SPECS: 96x96 PNG, transparent background, indexed palette (max 256 colors), TARGET FILE SIZE: under 5 KB per image. Use clean Pokemon-style line art, vibrant saturated colors, single creature centered in frame, tightly cropped to creature edges (no padding wider than 2px), no text or watermarks."
855,Magihawk,Fire,Wood,Rare,beast,Desert|Cave,any,Saturday,Heat,96x96,5,,,,,,"Pokemon-style monster creature named ""Magihawk"". RARITY TIER: Rare (complex form with dynamic pose, 3-4 detailed features, glowing accents). OUTPUT VIEWS: render three separate images per creature — (1) full-body front view, (2) three-quarter back view rotated ~135 degrees from front, (3) pure side-profile view. GENERATION RES: render at 512x512 for AI quality, then DOWNSCALE to FINAL 96x96 PNG. FINAL IMAGE SPECS: 96x96 PNG, transparent background, indexed palette (max 256 colors), TARGET FILE SIZE: under 5 KB per image. Use clean Pokemon-style line art, vibrant saturated colors, single creature centered in frame, tightly cropped to creature edges (no padding wider than 2px), no text or watermarks."
856,Knightingale,Water,,Rare,bipedal-humanoid,Beach|Harbor|Marsh,any,Friday,Rain,96x96,5,,,,,,"Pokemon-style monster creature named ""Knightingale"". RARITY TIER: Rare (complex form with dynamic pose, 3-4 detailed features, glowing accents). OUTPUT VIEWS: render three separate images per creature — (1) full-body front view, (2) three-quarter back view rotated ~135 degrees from front, (3) pure side-profile view. GENERATION RES: render at 512x512 for AI quality, then DOWNSCALE to FINAL 96x96 PNG. FINAL IMAGE SPECS: 96x96 PNG, transparent background, indexed palette (max 256 colors), TARGET FILE SIZE: under 5 KB per image. Use clean Pokemon-style line art, vibrant saturated colors, single creature centered in frame, tightly cropped to creature edges (no padding wider than 2px), no text or watermarks."
857,Vultune,Ice,Wind,Rare,mythic-form,Mountain|WaterSurface,any,Wednesday,Snow,96x96,5,,,,,,"Pokemon-style monster creature named ""Vultune"". RARITY TIER: Rare (complex form with dynamic pose, 3-4 detailed features, glowing accents). OUTPUT VIEWS: render three separate images per creature — (1) full-body front view, (2) three-quarter back view rotated ~135 degrees from front, (3) pure side-profile view. GENERATION RES: render at 512x512 for AI quality, then DOWNSCALE to FINAL 96x96 PNG. FINAL IMAGE SPECS: 96x96 PNG, transparent background, indexed palette (max 256 colors), TARGET FILE SIZE: under 5 KB per image. Use clean Pokemon-style line art, vibrant saturated colors, single creature centered in frame, tightly cropped to creature edges (no padding wider than 2px), no text or watermarks."
858,Caterak,Earth,Fire,Rare,cat,Forest|Mountain|Desert,any,Sunday,any,96x96,5,,Chimebil,stone,10,20,"Pokemon-style monster creature named ""Caterak"". RARITY TIER: Rare (complex form with dynamic pose, 3-4 detailed features, glowing accents). EVOLUTION CHAIN: stage 1 of 2 (chain ""earth_chain_4""). Evolves INTO: ""Chimebil"" (trigger: stone, guaranteed by lvl 20). Foreshadow features that will become more prominent in ""Chimebil"" — keep family identity consistent so the next stage feels like a natural maturation, not a different creature. Maintain visual continuity across the entire 2-stage chain — same family identity, recognizable shape across stages. OUTPUT VIEWS: render three separate images per creature — (1) full-body front view, (2) three-quarter back view rotated ~135 degrees from front, (3) pure side-profile view. GENERATION RES: render at 512x512 for AI quality, then DOWNSCALE to FINAL 96x96 PNG. FINAL IMAGE SPECS: 96x96 PNG, transparent background, indexed palette (max 256 colors), TARGET FILE SIZE: under 5 KB per image. Use clean Pokemon-style line art, vibrant saturated colors, single creature centered in frame, tightly cropped to creature edges (no padding wider than 2px), no text or watermarks."
859,Badgoth,Wood,,Rare,beast,Forest|Plains,day-preferred,Sunday,any,96x96,5,,Barracite,moon_full,10,20,"Pokemon-style monster creature named ""Badgoth"". RARITY TIER: Rare (complex form with dynamic pose, 3-4 detailed features, glowing accents). EVOLUTION CHAIN: stage 1 of 2 (chain ""wood_chain_2""). Evolves INTO: ""Barracite"" (trigger: moon_full, guaranteed by lvl 20). Foreshadow features that will become more prominent in ""Barracite"" — keep family identity consistent so the next stage feels like a natural maturation, not a different creature. Maintain visual continuity across the entire 2-stage chain — same family identity, recognizable shape across stages. OUTPUT VIEWS: render three separate images per creature — (1) full-body front view, (2) three-quarter back view rotated ~135 degrees from front, (3) pure side-profile view. GENERATION RES: render at 512x512 for AI quality, then DOWNSCALE to FINAL 96x96 PNG. FINAL IMAGE SPECS: 96x96 PNG, transparent background, indexed palette (max 256 colors), TARGET FILE SIZE: under 5 KB per image. Use clean Pokemon-style line art, vibrant saturated colors, single creature centered in frame, tightly cropped to creature edges (no padding wider than 2px), no text or watermarks."
860,Falceat,Metal,Crystal,Rare,beast,Cave|Castle|Harbor,any,Monday,any,96x96,5,,Fieroyote,stone,10,20,"Pokemon-style monster creature named ""Falceat"". RARITY TIER: Rare (complex form with dynamic pose, 3-4 detailed features, glowing accents). EVOLUTION CHAIN: stage 1 of 2 (chain ""metal_chain_8""). Evolves INTO: ""Fieroyote"" (trigger: stone, guaranteed by lvl 20). Foreshadow features that will become more prominent in ""Fieroyote"" — keep family identity consistent so the next stage feels like a natural maturation, not a different creature. Maintain visual continuity across the entire 2-stage chain — same family identity, recognizable shape across stages. OUTPUT VIEWS: render three separate images per creature — (1) full-body front view, (2) three-quarter back view rotated ~135 degrees from front, (3) pure side-profile view. GENERATION RES: render at 512x512 for AI quality, then DOWNSCALE to FINAL 96x96 PNG. FINAL IMAGE SPECS: 96x96 PNG, transparent background, indexed palette (max 256 colors), TARGET FILE SIZE: under 5 KB per image. Use clean Pokemon-style line art, vibrant saturated colors, single creature centered in frame, tightly cropped to creature edges (no padding wider than 2px), no text or watermarks."
861,Chimekey,Storm,,Rare,quadruped,Beach|Mountain,any,Thursday,Rain,96x96,5,,Coyomite,level,10,20,"Pokemon-style monster creature named ""Chimekey"". RARITY TIER: Rare (complex form with dynamic pose, 3-4 detailed features, glowing accents). EVOLUTION CHAIN: stage 1 of 2 (chain ""storm_chain_7""). Evolves INTO: ""Coyomite"" (trigger: level, guaranteed by lvl 20). Foreshadow features that will become more prominent in ""Coyomite"" — keep family identity consistent so the next stage feels like a natural maturation, not a different creature. Maintain visual continuity across the entire 2-stage chain — same family identity, recognizable shape across stages. OUTPUT VIEWS: render three separate images per creature — (1) full-body front view, (2) three-quarter back view rotated ~135 degrees from front, (3) pure side-profile view. GENERATION RES: render at 512x512 for AI quality, then DOWNSCALE to FINAL 96x96 PNG. FINAL IMAGE SPECS: 96x96 PNG, transparent background, indexed palette (max 256 colors), TARGET FILE SIZE: under 5 KB per image. Use clean Pokemon-style line art, vibrant saturated colors, single creature centered in frame, tightly cropped to creature edges (no padding wider than 2px), no text or watermarks."
862,Twilightingale,Wind,Earth,Rare,beast,Plains|Mountain,any,Friday,Foehn,96x96,5,,,,,,"Pokemon-style monster creature named ""Twilightingale"". RARITY TIER: Rare (complex form with dynamic pose, 3-4 detailed features, glowing accents). OUTPUT VIEWS: render three separate images per creature — (1) full-body front view, (2) three-quarter back view rotated ~135 degrees from front, (3) pure side-profile view. GENERATION RES: render at 512x512 for AI quality, then DOWNSCALE to FINAL 96x96 PNG. FINAL IMAGE SPECS: 96x96 PNG, transparent background, indexed palette (max 256 colors), TARGET FILE SIZE: under 5 KB per image. Use clean Pokemon-style line art, vibrant saturated colors, single creature centered in frame, tightly cropped to creature edges (no padding wider than 2px), no text or watermarks."
863,Vaporc,Shadow,Light,Rare,mythic-form,Cave|Marsh|Sanctum,night-only,Wednesday,Fog,96x96,5,,,,,,"Pokemon-style monster creature named ""Vaporc"". RARITY TIER: Rare (complex form with dynamic pose, 3-4 detailed features, glowing accents). OUTPUT VIEWS: render three separate images per creature — (1) full-body front view, (2) three-quarter back view rotated ~135 degrees from front, (3) pure side-profile view. GENERATION RES: render at 512x512 for AI quality, then DOWNSCALE to FINAL 96x96 PNG. FINAL IMAGE SPECS: 96x96 PNG, transparent background, indexed palette (max 256 colors), TARGET FILE SIZE: under 5 KB per image. Use clean Pokemon-style line art, vibrant saturated colors, single creature centered in frame, tightly cropped to creature edges (no padding wider than 2px), no text or watermarks."
864,Goldigator,Light,,Rare,reptile,Castle|Sanctum|Town,day-only,Tuesday,any,96x96,5,,,,,,"Pokemon-style monster creature named ""Goldigator"". RARITY TIER: Rare (complex form with dynamic pose, 3-4 detailed features, glowing accents). OUTPUT VIEWS: render three separate images per creature — (1) full-body front view, (2) three-quarter back view rotated ~135 degrees from front, (3) pure side-profile view. GENERATION RES: render at 512x512 for AI quality, then DOWNSCALE to FINAL 96x96 PNG. FINAL IMAGE SPECS: 96x96 PNG, transparent background, indexed palette (max 256 colors), TARGET FILE SIZE: under 5 KB per image. Use clean Pokemon-style line art, vibrant saturated colors, single creature centered in frame, tightly cropped to creature edges (no padding wider than 2px), no text or watermarks."
865,Mantygon,Venom,Blood,Rare,insect,Marsh|Cave|Sanctum,dawn-dusk-only,Saturday,any,96x96,5,,,,,,"Pokemon-style monster creature named ""Mantygon"". RARITY TIER: Rare (complex form with dynamic pose, 3-4 detailed features, glowing accents). OUTPUT VIEWS: render three separate images per creature — (1) full-body front view, (2) three-quarter back view rotated ~135 degrees from front, (3) pure side-profile view. GENERATION RES: render at 512x512 for AI quality, then DOWNSCALE to FINAL 96x96 PNG. FINAL IMAGE SPECS: 96x96 PNG, transparent background, indexed palette (max 256 colors), TARGET FILE SIZE: under 5 KB per image. Use clean Pokemon-style line art, vibrant saturated colors, single creature centered in frame, tightly cropped to creature edges (no padding wider than 2px), no text or watermarks."
866,Rhinonium,Cosmic,,Rare,bipedal-humanoid,Sanctum|Mountain,night-only,Wednesday,any,96x96,5,,,,,,"Pokemon-style monster creature named ""Rhinonium"". RARITY TIER: Rare (complex form with dynamic pose, 3-4 detailed features, glowing accents). OUTPUT VIEWS: render three separate images per creature — (1) full-body front view, (2) three-quarter back view rotated ~135 degrees from front, (3) pure side-profile view. GENERATION RES: render at 512x512 for AI quality, then DOWNSCALE to FINAL 96x96 PNG. FINAL IMAGE SPECS: 96x96 PNG, transparent background, indexed palette (max 256 colors), TARGET FILE SIZE: under 5 KB per image. Use clean Pokemon-style line art, vibrant saturated colors, single creature centered in frame, tightly cropped to creature edges (no padding wider than 2px), no text or watermarks."
867,Mohawk,Aether,Shadow,Rare,beast,Sanctum|Town,any,any,any,96x96,5,,,,,,"Pokemon-style monster creature named ""Mohawk"". RARITY TIER: Rare (complex form with dynamic pose, 3-4 detailed features, glowing accents). OUTPUT VIEWS: render three separate images per creature — (1) full-body front view, (2) three-quarter back view rotated ~135 degrees from front, (3) pure side-profile view. GENERATION RES: render at 512x512 for AI quality, then DOWNSCALE to FINAL 96x96 PNG. FINAL IMAGE SPECS: 96x96 PNG, transparent background, indexed palette (max 256 colors), TARGET FILE SIZE: under 5 KB per image. Use clean Pokemon-style line art, vibrant saturated colors, single creature centered in frame, tightly cropped to creature edges (no padding wider than 2px), no text or watermarks."
868,Dolphite,Dream,Blood,Rare,cetacean,Forest|Sanctum,night-only,Wednesday,any,96x96,5,Demyte,,,,,"Pokemon-style monster creature named ""Dolphite"". RARITY TIER: Rare (complex form with dynamic pose, 3-4 detailed features, glowing accents). EVOLUTION CHAIN: stage 3 of 3 (chain ""dream_chain_6""). Pre-evolution: ""Demyte"" — this creature evolved FROM ""Demyte"". Preserve a recognizably similar body shape and family identity to ""Demyte"", but with extra detail layers, larger size (~10-15%), upgraded markings, more pronounced presence. Maintain visual continuity across the entire 3-stage chain — same family identity, recognizable shape across stages. OUTPUT VIEWS: render three separate images per creature — (1) full-body front view, (2) three-quarter back view rotated ~135 degrees from front, (3) pure side-profile view. GENERATION RES: render at 512x512 for AI quality, then DOWNSCALE to FINAL 96x96 PNG. FINAL IMAGE SPECS: 96x96 PNG, transparent background, indexed palette (max 256 colors), TARGET FILE SIZE: under 5 KB per image. Use clean Pokemon-style line art, vibrant saturated colors, single creature centered in frame, tightly cropped to creature edges (no padding wider than 2px), no text or watermarks."
869,Bisita,Mind,,Rare,spirit-form,Castle|Sanctum,any,Wednesday,any,96x96,5,,Blazebra,weather_rain,10,20,"Pokemon-style monster creature named ""Bisita"". RARITY TIER: Rare (complex form with dynamic pose, 3-4 detailed features, glowing accents). EVOLUTION CHAIN: stage 1 of 3 (chain ""mind_chain_1""). Evolves INTO: ""Blazebra"" (trigger: weather_rain, guaranteed by lvl 20). Foreshadow features that will become more prominent in ""Blazebra"" — keep family identity consistent so the next stage feels like a natural maturation, not a different creature. Maintain visual continuity across the entire 3-stage chain — same family identity, recognizable shape across stages. OUTPUT VIEWS: render three separate images per creature — (1) full-body front view, (2) three-quarter back view rotated ~135 degrees from front, (3) pure side-profile view. GENERATION RES: render at 512x512 for AI quality, then DOWNSCALE to FINAL 96x96 PNG. FINAL IMAGE SPECS: 96x96 PNG, transparent background, indexed palette (max 256 colors), TARGET FILE SIZE: under 5 KB per image. Use clean Pokemon-style line art, vibrant saturated colors, single creature centered in frame, tightly cropped to creature edges (no padding wider than 2px), no text or watermarks."
870,Starish,Sound,Mind,Rare,amorphous-elemental,Forest|Town,any,Thursday,any,96x96,5,,,,,,"Pokemon-style monster creature named ""Starish"". RARITY TIER: Rare (complex form with dynamic pose, 3-4 detailed features, glowing accents). OUTPUT VIEWS: render three separate images per creature — (1) full-body front view, (2) three-quarter back view rotated ~135 degrees from front, (3) pure side-profile view. GENERATION RES: render at 512x512 for AI quality, then DOWNSCALE to FINAL 96x96 PNG. FINAL IMAGE SPECS: 96x96 PNG, transparent background, indexed palette (max 256 colors), TARGET FILE SIZE: under 5 KB per image. Use clean Pokemon-style line art, vibrant saturated colors, single creature centered in frame, tightly cropped to creature edges (no padding wider than 2px), no text or watermarks."
871,Earthite,Time,,Rare,amorphous-elemental,Sanctum|Cave,any,any,any,96x96,5,,,,,,"Pokemon-style monster creature named ""Earthite"". RARITY TIER: Rare (complex form with dynamic pose, 3-4 detailed features, glowing accents). OUTPUT VIEWS: render three separate images per creature — (1) full-body front view, (2) three-quarter back view rotated ~135 degrees from front, (3) pure side-profile view. GENERATION RES: render at 512x512 for AI quality, then DOWNSCALE to FINAL 96x96 PNG. FINAL IMAGE SPECS: 96x96 PNG, transparent background, indexed palette (max 256 colors), TARGET FILE SIZE: under 5 KB per image. Use clean Pokemon-style line art, vibrant saturated colors, single creature centered in frame, tightly cropped to creature edges (no padding wider than 2px), no text or watermarks."
872,Mountida,Crystal,Wind,Rare,beast,Cave|Mountain|WaterSurface,any,Monday,any,96x96,5,,,,,,"Pokemon-style monster creature named ""Mountida"". RARITY TIER: Rare (complex form with dynamic pose, 3-4 detailed features, glowing accents). OUTPUT VIEWS: render three separate images per creature — (1) full-body front view, (2) three-quarter back view rotated ~135 degrees from front, (3) pure side-profile view. GENERATION RES: render at 512x512 for AI quality, then DOWNSCALE to FINAL 96x96 PNG. FINAL IMAGE SPECS: 96x96 PNG, transparent background, indexed palette (max 256 colors), TARGET FILE SIZE: under 5 KB per image. Use clean Pokemon-style line art, vibrant saturated colors, single creature centered in frame, tightly cropped to creature edges (no padding wider than 2px), no text or watermarks."
873,Falcopod,Blood,Time,Rare,beast,Castle|Sanctum|Cave,any,Saturday,any,96x96,5,,,,,,"Pokemon-style monster creature named ""Falcopod"". RARITY TIER: Rare (complex form with dynamic pose, 3-4 detailed features, glowing accents). OUTPUT VIEWS: render three separate images per creature — (1) full-body front view, (2) three-quarter back view rotated ~135 degrees from front, (3) pure side-profile view. GENERATION RES: render at 512x512 for AI quality, then DOWNSCALE to FINAL 96x96 PNG. FINAL IMAGE SPECS: 96x96 PNG, transparent background, indexed palette (max 256 colors), TARGET FILE SIZE: under 5 KB per image. Use clean Pokemon-style line art, vibrant saturated colors, single creature centered in frame, tightly cropped to creature edges (no padding wider than 2px), no text or watermarks."
874,Groundog,Fire,,Rare,reptile,Desert|Cave,any,Saturday,Heat,96x96,5,,,,,,"Pokemon-style monster creature named ""Groundog"". RARITY TIER: Rare (complex form with dynamic pose, 3-4 detailed features, glowing accents). OUTPUT VIEWS: render three separate images per creature — (1) full-body front view, (2) three-quarter back view rotated ~135 degrees from front, (3) pure side-profile view. GENERATION RES: render at 512x512 for AI quality, then DOWNSCALE to FINAL 96x96 PNG. FINAL IMAGE SPECS: 96x96 PNG, transparent background, indexed palette (max 256 colors), TARGET FILE SIZE: under 5 KB per image. Use clean Pokemon-style line art, vibrant saturated colors, single creature centered in frame, tightly cropped to creature edges (no padding wider than 2px), no text or watermarks."
875,Salamantis,Water,Earth,Rare,frog,Beach|Harbor|Marsh,any,Friday,Rain,96x96,5,,,,,,"Pokemon-style monster creature named ""Salamantis"". RARITY TIER: Rare (complex form with dynamic pose, 3-4 detailed features, glowing accents). OUTPUT VIEWS: render three separate images per creature — (1) full-body front view, (2) three-quarter back view rotated ~135 degrees from front, (3) pure side-profile view. GENERATION RES: render at 512x512 for AI quality, then DOWNSCALE to FINAL 96x96 PNG. FINAL IMAGE SPECS: 96x96 PNG, transparent background, indexed palette (max 256 colors), TARGET FILE SIZE: under 5 KB per image. Use clean Pokemon-style line art, vibrant saturated colors, single creature centered in frame, tightly cropped to creature edges (no padding wider than 2px), no text or watermarks."
876,Belleleon,Ice,,Rare,spirit-form,Mountain|WaterSurface,any,Wednesday,Snow,96x96,5,,Camrycrin,level,10,20,"Pokemon-style monster creature named ""Belleleon"". RARITY TIER: Rare (complex form with dynamic pose, 3-4 detailed features, glowing accents). EVOLUTION CHAIN: stage 1 of 2 (chain ""ice_chain_3""). Evolves INTO: ""Camrycrin"" (trigger: level, guaranteed by lvl 20). Foreshadow features that will become more prominent in ""Camrycrin"" — keep family identity consistent so the next stage feels like a natural maturation, not a different creature. Maintain visual continuity across the entire 2-stage chain — same family identity, recognizable shape across stages. OUTPUT VIEWS: render three separate images per creature — (1) full-body front view, (2) three-quarter back view rotated ~135 degrees from front, (3) pure side-profile view. GENERATION RES: render at 512x512 for AI quality, then DOWNSCALE to FINAL 96x96 PNG. FINAL IMAGE SPECS: 96x96 PNG, transparent background, indexed palette (max 256 colors), TARGET FILE SIZE: under 5 KB per image. Use clean Pokemon-style line art, vibrant saturated colors, single creature centered in frame, tightly cropped to creature edges (no padding wider than 2px), no text or watermarks."
877,Turtoy,Earth,Crystal,Rare,turtle,Forest|Mountain|Desert,any,Sunday,any,96x96,5,,,,,,"Pokemon-style monster creature named ""Turtoy"". RARITY TIER: Rare (complex form with dynamic pose, 3-4 detailed features, glowing accents). OUTPUT VIEWS: render three separate images per creature — (1) full-body front view, (2) three-quarter back view rotated ~135 degrees from front, (3) pure side-profile view. GENERATION RES: render at 512x512 for AI quality, then DOWNSCALE to FINAL 96x96 PNG. FINAL IMAGE SPECS: 96x96 PNG, transparent background, indexed palette (max 256 colors), TARGET FILE SIZE: under 5 KB per image. Use clean Pokemon-style line art, vibrant saturated colors, single creature centered in frame, tightly cropped to creature edges (no padding wider than 2px), no text or watermarks."
878,Vultaring,Wood,Earth,Rare,mythic-form,Forest|Plains,day-preferred,Sunday,any,96x96,5,,,,,,"Pokemon-style monster creature named ""Vultaring"". RARITY TIER: Rare (complex form with dynamic pose, 3-4 detailed features, glowing accents). OUTPUT VIEWS: render three separate images per creature — (1) full-body front view, (2) three-quarter back view rotated ~135 degrees from front, (3) pure side-profile view. GENERATION RES: render at 512x512 for AI quality, then DOWNSCALE to FINAL 96x96 PNG. FINAL IMAGE SPECS: 96x96 PNG, transparent background, indexed palette (max 256 colors), TARGET FILE SIZE: under 5 KB per image. Use clean Pokemon-style line art, vibrant saturated colors, single creature centered in frame, tightly cropped to creature edges (no padding wider than 2px), no text or watermarks."
879,Buffaphy,Metal,,Rare,spirit-form,Cave|Castle|Harbor,any,Monday,any,96x96,5,,Chethesdurth,weather_rain,10,20,"Pokemon-style monster creature named ""Buffaphy"". RARITY TIER: Rare (complex form with dynamic pose, 3-4 detailed features, glowing accents). EVOLUTION CHAIN: stage 1 of 2 (chain ""metal_chain_3""). Evolves INTO: ""Chethesdurth"" (trigger: weather_rain, guaranteed by lvl 20). Foreshadow features that will become more prominent in ""Chethesdurth"" — keep family identity consistent so the next stage feels like a natural maturation, not a different creature. Maintain visual continuity across the entire 2-stage chain — same family identity, recognizable shape across stages. OUTPUT VIEWS: render three separate images per creature — (1) full-body front view, (2) three-quarter back view rotated ~135 degrees from front, (3) pure side-profile view. GENERATION RES: render at 512x512 for AI quality, then DOWNSCALE to FINAL 96x96 PNG. FINAL IMAGE SPECS: 96x96 PNG, transparent background, indexed palette (max 256 colors), TARGET FILE SIZE: under 5 KB per image. Use clean Pokemon-style line art, vibrant saturated colors, single creature centered in frame, tightly cropped to creature edges (no padding wider than 2px), no text or watermarks."
880,Volteon,Storm,Metal,Rare,mythic-form,Beach|Mountain,any,Thursday,Rain,96x96,5,,,,,,"Pokemon-style monster creature named ""Volteon"". RARITY TIER: Rare (complex form with dynamic pose, 3-4 detailed features, glowing accents). OUTPUT VIEWS: render three separate images per creature — (1) full-body front view, (2) three-quarter back view rotated ~135 degrees from front, (3) pure side-profile view. GENERATION RES: render at 512x512 for AI quality, then DOWNSCALE to FINAL 96x96 PNG. FINAL IMAGE SPECS: 96x96 PNG, transparent background, indexed palette (max 256 colors), TARGET FILE SIZE: under 5 KB per image. Use clean Pokemon-style line art, vibrant saturated colors, single creature centered in frame, tightly cropped to creature edges (no padding wider than 2px), no text or watermarks."
881,Crolix,Wind,,Rare,quadruped,Plains|Mountain,any,Friday,Foehn,96x96,5,Chimepecker,,,,,"Pokemon-style monster creature named ""Crolix"". RARITY TIER: Rare (complex form with dynamic pose, 3-4 detailed features, glowing accents). EVOLUTION CHAIN: stage 2 of 2 (chain ""wind_chain_5""). Pre-evolution: ""Chimepecker"" — this creature evolved FROM ""Chimepecker"". Preserve a recognizably similar body shape and family identity to ""Chimepecker"", but with extra detail layers, larger size (~10-15%), upgraded markings, more pronounced presence. Maintain visual continuity across the entire 2-stage chain — same family identity, recognizable shape across stages. OUTPUT VIEWS: render three separate images per creature — (1) full-body front view, (2) three-quarter back view rotated ~135 degrees from front, (3) pure side-profile view. GENERATION RES: render at 512x512 for AI quality, then DOWNSCALE to FINAL 96x96 PNG. FINAL IMAGE SPECS: 96x96 PNG, transparent background, indexed palette (max 256 colors), TARGET FILE SIZE: under 5 KB per image. Use clean Pokemon-style line art, vibrant saturated colors, single creature centered in frame, tightly cropped to creature edges (no padding wider than 2px), no text or watermarks."
882,Salamaniac,Shadow,Mind,Rare,frog,Cave|Marsh|Sanctum,night-only,Wednesday,Fog,96x96,5,,,,,,"Pokemon-style monster creature named ""Salamaniac"". RARITY TIER: Rare (complex form with dynamic pose, 3-4 detailed features, glowing accents). OUTPUT VIEWS: render three separate images per creature — (1) full-body front view, (2) three-quarter back view rotated ~135 degrees from front, (3) pure side-profile view. GENERATION RES: render at 512x512 for AI quality, then DOWNSCALE to FINAL 96x96 PNG. FINAL IMAGE SPECS: 96x96 PNG, transparent background, indexed palette (max 256 colors), TARGET FILE SIZE: under 5 KB per image. Use clean Pokemon-style line art, vibrant saturated colors, single creature centered in frame, tightly cropped to creature edges (no padding wider than 2px), no text or watermarks."
883,Hypebil,Light,Crystal,Rare,mythic-form,Castle|Sanctum|Town,day-only,Tuesday,any,96x96,5,,,,,,"Pokemon-style monster creature named ""Hypebil"". RARITY TIER: Rare (complex form with dynamic pose, 3-4 detailed features, glowing accents). OUTPUT VIEWS: render three separate images per creature — (1) full-body front view, (2) three-quarter back view rotated ~135 degrees from front, (3) pure side-profile view. GENERATION RES: render at 512x512 for AI quality, then DOWNSCALE to FINAL 96x96 PNG. FINAL IMAGE SPECS: 96x96 PNG, transparent background, indexed palette (max 256 colors), TARGET FILE SIZE: under 5 KB per image. Use clean Pokemon-style line art, vibrant saturated colors, single creature centered in frame, tightly cropped to creature edges (no padding wider than 2px), no text or watermarks."
884,Venophant,Venom,,Rare,insect,Marsh|Cave|Sanctum,dawn-dusk-only,Saturday,any,96x96,5,,,,,,"Pokemon-style monster creature named ""Venophant"". RARITY TIER: Rare (complex form with dynamic pose, 3-4 detailed features, glowing accents). OUTPUT VIEWS: render three separate images per creature — (1) full-body front view, (2) three-quarter back view rotated ~135 degrees from front, (3) pure side-profile view. GENERATION RES: render at 512x512 for AI quality, then DOWNSCALE to FINAL 96x96 PNG. FINAL IMAGE SPECS: 96x96 PNG, transparent background, indexed palette (max 256 colors), TARGET FILE SIZE: under 5 KB per image. Use clean Pokemon-style line art, vibrant saturated colors, single creature centered in frame, tightly cropped to creature edges (no padding wider than 2px), no text or watermarks."
885,Scorpidos,Cosmic,Mind,Rare,insect,Sanctum|Mountain,night-only,Wednesday,any,96x96,5,,,,,,"Pokemon-style monster creature named ""Scorpidos"". RARITY TIER: Rare (complex form with dynamic pose, 3-4 detailed features, glowing accents). OUTPUT VIEWS: render three separate images per creature — (1) full-body front view, (2) three-quarter back view rotated ~135 degrees from front, (3) pure side-profile view. GENERATION RES: render at 512x512 for AI quality, then DOWNSCALE to FINAL 96x96 PNG. FINAL IMAGE SPECS: 96x96 PNG, transparent background, indexed palette (max 256 colors), TARGET FILE SIZE: under 5 KB per image. Use clean Pokemon-style line art, vibrant saturated colors, single creature centered in frame, tightly cropped to creature edges (no padding wider than 2px), no text or watermarks."
886,Crocodory,Aether,,Rare,quadruped,Sanctum|Town,any,any,any,96x96,5,Coyonium,,,,,"Pokemon-style monster creature named ""Crocodory"". RARITY TIER: Rare (complex form with dynamic pose, 3-4 detailed features, glowing accents). EVOLUTION CHAIN: stage 2 of 2 (chain ""aether_chain_3""). Pre-evolution: ""Coyonium"" — this creature evolved FROM ""Coyonium"". Preserve a recognizably similar body shape and family identity to ""Coyonium"", but with extra detail layers, larger size (~10-15%), upgraded markings, more pronounced presence. Maintain visual continuity across the entire 2-stage chain — same family identity, recognizable shape across stages. OUTPUT VIEWS: render three separate images per creature — (1) full-body front view, (2) three-quarter back view rotated ~135 degrees from front, (3) pure side-profile view. GENERATION RES: render at 512x512 for AI quality, then DOWNSCALE to FINAL 96x96 PNG. FINAL IMAGE SPECS: 96x96 PNG, transparent background, indexed palette (max 256 colors), TARGET FILE SIZE: under 5 KB per image. Use clean Pokemon-style line art, vibrant saturated colors, single creature centered in frame, tightly cropped to creature edges (no padding wider than 2px), no text or watermarks."
887,Rammite,Dream,Time,Rare,bipedal-humanoid,Forest|Sanctum,night-only,Wednesday,any,96x96,5,,,,,,"Pokemon-style monster creature named ""Rammite"". RARITY TIER: Rare (complex form with dynamic pose, 3-4 detailed features, glowing accents). OUTPUT VIEWS: render three separate images per creature — (1) full-body front view, (2) three-quarter back view rotated ~135 degrees from front, (3) pure side-profile view. GENERATION RES: render at 512x512 for AI quality, then DOWNSCALE to FINAL 96x96 PNG. FINAL IMAGE SPECS: 96x96 PNG, transparent background, indexed palette (max 256 colors), TARGET FILE SIZE: under 5 KB per image. Use clean Pokemon-style line art, vibrant saturated colors, single creature centered in frame, tightly cropped to creature edges (no padding wider than 2px), no text or watermarks."
888,Steelalo,Mind,Sound,Rare,amorphous-elemental,Castle|Sanctum,any,Wednesday,any,96x96,5,,,,,,"Pokemon-style monster creature named ""Steelalo"". RARITY TIER: Rare (complex form with dynamic pose, 3-4 detailed features, glowing accents). OUTPUT VIEWS: render three separate images per creature — (1) full-body front view, (2) three-quarter back view rotated ~135 degrees from front, (3) pure side-profile view. GENERATION RES: render at 512x512 for AI quality, then DOWNSCALE to FINAL 96x96 PNG. FINAL IMAGE SPECS: 96x96 PNG, transparent background, indexed palette (max 256 colors), TARGET FILE SIZE: under 5 KB per image. Use clean Pokemon-style line art, vibrant saturated colors, single creature centered in frame, tightly cropped to creature edges (no padding wider than 2px), no text or watermarks."
889,Wallanyte,Sound,,Rare,spirit-form,Forest|Town,any,Thursday,any,96x96,5,,,,,,"Pokemon-style monster creature named ""Wallanyte"". RARITY TIER: Rare (complex form with dynamic pose, 3-4 detailed features, glowing accents). OUTPUT VIEWS: render three separate images per creature — (1) full-body front view, (2) three-quarter back view rotated ~135 degrees from front, (3) pure side-profile view. GENERATION RES: render at 512x512 for AI quality, then DOWNSCALE to FINAL 96x96 PNG. FINAL IMAGE SPECS: 96x96 PNG, transparent background, indexed palette (max 256 colors), TARGET FILE SIZE: under 5 KB per image. Use clean Pokemon-style line art, vibrant saturated colors, single creature centered in frame, tightly cropped to creature edges (no padding wider than 2px), no text or watermarks."
890,Falcophy,Time,Aether,Rare,beast,Sanctum|Cave,any,any,any,96x96,5,,,,,,"Pokemon-style monster creature named ""Falcophy"". RARITY TIER: Rare (complex form with dynamic pose, 3-4 detailed features, glowing accents). OUTPUT VIEWS: render three separate images per creature — (1) full-body front view, (2) three-quarter back view rotated ~135 degrees from front, (3) pure side-profile view. GENERATION RES: render at 512x512 for AI quality, then DOWNSCALE to FINAL 96x96 PNG. FINAL IMAGE SPECS: 96x96 PNG, transparent background, indexed palette (max 256 colors), TARGET FILE SIZE: under 5 KB per image. Use clean Pokemon-style line art, vibrant saturated colors, single creature centered in frame, tightly cropped to creature edges (no padding wider than 2px), no text or watermarks."
891,Doomdine,Crystal,,Rare,bipedal-humanoid,Cave|Mountain|WaterSurface,any,Monday,any,96x96,5,Doomadillo,,,,,"Pokemon-style monster creature named ""Doomdine"". RARITY TIER: Rare (complex form with dynamic pose, 3-4 detailed features, glowing accents). EVOLUTION CHAIN: stage 2 of 2 (chain ""crystal_chain_4""). Pre-evolution: ""Doomadillo"" — this creature evolved FROM ""Doomadillo"". Preserve a recognizably similar body shape and family identity to ""Doomadillo"", but with extra detail layers, larger size (~10-15%), upgraded markings, more pronounced presence. Maintain visual continuity across the entire 2-stage chain — same family identity, recognizable shape across stages. OUTPUT VIEWS: render three separate images per creature — (1) full-body front view, (2) three-quarter back view rotated ~135 degrees from front, (3) pure side-profile view. GENERATION RES: render at 512x512 for AI quality, then DOWNSCALE to FINAL 96x96 PNG. FINAL IMAGE SPECS: 96x96 PNG, transparent background, indexed palette (max 256 colors), TARGET FILE SIZE: under 5 KB per image. Use clean Pokemon-style line art, vibrant saturated colors, single creature centered in frame, tightly cropped to creature edges (no padding wider than 2px), no text or watermarks."
892,Dolphire,Blood,Crystal,Rare,cetacean,Castle|Sanctum|Cave,any,Saturday,any,96x96,5,Dinonite,,,,,"Pokemon-style monster creature named ""Dolphire"". RARITY TIER: Rare (complex form with dynamic pose, 3-4 detailed features, glowing accents). EVOLUTION CHAIN: stage 2 of 2 (chain ""blood_chain_7""). Pre-evolution: ""Dinonite"" — this creature evolved FROM ""Dinonite"". Preserve a recognizably similar body shape and family identity to ""Dinonite"", but with extra detail layers, larger size (~10-15%), upgraded markings, more pronounced presence. Maintain visual continuity across the entire 2-stage chain — same family identity, recognizable shape across stages. OUTPUT VIEWS: render three separate images per creature — (1) full-body front view, (2) three-quarter back view rotated ~135 degrees from front, (3) pure side-profile view. GENERATION RES: render at 512x512 for AI quality, then DOWNSCALE to FINAL 96x96 PNG. FINAL IMAGE SPECS: 96x96 PNG, transparent background, indexed palette (max 256 colors), TARGET FILE SIZE: under 5 KB per image. Use clean Pokemon-style line art, vibrant saturated colors, single creature centered in frame, tightly cropped to creature edges (no padding wider than 2px), no text or watermarks."
893,Elepion,Fire,Ice,Rare,amorphous-elemental,Desert|Cave,any,Saturday,Heat,96x96,5,Electriboon,,,,,"Pokemon-style monster creature named ""Elepion"". RARITY TIER: Rare (complex form with dynamic pose, 3-4 detailed features, glowing accents). EVOLUTION CHAIN: stage 3 of 3 (chain ""fire_chain_6""). Pre-evolution: ""Electriboon"" — this creature evolved FROM ""Electriboon"". Preserve a recognizably similar body shape and family identity to ""Electriboon"", but with extra detail layers, larger size (~10-15%), upgraded markings, more pronounced presence. Maintain visual continuity across the entire 3-stage chain — same family identity, recognizable shape across stages. OUTPUT VIEWS: render three separate images per creature — (1) full-body front view, (2) three-quarter back view rotated ~135 degrees from front, (3) pure side-profile view. GENERATION RES: render at 512x512 for AI quality, then DOWNSCALE to FINAL 96x96 PNG. FINAL IMAGE SPECS: 96x96 PNG, transparent background, indexed palette (max 256 colors), TARGET FILE SIZE: under 5 KB per image. Use clean Pokemon-style line art, vibrant saturated colors, single creature centered in frame, tightly cropped to creature edges (no padding wider than 2px), no text or watermarks."
894,Scorpike,Water,,Rare,insect,Beach|Harbor|Marsh,any,Friday,Rain,96x96,5,,,,,,"Pokemon-style monster creature named ""Scorpike"". RARITY TIER: Rare (complex form with dynamic pose, 3-4 detailed features, glowing accents). OUTPUT VIEWS: render three separate images per creature — (1) full-body front view, (2) three-quarter back view rotated ~135 degrees from front, (3) pure side-profile view. GENERATION RES: render at 512x512 for AI quality, then DOWNSCALE to FINAL 96x96 PNG. FINAL IMAGE SPECS: 96x96 PNG, transparent background, indexed palette (max 256 colors), TARGET FILE SIZE: under 5 KB per image. Use clean Pokemon-style line art, vibrant saturated colors, single creature centered in frame, tightly cropped to creature edges (no padding wider than 2px), no text or watermarks."
895,Dewibia,Ice,Earth,Rare,bipedal-humanoid,Mountain|WaterSurface,any,Wednesday,Snow,96x96,5,,Dracotto,moon_full,10,20,"Pokemon-style monster creature named ""Dewibia"". RARITY TIER: Rare (complex form with dynamic pose, 3-4 detailed features, glowing accents). EVOLUTION CHAIN: stage 1 of 2 (chain ""ice_chain_8""). Evolves INTO: ""Dracotto"" (trigger: moon_full, guaranteed by lvl 20). Foreshadow features that will become more prominent in ""Dracotto"" — keep family identity consistent so the next stage feels like a natural maturation, not a different creature. Maintain visual continuity across the entire 2-stage chain — same family identity, recognizable shape across stages. OUTPUT VIEWS: render three separate images per creature — (1) full-body front view, (2) three-quarter back view rotated ~135 degrees from front, (3) pure side-profile view. GENERATION RES: render at 512x512 for AI quality, then DOWNSCALE to FINAL 96x96 PNG. FINAL IMAGE SPECS: 96x96 PNG, transparent background, indexed palette (max 256 colors), TARGET FILE SIZE: under 5 KB per image. Use clean Pokemon-style line art, vibrant saturated colors, single creature centered in frame, tightly cropped to creature edges (no padding wider than 2px), no text or watermarks."
896,Parriot,Earth,,Rare,spirit-form,Forest|Mountain|Desert,any,Sunday,any,96x96,5,,,,,,"Pokemon-style monster creature named ""Parriot"". RARITY TIER: Rare (complex form with dynamic pose, 3-4 detailed features, glowing accents). OUTPUT VIEWS: render three separate images per creature — (1) full-body front view, (2) three-quarter back view rotated ~135 degrees from front, (3) pure side-profile view. GENERATION RES: render at 512x512 for AI quality, then DOWNSCALE to FINAL 96x96 PNG. FINAL IMAGE SPECS: 96x96 PNG, transparent background, indexed palette (max 256 colors), TARGET FILE SIZE: under 5 KB per image. Use clean Pokemon-style line art, vibrant saturated colors, single creature centered in frame, tightly cropped to creature edges (no padding wider than 2px), no text or watermarks."
897,Chimadillo,Wood,Water,Rare,quadruped,Forest|Plains,day-preferred,Sunday,any,96x96,5,,Chimpash,level,10,20,"Pokemon-style monster creature named ""Chimadillo"". RARITY TIER: Rare (complex form with dynamic pose, 3-4 detailed features, glowing accents). EVOLUTION CHAIN: stage 1 of 2 (chain ""wood_chain_4""). Evolves INTO: ""Chimpash"" (trigger: level, guaranteed by lvl 20). Foreshadow features that will become more prominent in ""Chimpash"" — keep family identity consistent so the next stage feels like a natural maturation, not a different creature. Maintain visual continuity across the entire 2-stage chain — same family identity, recognizable shape across stages. OUTPUT VIEWS: render three separate images per creature — (1) full-body front view, (2) three-quarter back view rotated ~135 degrees from front, (3) pure side-profile view. GENERATION RES: render at 512x512 for AI quality, then DOWNSCALE to FINAL 96x96 PNG. FINAL IMAGE SPECS: 96x96 PNG, transparent background, indexed palette (max 256 colors), TARGET FILE SIZE: under 5 KB per image. Use clean Pokemon-style line art, vibrant saturated colors, single creature centered in frame, tightly cropped to creature edges (no padding wider than 2px), no text or watermarks."
898,Chethesdurth,Metal,Wind,Rare,quadruped,Cave|Castle|Harbor,any,Monday,any,96x96,5,Buffaphy,,,,,"Pokemon-style monster creature named ""Chethesdurth"". RARITY TIER: Rare (complex form with dynamic pose, 3-4 detailed features, glowing accents). EVOLUTION CHAIN: stage 2 of 2 (chain ""metal_chain_3""). Pre-evolution: ""Buffaphy"" — this creature evolved FROM ""Buffaphy"". Preserve a recognizably similar body shape and family identity to ""Buffaphy"", but with extra detail layers, larger size (~10-15%), upgraded markings, more pronounced presence. Maintain visual continuity across the entire 2-stage chain — same family identity, recognizable shape across stages. OUTPUT VIEWS: render three separate images per creature — (1) full-body front view, (2) three-quarter back view rotated ~135 degrees from front, (3) pure side-profile view. GENERATION RES: render at 512x512 for AI quality, then DOWNSCALE to FINAL 96x96 PNG. FINAL IMAGE SPECS: 96x96 PNG, transparent background, indexed palette (max 256 colors), TARGET FILE SIZE: under 5 KB per image. Use clean Pokemon-style line art, vibrant saturated colors, single creature centered in frame, tightly cropped to creature edges (no padding wider than 2px), no text or watermarks."
899,Byrroisdot,Storm,,Rare,spirit-form,Beach|Mountain,any,Thursday,Rain,96x96,5,Bonican,Camoose,weather_rain,30,45,"Pokemon-style monster creature named ""Byrroisdot"". RARITY TIER: Rare (complex form with dynamic pose, 3-4 detailed features, glowing accents). EVOLUTION CHAIN: stage 2 of 3 (chain ""storm_chain_6""). Pre-evolution: ""Bonican"" — this creature evolved FROM ""Bonican"". Preserve a recognizably similar body shape and family identity to ""Bonican"", but with extra detail layers, larger size (~10-15%), upgraded markings, more pronounced presence. Evolves INTO: ""Camoose"" (trigger: weather_rain, guaranteed by lvl 45). Foreshadow features that will become more prominent in ""Camoose"" — keep family identity consistent so the next stage feels like a natural maturation, not a different creature. Maintain visual continuity across the entire 3-stage chain — same family identity, recognizable shape across stages. OUTPUT VIEWS: render three separate images per creature — (1) full-body front view, (2) three-quarter back view rotated ~135 degrees from front, (3) pure side-profile view. GENERATION RES: render at 512x512 for AI quality, then DOWNSCALE to FINAL 96x96 PNG. FINAL IMAGE SPECS: 96x96 PNG, transparent background, indexed palette (max 256 colors), TARGET FILE SIZE: under 5 KB per image. Use clean Pokemon-style line art, vibrant saturated colors, single creature centered in frame, tightly cropped to creature edges (no padding wider than 2px), no text or watermarks."
900,Nyghy,Wind,Wood,Rare,reptile,Plains|Mountain,any,Friday,Foehn,96x96,5,,,,,,"Pokemon-style monster creature named ""Nyghy"". RARITY TIER: Rare (complex form with dynamic pose, 3-4 detailed features, glowing accents). OUTPUT VIEWS: render three separate images per creature — (1) full-body front view, (2) three-quarter back view rotated ~135 degrees from front, (3) pure side-profile view. GENERATION RES: render at 512x512 for AI quality, then DOWNSCALE to FINAL 96x96 PNG. FINAL IMAGE SPECS: 96x96 PNG, transparent background, indexed palette (max 256 colors), TARGET FILE SIZE: under 5 KB per image. Use clean Pokemon-style line art, vibrant saturated colors, single creature centered in frame, tightly cropped to creature edges (no padding wider than 2px), no text or watermarks."
901,Xuvra,Shadow,,Rare,quadruped,Cave|Marsh|Sanctum,night-only,Wednesday,Fog,96x96,5,,,,,,"Pokemon-style monster creature named ""Xuvra"". RARITY TIER: Rare (complex form with dynamic pose, 3-4 detailed features, glowing accents). OUTPUT VIEWS: render three separate images per creature — (1) full-body front view, (2) three-quarter back view rotated ~135 degrees from front, (3) pure side-profile view. GENERATION RES: render at 512x512 for AI quality, then DOWNSCALE to FINAL 96x96 PNG. FINAL IMAGE SPECS: 96x96 PNG, transparent background, indexed palette (max 256 colors), TARGET FILE SIZE: under 5 KB per image. Use clean Pokemon-style line art, vibrant saturated colors, single creature centered in frame, tightly cropped to creature edges (no padding wider than 2px), no text or watermarks."
902,Bagontur,Light,Venom,Rare,spirit-form,Castle|Sanctum|Town,day-only,Tuesday,any,96x96,5,Badgeler,,,,,"Pokemon-style monster creature named ""Bagontur"". RARITY TIER: Rare (complex form with dynamic pose, 3-4 detailed features, glowing accents). EVOLUTION CHAIN: stage 2 of 2 (chain ""light_chain_3""). Pre-evolution: ""Badgeler"" — this creature evolved FROM ""Badgeler"". Preserve a recognizably similar body shape and family identity to ""Badgeler"", but with extra detail layers, larger size (~10-15%), upgraded markings, more pronounced presence. Maintain visual continuity across the entire 2-stage chain — same family identity, recognizable shape across stages. OUTPUT VIEWS: render three separate images per creature — (1) full-body front view, (2) three-quarter back view rotated ~135 degrees from front, (3) pure side-profile view. GENERATION RES: render at 512x512 for AI quality, then DOWNSCALE to FINAL 96x96 PNG. FINAL IMAGE SPECS: 96x96 PNG, transparent background, indexed palette (max 256 colors), TARGET FILE SIZE: under 5 KB per image. Use clean Pokemon-style line art, vibrant saturated colors, single creature centered in frame, tightly cropped to creature edges (no padding wider than 2px), no text or watermarks."
903,Piannin,Venom,Wood,Rare,spirit-form,Marsh|Cave|Sanctum,dawn-dusk-only,Saturday,any,96x96,5,,,,,,"Pokemon-style monster creature named ""Piannin"". RARITY TIER: Rare (complex form with dynamic pose, 3-4 detailed features, glowing accents). OUTPUT VIEWS: render three separate images per creature — (1) full-body front view, (2) three-quarter back view rotated ~135 degrees from front, (3) pure side-profile view. GENERATION RES: render at 512x512 for AI quality, then DOWNSCALE to FINAL 96x96 PNG. FINAL IMAGE SPECS: 96x96 PNG, transparent background, indexed palette (max 256 colors), TARGET FILE SIZE: under 5 KB per image. Use clean Pokemon-style line art, vibrant saturated colors, single creature centered in frame, tightly cropped to creature edges (no padding wider than 2px), no text or watermarks."
904,Brerronen,Cosmic,,Rare,spirit-form,Sanctum|Mountain,night-only,Wednesday,any,96x96,5,Bidrill,,,,,"Pokemon-style monster creature named ""Brerronen"". RARITY TIER: Rare (complex form with dynamic pose, 3-4 detailed features, glowing accents). EVOLUTION CHAIN: stage 2 of 2 (chain ""cosmic_chain_2""). Pre-evolution: ""Bidrill"" — this creature evolved FROM ""Bidrill"". Preserve a recognizably similar body shape and family identity to ""Bidrill"", but with extra detail layers, larger size (~10-15%), upgraded markings, more pronounced presence. Maintain visual continuity across the entire 2-stage chain — same family identity, recognizable shape across stages. OUTPUT VIEWS: render three separate images per creature — (1) full-body front view, (2) three-quarter back view rotated ~135 degrees from front, (3) pure side-profile view. GENERATION RES: render at 512x512 for AI quality, then DOWNSCALE to FINAL 96x96 PNG. FINAL IMAGE SPECS: 96x96 PNG, transparent background, indexed palette (max 256 colors), TARGET FILE SIZE: under 5 KB per image. Use clean Pokemon-style line art, vibrant saturated colors, single creature centered in frame, tightly cropped to creature edges (no padding wider than 2px), no text or watermarks."
905,Zoracrynth,Aether,Venom,Rare,amorphous-elemental,Sanctum|Town,any,any,any,96x96,5,,,,,,"Pokemon-style monster creature named ""Zoracrynth"". RARITY TIER: Rare (complex form with dynamic pose, 3-4 detailed features, glowing accents). OUTPUT VIEWS: render three separate images per creature — (1) full-body front view, (2) three-quarter back view rotated ~135 degrees from front, (3) pure side-profile view. GENERATION RES: render at 512x512 for AI quality, then DOWNSCALE to FINAL 96x96 PNG. FINAL IMAGE SPECS: 96x96 PNG, transparent background, indexed palette (max 256 colors), TARGET FILE SIZE: under 5 KB per image. Use clean Pokemon-style line art, vibrant saturated colors, single creature centered in frame, tightly cropped to creature edges (no padding wider than 2px), no text or watermarks."
906,Eldrad,Dream,,Rare,amorphous-elemental,Forest|Sanctum,night-only,Wednesday,any,96x96,5,Drageler,,,,,"Pokemon-style monster creature named ""Eldrad"". RARITY TIER: Rare (complex form with dynamic pose, 3-4 detailed features, glowing accents). EVOLUTION CHAIN: stage 2 of 2 (chain ""dream_chain_7""). Pre-evolution: ""Drageler"" — this creature evolved FROM ""Drageler"". Preserve a recognizably similar body shape and family identity to ""Drageler"", but with extra detail layers, larger size (~10-15%), upgraded markings, more pronounced presence. Maintain visual continuity across the entire 2-stage chain — same family identity, recognizable shape across stages. OUTPUT VIEWS: render three separate images per creature — (1) full-body front view, (2) three-quarter back view rotated ~135 degrees from front, (3) pure side-profile view. GENERATION RES: render at 512x512 for AI quality, then DOWNSCALE to FINAL 96x96 PNG. FINAL IMAGE SPECS: 96x96 PNG, transparent background, indexed palette (max 256 colors), TARGET FILE SIZE: under 5 KB per image. Use clean Pokemon-style line art, vibrant saturated colors, single creature centered in frame, tightly cropped to creature edges (no padding wider than 2px), no text or watermarks."
907,Gryzzeot,Mind,Dream,Rare,reptile,Castle|Sanctum,any,Wednesday,any,96x96,5,,,,,,"Pokemon-style monster creature named ""Gryzzeot"". RARITY TIER: Rare (complex form with dynamic pose, 3-4 detailed features, glowing accents). OUTPUT VIEWS: render three separate images per creature — (1) full-body front view, (2) three-quarter back view rotated ~135 degrees from front, (3) pure side-profile view. GENERATION RES: render at 512x512 for AI quality, then DOWNSCALE to FINAL 96x96 PNG. FINAL IMAGE SPECS: 96x96 PNG, transparent background, indexed palette (max 256 colors), TARGET FILE SIZE: under 5 KB per image. Use clean Pokemon-style line art, vibrant saturated colors, single creature centered in frame, tightly cropped to creature edges (no padding wider than 2px), no text or watermarks."
908,Grideinan,Sound,Crystal,Rare,reptile,Forest|Town,any,Thursday,any,96x96,5,,,,,,"Pokemon-style monster creature named ""Grideinan"". RARITY TIER: Rare (complex form with dynamic pose, 3-4 detailed features, glowing accents). OUTPUT VIEWS: render three separate images per creature — (1) full-body front view, (2) three-quarter back view rotated ~135 degrees from front, (3) pure side-profile view. GENERATION RES: render at 512x512 for AI quality, then DOWNSCALE to FINAL 96x96 PNG. FINAL IMAGE SPECS: 96x96 PNG, transparent background, indexed palette (max 256 colors), TARGET FILE SIZE: under 5 KB per image. Use clean Pokemon-style line art, vibrant saturated colors, single creature centered in frame, tightly cropped to creature edges (no padding wider than 2px), no text or watermarks."
909,Ymmiss,Time,,Rare,bipedal-humanoid,Sanctum|Cave,any,any,any,96x96,5,,,,,,"Pokemon-style monster creature named ""Ymmiss"". RARITY TIER: Rare (complex form with dynamic pose, 3-4 detailed features, glowing accents). OUTPUT VIEWS: render three separate images per creature — (1) full-body front view, (2) three-quarter back view rotated ~135 degrees from front, (3) pure side-profile view. GENERATION RES: render at 512x512 for AI quality, then DOWNSCALE to FINAL 96x96 PNG. FINAL IMAGE SPECS: 96x96 PNG, transparent background, indexed palette (max 256 colors), TARGET FILE SIZE: under 5 KB per image. Use clean Pokemon-style line art, vibrant saturated colors, single creature centered in frame, tightly cropped to creature edges (no padding wider than 2px), no text or watermarks."
910,Gasydiam,Crystal,Storm,Rare,reptile,Cave|Mountain|WaterSurface,any,Monday,any,96x96,5,Frogre,,,,,"Pokemon-style monster creature named ""Gasydiam"". RARITY TIER: Rare (complex form with dynamic pose, 3-4 detailed features, glowing accents). EVOLUTION CHAIN: stage 2 of 2 (chain ""crystal_chain_7""). Pre-evolution: ""Frogre"" — this creature evolved FROM ""Frogre"". Preserve a recognizably similar body shape and family identity to ""Frogre"", but with extra detail layers, larger size (~10-15%), upgraded markings, more pronounced presence. Maintain visual continuity across the entire 2-stage chain — same family identity, recognizable shape across stages. OUTPUT VIEWS: render three separate images per creature — (1) full-body front view, (2) three-quarter back view rotated ~135 degrees from front, (3) pure side-profile view. GENERATION RES: render at 512x512 for AI quality, then DOWNSCALE to FINAL 96x96 PNG. FINAL IMAGE SPECS: 96x96 PNG, transparent background, indexed palette (max 256 colors), TARGET FILE SIZE: under 5 KB per image. Use clean Pokemon-style line art, vibrant saturated colors, single creature centered in frame, tightly cropped to creature edges (no padding wider than 2px), no text or watermarks."
911,Joldrirth,Blood,,Rare,quadruped,Castle|Sanctum|Cave,any,Saturday,any,96x96,5,,,,,,"Pokemon-style monster creature named ""Joldrirth"". RARITY TIER: Rare (complex form with dynamic pose, 3-4 detailed features, glowing accents). OUTPUT VIEWS: render three separate images per creature — (1) full-body front view, (2) three-quarter back view rotated ~135 degrees from front, (3) pure side-profile view. GENERATION RES: render at 512x512 for AI quality, then DOWNSCALE to FINAL 96x96 PNG. FINAL IMAGE SPECS: 96x96 PNG, transparent background, indexed palette (max 256 colors), TARGET FILE SIZE: under 5 KB per image. Use clean Pokemon-style line art, vibrant saturated colors, single creature centered in frame, tightly cropped to creature edges (no padding wider than 2px), no text or watermarks."
912,Gratad,Fire,Wood,Rare,rodent,Desert|Cave,any,Saturday,Heat,96x96,5,,,,,,"Pokemon-style monster creature named ""Gratad"". RARITY TIER: Rare (complex form with dynamic pose, 3-4 detailed features, glowing accents). OUTPUT VIEWS: render three separate images per creature — (1) full-body front view, (2) three-quarter back view rotated ~135 degrees from front, (3) pure side-profile view. GENERATION RES: render at 512x512 for AI quality, then DOWNSCALE to FINAL 96x96 PNG. FINAL IMAGE SPECS: 96x96 PNG, transparent background, indexed palette (max 256 colors), TARGET FILE SIZE: under 5 KB per image. Use clean Pokemon-style line art, vibrant saturated colors, single creature centered in frame, tightly cropped to creature edges (no padding wider than 2px), no text or watermarks."
913,Yrvador,Water,Storm,Rare,bipedal-humanoid,Beach|Harbor|Marsh,any,Friday,Rain,96x96,5,,,,,,"Pokemon-style monster creature named ""Yrvador"". RARITY TIER: Rare (complex form with dynamic pose, 3-4 detailed features, glowing accents). OUTPUT VIEWS: render three separate images per creature — (1) full-body front view, (2) three-quarter back view rotated ~135 degrees from front, (3) pure side-profile view. GENERATION RES: render at 512x512 for AI quality, then DOWNSCALE to FINAL 96x96 PNG. FINAL IMAGE SPECS: 96x96 PNG, transparent background, indexed palette (max 256 colors), TARGET FILE SIZE: under 5 KB per image. Use clean Pokemon-style line art, vibrant saturated colors, single creature centered in frame, tightly cropped to creature edges (no padding wider than 2px), no text or watermarks."
914,Perrinth,Ice,,Rare,spirit-form,Mountain|WaterSurface,any,Wednesday,Snow,96x96,5,,,,,,"Pokemon-style monster creature named ""Perrinth"". RARITY TIER: Rare (complex form with dynamic pose, 3-4 detailed features, glowing accents). OUTPUT VIEWS: render three separate images per creature — (1) full-body front view, (2) three-quarter back view rotated ~135 degrees from front, (3) pure side-profile view. GENERATION RES: render at 512x512 for AI quality, then DOWNSCALE to FINAL 96x96 PNG. FINAL IMAGE SPECS: 96x96 PNG, transparent background, indexed palette (max 256 colors), TARGET FILE SIZE: under 5 KB per image. Use clean Pokemon-style line art, vibrant saturated colors, single creature centered in frame, tightly cropped to creature edges (no padding wider than 2px), no text or watermarks."
915,Qimeg,Earth,Fire,Rare,quadruped,Forest|Mountain|Desert,any,Sunday,any,96x96,5,,,,,,"Pokemon-style monster creature named ""Qimeg"". RARITY TIER: Rare (complex form with dynamic pose, 3-4 detailed features, glowing accents). OUTPUT VIEWS: render three separate images per creature — (1) full-body front view, (2) three-quarter back view rotated ~135 degrees from front, (3) pure side-profile view. GENERATION RES: render at 512x512 for AI quality, then DOWNSCALE to FINAL 96x96 PNG. FINAL IMAGE SPECS: 96x96 PNG, transparent background, indexed palette (max 256 colors), TARGET FILE SIZE: under 5 KB per image. Use clean Pokemon-style line art, vibrant saturated colors, single creature centered in frame, tightly cropped to creature edges (no padding wider than 2px), no text or watermarks."
916,Ysyrth,Wood,,Rare,bipedal-humanoid,Forest|Plains,day-preferred,Sunday,any,96x96,5,,,,,,"Pokemon-style monster creature named ""Ysyrth"". RARITY TIER: Rare (complex form with dynamic pose, 3-4 detailed features, glowing accents). OUTPUT VIEWS: render three separate images per creature — (1) full-body front view, (2) three-quarter back view rotated ~135 degrees from front, (3) pure side-profile view. GENERATION RES: render at 512x512 for AI quality, then DOWNSCALE to FINAL 96x96 PNG. FINAL IMAGE SPECS: 96x96 PNG, transparent background, indexed palette (max 256 colors), TARGET FILE SIZE: under 5 KB per image. Use clean Pokemon-style line art, vibrant saturated colors, single creature centered in frame, tightly cropped to creature edges (no padding wider than 2px), no text or watermarks."
917,Kuzayn,Metal,Crystal,Rare,bipedal-humanoid,Cave|Castle|Harbor,any,Monday,any,96x96,5,,,,,,"Pokemon-style monster creature named ""Kuzayn"". RARITY TIER: Rare (complex form with dynamic pose, 3-4 detailed features, glowing accents). OUTPUT VIEWS: render three separate images per creature — (1) full-body front view, (2) three-quarter back view rotated ~135 degrees from front, (3) pure side-profile view. GENERATION RES: render at 512x512 for AI quality, then DOWNSCALE to FINAL 96x96 PNG. FINAL IMAGE SPECS: 96x96 PNG, transparent background, indexed palette (max 256 colors), TARGET FILE SIZE: under 5 KB per image. Use clean Pokemon-style line art, vibrant saturated colors, single creature centered in frame, tightly cropped to creature edges (no padding wider than 2px), no text or watermarks."
918,Ziervier,Storm,Water,Rare,amorphous-elemental,Beach|Mountain,any,Thursday,Rain,96x96,5,,,,,,"Pokemon-style monster creature named ""Ziervier"". RARITY TIER: Rare (complex form with dynamic pose, 3-4 detailed features, glowing accents). OUTPUT VIEWS: render three separate images per creature — (1) full-body front view, (2) three-quarter back view rotated ~135 degrees from front, (3) pure side-profile view. GENERATION RES: render at 512x512 for AI quality, then DOWNSCALE to FINAL 96x96 PNG. FINAL IMAGE SPECS: 96x96 PNG, transparent background, indexed palette (max 256 colors), TARGET FILE SIZE: under 5 KB per image. Use clean Pokemon-style line art, vibrant saturated colors, single creature centered in frame, tightly cropped to creature edges (no padding wider than 2px), no text or watermarks."
919,Jilbeor,Wind,,Rare,quadruped,Plains|Mountain,any,Friday,Foehn,96x96,5,,,,,,"Pokemon-style monster creature named ""Jilbeor"". RARITY TIER: Rare (complex form with dynamic pose, 3-4 detailed features, glowing accents). OUTPUT VIEWS: render three separate images per creature — (1) full-body front view, (2) three-quarter back view rotated ~135 degrees from front, (3) pure side-profile view. GENERATION RES: render at 512x512 for AI quality, then DOWNSCALE to FINAL 96x96 PNG. FINAL IMAGE SPECS: 96x96 PNG, transparent background, indexed palette (max 256 colors), TARGET FILE SIZE: under 5 KB per image. Use clean Pokemon-style line art, vibrant saturated colors, single creature centered in frame, tightly cropped to creature edges (no padding wider than 2px), no text or watermarks."
920,Chuvrirth,Shadow,Light,Rare,quadruped,Cave|Marsh|Sanctum,night-only,Wednesday,Fog,96x96,5,Chimeraffe,,,,,"Pokemon-style monster creature named ""Chuvrirth"". RARITY TIER: Rare (complex form with dynamic pose, 3-4 detailed features, glowing accents). EVOLUTION CHAIN: stage 2 of 2 (chain ""shadow_chain_4""). Pre-evolution: ""Chimeraffe"" — this creature evolved FROM ""Chimeraffe"". Preserve a recognizably similar body shape and family identity to ""Chimeraffe"", but with extra detail layers, larger size (~10-15%), upgraded markings, more pronounced presence. Maintain visual continuity across the entire 2-stage chain — same family identity, recognizable shape across stages. OUTPUT VIEWS: render three separate images per creature — (1) full-body front view, (2) three-quarter back view rotated ~135 degrees from front, (3) pure side-profile view. GENERATION RES: render at 512x512 for AI quality, then DOWNSCALE to FINAL 96x96 PNG. FINAL IMAGE SPECS: 96x96 PNG, transparent background, indexed palette (max 256 colors), TARGET FILE SIZE: under 5 KB per image. Use clean Pokemon-style line art, vibrant saturated colors, single creature centered in frame, tightly cropped to creature edges (no padding wider than 2px), no text or watermarks."
921,Yrvon,Light,,Rare,bipedal-humanoid,Castle|Sanctum|Town,day-only,Tuesday,any,96x96,5,,,,,,"Pokemon-style monster creature named ""Yrvon"". RARITY TIER: Rare (complex form with dynamic pose, 3-4 detailed features, glowing accents). OUTPUT VIEWS: render three separate images per creature — (1) full-body front view, (2) three-quarter back view rotated ~135 degrees from front, (3) pure side-profile view. GENERATION RES: render at 512x512 for AI quality, then DOWNSCALE to FINAL 96x96 PNG. FINAL IMAGE SPECS: 96x96 PNG, transparent background, indexed palette (max 256 colors), TARGET FILE SIZE: under 5 KB per image. Use clean Pokemon-style line art, vibrant saturated colors, single creature centered in frame, tightly cropped to creature edges (no padding wider than 2px), no text or watermarks."
922,Broikus,Venom,Blood,Rare,spirit-form,Marsh|Cave|Sanctum,dawn-dusk-only,Saturday,any,96x96,5,,Burnerine,stone,10,20,"Pokemon-style monster creature named ""Broikus"". RARITY TIER: Rare (complex form with dynamic pose, 3-4 detailed features, glowing accents). EVOLUTION CHAIN: stage 1 of 2 (chain ""venom_chain_4""). Evolves INTO: ""Burnerine"" (trigger: stone, guaranteed by lvl 20). Foreshadow features that will become more prominent in ""Burnerine"" — keep family identity consistent so the next stage feels like a natural maturation, not a different creature. Maintain visual continuity across the entire 2-stage chain — same family identity, recognizable shape across stages. OUTPUT VIEWS: render three separate images per creature — (1) full-body front view, (2) three-quarter back view rotated ~135 degrees from front, (3) pure side-profile view. GENERATION RES: render at 512x512 for AI quality, then DOWNSCALE to FINAL 96x96 PNG. FINAL IMAGE SPECS: 96x96 PNG, transparent background, indexed palette (max 256 colors), TARGET FILE SIZE: under 5 KB per image. Use clean Pokemon-style line art, vibrant saturated colors, single creature centered in frame, tightly cropped to creature edges (no padding wider than 2px), no text or watermarks."
923,Cheiddra,Cosmic,Light,Rare,quadruped,Sanctum|Mountain,night-only,Wednesday,any,96x96,5,,Chillzelle,stone,10,20,"Pokemon-style monster creature named ""Cheiddra"". RARITY TIER: Rare (complex form with dynamic pose, 3-4 detailed features, glowing accents). EVOLUTION CHAIN: stage 1 of 2 (chain ""cosmic_chain_3""). Evolves INTO: ""Chillzelle"" (trigger: stone, guaranteed by lvl 20). Foreshadow features that will become more prominent in ""Chillzelle"" — keep family identity consistent so the next stage feels like a natural maturation, not a different creature. Maintain visual continuity across the entire 2-stage chain — same family identity, recognizable shape across stages. OUTPUT VIEWS: render three separate images per creature — (1) full-body front view, (2) three-quarter back view rotated ~135 degrees from front, (3) pure side-profile view. GENERATION RES: render at 512x512 for AI quality, then DOWNSCALE to FINAL 96x96 PNG. FINAL IMAGE SPECS: 96x96 PNG, transparent background, indexed palette (max 256 colors), TARGET FILE SIZE: under 5 KB per image. Use clean Pokemon-style line art, vibrant saturated colors, single creature centered in frame, tightly cropped to creature edges (no padding wider than 2px), no text or watermarks."
924,Gokyd,Aether,,Rare,reptile,Sanctum|Town,any,any,any,96x96,5,,Hypadillo,level,10,20,"Pokemon-style monster creature named ""Gokyd"". RARITY TIER: Rare (complex form with dynamic pose, 3-4 detailed features, glowing accents). EVOLUTION CHAIN: stage 1 of 2 (chain ""aether_chain_7""). Evolves INTO: ""Hypadillo"" (trigger: level, guaranteed by lvl 20). Foreshadow features that will become more prominent in ""Hypadillo"" — keep family identity consistent so the next stage feels like a natural maturation, not a different creature. Maintain visual continuity across the entire 2-stage chain — same family identity, recognizable shape across stages. OUTPUT VIEWS: render three separate images per creature — (1) full-body front view, (2) three-quarter back view rotated ~135 degrees from front, (3) pure side-profile view. GENERATION RES: render at 512x512 for AI quality, then DOWNSCALE to FINAL 96x96 PNG. FINAL IMAGE SPECS: 96x96 PNG, transparent background, indexed palette (max 256 colors), TARGET FILE SIZE: under 5 KB per image. Use clean Pokemon-style line art, vibrant saturated colors, single creature centered in frame, tightly cropped to creature edges (no padding wider than 2px), no text or watermarks."
925,Qudrayrreit,Dream,Blood,Rare,quadruped,Forest|Sanctum,night-only,Wednesday,any,96x96,5,,,,,,"Pokemon-style monster creature named ""Qudrayrreit"". RARITY TIER: Rare (complex form with dynamic pose, 3-4 detailed features, glowing accents). OUTPUT VIEWS: render three separate images per creature — (1) full-body front view, (2) three-quarter back view rotated ~135 degrees from front, (3) pure side-profile view. GENERATION RES: render at 512x512 for AI quality, then DOWNSCALE to FINAL 96x96 PNG. FINAL IMAGE SPECS: 96x96 PNG, transparent background, indexed palette (max 256 colors), TARGET FILE SIZE: under 5 KB per image. Use clean Pokemon-style line art, vibrant saturated colors, single creature centered in frame, tightly cropped to creature edges (no padding wider than 2px), no text or watermarks."
926,Qeombenth,Mind,,Rare,quadruped,Castle|Sanctum,any,Wednesday,any,96x96,5,,,,,,"Pokemon-style monster creature named ""Qeombenth"". RARITY TIER: Rare (complex form with dynamic pose, 3-4 detailed features, glowing accents). OUTPUT VIEWS: render three separate images per creature — (1) full-body front view, (2) three-quarter back view rotated ~135 degrees from front, (3) pure side-profile view. GENERATION RES: render at 512x512 for AI quality, then DOWNSCALE to FINAL 96x96 PNG. FINAL IMAGE SPECS: 96x96 PNG, transparent background, indexed palette (max 256 colors), TARGET FILE SIZE: under 5 KB per image. Use clean Pokemon-style line art, vibrant saturated colors, single creature centered in frame, tightly cropped to creature edges (no padding wider than 2px), no text or watermarks."
927,Beidianth,Sound,Mind,Rare,insect,Forest|Town,any,Thursday,any,96x96,5,,Bisoom,level,10,20,"Pokemon-style monster creature named ""Beidianth"". RARITY TIER: Rare (complex form with dynamic pose, 3-4 detailed features, glowing accents). EVOLUTION CHAIN: stage 1 of 2 (chain ""sound_chain_4""). Evolves INTO: ""Bisoom"" (trigger: level, guaranteed by lvl 20). Foreshadow features that will become more prominent in ""Bisoom"" — keep family identity consistent so the next stage feels like a natural maturation, not a different creature. Maintain visual continuity across the entire 2-stage chain — same family identity, recognizable shape across stages. OUTPUT VIEWS: render three separate images per creature — (1) full-body front view, (2) three-quarter back view rotated ~135 degrees from front, (3) pure side-profile view. GENERATION RES: render at 512x512 for AI quality, then DOWNSCALE to FINAL 96x96 PNG. FINAL IMAGE SPECS: 96x96 PNG, transparent background, indexed palette (max 256 colors), TARGET FILE SIZE: under 5 KB per image. Use clean Pokemon-style line art, vibrant saturated colors, single creature centered in frame, tightly cropped to creature edges (no padding wider than 2px), no text or watermarks."
928,Biza,Time,Blood,Rare,spirit-form,Sanctum|Cave,any,any,any,96x96,5,Barraly,,,,,"Pokemon-style monster creature named ""Biza"". RARITY TIER: Rare (complex form with dynamic pose, 3-4 detailed features, glowing accents). EVOLUTION CHAIN: stage 2 of 2 (chain ""time_chain_2""). Pre-evolution: ""Barraly"" — this creature evolved FROM ""Barraly"". Preserve a recognizably similar body shape and family identity to ""Barraly"", but with extra detail layers, larger size (~10-15%), upgraded markings, more pronounced presence. Maintain visual continuity across the entire 2-stage chain — same family identity, recognizable shape across stages. OUTPUT VIEWS: render three separate images per creature — (1) full-body front view, (2) three-quarter back view rotated ~135 degrees from front, (3) pure side-profile view. GENERATION RES: render at 512x512 for AI quality, then DOWNSCALE to FINAL 96x96 PNG. FINAL IMAGE SPECS: 96x96 PNG, transparent background, indexed palette (max 256 colors), TARGET FILE SIZE: under 5 KB per image. Use clean Pokemon-style line art, vibrant saturated colors, single creature centered in frame, tightly cropped to creature edges (no padding wider than 2px), no text or watermarks."
929,Zunnum,Crystal,,Rare,amorphous-elemental,Cave|Mountain|WaterSurface,any,Monday,any,96x96,5,,,,,,"Pokemon-style monster creature named ""Zunnum"". RARITY TIER: Rare (complex form with dynamic pose, 3-4 detailed features, glowing accents). OUTPUT VIEWS: render three separate images per creature — (1) full-body front view, (2) three-quarter back view rotated ~135 degrees from front, (3) pure side-profile view. GENERATION RES: render at 512x512 for AI quality, then DOWNSCALE to FINAL 96x96 PNG. FINAL IMAGE SPECS: 96x96 PNG, transparent background, indexed palette (max 256 colors), TARGET FILE SIZE: under 5 KB per image. Use clean Pokemon-style line art, vibrant saturated colors, single creature centered in frame, tightly cropped to creature edges (no padding wider than 2px), no text or watermarks."
930,Giavrusdu,Blood,Time,Rare,reptile,Castle|Sanctum|Cave,any,Saturday,any,96x96,5,,,,,,"Pokemon-style monster creature named ""Giavrusdu"". RARITY TIER: Rare (complex form with dynamic pose, 3-4 detailed features, glowing accents). OUTPUT VIEWS: render three separate images per creature — (1) full-body front view, (2) three-quarter back view rotated ~135 degrees from front, (3) pure side-profile view. GENERATION RES: render at 512x512 for AI quality, then DOWNSCALE to FINAL 96x96 PNG. FINAL IMAGE SPECS: 96x96 PNG, transparent background, indexed palette (max 256 colors), TARGET FILE SIZE: under 5 KB per image. Use clean Pokemon-style line art, vibrant saturated colors, single creature centered in frame, tightly cropped to creature edges (no padding wider than 2px), no text or watermarks."
931,Romby,Fire,,Rare,bipedal-humanoid,Desert|Cave,any,Saturday,Heat,96x96,5,,,,,,"Pokemon-style monster creature named ""Romby"". RARITY TIER: Rare (complex form with dynamic pose, 3-4 detailed features, glowing accents). OUTPUT VIEWS: render three separate images per creature — (1) full-body front view, (2) three-quarter back view rotated ~135 degrees from front, (3) pure side-profile view. GENERATION RES: render at 512x512 for AI quality, then DOWNSCALE to FINAL 96x96 PNG. FINAL IMAGE SPECS: 96x96 PNG, transparent background, indexed palette (max 256 colors), TARGET FILE SIZE: under 5 KB per image. Use clean Pokemon-style line art, vibrant saturated colors, single creature centered in frame, tightly cropped to creature edges (no padding wider than 2px), no text or watermarks."
932,Frorvocrat,Water,Earth,Rare,rodent,Beach|Harbor|Marsh,any,Friday,Rain,96x96,5,Elesaur,,,,,"Pokemon-style monster creature named ""Frorvocrat"". RARITY TIER: Rare (complex form with dynamic pose, 3-4 detailed features, glowing accents). EVOLUTION CHAIN: stage 2 of 2 (chain ""water_chain_4""). Pre-evolution: ""Elesaur"" — this creature evolved FROM ""Elesaur"". Preserve a recognizably similar body shape and family identity to ""Elesaur"", but with extra detail layers, larger size (~10-15%), upgraded markings, more pronounced presence. Maintain visual continuity across the entire 2-stage chain — same family identity, recognizable shape across stages. OUTPUT VIEWS: render three separate images per creature — (1) full-body front view, (2) three-quarter back view rotated ~135 degrees from front, (3) pure side-profile view. GENERATION RES: render at 512x512 for AI quality, then DOWNSCALE to FINAL 96x96 PNG. FINAL IMAGE SPECS: 96x96 PNG, transparent background, indexed palette (max 256 colors), TARGET FILE SIZE: under 5 KB per image. Use clean Pokemon-style line art, vibrant saturated colors, single creature centered in frame, tightly cropped to creature edges (no padding wider than 2px), no text or watermarks."
933,Golbin,Ice,Wood,Rare,reptile,Mountain|WaterSurface,any,Wednesday,Snow,96x96,5,,,,,,"Pokemon-style monster creature named ""Golbin"". RARITY TIER: Rare (complex form with dynamic pose, 3-4 detailed features, glowing accents). OUTPUT VIEWS: render three separate images per creature — (1) full-body front view, (2) three-quarter back view rotated ~135 degrees from front, (3) pure side-profile view. GENERATION RES: render at 512x512 for AI quality, then DOWNSCALE to FINAL 96x96 PNG. FINAL IMAGE SPECS: 96x96 PNG, transparent background, indexed palette (max 256 colors), TARGET FILE SIZE: under 5 KB per image. Use clean Pokemon-style line art, vibrant saturated colors, single creature centered in frame, tightly cropped to creature edges (no padding wider than 2px), no text or watermarks."
934,Arred,Earth,,Rare,mythic-form,Forest|Mountain|Desert,any,Sunday,any,96x96,5,Aquataros,,,,,"Pokemon-style monster creature named ""Arred"". RARITY TIER: Rare (complex form with dynamic pose, 3-4 detailed features, glowing accents). EVOLUTION CHAIN: stage 2 of 2 (chain ""earth_chain_2""). Pre-evolution: ""Aquataros"" — this creature evolved FROM ""Aquataros"". Preserve a recognizably similar body shape and family identity to ""Aquataros"", but with extra detail layers, larger size (~10-15%), upgraded markings, more pronounced presence. Maintain visual continuity across the entire 2-stage chain — same family identity, recognizable shape across stages. OUTPUT VIEWS: render three separate images per creature — (1) full-body front view, (2) three-quarter back view rotated ~135 degrees from front, (3) pure side-profile view. GENERATION RES: render at 512x512 for AI quality, then DOWNSCALE to FINAL 96x96 PNG. FINAL IMAGE SPECS: 96x96 PNG, transparent background, indexed palette (max 256 colors), TARGET FILE SIZE: under 5 KB per image. Use clean Pokemon-style line art, vibrant saturated colors, single creature centered in frame, tightly cropped to creature edges (no padding wider than 2px), no text or watermarks."
935,Zurgan,Wood,Earth,Rare,amorphous-elemental,Forest|Plains,day-preferred,Sunday,any,96x96,5,,,,,,"Pokemon-style monster creature named ""Zurgan"". RARITY TIER: Rare (complex form with dynamic pose, 3-4 detailed features, glowing accents). OUTPUT VIEWS: render three separate images per creature — (1) full-body front view, (2) three-quarter back view rotated ~135 degrees from front, (3) pure side-profile view. GENERATION RES: render at 512x512 for AI quality, then DOWNSCALE to FINAL 96x96 PNG. FINAL IMAGE SPECS: 96x96 PNG, transparent background, indexed palette (max 256 colors), TARGET FILE SIZE: under 5 KB per image. Use clean Pokemon-style line art, vibrant saturated colors, single creature centered in frame, tightly cropped to creature edges (no padding wider than 2px), no text or watermarks."
936,Frundrisdy,Metal,,Rare,beast,Cave|Castle|Harbor,any,Monday,any,96x96,5,,,,,,"Pokemon-style monster creature named ""Frundrisdy"". RARITY TIER: Rare (complex form with dynamic pose, 3-4 detailed features, glowing accents). OUTPUT VIEWS: render three separate images per creature — (1) full-body front view, (2) three-quarter back view rotated ~135 degrees from front, (3) pure side-profile view. GENERATION RES: render at 512x512 for AI quality, then DOWNSCALE to FINAL 96x96 PNG. FINAL IMAGE SPECS: 96x96 PNG, transparent background, indexed palette (max 256 colors), TARGET FILE SIZE: under 5 KB per image. Use clean Pokemon-style line art, vibrant saturated colors, single creature centered in frame, tightly cropped to creature edges (no padding wider than 2px), no text or watermarks."
937,Gorviad,Storm,Metal,Rare,reptile,Beach|Mountain,any,Thursday,Rain,96x96,5,,,,,,"Pokemon-style monster creature named ""Gorviad"". RARITY TIER: Rare (complex form with dynamic pose, 3-4 detailed features, glowing accents). OUTPUT VIEWS: render three separate images per creature — (1) full-body front view, (2) three-quarter back view rotated ~135 degrees from front, (3) pure side-profile view. GENERATION RES: render at 512x512 for AI quality, then DOWNSCALE to FINAL 96x96 PNG. FINAL IMAGE SPECS: 96x96 PNG, transparent background, indexed palette (max 256 colors), TARGET FILE SIZE: under 5 KB per image. Use clean Pokemon-style line art, vibrant saturated colors, single creature centered in frame, tightly cropped to creature edges (no padding wider than 2px), no text or watermarks."
938,Pursen,Wind,Venom,Rare,spirit-form,Plains|Mountain,any,Friday,Foehn,96x96,5,,,,,,"Pokemon-style monster creature named ""Pursen"". RARITY TIER: Rare (complex form with dynamic pose, 3-4 detailed features, glowing accents). OUTPUT VIEWS: render three separate images per creature — (1) full-body front view, (2) three-quarter back view rotated ~135 degrees from front, (3) pure side-profile view. GENERATION RES: render at 512x512 for AI quality, then DOWNSCALE to FINAL 96x96 PNG. FINAL IMAGE SPECS: 96x96 PNG, transparent background, indexed palette (max 256 colors), TARGET FILE SIZE: under 5 KB per image. Use clean Pokemon-style line art, vibrant saturated colors, single creature centered in frame, tightly cropped to creature edges (no padding wider than 2px), no text or watermarks."
939,Ymbaintys,Shadow,,Rare,bipedal-humanoid,Cave|Marsh|Sanctum,night-only,Wednesday,Fog,96x96,5,,,,,,"Pokemon-style monster creature named ""Ymbaintys"". RARITY TIER: Rare (complex form with dynamic pose, 3-4 detailed features, glowing accents). OUTPUT VIEWS: render three separate images per creature — (1) full-body front view, (2) three-quarter back view rotated ~135 degrees from front, (3) pure side-profile view. GENERATION RES: render at 512x512 for AI quality, then DOWNSCALE to FINAL 96x96 PNG. FINAL IMAGE SPECS: 96x96 PNG, transparent background, indexed palette (max 256 colors), TARGET FILE SIZE: under 5 KB per image. Use clean Pokemon-style line art, vibrant saturated colors, single creature centered in frame, tightly cropped to creature edges (no padding wider than 2px), no text or watermarks."
940,Gimbim,Light,Crystal,Rare,reptile,Castle|Sanctum|Town,day-only,Tuesday,any,96x96,5,,,,,,"Pokemon-style monster creature named ""Gimbim"". RARITY TIER: Rare (complex form with dynamic pose, 3-4 detailed features, glowing accents). OUTPUT VIEWS: render three separate images per creature — (1) full-body front view, (2) three-quarter back view rotated ~135 degrees from front, (3) pure side-profile view. GENERATION RES: render at 512x512 for AI quality, then DOWNSCALE to FINAL 96x96 PNG. FINAL IMAGE SPECS: 96x96 PNG, transparent background, indexed palette (max 256 colors), TARGET FILE SIZE: under 5 KB per image. Use clean Pokemon-style line art, vibrant saturated colors, single creature centered in frame, tightly cropped to creature edges (no padding wider than 2px), no text or watermarks."
941,Kylbodar,Venom,,Rare,bipedal-humanoid,Marsh|Cave|Sanctum,dawn-dusk-only,Saturday,any,96x96,5,,,,,,"Pokemon-style monster creature named ""Kylbodar"". RARITY TIER: Rare (complex form with dynamic pose, 3-4 detailed features, glowing accents). OUTPUT VIEWS: render three separate images per creature — (1) full-body front view, (2) three-quarter back view rotated ~135 degrees from front, (3) pure side-profile view. GENERATION RES: render at 512x512 for AI quality, then DOWNSCALE to FINAL 96x96 PNG. FINAL IMAGE SPECS: 96x96 PNG, transparent background, indexed palette (max 256 colors), TARGET FILE SIZE: under 5 KB per image. Use clean Pokemon-style line art, vibrant saturated colors, single creature centered in frame, tightly cropped to creature edges (no padding wider than 2px), no text or watermarks."
942,Katairag,Cosmic,Mind,Rare,bipedal-humanoid,Sanctum|Mountain,night-only,Wednesday,any,96x96,5,,,,,,"Pokemon-style monster creature named ""Katairag"". RARITY TIER: Rare (complex form with dynamic pose, 3-4 detailed features, glowing accents). OUTPUT VIEWS: render three separate images per creature — (1) full-body front view, (2) three-quarter back view rotated ~135 degrees from front, (3) pure side-profile view. GENERATION RES: render at 512x512 for AI quality, then DOWNSCALE to FINAL 96x96 PNG. FINAL IMAGE SPECS: 96x96 PNG, transparent background, indexed palette (max 256 colors), TARGET FILE SIZE: under 5 KB per image. Use clean Pokemon-style line art, vibrant saturated colors, single creature centered in frame, tightly cropped to creature edges (no padding wider than 2px), no text or watermarks."
943,Norsentiag,Aether,Cosmic,Rare,reptile,Sanctum|Town,any,any,any,96x96,5,,,,,,"Pokemon-style monster creature named ""Norsentiag"". RARITY TIER: Rare (complex form with dynamic pose, 3-4 detailed features, glowing accents). OUTPUT VIEWS: render three separate images per creature — (1) full-body front view, (2) three-quarter back view rotated ~135 degrees from front, (3) pure side-profile view. GENERATION RES: render at 512x512 for AI quality, then DOWNSCALE to FINAL 96x96 PNG. FINAL IMAGE SPECS: 96x96 PNG, transparent background, indexed palette (max 256 colors), TARGET FILE SIZE: under 5 KB per image. Use clean Pokemon-style line art, vibrant saturated colors, single creature centered in frame, tightly cropped to creature edges (no padding wider than 2px), no text or watermarks."
944,Qenurriam,Dream,,Rare,quadruped,Forest|Sanctum,night-only,Wednesday,any,96x96,5,,,,,,"Pokemon-style monster creature named ""Qenurriam"". RARITY TIER: Rare (complex form with dynamic pose, 3-4 detailed features, glowing accents). OUTPUT VIEWS: render three separate images per creature — (1) full-body front view, (2) three-quarter back view rotated ~135 degrees from front, (3) pure side-profile view. GENERATION RES: render at 512x512 for AI quality, then DOWNSCALE to FINAL 96x96 PNG. FINAL IMAGE SPECS: 96x96 PNG, transparent background, indexed palette (max 256 colors), TARGET FILE SIZE: under 5 KB per image. Use clean Pokemon-style line art, vibrant saturated colors, single creature centered in frame, tightly cropped to creature edges (no padding wider than 2px), no text or watermarks."
945,Usim,Mind,Sound,Rare,reptile,Castle|Sanctum,any,Wednesday,any,96x96,5,,,,,,"Pokemon-style monster creature named ""Usim"". RARITY TIER: Rare (complex form with dynamic pose, 3-4 detailed features, glowing accents). OUTPUT VIEWS: render three separate images per creature — (1) full-body front view, (2) three-quarter back view rotated ~135 degrees from front, (3) pure side-profile view. GENERATION RES: render at 512x512 for AI quality, then DOWNSCALE to FINAL 96x96 PNG. FINAL IMAGE SPECS: 96x96 PNG, transparent background, indexed palette (max 256 colors), TARGET FILE SIZE: under 5 KB per image. Use clean Pokemon-style line art, vibrant saturated colors, single creature centered in frame, tightly cropped to creature edges (no padding wider than 2px), no text or watermarks."
946,Tumru,Sound,,Rare,beast,Forest|Town,any,Thursday,any,96x96,5,,,,,,"Pokemon-style monster creature named ""Tumru"". RARITY TIER: Rare (complex form with dynamic pose, 3-4 detailed features, glowing accents). OUTPUT VIEWS: render three separate images per creature — (1) full-body front view, (2) three-quarter back view rotated ~135 degrees from front, (3) pure side-profile view. GENERATION RES: render at 512x512 for AI quality, then DOWNSCALE to FINAL 96x96 PNG. FINAL IMAGE SPECS: 96x96 PNG, transparent background, indexed palette (max 256 colors), TARGET FILE SIZE: under 5 KB per image. Use clean Pokemon-style line art, vibrant saturated colors, single creature centered in frame, tightly cropped to creature edges (no padding wider than 2px), no text or watermarks."
947,Dozem,Time,Aether,Rare,bipedal-humanoid,Sanctum|Cave,any,any,any,96x96,5,,,,,,"Pokemon-style monster creature named ""Dozem"". RARITY TIER: Rare (complex form with dynamic pose, 3-4 detailed features, glowing accents). OUTPUT VIEWS: render three separate images per creature — (1) full-body front view, (2) three-quarter back view rotated ~135 degrees from front, (3) pure side-profile view. GENERATION RES: render at 512x512 for AI quality, then DOWNSCALE to FINAL 96x96 PNG. FINAL IMAGE SPECS: 96x96 PNG, transparent background, indexed palette (max 256 colors), TARGET FILE SIZE: under 5 KB per image. Use clean Pokemon-style line art, vibrant saturated colors, single creature centered in frame, tightly cropped to creature edges (no padding wider than 2px), no text or watermarks."
948,Giananted,Crystal,Earth,Rare,insect,Cave|Mountain|WaterSurface,any,Monday,any,96x96,5,Ghoguin,,,,,"Pokemon-style monster creature named ""Giananted"". RARITY TIER: Rare (complex form with dynamic pose, 3-4 detailed features, glowing accents). EVOLUTION CHAIN: stage 2 of 2 (chain ""crystal_chain_8""). Pre-evolution: ""Ghoguin"" — this creature evolved FROM ""Ghoguin"". Preserve a recognizably similar body shape and family identity to ""Ghoguin"", but with extra detail layers, larger size (~10-15%), upgraded markings, more pronounced presence. Maintain visual continuity across the entire 2-stage chain — same family identity, recognizable shape across stages. OUTPUT VIEWS: render three separate images per creature — (1) full-body front view, (2) three-quarter back view rotated ~135 degrees from front, (3) pure side-profile view. GENERATION RES: render at 512x512 for AI quality, then DOWNSCALE to FINAL 96x96 PNG. FINAL IMAGE SPECS: 96x96 PNG, transparent background, indexed palette (max 256 colors), TARGET FILE SIZE: under 5 KB per image. Use clean Pokemon-style line art, vibrant saturated colors, single creature centered in frame, tightly cropped to creature edges (no padding wider than 2px), no text or watermarks."
949,Qyvros,Blood,,Rare,quadruped,Castle|Sanctum|Cave,any,Saturday,any,96x96,5,,,,,,"Pokemon-style monster creature named ""Qyvros"". RARITY TIER: Rare (complex form with dynamic pose, 3-4 detailed features, glowing accents). OUTPUT VIEWS: render three separate images per creature — (1) full-body front view, (2) three-quarter back view rotated ~135 degrees from front, (3) pure side-profile view. GENERATION RES: render at 512x512 for AI quality, then DOWNSCALE to FINAL 96x96 PNG. FINAL IMAGE SPECS: 96x96 PNG, transparent background, indexed palette (max 256 colors), TARGET FILE SIZE: under 5 KB per image. Use clean Pokemon-style line art, vibrant saturated colors, single creature centered in frame, tightly cropped to creature edges (no padding wider than 2px), no text or watermarks."
950,Gemranth,Fire,Ice,VeryRare,insect,Desert|Cave,any,Saturday,Heat,96x96,5,,,,,,"Pokemon-style monster creature named ""Gemranth"". RARITY TIER: VeryRare (ornate design, multiple flourishes, regal/imposing stance, partial luminescence). OUTPUT VIEWS: render three separate images per creature — (1) full-body front view, (2) three-quarter back view rotated ~135 degrees from front, (3) pure side-profile view. GENERATION RES: render at 512x512 for AI quality, then DOWNSCALE to FINAL 96x96 PNG. FINAL IMAGE SPECS: 96x96 PNG, transparent background, indexed palette (max 256 colors), TARGET FILE SIZE: under 5 KB per image. Use clean Pokemon-style line art, vibrant saturated colors, single creature centered in frame, tightly cropped to creature edges (no padding wider than 2px), no text or watermarks."
951,Mylroi,Water,,VeryRare,beast,Beach|Harbor|Marsh,any,Friday,Rain,96x96,5,,,,,,"Pokemon-style monster creature named ""Mylroi"". RARITY TIER: VeryRare (ornate design, multiple flourishes, regal/imposing stance, partial luminescence). OUTPUT VIEWS: render three separate images per creature — (1) full-body front view, (2) three-quarter back view rotated ~135 degrees from front, (3) pure side-profile view. GENERATION RES: render at 512x512 for AI quality, then DOWNSCALE to FINAL 96x96 PNG. FINAL IMAGE SPECS: 96x96 PNG, transparent background, indexed palette (max 256 colors), TARGET FILE SIZE: under 5 KB per image. Use clean Pokemon-style line art, vibrant saturated colors, single creature centered in frame, tightly cropped to creature edges (no padding wider than 2px), no text or watermarks."
952,Cherdorurth,Ice,Earth,VeryRare,quadruped,Mountain|WaterSurface,any,Wednesday,Snow,96x96,5,,Chimemingo,level,10,20,"Pokemon-style monster creature named ""Cherdorurth"". RARITY TIER: VeryRare (ornate design, multiple flourishes, regal/imposing stance, partial luminescence). EVOLUTION CHAIN: stage 1 of 2 (chain ""ice_chain_5""). Evolves INTO: ""Chimemingo"" (trigger: level, guaranteed by lvl 20). Foreshadow features that will become more prominent in ""Chimemingo"" — keep family identity consistent so the next stage feels like a natural maturation, not a different creature. Maintain visual continuity across the entire 2-stage chain — same family identity, recognizable shape across stages. OUTPUT VIEWS: render three separate images per creature — (1) full-body front view, (2) three-quarter back view rotated ~135 degrees from front, (3) pure side-profile view. GENERATION RES: render at 512x512 for AI quality, then DOWNSCALE to FINAL 96x96 PNG. FINAL IMAGE SPECS: 96x96 PNG, transparent background, indexed palette (max 256 colors), TARGET FILE SIZE: under 5 KB per image. Use clean Pokemon-style line art, vibrant saturated colors, single creature centered in frame, tightly cropped to creature edges (no padding wider than 2px), no text or watermarks."
953,Tomrenteinth,Earth,Storm,VeryRare,beast,Forest|Mountain|Desert,any,Sunday,any,96x96,5,,,,,,"Pokemon-style monster creature named ""Tomrenteinth"". RARITY TIER: VeryRare (ornate design, multiple flourishes, regal/imposing stance, partial luminescence). OUTPUT VIEWS: render three separate images per creature — (1) full-body front view, (2) three-quarter back view rotated ~135 degrees from front, (3) pure side-profile view. GENERATION RES: render at 512x512 for AI quality, then DOWNSCALE to FINAL 96x96 PNG. FINAL IMAGE SPECS: 96x96 PNG, transparent background, indexed palette (max 256 colors), TARGET FILE SIZE: under 5 KB per image. Use clean Pokemon-style line art, vibrant saturated colors, single creature centered in frame, tightly cropped to creature edges (no padding wider than 2px), no text or watermarks."
954,Biemborth,Wood,,VeryRare,spirit-form,Forest|Plains,day-preferred,Sunday,any,96x96,5,,Bisotto,weather_rain,10,20,"Pokemon-style monster creature named ""Biemborth"". RARITY TIER: VeryRare (ornate design, multiple flourishes, regal/imposing stance, partial luminescence). EVOLUTION CHAIN: stage 1 of 2 (chain ""wood_chain_3""). Evolves INTO: ""Bisotto"" (trigger: weather_rain, guaranteed by lvl 20). Foreshadow features that will become more prominent in ""Bisotto"" — keep family identity consistent so the next stage feels like a natural maturation, not a different creature. Maintain visual continuity across the entire 2-stage chain — same family identity, recognizable shape across stages. OUTPUT VIEWS: render three separate images per creature — (1) full-body front view, (2) three-quarter back view rotated ~135 degrees from front, (3) pure side-profile view. GENERATION RES: render at 512x512 for AI quality, then DOWNSCALE to FINAL 96x96 PNG. FINAL IMAGE SPECS: 96x96 PNG, transparent background, indexed palette (max 256 colors), TARGET FILE SIZE: under 5 KB per image. Use clean Pokemon-style line art, vibrant saturated colors, single creature centered in frame, tightly cropped to creature edges (no padding wider than 2px), no text or watermarks."
955,Qoirgeinth,Metal,Wind,VeryRare,quadruped,Cave|Castle|Harbor,any,Monday,any,96x96,5,,,,,,"Pokemon-style monster creature named ""Qoirgeinth"". RARITY TIER: VeryRare (ornate design, multiple flourishes, regal/imposing stance, partial luminescence). OUTPUT VIEWS: render three separate images per creature — (1) full-body front view, (2) three-quarter back view rotated ~135 degrees from front, (3) pure side-profile view. GENERATION RES: render at 512x512 for AI quality, then DOWNSCALE to FINAL 96x96 PNG. FINAL IMAGE SPECS: 96x96 PNG, transparent background, indexed palette (max 256 colors), TARGET FILE SIZE: under 5 KB per image. Use clean Pokemon-style line art, vibrant saturated colors, single creature centered in frame, tightly cropped to creature edges (no padding wider than 2px), no text or watermarks."
956,Nindainth,Storm,,VeryRare,reptile,Beach|Mountain,any,Thursday,Rain,96x96,5,,,,,,"Pokemon-style monster creature named ""Nindainth"". RARITY TIER: VeryRare (ornate design, multiple flourishes, regal/imposing stance, partial luminescence). OUTPUT VIEWS: render three separate images per creature — (1) full-body front view, (2) three-quarter back view rotated ~135 degrees from front, (3) pure side-profile view. GENERATION RES: render at 512x512 for AI quality, then DOWNSCALE to FINAL 96x96 PNG. FINAL IMAGE SPECS: 96x96 PNG, transparent background, indexed palette (max 256 colors), TARGET FILE SIZE: under 5 KB per image. Use clean Pokemon-style line art, vibrant saturated colors, single creature centered in frame, tightly cropped to creature edges (no padding wider than 2px), no text or watermarks."
957,Gyrgess,Wind,Wood,VeryRare,reptile,Plains|Mountain,any,Friday,Foehn,96x96,5,,,,,,"Pokemon-style monster creature named ""Gyrgess"". RARITY TIER: VeryRare (ornate design, multiple flourishes, regal/imposing stance, partial luminescence). OUTPUT VIEWS: render three separate images per creature — (1) full-body front view, (2) three-quarter back view rotated ~135 degrees from front, (3) pure side-profile view. GENERATION RES: render at 512x512 for AI quality, then DOWNSCALE to FINAL 96x96 PNG. FINAL IMAGE SPECS: 96x96 PNG, transparent background, indexed palette (max 256 colors), TARGET FILE SIZE: under 5 KB per image. Use clean Pokemon-style line art, vibrant saturated colors, single creature centered in frame, tightly cropped to creature edges (no padding wider than 2px), no text or watermarks."
958,Posass,Shadow,Dream,VeryRare,spirit-form,Cave|Marsh|Sanctum,night-only,Wednesday,Fog,96x96,5,,,,,,"Pokemon-style monster creature named ""Posass"". RARITY TIER: VeryRare (ornate design, multiple flourishes, regal/imposing stance, partial luminescence). OUTPUT VIEWS: render three separate images per creature — (1) full-body front view, (2) three-quarter back view rotated ~135 degrees from front, (3) pure side-profile view. GENERATION RES: render at 512x512 for AI quality, then DOWNSCALE to FINAL 96x96 PNG. FINAL IMAGE SPECS: 96x96 PNG, transparent background, indexed palette (max 256 colors), TARGET FILE SIZE: under 5 KB per image. Use clean Pokemon-style line art, vibrant saturated colors, single creature centered in frame, tightly cropped to creature edges (no padding wider than 2px), no text or watermarks."
959,Unosder,Light,,VeryRare,reptile,Castle|Sanctum|Town,day-only,Tuesday,any,96x96,5,,,,,,"Pokemon-style monster creature named ""Unosder"". RARITY TIER: VeryRare (ornate design, multiple flourishes, regal/imposing stance, partial luminescence). OUTPUT VIEWS: render three separate images per creature — (1) full-body front view, (2) three-quarter back view rotated ~135 degrees from front, (3) pure side-profile view. GENERATION RES: render at 512x512 for AI quality, then DOWNSCALE to FINAL 96x96 PNG. FINAL IMAGE SPECS: 96x96 PNG, transparent background, indexed palette (max 256 colors), TARGET FILE SIZE: under 5 KB per image. Use clean Pokemon-style line art, vibrant saturated colors, single creature centered in frame, tightly cropped to creature edges (no padding wider than 2px), no text or watermarks."
960,Kagit,Venom,Wood,VeryRare,bipedal-humanoid,Marsh|Cave|Sanctum,dawn-dusk-only,Saturday,any,96x96,5,,,,,,"Pokemon-style monster creature named ""Kagit"". RARITY TIER: VeryRare (ornate design, multiple flourishes, regal/imposing stance, partial luminescence). OUTPUT VIEWS: render three separate images per creature — (1) full-body front view, (2) three-quarter back view rotated ~135 degrees from front, (3) pure side-profile view. GENERATION RES: render at 512x512 for AI quality, then DOWNSCALE to FINAL 96x96 PNG. FINAL IMAGE SPECS: 96x96 PNG, transparent background, indexed palette (max 256 colors), TARGET FILE SIZE: under 5 KB per image. Use clean Pokemon-style line art, vibrant saturated colors, single creature centered in frame, tightly cropped to creature edges (no padding wider than 2px), no text or watermarks."
961,Xyndyn,Cosmic,,VeryRare,quadruped,Sanctum|Mountain,night-only,Wednesday,any,96x96,5,,,,,,"Pokemon-style monster creature named ""Xyndyn"". RARITY TIER: VeryRare (ornate design, multiple flourishes, regal/imposing stance, partial luminescence). OUTPUT VIEWS: render three separate images per creature — (1) full-body front view, (2) three-quarter back view rotated ~135 degrees from front, (3) pure side-profile view. GENERATION RES: render at 512x512 for AI quality, then DOWNSCALE to FINAL 96x96 PNG. FINAL IMAGE SPECS: 96x96 PNG, transparent background, indexed palette (max 256 colors), TARGET FILE SIZE: under 5 KB per image. Use clean Pokemon-style line art, vibrant saturated colors, single creature centered in frame, tightly cropped to creature edges (no padding wider than 2px), no text or watermarks."
962,Girder,Aether,Venom,VeryRare,reptile,Sanctum|Town,any,any,any,96x96,5,Ghostrich,Glacitile,weather_rain,30,45,"Pokemon-style monster creature named ""Girder"". RARITY TIER: VeryRare (ornate design, multiple flourishes, regal/imposing stance, partial luminescence). EVOLUTION CHAIN: stage 2 of 3 (chain ""aether_chain_6""). Pre-evolution: ""Ghostrich"" — this creature evolved FROM ""Ghostrich"". Preserve a recognizably similar body shape and family identity to ""Ghostrich"", but with extra detail layers, larger size (~10-15%), upgraded markings, more pronounced presence. Evolves INTO: ""Glacitile"" (trigger: weather_rain, guaranteed by lvl 45). Foreshadow features that will become more prominent in ""Glacitile"" — keep family identity consistent so the next stage feels like a natural maturation, not a different creature. Maintain visual continuity across the entire 3-stage chain — same family identity, recognizable shape across stages. OUTPUT VIEWS: render three separate images per creature — (1) full-body front view, (2) three-quarter back view rotated ~135 degrees from front, (3) pure side-profile view. GENERATION RES: render at 512x512 for AI quality, then DOWNSCALE to FINAL 96x96 PNG. FINAL IMAGE SPECS: 96x96 PNG, transparent background, indexed palette (max 256 colors), TARGET FILE SIZE: under 5 KB per image. Use clean Pokemon-style line art, vibrant saturated colors, single creature centered in frame, tightly cropped to creature edges (no padding wider than 2px), no text or watermarks."
963,Carsyrth,Dream,Mind,VeryRare,quadruped,Forest|Sanctum,night-only,Wednesday,any,96x96,5,,Charpie,moon_full,10,20,"Pokemon-style monster creature named ""Carsyrth"". RARITY TIER: VeryRare (ornate design, multiple flourishes, regal/imposing stance, partial luminescence). EVOLUTION CHAIN: stage 1 of 2 (chain ""dream_chain_3""). Evolves INTO: ""Charpie"" (trigger: moon_full, guaranteed by lvl 20). Foreshadow features that will become more prominent in ""Charpie"" — keep family identity consistent so the next stage feels like a natural maturation, not a different creature. Maintain visual continuity across the entire 2-stage chain — same family identity, recognizable shape across stages. OUTPUT VIEWS: render three separate images per creature — (1) full-body front view, (2) three-quarter back view rotated ~135 degrees from front, (3) pure side-profile view. GENERATION RES: render at 512x512 for AI quality, then DOWNSCALE to FINAL 96x96 PNG. FINAL IMAGE SPECS: 96x96 PNG, transparent background, indexed palette (max 256 colors), TARGET FILE SIZE: under 5 KB per image. Use clean Pokemon-style line art, vibrant saturated colors, single creature centered in frame, tightly cropped to creature edges (no padding wider than 2px), no text or watermarks."
964,Tinym,Mind,,VeryRare,beast,Castle|Sanctum,any,Wednesday,any,96x96,5,,,,,,"Pokemon-style monster creature named ""Tinym"". RARITY TIER: VeryRare (ornate design, multiple flourishes, regal/imposing stance, partial luminescence). OUTPUT VIEWS: render three separate images per creature — (1) full-body front view, (2) three-quarter back view rotated ~135 degrees from front, (3) pure side-profile view. GENERATION RES: render at 512x512 for AI quality, then DOWNSCALE to FINAL 96x96 PNG. FINAL IMAGE SPECS: 96x96 PNG, transparent background, indexed palette (max 256 colors), TARGET FILE SIZE: under 5 KB per image. Use clean Pokemon-style line art, vibrant saturated colors, single creature centered in frame, tightly cropped to creature edges (no padding wider than 2px), no text or watermarks."
965,Chimmyn,Sound,Crystal,VeryRare,quadruped,Forest|Town,any,Thursday,any,96x96,5,Chamelix,,,,,"Pokemon-style monster creature named ""Chimmyn"". RARITY TIER: VeryRare (ornate design, multiple flourishes, regal/imposing stance, partial luminescence). EVOLUTION CHAIN: stage 2 of 2 (chain ""sound_chain_8""). Pre-evolution: ""Chamelix"" — this creature evolved FROM ""Chamelix"". Preserve a recognizably similar body shape and family identity to ""Chamelix"", but with extra detail layers, larger size (~10-15%), upgraded markings, more pronounced presence. Maintain visual continuity across the entire 2-stage chain — same family identity, recognizable shape across stages. OUTPUT VIEWS: render three separate images per creature — (1) full-body front view, (2) three-quarter back view rotated ~135 degrees from front, (3) pure side-profile view. GENERATION RES: render at 512x512 for AI quality, then DOWNSCALE to FINAL 96x96 PNG. FINAL IMAGE SPECS: 96x96 PNG, transparent background, indexed palette (max 256 colors), TARGET FILE SIZE: under 5 KB per image. Use clean Pokemon-style line art, vibrant saturated colors, single creature centered in frame, tightly cropped to creature edges (no padding wider than 2px), no text or watermarks."
966,Fretharron,Time,,VeryRare,beast,Sanctum|Cave,any,any,any,96x96,5,,,,,,"Pokemon-style monster creature named ""Fretharron"". RARITY TIER: VeryRare (ornate design, multiple flourishes, regal/imposing stance, partial luminescence). OUTPUT VIEWS: render three separate images per creature — (1) full-body front view, (2) three-quarter back view rotated ~135 degrees from front, (3) pure side-profile view. GENERATION RES: render at 512x512 for AI quality, then DOWNSCALE to FINAL 96x96 PNG. FINAL IMAGE SPECS: 96x96 PNG, transparent background, indexed palette (max 256 colors), TARGET FILE SIZE: under 5 KB per image. Use clean Pokemon-style line art, vibrant saturated colors, single creature centered in frame, tightly cropped to creature edges (no padding wider than 2px), no text or watermarks."
967,Kendriass,Crystal,Storm,VeryRare,bipedal-humanoid,Cave|Mountain|WaterSurface,any,Monday,any,96x96,5,,,,,,"Pokemon-style monster creature named ""Kendriass"". RARITY TIER: VeryRare (ornate design, multiple flourishes, regal/imposing stance, partial luminescence). OUTPUT VIEWS: render three separate images per creature — (1) full-body front view, (2) three-quarter back view rotated ~135 degrees from front, (3) pure side-profile view. GENERATION RES: render at 512x512 for AI quality, then DOWNSCALE to FINAL 96x96 PNG. FINAL IMAGE SPECS: 96x96 PNG, transparent background, indexed palette (max 256 colors), TARGET FILE SIZE: under 5 KB per image. Use clean Pokemon-style line art, vibrant saturated colors, single creature centered in frame, tightly cropped to creature edges (no padding wider than 2px), no text or watermarks."
968,Pirgod,Blood,Aether,VeryRare,spirit-form,Castle|Sanctum|Cave,any,Saturday,any,96x96,5,,,,,,"Pokemon-style monster creature named ""Pirgod"". RARITY TIER: VeryRare (ornate design, multiple flourishes, regal/imposing stance, partial luminescence). OUTPUT VIEWS: render three separate images per creature — (1) full-body front view, (2) three-quarter back view rotated ~135 degrees from front, (3) pure side-profile view. GENERATION RES: render at 512x512 for AI quality, then DOWNSCALE to FINAL 96x96 PNG. FINAL IMAGE SPECS: 96x96 PNG, transparent background, indexed palette (max 256 colors), TARGET FILE SIZE: under 5 KB per image. Use clean Pokemon-style line art, vibrant saturated colors, single creature centered in frame, tightly cropped to creature edges (no padding wider than 2px), no text or watermarks."
969,Xiddrirro,Fire,,VeryRare,quadruped,Desert|Cave,any,Saturday,Heat,96x96,5,,,,,,"Pokemon-style monster creature named ""Xiddrirro"". RARITY TIER: VeryRare (ornate design, multiple flourishes, regal/imposing stance, partial luminescence). OUTPUT VIEWS: render three separate images per creature — (1) full-body front view, (2) three-quarter back view rotated ~135 degrees from front, (3) pure side-profile view. GENERATION RES: render at 512x512 for AI quality, then DOWNSCALE to FINAL 96x96 PNG. FINAL IMAGE SPECS: 96x96 PNG, transparent background, indexed palette (max 256 colors), TARGET FILE SIZE: under 5 KB per image. Use clean Pokemon-style line art, vibrant saturated colors, single creature centered in frame, tightly cropped to creature edges (no padding wider than 2px), no text or watermarks."
970,Nendrunos,Water,Storm,VeryRare,reptile,Beach|Harbor|Marsh,any,Friday,Rain,96x96,5,,,,,,"Pokemon-style monster creature named ""Nendrunos"". RARITY TIER: VeryRare (ornate design, multiple flourishes, regal/imposing stance, partial luminescence). OUTPUT VIEWS: render three separate images per creature — (1) full-body front view, (2) three-quarter back view rotated ~135 degrees from front, (3) pure side-profile view. GENERATION RES: render at 512x512 for AI quality, then DOWNSCALE to FINAL 96x96 PNG. FINAL IMAGE SPECS: 96x96 PNG, transparent background, indexed palette (max 256 colors), TARGET FILE SIZE: under 5 KB per image. Use clean Pokemon-style line art, vibrant saturated colors, single creature centered in frame, tightly cropped to creature edges (no padding wider than 2px), no text or watermarks."
971,Camrycrin,Ice,,VeryRare,quadruped,Mountain|WaterSurface,any,Wednesday,Snow,96x96,5,Belleleon,,,,,"Pokemon-style monster creature named ""Camrycrin"". RARITY TIER: VeryRare (ornate design, multiple flourishes, regal/imposing stance, partial luminescence). EVOLUTION CHAIN: stage 2 of 2 (chain ""ice_chain_3""). Pre-evolution: ""Belleleon"" — this creature evolved FROM ""Belleleon"". Preserve a recognizably similar body shape and family identity to ""Belleleon"", but with extra detail layers, larger size (~10-15%), upgraded markings, more pronounced presence. Maintain visual continuity across the entire 2-stage chain — same family identity, recognizable shape across stages. OUTPUT VIEWS: render three separate images per creature — (1) full-body front view, (2) three-quarter back view rotated ~135 degrees from front, (3) pure side-profile view. GENERATION RES: render at 512x512 for AI quality, then DOWNSCALE to FINAL 96x96 PNG. FINAL IMAGE SPECS: 96x96 PNG, transparent background, indexed palette (max 256 colors), TARGET FILE SIZE: under 5 KB per image. Use clean Pokemon-style line art, vibrant saturated colors, single creature centered in frame, tightly cropped to creature edges (no padding wider than 2px), no text or watermarks."
972,Yseom,Earth,Fire,VeryRare,bipedal-humanoid,Forest|Mountain|Desert,any,Sunday,any,96x96,5,,,,,,"Pokemon-style monster creature named ""Yseom"". RARITY TIER: VeryRare (ornate design, multiple flourishes, regal/imposing stance, partial luminescence). OUTPUT VIEWS: render three separate images per creature — (1) full-body front view, (2) three-quarter back view rotated ~135 degrees from front, (3) pure side-profile view. GENERATION RES: render at 512x512 for AI quality, then DOWNSCALE to FINAL 96x96 PNG. FINAL IMAGE SPECS: 96x96 PNG, transparent background, indexed palette (max 256 colors), TARGET FILE SIZE: under 5 KB per image. Use clean Pokemon-style line art, vibrant saturated colors, single creature centered in frame, tightly cropped to creature edges (no padding wider than 2px), no text or watermarks."
973,Frergynonth,Wood,Sound,VeryRare,beast,Forest|Plains,day-preferred,Sunday,any,96x96,5,,,,,,"Pokemon-style monster creature named ""Frergynonth"". RARITY TIER: VeryRare (ornate design, multiple flourishes, regal/imposing stance, partial luminescence). OUTPUT VIEWS: render three separate images per creature — (1) full-body front view, (2) three-quarter back view rotated ~135 degrees from front, (3) pure side-profile view. GENERATION RES: render at 512x512 for AI quality, then DOWNSCALE to FINAL 96x96 PNG. FINAL IMAGE SPECS: 96x96 PNG, transparent background, indexed palette (max 256 colors), TARGET FILE SIZE: under 5 KB per image. Use clean Pokemon-style line art, vibrant saturated colors, single creature centered in frame, tightly cropped to creature edges (no padding wider than 2px), no text or watermarks."
974,Zymrerth,Metal,,VeryRare,amorphous-elemental,Cave|Castle|Harbor,any,Monday,any,96x96,5,,,,,,"Pokemon-style monster creature named ""Zymrerth"". RARITY TIER: VeryRare (ornate design, multiple flourishes, regal/imposing stance, partial luminescence). OUTPUT VIEWS: render three separate images per creature — (1) full-body front view, (2) three-quarter back view rotated ~135 degrees from front, (3) pure side-profile view. GENERATION RES: render at 512x512 for AI quality, then DOWNSCALE to FINAL 96x96 PNG. FINAL IMAGE SPECS: 96x96 PNG, transparent background, indexed palette (max 256 colors), TARGET FILE SIZE: under 5 KB per image. Use clean Pokemon-style line art, vibrant saturated colors, single creature centered in frame, tightly cropped to creature edges (no padding wider than 2px), no text or watermarks."
975,Grughyss,Storm,Water,VeryRare,reptile,Beach|Mountain,any,Thursday,Rain,96x96,5,,,,,,"Pokemon-style monster creature named ""Grughyss"". RARITY TIER: VeryRare (ornate design, multiple flourishes, regal/imposing stance, partial luminescence). OUTPUT VIEWS: render three separate images per creature — (1) full-body front view, (2) three-quarter back view rotated ~135 degrees from front, (3) pure side-profile view. GENERATION RES: render at 512x512 for AI quality, then DOWNSCALE to FINAL 96x96 PNG. FINAL IMAGE SPECS: 96x96 PNG, transparent background, indexed palette (max 256 colors), TARGET FILE SIZE: under 5 KB per image. Use clean Pokemon-style line art, vibrant saturated colors, single creature centered in frame, tightly cropped to creature edges (no padding wider than 2px), no text or watermarks."
976,Polriat,Wind,,VeryRare,spirit-form,Plains|Mountain,any,Friday,Foehn,96x96,5,,,,,,"Pokemon-style monster creature named ""Polriat"". RARITY TIER: VeryRare (ornate design, multiple flourishes, regal/imposing stance, partial luminescence). OUTPUT VIEWS: render three separate images per creature — (1) full-body front view, (2) three-quarter back view rotated ~135 degrees from front, (3) pure side-profile view. GENERATION RES: render at 512x512 for AI quality, then DOWNSCALE to FINAL 96x96 PNG. FINAL IMAGE SPECS: 96x96 PNG, transparent background, indexed palette (max 256 colors), TARGET FILE SIZE: under 5 KB per image. Use clean Pokemon-style line art, vibrant saturated colors, single creature centered in frame, tightly cropped to creature edges (no padding wider than 2px), no text or watermarks."
977,Xorvurro,Shadow,Light,VeryRare,quadruped,Cave|Marsh|Sanctum,night-only,Wednesday,Fog,96x96,5,,,,,,"Pokemon-style monster creature named ""Xorvurro"". RARITY TIER: VeryRare (ornate design, multiple flourishes, regal/imposing stance, partial luminescence). OUTPUT VIEWS: render three separate images per creature — (1) full-body front view, (2) three-quarter back view rotated ~135 degrees from front, (3) pure side-profile view. GENERATION RES: render at 512x512 for AI quality, then DOWNSCALE to FINAL 96x96 PNG. FINAL IMAGE SPECS: 96x96 PNG, transparent background, indexed palette (max 256 colors), TARGET FILE SIZE: under 5 KB per image. Use clean Pokemon-style line art, vibrant saturated colors, single creature centered in frame, tightly cropped to creature edges (no padding wider than 2px), no text or watermarks."
978,Zesurth,Light,Shadow,VeryRare,amorphous-elemental,Castle|Sanctum|Town,day-only,Tuesday,any,96x96,5,,,,,,"Pokemon-style monster creature named ""Zesurth"". RARITY TIER: VeryRare (ornate design, multiple flourishes, regal/imposing stance, partial luminescence). OUTPUT VIEWS: render three separate images per creature — (1) full-body front view, (2) three-quarter back view rotated ~135 degrees from front, (3) pure side-profile view. GENERATION RES: render at 512x512 for AI quality, then DOWNSCALE to FINAL 96x96 PNG. FINAL IMAGE SPECS: 96x96 PNG, transparent background, indexed palette (max 256 colors), TARGET FILE SIZE: under 5 KB per image. Use clean Pokemon-style line art, vibrant saturated colors, single creature centered in frame, tightly cropped to creature edges (no padding wider than 2px), no text or watermarks."
979,Xegi,Venom,,VeryRare,quadruped,Marsh|Cave|Sanctum,dawn-dusk-only,Saturday,any,96x96,5,,,,,,"Pokemon-style monster creature named ""Xegi"". RARITY TIER: VeryRare (ornate design, multiple flourishes, regal/imposing stance, partial luminescence). OUTPUT VIEWS: render three separate images per creature — (1) full-body front view, (2) three-quarter back view rotated ~135 degrees from front, (3) pure side-profile view. GENERATION RES: render at 512x512 for AI quality, then DOWNSCALE to FINAL 96x96 PNG. FINAL IMAGE SPECS: 96x96 PNG, transparent background, indexed palette (max 256 colors), TARGET FILE SIZE: under 5 KB per image. Use clean Pokemon-style line art, vibrant saturated colors, single creature centered in frame, tightly cropped to creature edges (no padding wider than 2px), no text or watermarks."
980,Yzarrass,Cosmic,Light,VeryRare,bipedal-humanoid,Sanctum|Mountain,night-only,Wednesday,any,96x96,5,,,,,,"Pokemon-style monster creature named ""Yzarrass"". RARITY TIER: VeryRare (ornate design, multiple flourishes, regal/imposing stance, partial luminescence). OUTPUT VIEWS: render three separate images per creature — (1) full-body front view, (2) three-quarter back view rotated ~135 degrees from front, (3) pure side-profile view. GENERATION RES: render at 512x512 for AI quality, then DOWNSCALE to FINAL 96x96 PNG. FINAL IMAGE SPECS: 96x96 PNG, transparent background, indexed palette (max 256 colors), TARGET FILE SIZE: under 5 KB per image. Use clean Pokemon-style line art, vibrant saturated colors, single creature centered in frame, tightly cropped to creature edges (no padding wider than 2px), no text or watermarks."
981,Pimurir,Aether,,VeryRare,spirit-form,Sanctum|Town,any,any,any,96x96,5,,,,,,"Pokemon-style monster creature named ""Pimurir"". RARITY TIER: VeryRare (ornate design, multiple flourishes, regal/imposing stance, partial luminescence). OUTPUT VIEWS: render three separate images per creature — (1) full-body front view, (2) three-quarter back view rotated ~135 degrees from front, (3) pure side-profile view. GENERATION RES: render at 512x512 for AI quality, then DOWNSCALE to FINAL 96x96 PNG. FINAL IMAGE SPECS: 96x96 PNG, transparent background, indexed palette (max 256 colors), TARGET FILE SIZE: under 5 KB per image. Use clean Pokemon-style line art, vibrant saturated colors, single creature centered in frame, tightly cropped to creature edges (no padding wider than 2px), no text or watermarks."
982,Zese,Dream,Blood,VeryRare,amorphous-elemental,Forest|Sanctum,night-only,Wednesday,any,96x96,5,,,,,,"Pokemon-style monster creature named ""Zese"". RARITY TIER: VeryRare (ornate design, multiple flourishes, regal/imposing stance, partial luminescence). OUTPUT VIEWS: render three separate images per creature — (1) full-body front view, (2) three-quarter back view rotated ~135 degrees from front, (3) pure side-profile view. GENERATION RES: render at 512x512 for AI quality, then DOWNSCALE to FINAL 96x96 PNG. FINAL IMAGE SPECS: 96x96 PNG, transparent background, indexed palette (max 256 colors), TARGET FILE SIZE: under 5 KB per image. Use clean Pokemon-style line art, vibrant saturated colors, single creature centered in frame, tightly cropped to creature edges (no padding wider than 2px), no text or watermarks."
983,Golberram,Mind,Venom,VeryRare,reptile,Castle|Sanctum,any,Wednesday,any,96x96,5,,,,,,"Pokemon-style monster creature named ""Golberram"". RARITY TIER: VeryRare (ornate design, multiple flourishes, regal/imposing stance, partial luminescence). OUTPUT VIEWS: render three separate images per creature — (1) full-body front view, (2) three-quarter back view rotated ~135 degrees from front, (3) pure side-profile view. GENERATION RES: render at 512x512 for AI quality, then DOWNSCALE to FINAL 96x96 PNG. FINAL IMAGE SPECS: 96x96 PNG, transparent background, indexed palette (max 256 colors), TARGET FILE SIZE: under 5 KB per image. Use clean Pokemon-style line art, vibrant saturated colors, single creature centered in frame, tightly cropped to creature edges (no padding wider than 2px), no text or watermarks."
984,Qelrem,Sound,,VeryRare,quadruped,Forest|Town,any,Thursday,any,96x96,5,,,,,,"Pokemon-style monster creature named ""Qelrem"". RARITY TIER: VeryRare (ornate design, multiple flourishes, regal/imposing stance, partial luminescence). OUTPUT VIEWS: render three separate images per creature — (1) full-body front view, (2) three-quarter back view rotated ~135 degrees from front, (3) pure side-profile view. GENERATION RES: render at 512x512 for AI quality, then DOWNSCALE to FINAL 96x96 PNG. FINAL IMAGE SPECS: 96x96 PNG, transparent background, indexed palette (max 256 colors), TARGET FILE SIZE: under 5 KB per image. Use clean Pokemon-style line art, vibrant saturated colors, single creature centered in frame, tightly cropped to creature edges (no padding wider than 2px), no text or watermarks."
985,Yrorros,Time,Blood,VeryRare,bipedal-humanoid,Sanctum|Cave,any,any,any,96x96,5,,,,,,"Pokemon-style monster creature named ""Yrorros"". RARITY TIER: VeryRare (ornate design, multiple flourishes, regal/imposing stance, partial luminescence). OUTPUT VIEWS: render three separate images per creature — (1) full-body front view, (2) three-quarter back view rotated ~135 degrees from front, (3) pure side-profile view. GENERATION RES: render at 512x512 for AI quality, then DOWNSCALE to FINAL 96x96 PNG. FINAL IMAGE SPECS: 96x96 PNG, transparent background, indexed palette (max 256 colors), TARGET FILE SIZE: under 5 KB per image. Use clean Pokemon-style line art, vibrant saturated colors, single creature centered in frame, tightly cropped to creature edges (no padding wider than 2px), no text or watermarks."
986,Gylzrur,Crystal,,VeryRare,reptile,Cave|Mountain|WaterSurface,any,Monday,any,96x96,5,,,,,,"Pokemon-style monster creature named ""Gylzrur"". RARITY TIER: VeryRare (ornate design, multiple flourishes, regal/imposing stance, partial luminescence). OUTPUT VIEWS: render three separate images per creature — (1) full-body front view, (2) three-quarter back view rotated ~135 degrees from front, (3) pure side-profile view. GENERATION RES: render at 512x512 for AI quality, then DOWNSCALE to FINAL 96x96 PNG. FINAL IMAGE SPECS: 96x96 PNG, transparent background, indexed palette (max 256 colors), TARGET FILE SIZE: under 5 KB per image. Use clean Pokemon-style line art, vibrant saturated colors, single creature centered in frame, tightly cropped to creature edges (no padding wider than 2px), no text or watermarks."
987,Brudorth,Blood,Time,VeryRare,spirit-form,Castle|Sanctum|Cave,any,Saturday,any,96x96,5,Bonypus,,,,,"Pokemon-style monster creature named ""Brudorth"". RARITY TIER: VeryRare (ornate design, multiple flourishes, regal/imposing stance, partial luminescence). EVOLUTION CHAIN: stage 2 of 2 (chain ""blood_chain_3""). Pre-evolution: ""Bonypus"" — this creature evolved FROM ""Bonypus"". Preserve a recognizably similar body shape and family identity to ""Bonypus"", but with extra detail layers, larger size (~10-15%), upgraded markings, more pronounced presence. Maintain visual continuity across the entire 2-stage chain — same family identity, recognizable shape across stages. OUTPUT VIEWS: render three separate images per creature — (1) full-body front view, (2) three-quarter back view rotated ~135 degrees from front, (3) pure side-profile view. GENERATION RES: render at 512x512 for AI quality, then DOWNSCALE to FINAL 96x96 PNG. FINAL IMAGE SPECS: 96x96 PNG, transparent background, indexed palette (max 256 colors), TARGET FILE SIZE: under 5 KB per image. Use clean Pokemon-style line art, vibrant saturated colors, single creature centered in frame, tightly cropped to creature edges (no padding wider than 2px), no text or watermarks."
988,Gymmosdass,Fire,Metal,VeryRare,reptile,Desert|Cave,any,Saturday,Heat,96x96,5,,,,,,"Pokemon-style monster creature named ""Gymmosdass"". RARITY TIER: VeryRare (ornate design, multiple flourishes, regal/imposing stance, partial luminescence). OUTPUT VIEWS: render three separate images per creature — (1) full-body front view, (2) three-quarter back view rotated ~135 degrees from front, (3) pure side-profile view. GENERATION RES: render at 512x512 for AI quality, then DOWNSCALE to FINAL 96x96 PNG. FINAL IMAGE SPECS: 96x96 PNG, transparent background, indexed palette (max 256 colors), TARGET FILE SIZE: under 5 KB per image. Use clean Pokemon-style line art, vibrant saturated colors, single creature centered in frame, tightly cropped to creature edges (no padding wider than 2px), no text or watermarks."
989,Memmuror,Water,,VeryRare,beast,Beach|Harbor|Marsh,any,Friday,Rain,96x96,5,,,,,,"Pokemon-style monster creature named ""Memmuror"". RARITY TIER: VeryRare (ornate design, multiple flourishes, regal/imposing stance, partial luminescence). OUTPUT VIEWS: render three separate images per creature — (1) full-body front view, (2) three-quarter back view rotated ~135 degrees from front, (3) pure side-profile view. GENERATION RES: render at 512x512 for AI quality, then DOWNSCALE to FINAL 96x96 PNG. FINAL IMAGE SPECS: 96x96 PNG, transparent background, indexed palette (max 256 colors), TARGET FILE SIZE: under 5 KB per image. Use clean Pokemon-style line art, vibrant saturated colors, single creature centered in frame, tightly cropped to creature edges (no padding wider than 2px), no text or watermarks."
990,Orru,Ice,Wood,Legendary,mythic-form,Mountain|WaterSurface,any,Wednesday,Snow,96x96,5,,,,,,"Pokemon-style monster creature named ""Orru"". RARITY TIER: Legendary (mythical and divine appearance, multiple body modifications, otherworldly aura, dramatic pose, reality-bending visual flourishes). LEGENDARY SIZE BOOST: render this creature ~35% LARGER than non-legendary echoforms — creature dominates ~85% of frame instead of ~60% for commons. More imposing scale conveys legendary status. OUTPUT VIEWS: render three separate images per creature — (1) full-body front view, (2) three-quarter back view rotated ~135 degrees from front, (3) pure side-profile view. GENERATION RES: render at 512x512 for AI quality, then DOWNSCALE to FINAL 96x96 PNG. FINAL IMAGE SPECS: 96x96 PNG, transparent background, indexed palette (max 256 colors), TARGET FILE SIZE: under 5 KB per image. Use clean Pokemon-style line art, vibrant saturated colors, single creature centered in frame, tightly cropped to creature edges (no padding wider than 2px), no text or watermarks."
991,Xundraintu,Earth,,Legendary,quadruped,Forest|Mountain|Desert,any,Sunday,any,96x96,5,,,,,,"Pokemon-style monster creature named ""Xundraintu"". RARITY TIER: Legendary (mythical and divine appearance, multiple body modifications, otherworldly aura, dramatic pose, reality-bending visual flourishes). LEGENDARY SIZE BOOST: render this creature ~35% LARGER than non-legendary echoforms — creature dominates ~85% of frame instead of ~60% for commons. More imposing scale conveys legendary status. OUTPUT VIEWS: render three separate images per creature — (1) full-body front view, (2) three-quarter back view rotated ~135 degrees from front, (3) pure side-profile view. GENERATION RES: render at 512x512 for AI quality, then DOWNSCALE to FINAL 96x96 PNG. FINAL IMAGE SPECS: 96x96 PNG, transparent background, indexed palette (max 256 colors), TARGET FILE SIZE: under 5 KB per image. Use clean Pokemon-style line art, vibrant saturated colors, single creature centered in frame, tightly cropped to creature edges (no padding wider than 2px), no text or watermarks."
992,Resosdienth,Wood,Earth,Legendary,bipedal-humanoid,Forest|Plains,day-preferred,Sunday,any,96x96,5,,,,,,"Pokemon-style monster creature named ""Resosdienth"". RARITY TIER: Legendary (mythical and divine appearance, multiple body modifications, otherworldly aura, dramatic pose, reality-bending visual flourishes). LEGENDARY SIZE BOOST: render this creature ~35% LARGER than non-legendary echoforms — creature dominates ~85% of frame instead of ~60% for commons. More imposing scale conveys legendary status. OUTPUT VIEWS: render three separate images per creature — (1) full-body front view, (2) three-quarter back view rotated ~135 degrees from front, (3) pure side-profile view. GENERATION RES: render at 512x512 for AI quality, then DOWNSCALE to FINAL 96x96 PNG. FINAL IMAGE SPECS: 96x96 PNG, transparent background, indexed palette (max 256 colors), TARGET FILE SIZE: under 5 KB per image. Use clean Pokemon-style line art, vibrant saturated colors, single creature centered in frame, tightly cropped to creature edges (no padding wider than 2px), no text or watermarks."
993,Xazzyrth,Metal,Ice,Legendary,quadruped,Cave|Castle|Harbor,any,Monday,any,96x96,5,,,,,,"Pokemon-style monster creature named ""Xazzyrth"". RARITY TIER: Legendary (mythical and divine appearance, multiple body modifications, otherworldly aura, dramatic pose, reality-bending visual flourishes). LEGENDARY SIZE BOOST: render this creature ~35% LARGER than non-legendary echoforms — creature dominates ~85% of frame instead of ~60% for commons. More imposing scale conveys legendary status. OUTPUT VIEWS: render three separate images per creature — (1) full-body front view, (2) three-quarter back view rotated ~135 degrees from front, (3) pure side-profile view. GENERATION RES: render at 512x512 for AI quality, then DOWNSCALE to FINAL 96x96 PNG. FINAL IMAGE SPECS: 96x96 PNG, transparent background, indexed palette (max 256 colors), TARGET FILE SIZE: under 5 KB per image. Use clean Pokemon-style line art, vibrant saturated colors, single creature centered in frame, tightly cropped to creature edges (no padding wider than 2px), no text or watermarks."
994,Indrusdet,Storm,,Legendary,spirit-form,Beach|Mountain,any,Thursday,Rain,96x96,5,,,,,,"Pokemon-style monster creature named ""Indrusdet"". RARITY TIER: Legendary (mythical and divine appearance, multiple body modifications, otherworldly aura, dramatic pose, reality-bending visual flourishes). LEGENDARY SIZE BOOST: render this creature ~35% LARGER than non-legendary echoforms — creature dominates ~85% of frame instead of ~60% for commons. More imposing scale conveys legendary status. OUTPUT VIEWS: render three separate images per creature — (1) full-body front view, (2) three-quarter back view rotated ~135 degrees from front, (3) pure side-profile view. GENERATION RES: render at 512x512 for AI quality, then DOWNSCALE to FINAL 96x96 PNG. FINAL IMAGE SPECS: 96x96 PNG, transparent background, indexed palette (max 256 colors), TARGET FILE SIZE: under 5 KB per image. Use clean Pokemon-style line art, vibrant saturated colors, single creature centered in frame, tightly cropped to creature edges (no padding wider than 2px), no text or watermarks."
995,Froizainteo,Wind,Venom,Legendary,beast,Plains|Mountain,any,Friday,Foehn,96x96,5,,,,,,"Pokemon-style monster creature named ""Froizainteo"". RARITY TIER: Legendary (mythical and divine appearance, multiple body modifications, otherworldly aura, dramatic pose, reality-bending visual flourishes). LEGENDARY SIZE BOOST: render this creature ~35% LARGER than non-legendary echoforms — creature dominates ~85% of frame instead of ~60% for commons. More imposing scale conveys legendary status. OUTPUT VIEWS: render three separate images per creature — (1) full-body front view, (2) three-quarter back view rotated ~135 degrees from front, (3) pure side-profile view. GENERATION RES: render at 512x512 for AI quality, then DOWNSCALE to FINAL 96x96 PNG. FINAL IMAGE SPECS: 96x96 PNG, transparent background, indexed palette (max 256 colors), TARGET FILE SIZE: under 5 KB per image. Use clean Pokemon-style line art, vibrant saturated colors, single creature centered in frame, tightly cropped to creature edges (no padding wider than 2px), no text or watermarks."
996,Poton,Shadow,,Legendary,spirit-form,Cave|Marsh|Sanctum,night-only,Wednesday,Fog,96x96,5,,,,,,"Pokemon-style monster creature named ""Poton"". RARITY TIER: Legendary (mythical and divine appearance, multiple body modifications, otherworldly aura, dramatic pose, reality-bending visual flourishes). LEGENDARY SIZE BOOST: render this creature ~35% LARGER than non-legendary echoforms — creature dominates ~85% of frame instead of ~60% for commons. More imposing scale conveys legendary status. OUTPUT VIEWS: render three separate images per creature — (1) full-body front view, (2) three-quarter back view rotated ~135 degrees from front, (3) pure side-profile view. GENERATION RES: render at 512x512 for AI quality, then DOWNSCALE to FINAL 96x96 PNG. FINAL IMAGE SPECS: 96x96 PNG, transparent background, indexed palette (max 256 colors), TARGET FILE SIZE: under 5 KB per image. Use clean Pokemon-style line art, vibrant saturated colors, single creature centered in frame, tightly cropped to creature edges (no padding wider than 2px), no text or watermarks."
997,Chekyntom,Light,Crystal,Legendary,quadruped,Castle|Sanctum|Town,day-only,Tuesday,any,96x96,5,Charora,,,,,"Pokemon-style monster creature named ""Chekyntom"". RARITY TIER: Legendary (mythical and divine appearance, multiple body modifications, otherworldly aura, dramatic pose, reality-bending visual flourishes). EVOLUTION CHAIN: stage 3 of 3 (chain ""light_chain_6""). Pre-evolution: ""Charora"" — this creature evolved FROM ""Charora"". Preserve a recognizably similar body shape and family identity to ""Charora"", but with extra detail layers, larger size (~10-15%), upgraded markings, more pronounced presence. Maintain visual continuity across the entire 3-stage chain — same family identity, recognizable shape across stages. LEGENDARY SIZE BOOST: render this creature ~35% LARGER than non-legendary echoforms — creature dominates ~85% of frame instead of ~60% for commons. More imposing scale conveys legendary status. OUTPUT VIEWS: render three separate images per creature — (1) full-body front view, (2) three-quarter back view rotated ~135 degrees from front, (3) pure side-profile view. GENERATION RES: render at 512x512 for AI quality, then DOWNSCALE to FINAL 96x96 PNG. FINAL IMAGE SPECS: 96x96 PNG, transparent background, indexed palette (max 256 colors), TARGET FILE SIZE: under 5 KB per image. Use clean Pokemon-style line art, vibrant saturated colors, single creature centered in frame, tightly cropped to creature edges (no padding wider than 2px), no text or watermarks."
998,Grutin,Venom,Water,Legendary,reptile,Marsh|Cave|Sanctum,dawn-dusk-only,Saturday,any,96x96,5,,,,,,"Pokemon-style monster creature named ""Grutin"". RARITY TIER: Legendary (mythical and divine appearance, multiple body modifications, otherworldly aura, dramatic pose, reality-bending visual flourishes). LEGENDARY SIZE BOOST: render this creature ~35% LARGER than non-legendary echoforms — creature dominates ~85% of frame instead of ~60% for commons. More imposing scale conveys legendary status. OUTPUT VIEWS: render three separate images per creature — (1) full-body front view, (2) three-quarter back view rotated ~135 degrees from front, (3) pure side-profile view. GENERATION RES: render at 512x512 for AI quality, then DOWNSCALE to FINAL 96x96 PNG. FINAL IMAGE SPECS: 96x96 PNG, transparent background, indexed palette (max 256 colors), TARGET FILE SIZE: under 5 KB per image. Use clean Pokemon-style line art, vibrant saturated colors, single creature centered in frame, tightly cropped to creature edges (no padding wider than 2px), no text or watermarks."
999,Orgasdam,Cosmic,,Legendary,mythic-form,Sanctum|Mountain,night-only,Wednesday,any,96x96,5,,,,,,"Pokemon-style monster creature named ""Orgasdam"". RARITY TIER: Legendary (mythical and divine appearance, multiple body modifications, otherworldly aura, dramatic pose, reality-bending visual flourishes). LEGENDARY SIZE BOOST: render this creature ~35% LARGER than non-legendary echoforms — creature dominates ~85% of frame instead of ~60% for commons. More imposing scale conveys legendary status. OUTPUT VIEWS: render three separate images per creature — (1) full-body front view, (2) three-quarter back view rotated ~135 degrees from front, (3) pure side-profile view. GENERATION RES: render at 512x512 for AI quality, then DOWNSCALE to FINAL 96x96 PNG. FINAL IMAGE SPECS: 96x96 PNG, transparent background, indexed palette (max 256 colors), TARGET FILE SIZE: under 5 KB per image. Use clean Pokemon-style line art, vibrant saturated colors, single creature centered in frame, tightly cropped to creature edges (no padding wider than 2px), no text or watermarks."