"echoform_id","echoform_name","level","technique_id","technique_name","element","source"
"E001","Vulkid","1","TC013","Ember Guard","ember","level_up"
"E001","Vulkid","4","TC097","Ember Fang","ember","level_up"
"E001","Vulkid","8","TC181","Ember Snap","ember","level_up"
"E001","Vulkid","12","TC265","Ember Mirror","ember","level_up"
"E001","Vulkid","16","TC349","Ember Song","ember","level_up"
"E001","Vulkid","20","TC433","Ember Guard","ember","level_up"
"E001","Vulkid","25","TC061","Ember Snap","ember","level_up"
"E001","Vulkid","30","TC145","Ember Mirror","ember","level_up"
"E001","Vulkid","36","TC229","Ember Song","ember","level_up"
"E001","Vulkid","44","TC313","Ember Guard","ember","level_up"
"E001","Vulkid","52","TC397","Ember Fang","ember","level_up"
"E001","Vulkid","62","TC025","Ember Mirror","ember","level_up"
"E002","Reeva","1","TC026","Tide Drift","tide","level_up"
"E002","Reeva","4","TC110","Tide Blade","tide","level_up"
"E002","Reeva","8","TC194","Tide Crash","tide","level_up"
"E002","Reeva","12","TC278","Tide Bloom","tide","level_up"
"E002","Reeva","16","TC362","Tide Surge","tide","level_up"
"E002","Reeva","20","TC446","Tide Drift","tide","level_up"
"E002","Reeva","25","TC074","Tide Crash","tide","level_up"
"E002","Reeva","30","TC158","Tide Bloom","tide","level_up"
"E002","Reeva","36","TC242","Tide Surge","tide","level_up"
"E002","Reeva","44","TC326","Tide Drift","tide","level_up"
"E002","Reeva","52","TC410","Tide Blade","tide","level_up"
"E002","Reeva","62","TC038","Tide Bloom","tide","level_up"
"E003","Mosslyn","1","TC039","Verdance Ward","verdance","level_up"
"E003","Mosslyn","4","TC128","Metal Bloom","metal","level_up"
"E003","Mosslyn","8","TC207","Verdance Aegis","verdance","level_up"
"E003","Mosslyn","12","TC296","Metal Drift","metal","level_up"
"E003","Mosslyn","16","TC375","Verdance Thread","verdance","level_up"
"E003","Mosslyn","20","TC020","Metal Blade","metal","level_up"
"E003","Mosslyn","25","TC087","Verdance Aegis","verdance","level_up"
"E003","Mosslyn","30","TC188","Metal Bloom","metal","level_up"
"E003","Mosslyn","36","TC255","Verdance Thread","verdance","level_up"
"E003","Mosslyn","44","TC356","Metal Drift","metal","level_up"
"E003","Mosslyn","52","TC423","Verdance Veil","verdance","level_up"
"E003","Mosslyn","62","TC080","Metal Blade","metal","level_up"
"E004","Flickit","1","TC052","Stone Rift","stone","level_up"
"E004","Flickit","4","TC136","Stone Field","stone","level_up"
"E004","Flickit","8","TC220","Stone Lance","stone","level_up"
"E004","Flickit","12","TC304","Stone Spiral","stone","level_up"
"E004","Flickit","16","TC388","Stone Burst","stone","level_up"
"E004","Flickit","20","TC016","Stone Field","stone","level_up"
"E004","Flickit","25","TC100","Stone Lance","stone","level_up"
"E004","Flickit","30","TC184","Stone Spiral","stone","level_up"
"E004","Flickit","36","TC268","Stone Burst","stone","level_up"
"E004","Flickit","44","TC352","Stone Rift","stone","level_up"
"E004","Flickit","52","TC436","Stone Field","stone","level_up"
"E004","Flickit","62","TC064","Stone Spiral","stone","level_up"
"E005","Pebbun","1","TC065","Gale Crown","gale","level_up"
"E005","Pebbun","4","TC149","Gale Orbit","gale","level_up"
"E005","Pebbun","8","TC233","Gale Comet","gale","level_up"
"E005","Pebbun","12","TC317","Gale Mark","gale","level_up"
"E005","Pebbun","16","TC401","Gale Step","gale","level_up"
"E005","Pebbun","20","TC029","Gale Orbit","gale","level_up"
"E005","Pebbun","25","TC113","Gale Comet","gale","level_up"
"E005","Pebbun","30","TC197","Gale Mark","gale","level_up"
"E005","Pebbun","36","TC281","Gale Step","gale","level_up"
"E005","Pebbun","44","TC365","Gale Crown","gale","level_up"
"E005","Pebbun","52","TC449","Gale Orbit","gale","level_up"
"E005","Pebbun","62","TC077","Gale Mark","gale","level_up"
"E006","Glimlet","1","TC078","Spark Rush","spark","level_up"
"E006","Glimlet","4","TC167","Mind Mark","mind","level_up"
"E006","Glimlet","8","TC246","Spark Pulse","spark","level_up"
"E006","Glimlet","12","TC335","Mind Crown","mind","level_up"
"E006","Glimlet","16","TC414","Spark Bind","spark","level_up"
"E006","Glimlet","20","TC059","Mind Orbit","mind","level_up"
"E006","Glimlet","25","TC126","Spark Pulse","spark","level_up"
"E006","Glimlet","30","TC227","Mind Mark","mind","level_up"
"E006","Glimlet","36","TC294","Spark Bind","spark","level_up"
"E006","Glimlet","44","TC395","Mind Crown","mind","level_up"
"E006","Glimlet","52","TC006","Spark Pulse","spark","level_up"
"E006","Glimlet","62","TC119","Mind Orbit","mind","level_up"
"E007","Nibvolt","1","TC091","Frost Snap","frost","level_up"
"E007","Nibvolt","4","TC175","Frost Mirror","frost","level_up"
"E007","Nibvolt","8","TC259","Frost Song","frost","level_up"
"E007","Nibvolt","12","TC343","Frost Guard","frost","level_up"
"E007","Nibvolt","16","TC427","Frost Fang","frost","level_up"
"E007","Nibvolt","20","TC067","Frost Fang","frost","level_up"
"E007","Nibvolt","25","TC151","Frost Snap","frost","level_up"
"E007","Nibvolt","30","TC235","Frost Mirror","frost","level_up"
"E007","Nibvolt","36","TC319","Frost Song","frost","level_up"
"E007","Nibvolt","44","TC403","Frost Guard","frost","level_up"
"E007","Nibvolt","52","TC043","Frost Guard","frost","level_up"
"E007","Nibvolt","62","TC127","Frost Fang","frost","level_up"
"E008","Reedle","1","TC104","Metal Crash","metal","level_up"
"E008","Reedle","4","TC188","Metal Bloom","metal","level_up"
"E008","Reedle","8","TC272","Metal Surge","metal","level_up"
"E008","Reedle","12","TC356","Metal Drift","metal","level_up"
"E008","Reedle","16","TC440","Metal Blade","metal","level_up"
"E008","Reedle","20","TC080","Metal Blade","metal","level_up"
"E008","Reedle","25","TC164","Metal Crash","metal","level_up"
"E008","Reedle","30","TC248","Metal Bloom","metal","level_up"
"E008","Reedle","36","TC332","Metal Surge","metal","level_up"
"E008","Reedle","44","TC416","Metal Drift","metal","level_up"
"E008","Reedle","52","TC056","Metal Drift","metal","level_up"
"E008","Reedle","62","TC140","Metal Blade","metal","level_up"
"E009","Ashmole","1","TC117","Shade Aegis","shade","level_up"
"E009","Ashmole","4","TC194","Tide Crash","tide","level_up"
"E009","Ashmole","8","TC285","Shade Thread","shade","level_up"
"E009","Ashmole","12","TC362","Tide Surge","tide","level_up"
"E009","Ashmole","16","TC009","Shade Ward","shade","level_up"
"E009","Ashmole","20","TC074","Tide Crash","tide","level_up"
"E009","Ashmole","25","TC177","Shade Aegis","shade","level_up"
"E009","Ashmole","30","TC242","Tide Surge","tide","level_up"
"E009","Ashmole","36","TC345","Shade Thread","shade","level_up"
"E009","Ashmole","44","TC410","Tide Blade","tide","level_up"
"E009","Ashmole","52","TC069","Shade Ward","shade","level_up"
"E009","Ashmole","62","TC122","Tide Surge","tide","level_up"
"E010","Whisprill","1","TC130","Radiant Lance","radiant","level_up"
"E010","Whisprill","4","TC214","Radiant Spiral","radiant","level_up"
"E010","Whisprill","8","TC298","Radiant Burst","radiant","level_up"
"E010","Whisprill","12","TC382","Radiant Rift","radiant","level_up"
"E010","Whisprill","16","TC022","Radiant Rift","radiant","level_up"
"E010","Whisprill","20","TC106","Radiant Field","radiant","level_up"
"E010","Whisprill","25","TC190","Radiant Lance","radiant","level_up"
"E010","Whisprill","30","TC274","Radiant Spiral","radiant","level_up"
"E010","Whisprill","36","TC358","Radiant Burst","radiant","level_up"
"E010","Whisprill","44","TC442","Radiant Rift","radiant","level_up"
"E010","Whisprill","52","TC082","Radiant Rift","radiant","level_up"
"E010","Whisprill","62","TC166","Radiant Field","radiant","level_up"
"E011","Lurkite","1","TC143","Mind Comet","mind","level_up"
"E011","Lurkite","4","TC227","Mind Mark","mind","level_up"
"E011","Lurkite","8","TC311","Mind Step","mind","level_up"
"E011","Lurkite","12","TC395","Mind Crown","mind","level_up"
"E011","Lurkite","16","TC035","Mind Crown","mind","level_up"
"E011","Lurkite","20","TC119","Mind Orbit","mind","level_up"
"E011","Lurkite","25","TC203","Mind Comet","mind","level_up"
"E011","Lurkite","30","TC287","Mind Mark","mind","level_up"
"E011","Lurkite","36","TC371","Mind Step","mind","level_up"
"E011","Lurkite","44","TC011","Mind Step","mind","level_up"
"E011","Lurkite","52","TC095","Mind Crown","mind","level_up"
"E011","Lurkite","62","TC179","Mind Orbit","mind","level_up"
"E012","Bronzawn","1","TC156","Echo Pulse","echo","level_up"
"E012","Bronzawn","4","TC233","Gale Comet","gale","level_up"
"E012","Bronzawn","8","TC324","Echo Bind","echo","level_up"
"E012","Bronzawn","12","TC401","Gale Step","gale","level_up"
"E012","Bronzawn","16","TC048","Echo Rush","echo","level_up"
"E012","Bronzawn","20","TC113","Gale Comet","gale","level_up"
"E012","Bronzawn","25","TC216","Echo Pulse","echo","level_up"
"E012","Bronzawn","30","TC281","Gale Step","gale","level_up"
"E012","Bronzawn","36","TC384","Echo Bind","echo","level_up"
"E012","Bronzawn","44","TC449","Gale Orbit","gale","level_up"
"E012","Bronzawn","52","TC108","Echo Rush","echo","level_up"
"E012","Bronzawn","62","TC161","Gale Step","gale","level_up"
"E013","Snowlume","1","TC157","Ember Fang","ember","level_up"
"E013","Snowlume","4","TC241","Ember Snap","ember","level_up"
"E013","Snowlume","8","TC325","Ember Mirror","ember","level_up"
"E013","Snowlume","12","TC409","Ember Song","ember","level_up"
"E013","Snowlume","16","TC037","Ember Fang","ember","level_up"
"E013","Snowlume","20","TC121","Ember Snap","ember","level_up"
"E013","Snowlume","25","TC205","Ember Mirror","ember","level_up"
"E013","Snowlume","30","TC289","Ember Song","ember","level_up"
"E013","Snowlume","36","TC373","Ember Guard","ember","level_up"
"E013","Snowlume","44","TC001","Ember Snap","ember","level_up"
"E013","Snowlume","52","TC085","Ember Mirror","ember","level_up"
"E013","Snowlume","62","TC169","Ember Song","ember","level_up"
"E014","Mindle","1","TC170","Tide Blade","tide","level_up"
"E014","Mindle","4","TC254","Tide Crash","tide","level_up"
"E014","Mindle","8","TC338","Tide Bloom","tide","level_up"
"E014","Mindle","12","TC422","Tide Surge","tide","level_up"
"E014","Mindle","16","TC050","Tide Blade","tide","level_up"
"E014","Mindle","20","TC134","Tide Crash","tide","level_up"
"E014","Mindle","25","TC218","Tide Bloom","tide","level_up"
"E014","Mindle","30","TC302","Tide Surge","tide","level_up"
"E014","Mindle","36","TC386","Tide Drift","tide","level_up"
"E014","Mindle","44","TC014","Tide Crash","tide","level_up"
"E014","Mindle","52","TC098","Tide Bloom","tide","level_up"
"E014","Mindle","62","TC182","Tide Surge","tide","level_up"
"E015","Corren","1","TC183","Verdance Veil","verdance","level_up"
"E015","Corren","4","TC272","Metal Surge","metal","level_up"
"E015","Corren","8","TC351","Verdance Nova","verdance","level_up"
"E015","Corren","12","TC440","Metal Blade","metal","level_up"
"E015","Corren","16","TC063","Verdance Veil","verdance","level_up"
"E015","Corren","20","TC164","Metal Crash","metal","level_up"
"E015","Corren","25","TC231","Verdance Nova","verdance","level_up"
"E015","Corren","30","TC332","Metal Surge","metal","level_up"
"E015","Corren","36","TC399","Verdance Ward","verdance","level_up"
"E015","Corren","44","TC056","Metal Drift","metal","level_up"
"E015","Corren","52","TC111","Verdance Nova","verdance","level_up"
"E015","Corren","62","TC224","Metal Crash","metal","level_up"
"E016","Siltjaw","1","TC196","Stone Field","stone","level_up"
"E016","Siltjaw","4","TC280","Stone Lance","stone","level_up"
"E016","Siltjaw","8","TC364","Stone Spiral","stone","level_up"
"E016","Siltjaw","12","TC448","Stone Burst","stone","level_up"
"E016","Siltjaw","16","TC076","Stone Field","stone","level_up"
"E016","Siltjaw","20","TC160","Stone Lance","stone","level_up"
"E016","Siltjaw","25","TC244","Stone Spiral","stone","level_up"
"E016","Siltjaw","30","TC328","Stone Burst","stone","level_up"
"E016","Siltjaw","36","TC412","Stone Rift","stone","level_up"
"E016","Siltjaw","44","TC040","Stone Lance","stone","level_up"
"E016","Siltjaw","52","TC124","Stone Spiral","stone","level_up"
"E016","Siltjaw","62","TC208","Stone Burst","stone","level_up"
"E017","Verdirn","1","TC209","Gale Orbit","gale","level_up"
"E017","Verdirn","4","TC293","Gale Comet","gale","level_up"
"E017","Verdirn","8","TC377","Gale Mark","gale","level_up"
"E017","Verdirn","12","TC005","Gale Crown","gale","level_up"
"E017","Verdirn","16","TC089","Gale Orbit","gale","level_up"
"E017","Verdirn","20","TC173","Gale Comet","gale","level_up"
"E017","Verdirn","25","TC257","Gale Mark","gale","level_up"
"E017","Verdirn","30","TC341","Gale Step","gale","level_up"
"E017","Verdirn","36","TC425","Gale Crown","gale","level_up"
"E017","Verdirn","44","TC053","Gale Comet","gale","level_up"
"E017","Verdirn","52","TC137","Gale Mark","gale","level_up"
"E017","Verdirn","62","TC221","Gale Step","gale","level_up"
"E018","Echorn","1","TC222","Spark Howl","spark","level_up"
"E018","Echorn","4","TC311","Mind Step","mind","level_up"
"E018","Echorn","8","TC390","Spark Needle","spark","level_up"
"E018","Echorn","12","TC035","Mind Crown","mind","level_up"
"E018","Echorn","16","TC102","Spark Howl","spark","level_up"
"E018","Echorn","20","TC203","Mind Comet","mind","level_up"
"E018","Echorn","25","TC270","Spark Needle","spark","level_up"
"E018","Echorn","30","TC371","Mind Step","mind","level_up"
"E018","Echorn","36","TC438","Spark Rush","spark","level_up"
"E018","Echorn","44","TC095","Mind Crown","mind","level_up"
"E018","Echorn","52","TC150","Spark Needle","spark","level_up"
"E018","Echorn","62","TC263","Mind Comet","mind","level_up"
"E019","Myrkit","1","TC235","Frost Mirror","frost","level_up"
"E019","Myrkit","4","TC319","Frost Song","frost","level_up"
"E019","Myrkit","8","TC403","Frost Guard","frost","level_up"
"E019","Myrkit","12","TC043","Frost Guard","frost","level_up"
"E019","Myrkit","16","TC127","Frost Fang","frost","level_up"
"E019","Myrkit","20","TC211","Frost Snap","frost","level_up"
"E019","Myrkit","25","TC295","Frost Mirror","frost","level_up"
"E019","Myrkit","30","TC379","Frost Song","frost","level_up"
"E019","Myrkit","36","TC019","Frost Song","frost","level_up"
"E019","Myrkit","44","TC103","Frost Guard","frost","level_up"
"E019","Myrkit","52","TC187","Frost Fang","frost","level_up"
"E019","Myrkit","62","TC271","Frost Snap","frost","level_up"
"E020","Nulling","1","TC248","Metal Bloom","metal","level_up"
"E020","Nulling","4","TC332","Metal Surge","metal","level_up"
"E020","Nulling","8","TC416","Metal Drift","metal","level_up"
"E020","Nulling","12","TC056","Metal Drift","metal","level_up"
"E020","Nulling","16","TC140","Metal Blade","metal","level_up"
"E020","Nulling","20","TC224","Metal Crash","metal","level_up"
"E020","Nulling","25","TC308","Metal Bloom","metal","level_up"
"E020","Nulling","30","TC392","Metal Surge","metal","level_up"
"E020","Nulling","36","TC032","Metal Surge","metal","level_up"
"E020","Nulling","44","TC116","Metal Drift","metal","level_up"
"E020","Nulling","52","TC200","Metal Blade","metal","level_up"
"E020","Nulling","62","TC284","Metal Crash","metal","level_up"
"E021","Sablisk","1","TC261","Shade Nova","shade","level_up"
"E021","Sablisk","4","TC338","Tide Bloom","tide","level_up"
"E021","Sablisk","8","TC429","Shade Ward","shade","level_up"
"E021","Sablisk","12","TC050","Tide Blade","tide","level_up"
"E021","Sablisk","16","TC153","Shade Veil","shade","level_up"
"E021","Sablisk","20","TC218","Tide Bloom","tide","level_up"
"E021","Sablisk","25","TC321","Shade Nova","shade","level_up"
"E021","Sablisk","30","TC386","Tide Drift","tide","level_up"
"E021","Sablisk","36","TC045","Shade Thread","shade","level_up"
"E021","Sablisk","44","TC098","Tide Bloom","tide","level_up"
"E021","Sablisk","52","TC213","Shade Veil","shade","level_up"
"E021","Sablisk","62","TC266","Tide Drift","tide","level_up"
"E022","Ferronar","1","TC274","Radiant Spiral","radiant","level_up"
"E022","Ferronar","4","TC358","Radiant Burst","radiant","level_up"
"E022","Ferronar","8","TC442","Radiant Rift","radiant","level_up"
"E022","Ferronar","12","TC082","Radiant Rift","radiant","level_up"
"E022","Ferronar","16","TC166","Radiant Field","radiant","level_up"
"E022","Ferronar","20","TC250","Radiant Lance","radiant","level_up"
"E022","Ferronar","25","TC334","Radiant Spiral","radiant","level_up"
"E022","Ferronar","30","TC418","Radiant Burst","radiant","level_up"
"E022","Ferronar","36","TC058","Radiant Burst","radiant","level_up"
"E022","Ferronar","44","TC142","Radiant Rift","radiant","level_up"
"E022","Ferronar","52","TC226","Radiant Field","radiant","level_up"
"E022","Ferronar","62","TC310","Radiant Lance","radiant","level_up"
"E023","Lunaveil","1","TC287","Mind Mark","mind","level_up"
"E023","Lunaveil","4","TC371","Mind Step","mind","level_up"
"E023","Lunaveil","8","TC011","Mind Step","mind","level_up"
"E023","Lunaveil","12","TC095","Mind Crown","mind","level_up"
"E023","Lunaveil","16","TC179","Mind Orbit","mind","level_up"
"E023","Lunaveil","20","TC263","Mind Comet","mind","level_up"
"E023","Lunaveil","25","TC347","Mind Mark","mind","level_up"
"E023","Lunaveil","30","TC431","Mind Step","mind","level_up"
"E023","Lunaveil","36","TC071","Mind Step","mind","level_up"
"E023","Lunaveil","44","TC155","Mind Crown","mind","level_up"
"E023","Lunaveil","52","TC239","Mind Orbit","mind","level_up"
"E023","Lunaveil","62","TC323","Mind Comet","mind","level_up"
"E024","Galdra","1","TC300","Echo Needle","echo","level_up"
"E024","Galdra","4","TC377","Gale Mark","gale","level_up"
"E024","Galdra","8","TC024","Echo Bind","echo","level_up"
"E024","Galdra","12","TC089","Gale Orbit","gale","level_up"
"E024","Galdra","16","TC192","Echo Howl","echo","level_up"
"E024","Galdra","20","TC257","Gale Mark","gale","level_up"
"E024","Galdra","25","TC360","Echo Needle","echo","level_up"
"E024","Galdra","30","TC425","Gale Crown","gale","level_up"
"E024","Galdra","36","TC084","Echo Bind","echo","level_up"
"E024","Galdra","44","TC137","Gale Mark","gale","level_up"
"E024","Galdra","52","TC252","Echo Howl","echo","level_up"
"E024","Galdra","62","TC305","Gale Crown","gale","level_up"
"E025","Rootmaw","1","TC301","Ember Snap","ember","level_up"
"E025","Rootmaw","4","TC385","Ember Mirror","ember","level_up"
"E025","Rootmaw","8","TC013","Ember Guard","ember","level_up"
"E025","Rootmaw","12","TC097","Ember Fang","ember","level_up"
"E025","Rootmaw","16","TC181","Ember Snap","ember","level_up"
"E025","Rootmaw","20","TC265","Ember Mirror","ember","level_up"
"E025","Rootmaw","25","TC349","Ember Song","ember","level_up"
"E025","Rootmaw","30","TC433","Ember Guard","ember","level_up"
"E025","Rootmaw","36","TC061","Ember Snap","ember","level_up"
"E025","Rootmaw","44","TC145","Ember Mirror","ember","level_up"
"E025","Rootmaw","52","TC229","Ember Song","ember","level_up"
"E025","Rootmaw","62","TC313","Ember Guard","ember","level_up"
"E026","Tideglass","1","TC314","Tide Crash","tide","level_up"
"E026","Tideglass","4","TC398","Tide Bloom","tide","level_up"
"E026","Tideglass","8","TC026","Tide Drift","tide","level_up"
"E026","Tideglass","12","TC110","Tide Blade","tide","level_up"
"E026","Tideglass","16","TC194","Tide Crash","tide","level_up"
"E026","Tideglass","20","TC278","Tide Bloom","tide","level_up"
"E026","Tideglass","25","TC362","Tide Surge","tide","level_up"
"E026","Tideglass","30","TC446","Tide Drift","tide","level_up"
"E026","Tideglass","36","TC074","Tide Crash","tide","level_up"
"E026","Tideglass","44","TC158","Tide Bloom","tide","level_up"
"E026","Tideglass","52","TC242","Tide Surge","tide","level_up"
"E026","Tideglass","62","TC326","Tide Drift","tide","level_up"
"E027","Velkrin","1","TC327","Verdance Aegis","verdance","level_up"
"E027","Velkrin","4","TC416","Metal Drift","metal","level_up"
"E027","Velkrin","8","TC039","Verdance Ward","verdance","level_up"
"E027","Velkrin","12","TC140","Metal Blade","metal","level_up"
"E027","Velkrin","16","TC207","Verdance Aegis","verdance","level_up"
"E027","Velkrin","20","TC308","Metal Bloom","metal","level_up"
"E027","Velkrin","25","TC375","Verdance Thread","verdance","level_up"
"E027","Velkrin","30","TC032","Metal Surge","metal","level_up"
"E027","Velkrin","36","TC087","Verdance Aegis","verdance","level_up"
"E027","Velkrin","44","TC200","Metal Blade","metal","level_up"
"E027","Velkrin","52","TC255","Verdance Thread","verdance","level_up"
"E027","Velkrin","62","TC368","Metal Bloom","metal","level_up"
"E028","Oracalf","1","TC340","Stone Lance","stone","level_up"
"E028","Oracalf","4","TC424","Stone Spiral","stone","level_up"
"E028","Oracalf","8","TC052","Stone Rift","stone","level_up"
"E028","Oracalf","12","TC136","Stone Field","stone","level_up"
"E028","Oracalf","16","TC220","Stone Lance","stone","level_up"
"E028","Oracalf","20","TC304","Stone Spiral","stone","level_up"
"E028","Oracalf","25","TC388","Stone Burst","stone","level_up"
"E028","Oracalf","30","TC016","Stone Field","stone","level_up"
"E028","Oracalf","36","TC100","Stone Lance","stone","level_up"
"E028","Oracalf","44","TC184","Stone Spiral","stone","level_up"
"E028","Oracalf","52","TC268","Stone Burst","stone","level_up"
"E028","Oracalf","62","TC352","Stone Rift","stone","level_up"
"E029","Cindrill","1","TC353","Gale Comet","gale","level_up"
"E029","Cindrill","4","TC437","Gale Mark","gale","level_up"
"E029","Cindrill","8","TC065","Gale Crown","gale","level_up"
"E029","Cindrill","12","TC149","Gale Orbit","gale","level_up"
"E029","Cindrill","16","TC233","Gale Comet","gale","level_up"
"E029","Cindrill","20","TC317","Gale Mark","gale","level_up"
"E029","Cindrill","25","TC401","Gale Step","gale","level_up"
"E029","Cindrill","30","TC029","Gale Orbit","gale","level_up"
"E029","Cindrill","36","TC113","Gale Comet","gale","level_up"
"E029","Cindrill","44","TC197","Gale Mark","gale","level_up"
"E029","Cindrill","52","TC281","Gale Step","gale","level_up"
"E029","Cindrill","62","TC365","Gale Crown","gale","level_up"
"E030","Brinemoth","1","TC366","Spark Pulse","spark","level_up"
"E030","Brinemoth","4","TC011","Mind Step","mind","level_up"
"E030","Brinemoth","8","TC078","Spark Rush","spark","level_up"
"E030","Brinemoth","12","TC179","Mind Orbit","mind","level_up"
"E030","Brinemoth","16","TC246","Spark Pulse","spark","level_up"
"E030","Brinemoth","20","TC347","Mind Mark","mind","level_up"
"E030","Brinemoth","25","TC414","Spark Bind","spark","level_up"
"E030","Brinemoth","30","TC071","Mind Step","mind","level_up"
"E030","Brinemoth","36","TC126","Spark Pulse","spark","level_up"
"E030","Brinemoth","44","TC239","Mind Orbit","mind","level_up"
"E030","Brinemoth","52","TC294","Spark Bind","spark","level_up"
"E030","Brinemoth","62","TC407","Mind Mark","mind","level_up"
"E031","Thornox","1","TC379","Frost Song","frost","level_up"
"E031","Thornox","4","TC019","Frost Song","frost","level_up"
"E031","Thornox","8","TC103","Frost Guard","frost","level_up"
"E031","Thornox","12","TC187","Frost Fang","frost","level_up"
"E031","Thornox","16","TC271","Frost Snap","frost","level_up"
"E031","Thornox","20","TC355","Frost Mirror","frost","level_up"
"E031","Thornox","25","TC439","Frost Song","frost","level_up"
"E031","Thornox","30","TC079","Frost Song","frost","level_up"
"E031","Thornox","36","TC163","Frost Guard","frost","level_up"
"E031","Thornox","44","TC247","Frost Fang","frost","level_up"
"E031","Thornox","52","TC331","Frost Snap","frost","level_up"
"E031","Thornox","62","TC415","Frost Mirror","frost","level_up"
"E032","Glazetail","1","TC392","Metal Surge","metal","level_up"
"E032","Glazetail","4","TC032","Metal Surge","metal","level_up"
"E032","Glazetail","8","TC116","Metal Drift","metal","level_up"
"E032","Glazetail","12","TC200","Metal Blade","metal","level_up"
"E032","Glazetail","16","TC284","Metal Crash","metal","level_up"
"E032","Glazetail","20","TC368","Metal Bloom","metal","level_up"
"E032","Glazetail","25","TC008","Metal Bloom","metal","level_up"
"E032","Glazetail","30","TC092","Metal Surge","metal","level_up"
"E032","Glazetail","36","TC176","Metal Drift","metal","level_up"
"E032","Glazetail","44","TC260","Metal Blade","metal","level_up"
"E032","Glazetail","52","TC344","Metal Crash","metal","level_up"
"E032","Glazetail","62","TC428","Metal Bloom","metal","level_up"
"E033","Sparrook","1","TC405","Shade Thread","shade","level_up"
"E033","Sparrook","4","TC026","Tide Drift","tide","level_up"
"E033","Sparrook","8","TC129","Shade Ward","shade","level_up"
"E033","Sparrook","12","TC194","Tide Crash","tide","level_up"
"E033","Sparrook","16","TC297","Shade Aegis","shade","level_up"
"E033","Sparrook","20","TC362","Tide Surge","tide","level_up"
"E033","Sparrook","25","TC021","Shade Nova","shade","level_up"
"E033","Sparrook","30","TC074","Tide Crash","tide","level_up"
"E033","Sparrook","36","TC189","Shade Ward","shade","level_up"
"E033","Sparrook","44","TC242","Tide Surge","tide","level_up"
"E033","Sparrook","52","TC357","Shade Aegis","shade","level_up"
"E033","Sparrook","62","TC410","Tide Blade","tide","level_up"
"E034","Mirelynx","1","TC418","Radiant Burst","radiant","level_up"
"E034","Mirelynx","4","TC058","Radiant Burst","radiant","level_up"
"E034","Mirelynx","8","TC142","Radiant Rift","radiant","level_up"
"E034","Mirelynx","12","TC226","Radiant Field","radiant","level_up"
"E034","Mirelynx","16","TC310","Radiant Lance","radiant","level_up"
"E034","Mirelynx","20","TC394","Radiant Spiral","radiant","level_up"
"E034","Mirelynx","25","TC034","Radiant Spiral","radiant","level_up"
"E034","Mirelynx","30","TC118","Radiant Burst","radiant","level_up"
"E034","Mirelynx","36","TC202","Radiant Rift","radiant","level_up"
"E034","Mirelynx","44","TC286","Radiant Field","radiant","level_up"
"E034","Mirelynx","52","TC370","Radiant Lance","radiant","level_up"
"E034","Mirelynx","62","TC010","Radiant Lance","radiant","level_up"
"E035","Basalisk","1","TC431","Mind Step","mind","level_up"
"E035","Basalisk","4","TC071","Mind Step","mind","level_up"
"E035","Basalisk","8","TC155","Mind Crown","mind","level_up"
"E035","Basalisk","12","TC239","Mind Orbit","mind","level_up"
"E035","Basalisk","16","TC323","Mind Comet","mind","level_up"
"E035","Basalisk","20","TC407","Mind Mark","mind","level_up"
"E035","Basalisk","25","TC047","Mind Mark","mind","level_up"
"E035","Basalisk","30","TC131","Mind Step","mind","level_up"
"E035","Basalisk","36","TC215","Mind Crown","mind","level_up"
"E035","Basalisk","44","TC299","Mind Orbit","mind","level_up"
"E035","Basalisk","52","TC383","Mind Comet","mind","level_up"
"E035","Basalisk","62","TC023","Mind Comet","mind","level_up"
"E036","Aurabeet","1","TC444","Echo Bind","echo","level_up"
"E036","Aurabeet","4","TC065","Gale Crown","gale","level_up"
"E036","Aurabeet","8","TC168","Echo Rush","echo","level_up"
"E036","Aurabeet","12","TC233","Gale Comet","gale","level_up"
"E036","Aurabeet","16","TC336","Echo Pulse","echo","level_up"
"E036","Aurabeet","20","TC401","Gale Step","gale","level_up"
"E036","Aurabeet","25","TC060","Echo Needle","echo","level_up"
"E036","Aurabeet","30","TC113","Gale Comet","gale","level_up"
"E036","Aurabeet","36","TC228","Echo Rush","echo","level_up"
"E036","Aurabeet","44","TC281","Gale Step","gale","level_up"
"E036","Aurabeet","52","TC396","Echo Pulse","echo","level_up"
"E036","Aurabeet","62","TC449","Gale Orbit","gale","level_up"
"E037","Duskrill","1","TC445","Ember Mirror","ember","level_up"
"E037","Duskrill","4","TC073","Ember Guard","ember","level_up"
"E037","Duskrill","8","TC157","Ember Fang","ember","level_up"
"E037","Duskrill","12","TC241","Ember Snap","ember","level_up"
"E037","Duskrill","16","TC325","Ember Mirror","ember","level_up"
"E037","Duskrill","20","TC409","Ember Song","ember","level_up"
"E037","Duskrill","25","TC037","Ember Fang","ember","level_up"
"E037","Duskrill","30","TC121","Ember Snap","ember","level_up"
"E037","Duskrill","36","TC205","Ember Mirror","ember","level_up"
"E037","Duskrill","44","TC289","Ember Song","ember","level_up"
"E037","Duskrill","52","TC373","Ember Guard","ember","level_up"
"E037","Duskrill","62","TC001","Ember Snap","ember","level_up"
"E038","Chimefin","1","TC002","Tide Surge","tide","level_up"
"E038","Chimefin","4","TC086","Tide Drift","tide","level_up"
"E038","Chimefin","8","TC170","Tide Blade","tide","level_up"
"E038","Chimefin","12","TC254","Tide Crash","tide","level_up"
"E038","Chimefin","16","TC338","Tide Bloom","tide","level_up"
"E038","Chimefin","20","TC422","Tide Surge","tide","level_up"
"E038","Chimefin","25","TC050","Tide Blade","tide","level_up"
"E038","Chimefin","30","TC134","Tide Crash","tide","level_up"
"E038","Chimefin","36","TC218","Tide Bloom","tide","level_up"
"E038","Chimefin","44","TC302","Tide Surge","tide","level_up"
"E038","Chimefin","52","TC386","Tide Drift","tide","level_up"
"E038","Chimefin","62","TC014","Tide Crash","tide","level_up"
"E039","Flintusk","1","TC015","Verdance Thread","verdance","level_up"
"E039","Flintusk","4","TC116","Metal Drift","metal","level_up"
"E039","Flintusk","8","TC183","Verdance Veil","verdance","level_up"
"E039","Flintusk","12","TC284","Metal Crash","metal","level_up"
"E039","Flintusk","16","TC351","Verdance Nova","verdance","level_up"
"E039","Flintusk","20","TC008","Metal Bloom","metal","level_up"
"E039","Flintusk","25","TC063","Verdance Veil","verdance","level_up"
"E039","Flintusk","30","TC176","Metal Drift","metal","level_up"
"E039","Flintusk","36","TC231","Verdance Nova","verdance","level_up"
"E039","Flintusk","44","TC344","Metal Crash","metal","level_up"
"E039","Flintusk","52","TC399","Verdance Ward","verdance","level_up"
"E039","Flintusk","62","TC068","Metal Bloom","metal","level_up"
"E040","Mossgale","1","TC028","Stone Burst","stone","level_up"
"E040","Mossgale","4","TC112","Stone Rift","stone","level_up"
"E040","Mossgale","8","TC196","Stone Field","stone","level_up"
"E040","Mossgale","12","TC280","Stone Lance","stone","level_up"
"E040","Mossgale","16","TC364","Stone Spiral","stone","level_up"
"E040","Mossgale","20","TC448","Stone Burst","stone","level_up"
"E040","Mossgale","25","TC076","Stone Field","stone","level_up"
"E040","Mossgale","30","TC160","Stone Lance","stone","level_up"
"E040","Mossgale","36","TC244","Stone Spiral","stone","level_up"
"E040","Mossgale","44","TC328","Stone Burst","stone","level_up"
"E040","Mossgale","52","TC412","Stone Rift","stone","level_up"
"E040","Mossgale","62","TC040","Stone Lance","stone","level_up"
"E041","Veyrmite","1","TC041","Gale Step","gale","level_up"
"E041","Veyrmite","4","TC125","Gale Crown","gale","level_up"
"E041","Veyrmite","8","TC209","Gale Orbit","gale","level_up"
"E041","Veyrmite","12","TC293","Gale Comet","gale","level_up"
"E041","Veyrmite","16","TC377","Gale Mark","gale","level_up"
"E041","Veyrmite","20","TC005","Gale Crown","gale","level_up"
"E041","Veyrmite","25","TC089","Gale Orbit","gale","level_up"
"E041","Veyrmite","30","TC173","Gale Comet","gale","level_up"
"E041","Veyrmite","36","TC257","Gale Mark","gale","level_up"
"E041","Veyrmite","44","TC341","Gale Step","gale","level_up"
"E041","Veyrmite","52","TC425","Gale Crown","gale","level_up"
"E041","Veyrmite","62","TC053","Gale Comet","gale","level_up"
"E042","Opalyn","1","TC054","Spark Bind","spark","level_up"
"E042","Opalyn","4","TC155","Mind Crown","mind","level_up"
"E042","Opalyn","8","TC222","Spark Howl","spark","level_up"
"E042","Opalyn","12","TC323","Mind Comet","mind","level_up"
"E042","Opalyn","16","TC390","Spark Needle","spark","level_up"
"E042","Opalyn","20","TC047","Mind Mark","mind","level_up"
"E042","Opalyn","25","TC102","Spark Howl","spark","level_up"
"E042","Opalyn","30","TC215","Mind Crown","mind","level_up"
"E042","Opalyn","36","TC270","Spark Needle","spark","level_up"
"E042","Opalyn","44","TC383","Mind Comet","mind","level_up"
"E042","Opalyn","52","TC438","Spark Rush","spark","level_up"
"E042","Opalyn","62","TC107","Mind Mark","mind","level_up"
"E043","Coppershell","1","TC079","Frost Song","frost","level_up"
"E043","Coppershell","4","TC163","Frost Guard","frost","level_up"
"E043","Coppershell","8","TC247","Frost Fang","frost","level_up"
"E043","Coppershell","12","TC331","Frost Snap","frost","level_up"
"E043","Coppershell","16","TC415","Frost Mirror","frost","level_up"
"E043","Coppershell","20","TC055","Frost Mirror","frost","level_up"
"E043","Coppershell","25","TC139","Frost Song","frost","level_up"
"E043","Coppershell","30","TC223","Frost Guard","frost","level_up"
"E043","Coppershell","36","TC307","Frost Fang","frost","level_up"
"E043","Coppershell","44","TC391","Frost Snap","frost","level_up"
"E043","Coppershell","52","TC031","Frost Snap","frost","level_up"
"E043","Coppershell","62","TC115","Frost Mirror","frost","level_up"
"E044","Rillshade","1","TC092","Metal Surge","metal","level_up"
"E044","Rillshade","4","TC176","Metal Drift","metal","level_up"
"E044","Rillshade","8","TC260","Metal Blade","metal","level_up"
"E044","Rillshade","12","TC344","Metal Crash","metal","level_up"
"E044","Rillshade","16","TC428","Metal Bloom","metal","level_up"
"E044","Rillshade","20","TC068","Metal Bloom","metal","level_up"
"E044","Rillshade","25","TC152","Metal Surge","metal","level_up"
"E044","Rillshade","30","TC236","Metal Drift","metal","level_up"
"E044","Rillshade","36","TC320","Metal Blade","metal","level_up"
"E044","Rillshade","44","TC404","Metal Crash","metal","level_up"
"E044","Rillshade","52","TC044","Metal Crash","metal","level_up"
"E044","Rillshade","62","TC128","Metal Bloom","metal","level_up"
"E045","Sunquill","1","TC105","Shade Thread","shade","level_up"
"E045","Sunquill","4","TC170","Tide Blade","tide","level_up"
"E045","Sunquill","8","TC273","Shade Veil","shade","level_up"
"E045","Sunquill","12","TC338","Tide Bloom","tide","level_up"
"E045","Sunquill","16","TC441","Shade Nova","shade","level_up"
"E045","Sunquill","20","TC050","Tide Blade","tide","level_up"
"E045","Sunquill","25","TC165","Shade Thread","shade","level_up"
"E045","Sunquill","30","TC218","Tide Bloom","tide","level_up"
"E045","Sunquill","36","TC333","Shade Veil","shade","level_up"
"E045","Sunquill","44","TC386","Tide Drift","tide","level_up"
"E045","Sunquill","52","TC057","Shade Aegis","shade","level_up"
"E045","Sunquill","62","TC098","Tide Bloom","tide","level_up"
"E046","Frosthorn","1","TC118","Radiant Burst","radiant","level_up"
"E046","Frosthorn","4","TC202","Radiant Rift","radiant","level_up"
"E046","Frosthorn","8","TC286","Radiant Field","radiant","level_up"
"E046","Frosthorn","12","TC370","Radiant Lance","radiant","level_up"
"E046","Frosthorn","16","TC010","Radiant Lance","radiant","level_up"
"E046","Frosthorn","20","TC094","Radiant Spiral","radiant","level_up"
"E046","Frosthorn","25","TC178","Radiant Burst","radiant","level_up"
"E046","Frosthorn","30","TC262","Radiant Rift","radiant","level_up"
"E046","Frosthorn","36","TC346","Radiant Field","radiant","level_up"
"E046","Frosthorn","44","TC430","Radiant Lance","radiant","level_up"
"E046","Frosthorn","52","TC070","Radiant Lance","radiant","level_up"
"E046","Frosthorn","62","TC154","Radiant Spiral","radiant","level_up"
"E047","Wirevole","1","TC131","Mind Step","mind","level_up"
"E047","Wirevole","4","TC215","Mind Crown","mind","level_up"
"E047","Wirevole","8","TC299","Mind Orbit","mind","level_up"
"E047","Wirevole","12","TC383","Mind Comet","mind","level_up"
"E047","Wirevole","16","TC023","Mind Comet","mind","level_up"
"E047","Wirevole","20","TC107","Mind Mark","mind","level_up"
"E047","Wirevole","25","TC191","Mind Step","mind","level_up"
"E047","Wirevole","30","TC275","Mind Crown","mind","level_up"
"E047","Wirevole","36","TC359","Mind Orbit","mind","level_up"
"E047","Wirevole","44","TC443","Mind Comet","mind","level_up"
"E047","Wirevole","52","TC083","Mind Comet","mind","level_up"
"E047","Wirevole","62","TC167","Mind Mark","mind","level_up"
"E048","Stonefin","1","TC144","Echo Bind","echo","level_up"
"E048","Stonefin","4","TC209","Gale Orbit","gale","level_up"
"E048","Stonefin","8","TC312","Echo Howl","echo","level_up"
"E048","Stonefin","12","TC377","Gale Mark","gale","level_up"
"E048","Stonefin","16","TC036","Echo Pulse","echo","level_up"
"E048","Stonefin","20","TC089","Gale Orbit","gale","level_up"
"E048","Stonefin","25","TC204","Echo Bind","echo","level_up"
"E048","Stonefin","30","TC257","Gale Mark","gale","level_up"
"E048","Stonefin","36","TC372","Echo Howl","echo","level_up"
"E048","Stonefin","44","TC425","Gale Crown","gale","level_up"
"E048","Stonefin","52","TC096","Echo Pulse","echo","level_up"
"E048","Stonefin","62","TC137","Gale Mark","gale","level_up"
"E049","Murkawn","1","TC133","Ember Guard","ember","level_up"
"E049","Murkawn","4","TC217","Ember Fang","ember","level_up"
"E049","Murkawn","8","TC301","Ember Snap","ember","level_up"
"E049","Murkawn","12","TC385","Ember Mirror","ember","level_up"
"E049","Murkawn","16","TC013","Ember Guard","ember","level_up"
"E049","Murkawn","20","TC097","Ember Fang","ember","level_up"
"E049","Murkawn","25","TC181","Ember Snap","ember","level_up"
"E049","Murkawn","30","TC265","Ember Mirror","ember","level_up"
"E049","Murkawn","36","TC349","Ember Song","ember","level_up"
"E049","Murkawn","44","TC433","Ember Guard","ember","level_up"
"E049","Murkawn","52","TC061","Ember Snap","ember","level_up"
"E049","Murkawn","62","TC145","Ember Mirror","ember","level_up"
"E050","Bellroot","1","TC146","Tide Drift","tide","level_up"
"E050","Bellroot","4","TC230","Tide Blade","tide","level_up"
"E050","Bellroot","8","TC314","Tide Crash","tide","level_up"
"E050","Bellroot","12","TC398","Tide Bloom","tide","level_up"
"E050","Bellroot","16","TC026","Tide Drift","tide","level_up"
"E050","Bellroot","20","TC110","Tide Blade","tide","level_up"
"E050","Bellroot","25","TC194","Tide Crash","tide","level_up"
"E050","Bellroot","30","TC278","Tide Bloom","tide","level_up"
"E050","Bellroot","36","TC362","Tide Surge","tide","level_up"
"E050","Bellroot","44","TC446","Tide Drift","tide","level_up"
"E050","Bellroot","52","TC074","Tide Crash","tide","level_up"
"E050","Bellroot","62","TC158","Tide Bloom","tide","level_up"
"E051","Axolume","1","TC159","Verdance Ward","verdance","level_up"
"E051","Axolume","4","TC260","Metal Blade","metal","level_up"
"E051","Axolume","8","TC327","Verdance Aegis","verdance","level_up"
"E051","Axolume","12","TC428","Metal Bloom","metal","level_up"
"E051","Axolume","16","TC039","Verdance Ward","verdance","level_up"
"E051","Axolume","20","TC152","Metal Surge","metal","level_up"
"E051","Axolume","25","TC207","Verdance Aegis","verdance","level_up"
"E051","Axolume","30","TC320","Metal Blade","metal","level_up"
"E051","Axolume","36","TC375","Verdance Thread","verdance","level_up"
"E051","Axolume","44","TC044","Metal Crash","metal","level_up"
"E051","Axolume","52","TC087","Verdance Aegis","verdance","level_up"
"E051","Axolume","62","TC212","Metal Surge","metal","level_up"
"E052","Emberlyn","1","TC172","Stone Rift","stone","level_up"
"E052","Emberlyn","4","TC256","Stone Field","stone","level_up"
"E052","Emberlyn","8","TC340","Stone Lance","stone","level_up"
"E052","Emberlyn","12","TC424","Stone Spiral","stone","level_up"
"E052","Emberlyn","16","TC052","Stone Rift","stone","level_up"
"E052","Emberlyn","20","TC136","Stone Field","stone","level_up"
"E052","Emberlyn","25","TC220","Stone Lance","stone","level_up"
"E052","Emberlyn","30","TC304","Stone Spiral","stone","level_up"
"E052","Emberlyn","36","TC388","Stone Burst","stone","level_up"
"E052","Emberlyn","44","TC016","Stone Field","stone","level_up"
"E052","Emberlyn","52","TC100","Stone Lance","stone","level_up"
"E052","Emberlyn","62","TC184","Stone Spiral","stone","level_up"
"E053","Galebit","1","TC185","Gale Crown","gale","level_up"
"E053","Galebit","4","TC269","Gale Orbit","gale","level_up"
"E053","Galebit","8","TC353","Gale Comet","gale","level_up"
"E053","Galebit","12","TC437","Gale Mark","gale","level_up"
"E053","Galebit","16","TC065","Gale Crown","gale","level_up"
"E053","Galebit","20","TC149","Gale Orbit","gale","level_up"
"E053","Galebit","25","TC233","Gale Comet","gale","level_up"
"E053","Galebit","30","TC317","Gale Mark","gale","level_up"
"E053","Galebit","36","TC401","Gale Step","gale","level_up"
"E053","Galebit","44","TC029","Gale Orbit","gale","level_up"
"E053","Galebit","52","TC113","Gale Comet","gale","level_up"
"E053","Galebit","62","TC197","Gale Mark","gale","level_up"
"E054","Glintoad","1","TC198","Spark Rush","spark","level_up"
"E054","Glintoad","4","TC299","Mind Orbit","mind","level_up"
"E054","Glintoad","8","TC366","Spark Pulse","spark","level_up"
"E054","Glintoad","12","TC023","Mind Comet","mind","level_up"
"E054","Glintoad","16","TC078","Spark Rush","spark","level_up"
"E054","Glintoad","20","TC191","Mind Step","mind","level_up"
"E054","Glintoad","25","TC246","Spark Pulse","spark","level_up"
"E054","Glintoad","30","TC359","Mind Orbit","mind","level_up"
"E054","Glintoad","36","TC414","Spark Bind","spark","level_up"
"E054","Glintoad","44","TC083","Mind Comet","mind","level_up"
"E054","Glintoad","52","TC126","Spark Pulse","spark","level_up"
"E054","Glintoad","62","TC251","Mind Step","mind","level_up"
"E055","Reedstag","1","TC223","Frost Guard","frost","level_up"
"E055","Reedstag","4","TC307","Frost Fang","frost","level_up"
"E055","Reedstag","8","TC391","Frost Snap","frost","level_up"
"E055","Reedstag","12","TC031","Frost Snap","frost","level_up"
"E055","Reedstag","16","TC115","Frost Mirror","frost","level_up"
"E055","Reedstag","20","TC199","Frost Song","frost","level_up"
"E055","Reedstag","25","TC283","Frost Guard","frost","level_up"
"E055","Reedstag","30","TC367","Frost Fang","frost","level_up"
"E055","Reedstag","36","TC007","Frost Fang","frost","level_up"
"E055","Reedstag","44","TC091","Frost Snap","frost","level_up"
"E055","Reedstag","52","TC175","Frost Mirror","frost","level_up"
"E055","Reedstag","62","TC259","Frost Song","frost","level_up"
"E056","Ironpup","1","TC236","Metal Drift","metal","level_up"
"E056","Ironpup","4","TC320","Metal Blade","metal","level_up"
"E056","Ironpup","8","TC404","Metal Crash","metal","level_up"
"E056","Ironpup","12","TC044","Metal Crash","metal","level_up"
"E056","Ironpup","16","TC128","Metal Bloom","metal","level_up"
"E056","Ironpup","20","TC212","Metal Surge","metal","level_up"
"E056","Ironpup","25","TC296","Metal Drift","metal","level_up"
"E056","Ironpup","30","TC380","Metal Blade","metal","level_up"
"E056","Ironpup","36","TC020","Metal Blade","metal","level_up"
"E056","Ironpup","44","TC104","Metal Crash","metal","level_up"
"E056","Ironpup","52","TC188","Metal Bloom","metal","level_up"
"E056","Ironpup","62","TC272","Metal Surge","metal","level_up"
"E057","Shadekin","1","TC249","Shade Ward","shade","level_up"
"E057","Shadekin","4","TC314","Tide Crash","tide","level_up"
"E057","Shadekin","8","TC417","Shade Aegis","shade","level_up"
"E057","Shadekin","12","TC026","Tide Drift","tide","level_up"
"E057","Shadekin","16","TC141","Shade Nova","shade","level_up"
"E057","Shadekin","20","TC194","Tide Crash","tide","level_up"
"E057","Shadekin","25","TC309","Shade Ward","shade","level_up"
"E057","Shadekin","30","TC362","Tide Surge","tide","level_up"
"E057","Shadekin","36","TC033","Shade Veil","shade","level_up"
"E057","Shadekin","44","TC074","Tide Crash","tide","level_up"
"E057","Shadekin","52","TC201","Shade Nova","shade","level_up"
"E057","Shadekin","62","TC242","Tide Surge","tide","level_up"
"E058","Mindmoth","1","TC262","Radiant Rift","radiant","level_up"
"E058","Mindmoth","4","TC346","Radiant Field","radiant","level_up"
"E058","Mindmoth","8","TC430","Radiant Lance","radiant","level_up"
"E058","Mindmoth","12","TC070","Radiant Lance","radiant","level_up"
"E058","Mindmoth","16","TC154","Radiant Spiral","radiant","level_up"
"E058","Mindmoth","20","TC238","Radiant Burst","radiant","level_up"
"E058","Mindmoth","25","TC322","Radiant Rift","radiant","level_up"
"E058","Mindmoth","30","TC406","Radiant Field","radiant","level_up"
"E058","Mindmoth","36","TC046","Radiant Field","radiant","level_up"
"E058","Mindmoth","44","TC130","Radiant Lance","radiant","level_up"
"E058","Mindmoth","52","TC214","Radiant Spiral","radiant","level_up"
"E058","Mindmoth","62","TC298","Radiant Burst","radiant","level_up"
"E059","Voltcrab","1","TC275","Mind Crown","mind","level_up"
"E059","Voltcrab","4","TC359","Mind Orbit","mind","level_up"
"E059","Voltcrab","8","TC443","Mind Comet","mind","level_up"
"E059","Voltcrab","12","TC083","Mind Comet","mind","level_up"
"E059","Voltcrab","16","TC167","Mind Mark","mind","level_up"
"E059","Voltcrab","20","TC251","Mind Step","mind","level_up"
"E059","Voltcrab","25","TC335","Mind Crown","mind","level_up"
"E059","Voltcrab","30","TC419","Mind Orbit","mind","level_up"
"E059","Voltcrab","36","TC059","Mind Orbit","mind","level_up"
"E059","Voltcrab","44","TC143","Mind Comet","mind","level_up"
"E059","Voltcrab","52","TC227","Mind Mark","mind","level_up"
"E059","Voltcrab","62","TC311","Mind Step","mind","level_up"
"E060","Sootwing","1","TC288","Echo Rush","echo","level_up"
"E060","Sootwing","4","TC353","Gale Comet","gale","level_up"
"E060","Sootwing","8","TC012","Echo Howl","echo","level_up"
"E060","Sootwing","12","TC065","Gale Crown","gale","level_up"
"E060","Sootwing","16","TC180","Echo Needle","echo","level_up"
"E060","Sootwing","20","TC233","Gale Comet","gale","level_up"
"E060","Sootwing","25","TC348","Echo Rush","echo","level_up"
"E060","Sootwing","30","TC401","Gale Step","gale","level_up"
"E060","Sootwing","36","TC072","Echo Howl","echo","level_up"
"E060","Sootwing","44","TC113","Gale Comet","gale","level_up"
"E060","Sootwing","52","TC240","Echo Needle","echo","level_up"
"E060","Sootwing","62","TC281","Gale Step","gale","level_up"
"E061","Tidepup","1","TC277","Ember Fang","ember","level_up"
"E061","Tidepup","4","TC361","Ember Snap","ember","level_up"
"E061","Tidepup","8","TC445","Ember Mirror","ember","level_up"
"E061","Tidepup","12","TC073","Ember Guard","ember","level_up"
"E061","Tidepup","16","TC157","Ember Fang","ember","level_up"
"E061","Tidepup","20","TC241","Ember Snap","ember","level_up"
"E061","Tidepup","25","TC325","Ember Mirror","ember","level_up"
"E061","Tidepup","30","TC409","Ember Song","ember","level_up"
"E061","Tidepup","36","TC037","Ember Fang","ember","level_up"
"E061","Tidepup","44","TC121","Ember Snap","ember","level_up"
"E061","Tidepup","52","TC205","Ember Mirror","ember","level_up"
"E061","Tidepup","62","TC289","Ember Song","ember","level_up"
"E062","Verdillo","1","TC290","Tide Blade","tide","level_up"
"E062","Verdillo","4","TC374","Tide Crash","tide","level_up"
"E062","Verdillo","8","TC002","Tide Surge","tide","level_up"
"E062","Verdillo","12","TC086","Tide Drift","tide","level_up"
"E062","Verdillo","16","TC170","Tide Blade","tide","level_up"
"E062","Verdillo","20","TC254","Tide Crash","tide","level_up"
"E062","Verdillo","25","TC338","Tide Bloom","tide","level_up"
"E062","Verdillo","30","TC422","Tide Surge","tide","level_up"
"E062","Verdillo","36","TC050","Tide Blade","tide","level_up"
"E062","Verdillo","44","TC134","Tide Crash","tide","level_up"
"E062","Verdillo","52","TC218","Tide Bloom","tide","level_up"
"E062","Verdillo","62","TC302","Tide Surge","tide","level_up"
"E063","Rubblejaw","1","TC303","Verdance Veil","verdance","level_up"
"E063","Rubblejaw","4","TC404","Metal Crash","metal","level_up"
"E063","Rubblejaw","8","TC015","Verdance Thread","verdance","level_up"
"E063","Rubblejaw","12","TC128","Metal Bloom","metal","level_up"
"E063","Rubblejaw","16","TC183","Verdance Veil","verdance","level_up"
"E063","Rubblejaw","20","TC296","Metal Drift","metal","level_up"
"E063","Rubblejaw","25","TC351","Verdance Nova","verdance","level_up"
"E063","Rubblejaw","30","TC020","Metal Blade","metal","level_up"
"E063","Rubblejaw","36","TC063","Verdance Veil","verdance","level_up"
"E063","Rubblejaw","44","TC188","Metal Bloom","metal","level_up"
"E063","Rubblejaw","52","TC231","Verdance Nova","verdance","level_up"
"E063","Rubblejaw","62","TC356","Metal Drift","metal","level_up"
"E064","Lumenhare","1","TC316","Stone Field","stone","level_up"
"E064","Lumenhare","4","TC400","Stone Lance","stone","level_up"
"E064","Lumenhare","8","TC028","Stone Burst","stone","level_up"
"E064","Lumenhare","12","TC112","Stone Rift","stone","level_up"
"E064","Lumenhare","16","TC196","Stone Field","stone","level_up"
"E064","Lumenhare","20","TC280","Stone Lance","stone","level_up"
"E064","Lumenhare","25","TC364","Stone Spiral","stone","level_up"
"E064","Lumenhare","30","TC448","Stone Burst","stone","level_up"
"E064","Lumenhare","36","TC076","Stone Field","stone","level_up"
"E064","Lumenhare","44","TC160","Stone Lance","stone","level_up"
"E064","Lumenhare","52","TC244","Stone Spiral","stone","level_up"
"E064","Lumenhare","62","TC328","Stone Burst","stone","level_up"
"E065","Echofawn","1","TC329","Gale Orbit","gale","level_up"
"E065","Echofawn","4","TC413","Gale Comet","gale","level_up"
"E065","Echofawn","8","TC041","Gale Step","gale","level_up"
"E065","Echofawn","12","TC125","Gale Crown","gale","level_up"
"E065","Echofawn","16","TC209","Gale Orbit","gale","level_up"
"E065","Echofawn","20","TC293","Gale Comet","gale","level_up"
"E065","Echofawn","25","TC377","Gale Mark","gale","level_up"
"E065","Echofawn","30","TC005","Gale Crown","gale","level_up"
"E065","Echofawn","36","TC089","Gale Orbit","gale","level_up"
"E065","Echofawn","44","TC173","Gale Comet","gale","level_up"
"E065","Echofawn","52","TC257","Gale Mark","gale","level_up"
"E065","Echofawn","62","TC341","Gale Step","gale","level_up"
"E066","Frostkit","1","TC342","Spark Howl","spark","level_up"
"E066","Frostkit","4","TC443","Mind Comet","mind","level_up"
"E066","Frostkit","8","TC054","Spark Bind","spark","level_up"
"E066","Frostkit","12","TC167","Mind Mark","mind","level_up"
"E066","Frostkit","16","TC222","Spark Howl","spark","level_up"
"E066","Frostkit","20","TC335","Mind Crown","mind","level_up"
"E066","Frostkit","25","TC390","Spark Needle","spark","level_up"
"E066","Frostkit","30","TC059","Mind Orbit","mind","level_up"
"E066","Frostkit","36","TC102","Spark Howl","spark","level_up"
"E066","Frostkit","44","TC227","Mind Mark","mind","level_up"
"E066","Frostkit","52","TC270","Spark Needle","spark","level_up"
"E066","Frostkit","62","TC395","Mind Crown","mind","level_up"
"E067","Brinewing","1","TC367","Frost Fang","frost","level_up"
"E067","Brinewing","4","TC007","Frost Fang","frost","level_up"
"E067","Brinewing","8","TC091","Frost Snap","frost","level_up"
"E067","Brinewing","12","TC175","Frost Mirror","frost","level_up"
"E067","Brinewing","16","TC259","Frost Song","frost","level_up"
"E067","Brinewing","20","TC343","Frost Guard","frost","level_up"
"E067","Brinewing","25","TC427","Frost Fang","frost","level_up"
"E067","Brinewing","30","TC067","Frost Fang","frost","level_up"
"E067","Brinewing","36","TC151","Frost Snap","frost","level_up"
"E067","Brinewing","44","TC235","Frost Mirror","frost","level_up"
"E067","Brinewing","52","TC319","Frost Song","frost","level_up"
"E067","Brinewing","62","TC403","Frost Guard","frost","level_up"
"E068","Thornray","1","TC380","Metal Blade","metal","level_up"
"E068","Thornray","4","TC020","Metal Blade","metal","level_up"
"E068","Thornray","8","TC104","Metal Crash","metal","level_up"
"E068","Thornray","12","TC188","Metal Bloom","metal","level_up"
"E068","Thornray","16","TC272","Metal Surge","metal","level_up"
"E068","Thornray","20","TC356","Metal Drift","metal","level_up"
"E068","Thornray","25","TC440","Metal Blade","metal","level_up"
"E068","Thornray","30","TC080","Metal Blade","metal","level_up"
"E068","Thornray","36","TC164","Metal Crash","metal","level_up"
"E068","Thornray","44","TC248","Metal Bloom","metal","level_up"
"E068","Thornray","52","TC332","Metal Surge","metal","level_up"
"E068","Thornray","62","TC416","Metal Drift","metal","level_up"
"E069","Sparkferret","1","TC393","Shade Veil","shade","level_up"
"E069","Sparkferret","4","TC002","Tide Surge","tide","level_up"
"E069","Sparkferret","8","TC117","Shade Aegis","shade","level_up"
"E069","Sparkferret","12","TC170","Tide Blade","tide","level_up"
"E069","Sparkferret","16","TC285","Shade Thread","shade","level_up"
"E069","Sparkferret","20","TC338","Tide Bloom","tide","level_up"
"E069","Sparkferret","25","TC009","Shade Ward","shade","level_up"
"E069","Sparkferret","30","TC050","Tide Blade","tide","level_up"
"E069","Sparkferret","36","TC177","Shade Aegis","shade","level_up"
"E069","Sparkferret","44","TC218","Tide Bloom","tide","level_up"
"E069","Sparkferret","52","TC345","Shade Thread","shade","level_up"
"E069","Sparkferret","62","TC386","Tide Drift","tide","level_up"
"E070","Basalthorn","1","TC406","Radiant Field","radiant","level_up"
"E070","Basalthorn","4","TC046","Radiant Field","radiant","level_up"
"E070","Basalthorn","8","TC130","Radiant Lance","radiant","level_up"
"E070","Basalthorn","12","TC214","Radiant Spiral","radiant","level_up"
"E070","Basalthorn","16","TC298","Radiant Burst","radiant","level_up"
"E070","Basalthorn","20","TC382","Radiant Rift","radiant","level_up"
"E070","Basalthorn","25","TC022","Radiant Rift","radiant","level_up"
"E070","Basalthorn","30","TC106","Radiant Field","radiant","level_up"
"E070","Basalthorn","36","TC190","Radiant Lance","radiant","level_up"
"E070","Basalthorn","44","TC274","Radiant Spiral","radiant","level_up"
"E070","Basalthorn","52","TC358","Radiant Burst","radiant","level_up"
"E070","Basalthorn","62","TC442","Radiant Rift","radiant","level_up"
"E071","Glowmole","1","TC419","Mind Orbit","mind","level_up"
"E071","Glowmole","4","TC059","Mind Orbit","mind","level_up"
"E071","Glowmole","8","TC143","Mind Comet","mind","level_up"
"E071","Glowmole","12","TC227","Mind Mark","mind","level_up"
"E071","Glowmole","16","TC311","Mind Step","mind","level_up"
"E071","Glowmole","20","TC395","Mind Crown","mind","level_up"
"E071","Glowmole","25","TC035","Mind Crown","mind","level_up"
"E071","Glowmole","30","TC119","Mind Orbit","mind","level_up"
"E071","Glowmole","36","TC203","Mind Comet","mind","level_up"
"E071","Glowmole","44","TC287","Mind Mark","mind","level_up"
"E071","Glowmole","52","TC371","Mind Step","mind","level_up"
"E071","Glowmole","62","TC011","Mind Step","mind","level_up"
"E072","Shadefin","1","TC432","Echo Howl","echo","level_up"
"E072","Shadefin","4","TC041","Gale Step","gale","level_up"
"E072","Shadefin","8","TC156","Echo Pulse","echo","level_up"
"E072","Shadefin","12","TC209","Gale Orbit","gale","level_up"
"E072","Shadefin","16","TC324","Echo Bind","echo","level_up"
"E072","Shadefin","20","TC377","Gale Mark","gale","level_up"
"E072","Shadefin","25","TC048","Echo Rush","echo","level_up"
"E072","Shadefin","30","TC089","Gale Orbit","gale","level_up"
"E072","Shadefin","36","TC216","Echo Pulse","echo","level_up"
"E072","Shadefin","44","TC257","Gale Mark","gale","level_up"
"E072","Shadefin","52","TC384","Echo Bind","echo","level_up"
"E072","Shadefin","62","TC425","Gale Crown","gale","level_up"
"E073","Copperkite","1","TC421","Ember Snap","ember","level_up"
"E073","Copperkite","4","TC049","Ember Song","ember","level_up"
"E073","Copperkite","8","TC133","Ember Guard","ember","level_up"
"E073","Copperkite","12","TC217","Ember Fang","ember","level_up"
"E073","Copperkite","16","TC301","Ember Snap","ember","level_up"
"E073","Copperkite","20","TC385","Ember Mirror","ember","level_up"
"E073","Copperkite","25","TC013","Ember Guard","ember","level_up"
"E073","Copperkite","30","TC097","Ember Fang","ember","level_up"
"E073","Copperkite","36","TC181","Ember Snap","ember","level_up"
"E073","Copperkite","44","TC265","Ember Mirror","ember","level_up"
"E073","Copperkite","52","TC349","Ember Song","ember","level_up"
"E073","Copperkite","62","TC433","Ember Guard","ember","level_up"
"E074","Rimevole","1","TC434","Tide Crash","tide","level_up"
"E074","Rimevole","4","TC062","Tide Surge","tide","level_up"
"E074","Rimevole","8","TC146","Tide Drift","tide","level_up"
"E074","Rimevole","12","TC230","Tide Blade","tide","level_up"
"E074","Rimevole","16","TC314","Tide Crash","tide","level_up"
"E074","Rimevole","20","TC398","Tide Bloom","tide","level_up"
"E074","Rimevole","25","TC026","Tide Drift","tide","level_up"
"E074","Rimevole","30","TC110","Tide Blade","tide","level_up"
"E074","Rimevole","36","TC194","Tide Crash","tide","level_up"
"E074","Rimevole","44","TC278","Tide Bloom","tide","level_up"
"E074","Rimevole","52","TC362","Tide Surge","tide","level_up"
"E074","Rimevole","62","TC446","Tide Drift","tide","level_up"
"E075","Myrraven","1","TC447","Verdance Aegis","verdance","level_up"
"E075","Myrraven","4","TC104","Metal Crash","metal","level_up"
"E075","Myrraven","8","TC159","Verdance Ward","verdance","level_up"
"E075","Myrraven","12","TC272","Metal Surge","metal","level_up"
"E075","Myrraven","16","TC327","Verdance Aegis","verdance","level_up"
"E075","Myrraven","20","TC440","Metal Blade","metal","level_up"
"E075","Myrraven","25","TC039","Verdance Ward","verdance","level_up"
"E075","Myrraven","30","TC164","Metal Crash","metal","level_up"
"E075","Myrraven","36","TC207","Verdance Aegis","verdance","level_up"
"E075","Myrraven","44","TC332","Metal Surge","metal","level_up"
"E075","Myrraven","52","TC375","Verdance Thread","verdance","level_up"
"E075","Myrraven","62","TC056","Metal Drift","metal","level_up"
"E076","Ashbloom","1","TC004","Stone Spiral","stone","level_up"
"E076","Ashbloom","4","TC088","Stone Burst","stone","level_up"
"E076","Ashbloom","8","TC172","Stone Rift","stone","level_up"
"E076","Ashbloom","12","TC256","Stone Field","stone","level_up"
"E076","Ashbloom","16","TC340","Stone Lance","stone","level_up"
"E076","Ashbloom","20","TC424","Stone Spiral","stone","level_up"
"E076","Ashbloom","25","TC052","Stone Rift","stone","level_up"
"E076","Ashbloom","30","TC136","Stone Field","stone","level_up"
"E076","Ashbloom","36","TC220","Stone Lance","stone","level_up"
"E076","Ashbloom","44","TC304","Stone Spiral","stone","level_up"
"E076","Ashbloom","52","TC388","Stone Burst","stone","level_up"
"E076","Ashbloom","62","TC016","Stone Field","stone","level_up"
"E077","Seaglassel","1","TC017","Gale Mark","gale","level_up"
"E077","Seaglassel","4","TC101","Gale Step","gale","level_up"
"E077","Seaglassel","8","TC185","Gale Crown","gale","level_up"
"E077","Seaglassel","12","TC269","Gale Orbit","gale","level_up"
"E077","Seaglassel","16","TC353","Gale Comet","gale","level_up"
"E077","Seaglassel","20","TC437","Gale Mark","gale","level_up"
"E077","Seaglassel","25","TC065","Gale Crown","gale","level_up"
"E077","Seaglassel","30","TC149","Gale Orbit","gale","level_up"
"E077","Seaglassel","36","TC233","Gale Comet","gale","level_up"
"E077","Seaglassel","44","TC317","Gale Mark","gale","level_up"
"E077","Seaglassel","52","TC401","Gale Step","gale","level_up"
"E077","Seaglassel","62","TC029","Gale Orbit","gale","level_up"
"E078","Windleap","1","TC030","Spark Needle","spark","level_up"
"E078","Windleap","4","TC143","Mind Comet","mind","level_up"
"E078","Windleap","8","TC198","Spark Rush","spark","level_up"
"E078","Windleap","12","TC311","Mind Step","mind","level_up"
"E078","Windleap","16","TC366","Spark Pulse","spark","level_up"
"E078","Windleap","20","TC035","Mind Crown","mind","level_up"
"E078","Windleap","25","TC078","Spark Rush","spark","level_up"
"E078","Windleap","30","TC203","Mind Comet","mind","level_up"
"E078","Windleap","36","TC246","Spark Pulse","spark","level_up"
"E078","Windleap","44","TC371","Mind Step","mind","level_up"
"E078","Windleap","52","TC414","Spark Bind","spark","level_up"
"E078","Windleap","62","TC095","Mind Crown","mind","level_up"
"E079","Rootfinch","1","TC067","Frost Fang","frost","level_up"
"E079","Rootfinch","4","TC151","Frost Snap","frost","level_up"
"E079","Rootfinch","8","TC235","Frost Mirror","frost","level_up"
"E079","Rootfinch","12","TC319","Frost Song","frost","level_up"
"E079","Rootfinch","16","TC403","Frost Guard","frost","level_up"
"E079","Rootfinch","20","TC043","Frost Guard","frost","level_up"
"E079","Rootfinch","25","TC127","Frost Fang","frost","level_up"
"E079","Rootfinch","30","TC211","Frost Snap","frost","level_up"
"E079","Rootfinch","36","TC295","Frost Mirror","frost","level_up"
"E079","Rootfinch","44","TC379","Frost Song","frost","level_up"
"E079","Rootfinch","52","TC019","Frost Song","frost","level_up"
"E079","Rootfinch","62","TC103","Frost Guard","frost","level_up"
"E080","Moltusk","1","TC080","Metal Blade","metal","level_up"
"E080","Moltusk","4","TC164","Metal Crash","metal","level_up"
"E080","Moltusk","8","TC248","Metal Bloom","metal","level_up"
"E080","Moltusk","12","TC332","Metal Surge","metal","level_up"
"E080","Moltusk","16","TC416","Metal Drift","metal","level_up"
"E080","Moltusk","20","TC056","Metal Drift","metal","level_up"
"E080","Moltusk","25","TC140","Metal Blade","metal","level_up"
"E080","Moltusk","30","TC224","Metal Crash","metal","level_up"
"E080","Moltusk","36","TC308","Metal Bloom","metal","level_up"
"E080","Moltusk","44","TC392","Metal Surge","metal","level_up"
"E080","Moltusk","52","TC032","Metal Surge","metal","level_up"
"E080","Moltusk","62","TC116","Metal Drift","metal","level_up"
"E081","Prismole","1","TC093","Shade Veil","shade","level_up"
"E081","Prismole","4","TC146","Tide Drift","tide","level_up"
"E081","Prismole","8","TC261","Shade Nova","shade","level_up"
"E081","Prismole","12","TC314","Tide Crash","tide","level_up"
"E081","Prismole","16","TC429","Shade Ward","shade","level_up"
"E081","Prismole","20","TC026","Tide Drift","tide","level_up"
"E081","Prismole","25","TC153","Shade Veil","shade","level_up"
"E081","Prismole","30","TC194","Tide Crash","tide","level_up"
"E081","Prismole","36","TC321","Shade Nova","shade","level_up"
"E081","Prismole","44","TC362","Tide Surge","tide","level_up"
"E081","Prismole","52","TC045","Shade Thread","shade","level_up"
"E081","Prismole","62","TC074","Tide Crash","tide","level_up"
"E082","Duskhound","1","TC106","Radiant Field","radiant","level_up"
"E082","Duskhound","4","TC190","Radiant Lance","radiant","level_up"
"E082","Duskhound","8","TC274","Radiant Spiral","radiant","level_up"
"E082","Duskhound","12","TC358","Radiant Burst","radiant","level_up"
"E082","Duskhound","16","TC442","Radiant Rift","radiant","level_up"
"E082","Duskhound","20","TC082","Radiant Rift","radiant","level_up"
"E082","Duskhound","25","TC166","Radiant Field","radiant","level_up"
"E082","Duskhound","30","TC250","Radiant Lance","radiant","level_up"
"E082","Duskhound","36","TC334","Radiant Spiral","radiant","level_up"
"E082","Duskhound","44","TC418","Radiant Burst","radiant","level_up"
"E082","Duskhound","52","TC058","Radiant Burst","radiant","level_up"
"E082","Duskhound","62","TC142","Radiant Rift","radiant","level_up"
"E083","Voltlynx","1","TC119","Mind Orbit","mind","level_up"
"E083","Voltlynx","4","TC203","Mind Comet","mind","level_up"
"E083","Voltlynx","8","TC287","Mind Mark","mind","level_up"
"E083","Voltlynx","12","TC371","Mind Step","mind","level_up"
"E083","Voltlynx","16","TC011","Mind Step","mind","level_up"
"E083","Voltlynx","20","TC095","Mind Crown","mind","level_up"
"E083","Voltlynx","25","TC179","Mind Orbit","mind","level_up"
"E083","Voltlynx","30","TC263","Mind Comet","mind","level_up"
"E083","Voltlynx","36","TC347","Mind Mark","mind","level_up"
"E083","Voltlynx","44","TC431","Mind Step","mind","level_up"
"E083","Voltlynx","52","TC071","Mind Step","mind","level_up"
"E083","Voltlynx","62","TC155","Mind Crown","mind","level_up"
"E084","Frosteel","1","TC132","Echo Howl","echo","level_up"
"E084","Frosteel","4","TC185","Gale Crown","gale","level_up"
"E084","Frosteel","8","TC300","Echo Needle","echo","level_up"
"E084","Frosteel","12","TC353","Gale Comet","gale","level_up"
"E084","Frosteel","16","TC024","Echo Bind","echo","level_up"
"E084","Frosteel","20","TC065","Gale Crown","gale","level_up"
"E084","Frosteel","25","TC192","Echo Howl","echo","level_up"
"E084","Frosteel","30","TC233","Gale Comet","gale","level_up"
"E084","Frosteel","36","TC360","Echo Needle","echo","level_up"
"E084","Frosteel","44","TC401","Gale Step","gale","level_up"
"E084","Frosteel","52","TC084","Echo Bind","echo","level_up"
"E084","Frosteel","62","TC113","Gale Comet","gale","level_up"
"E085","Auricub","1","TC109","Ember Song","ember","level_up"
"E085","Auricub","4","TC193","Ember Guard","ember","level_up"
"E085","Auricub","8","TC277","Ember Fang","ember","level_up"
"E085","Auricub","12","TC361","Ember Snap","ember","level_up"
"E085","Auricub","16","TC445","Ember Mirror","ember","level_up"
"E085","Auricub","20","TC073","Ember Guard","ember","level_up"
"E085","Auricub","25","TC157","Ember Fang","ember","level_up"
"E085","Auricub","30","TC241","Ember Snap","ember","level_up"
"E085","Auricub","36","TC325","Ember Mirror","ember","level_up"
"E085","Auricub","44","TC409","Ember Song","ember","level_up"
"E085","Auricub","52","TC037","Ember Fang","ember","level_up"
"E085","Auricub","62","TC121","Ember Snap","ember","level_up"
"E086","Siltshell","1","TC122","Tide Surge","tide","level_up"
"E086","Siltshell","4","TC206","Tide Drift","tide","level_up"
"E086","Siltshell","8","TC290","Tide Blade","tide","level_up"
"E086","Siltshell","12","TC374","Tide Crash","tide","level_up"
"E086","Siltshell","16","TC002","Tide Surge","tide","level_up"
"E086","Siltshell","20","TC086","Tide Drift","tide","level_up"
"E086","Siltshell","25","TC170","Tide Blade","tide","level_up"
"E086","Siltshell","30","TC254","Tide Crash","tide","level_up"
"E086","Siltshell","36","TC338","Tide Bloom","tide","level_up"
"E086","Siltshell","44","TC422","Tide Surge","tide","level_up"
"E086","Siltshell","52","TC050","Tide Blade","tide","level_up"
"E086","Siltshell","62","TC134","Tide Crash","tide","level_up"
"E087","Charrat","1","TC135","Verdance Thread","verdance","level_up"
"E087","Charrat","4","TC248","Metal Bloom","metal","level_up"
"E087","Charrat","8","TC303","Verdance Veil","verdance","level_up"
"E087","Charrat","12","TC416","Metal Drift","metal","level_up"
"E087","Charrat","16","TC015","Verdance Thread","verdance","level_up"
"E087","Charrat","20","TC140","Metal Blade","metal","level_up"
"E087","Charrat","25","TC183","Verdance Veil","verdance","level_up"
"E087","Charrat","30","TC308","Metal Bloom","metal","level_up"
"E087","Charrat","36","TC351","Verdance Nova","verdance","level_up"
"E087","Charrat","44","TC032","Metal Surge","metal","level_up"
"E087","Charrat","52","TC063","Verdance Veil","verdance","level_up"
"E087","Charrat","62","TC200","Metal Blade","metal","level_up"
"E088","Mindjaw","1","TC148","Stone Burst","stone","level_up"
"E088","Mindjaw","4","TC232","Stone Rift","stone","level_up"
"E088","Mindjaw","8","TC316","Stone Field","stone","level_up"
"E088","Mindjaw","12","TC400","Stone Lance","stone","level_up"
"E088","Mindjaw","16","TC028","Stone Burst","stone","level_up"
"E088","Mindjaw","20","TC112","Stone Rift","stone","level_up"
"E088","Mindjaw","25","TC196","Stone Field","stone","level_up"
"E088","Mindjaw","30","TC280","Stone Lance","stone","level_up"
"E088","Mindjaw","36","TC364","Stone Spiral","stone","level_up"
"E088","Mindjaw","44","TC448","Stone Burst","stone","level_up"
"E088","Mindjaw","52","TC076","Stone Field","stone","level_up"
"E088","Mindjaw","62","TC160","Stone Lance","stone","level_up"
"E089","Reedwhale","1","TC161","Gale Step","gale","level_up"
"E089","Reedwhale","4","TC245","Gale Crown","gale","level_up"
"E089","Reedwhale","8","TC329","Gale Orbit","gale","level_up"
"E089","Reedwhale","12","TC413","Gale Comet","gale","level_up"
"E089","Reedwhale","16","TC041","Gale Step","gale","level_up"
"E089","Reedwhale","20","TC125","Gale Crown","gale","level_up"
"E089","Reedwhale","25","TC209","Gale Orbit","gale","level_up"
"E089","Reedwhale","30","TC293","Gale Comet","gale","level_up"
"E089","Reedwhale","36","TC377","Gale Mark","gale","level_up"
"E089","Reedwhale","44","TC005","Gale Crown","gale","level_up"
"E089","Reedwhale","52","TC089","Gale Orbit","gale","level_up"
"E089","Reedwhale","62","TC173","Gale Comet","gale","level_up"
"E090","Skypincer","1","TC174","Spark Bind","spark","level_up"
"E090","Skypincer","4","TC287","Mind Mark","mind","level_up"
"E090","Skypincer","8","TC342","Spark Howl","spark","level_up"
"E090","Skypincer","12","TC011","Mind Step","mind","level_up"
"E090","Skypincer","16","TC054","Spark Bind","spark","level_up"
"E090","Skypincer","20","TC179","Mind Orbit","mind","level_up"
"E090","Skypincer","25","TC222","Spark Howl","spark","level_up"
"E090","Skypincer","30","TC347","Mind Mark","mind","level_up"
"E090","Skypincer","36","TC390","Spark Needle","spark","level_up"
"E090","Skypincer","44","TC071","Mind Step","mind","level_up"
"E090","Skypincer","52","TC102","Spark Howl","spark","level_up"
"E090","Skypincer","62","TC239","Mind Orbit","mind","level_up"
"E091","Lumidrake","1","TC211","Frost Snap","frost","level_up"
"E091","Lumidrake","4","TC295","Frost Mirror","frost","level_up"
"E091","Lumidrake","8","TC379","Frost Song","frost","level_up"
"E091","Lumidrake","12","TC019","Frost Song","frost","level_up"
"E091","Lumidrake","16","TC103","Frost Guard","frost","level_up"
"E091","Lumidrake","20","TC187","Frost Fang","frost","level_up"
"E091","Lumidrake","25","TC271","Frost Snap","frost","level_up"
"E091","Lumidrake","30","TC355","Frost Mirror","frost","level_up"
"E091","Lumidrake","36","TC439","Frost Song","frost","level_up"
"E091","Lumidrake","44","TC079","Frost Song","frost","level_up"
"E091","Lumidrake","52","TC163","Frost Guard","frost","level_up"
"E091","Lumidrake","62","TC247","Frost Fang","frost","level_up"
"E092","Bramblet","1","TC224","Metal Crash","metal","level_up"
"E092","Bramblet","4","TC308","Metal Bloom","metal","level_up"
"E092","Bramblet","8","TC392","Metal Surge","metal","level_up"
"E092","Bramblet","12","TC032","Metal Surge","metal","level_up"
"E092","Bramblet","16","TC116","Metal Drift","metal","level_up"
"E092","Bramblet","20","TC200","Metal Blade","metal","level_up"
"E092","Bramblet","25","TC284","Metal Crash","metal","level_up"
"E092","Bramblet","30","TC368","Metal Bloom","metal","level_up"
"E092","Bramblet","36","TC008","Metal Bloom","metal","level_up"
"E092","Bramblet","44","TC092","Metal Surge","metal","level_up"
"E092","Bramblet","52","TC176","Metal Drift","metal","level_up"
"E092","Bramblet","62","TC260","Metal Blade","metal","level_up"
"E093","Embertoad","1","TC237","Shade Aegis","shade","level_up"
"E093","Embertoad","4","TC290","Tide Blade","tide","level_up"
"E093","Embertoad","8","TC405","Shade Thread","shade","level_up"
"E093","Embertoad","12","TC002","Tide Surge","tide","level_up"
"E093","Embertoad","16","TC129","Shade Ward","shade","level_up"
"E093","Embertoad","20","TC170","Tide Blade","tide","level_up"
"E093","Embertoad","25","TC297","Shade Aegis","shade","level_up"
"E093","Embertoad","30","TC338","Tide Bloom","tide","level_up"
"E093","Embertoad","36","TC021","Shade Nova","shade","level_up"
"E093","Embertoad","44","TC050","Tide Blade","tide","level_up"
"E093","Embertoad","52","TC189","Shade Ward","shade","level_up"
"E093","Embertoad","62","TC218","Tide Bloom","tide","level_up"
"E094","Nulltick","1","TC250","Radiant Lance","radiant","level_up"
"E094","Nulltick","4","TC334","Radiant Spiral","radiant","level_up"
"E094","Nulltick","8","TC418","Radiant Burst","radiant","level_up"
"E094","Nulltick","12","TC058","Radiant Burst","radiant","level_up"
"E094","Nulltick","16","TC142","Radiant Rift","radiant","level_up"
"E094","Nulltick","20","TC226","Radiant Field","radiant","level_up"
"E094","Nulltick","25","TC310","Radiant Lance","radiant","level_up"
"E094","Nulltick","30","TC394","Radiant Spiral","radiant","level_up"
"E094","Nulltick","36","TC034","Radiant Spiral","radiant","level_up"
"E094","Nulltick","44","TC118","Radiant Burst","radiant","level_up"
"E094","Nulltick","52","TC202","Radiant Rift","radiant","level_up"
"E094","Nulltick","62","TC286","Radiant Field","radiant","level_up"
"E095","Galestone","1","TC263","Mind Comet","mind","level_up"
"E095","Galestone","4","TC347","Mind Mark","mind","level_up"
"E095","Galestone","8","TC431","Mind Step","mind","level_up"
"E095","Galestone","12","TC071","Mind Step","mind","level_up"
"E095","Galestone","16","TC155","Mind Crown","mind","level_up"
"E095","Galestone","20","TC239","Mind Orbit","mind","level_up"
"E095","Galestone","25","TC323","Mind Comet","mind","level_up"
"E095","Galestone","30","TC407","Mind Mark","mind","level_up"
"E095","Galestone","36","TC047","Mind Mark","mind","level_up"
"E095","Galestone","44","TC131","Mind Step","mind","level_up"
"E095","Galestone","52","TC215","Mind Crown","mind","level_up"
"E095","Galestone","62","TC299","Mind Orbit","mind","level_up"
"E096","Tidemane","1","TC276","Echo Pulse","echo","level_up"
"E096","Tidemane","4","TC329","Gale Orbit","gale","level_up"
"E096","Tidemane","8","TC444","Echo Bind","echo","level_up"
"E096","Tidemane","12","TC041","Gale Step","gale","level_up"
"E096","Tidemane","16","TC168","Echo Rush","echo","level_up"
"E096","Tidemane","20","TC209","Gale Orbit","gale","level_up"
"E096","Tidemane","25","TC336","Echo Pulse","echo","level_up"
"E096","Tidemane","30","TC377","Gale Mark","gale","level_up"
"E096","Tidemane","36","TC060","Echo Needle","echo","level_up"
"E096","Tidemane","44","TC089","Gale Orbit","gale","level_up"
"E096","Tidemane","52","TC228","Echo Rush","echo","level_up"
"E096","Tidemane","62","TC257","Gale Mark","gale","level_up"
"E097","Shiverfin","1","TC253","Ember Guard","ember","level_up"
"E097","Shiverfin","4","TC337","Ember Fang","ember","level_up"
"E097","Shiverfin","8","TC421","Ember Snap","ember","level_up"
"E097","Shiverfin","12","TC049","Ember Song","ember","level_up"
"E097","Shiverfin","16","TC133","Ember Guard","ember","level_up"
"E097","Shiverfin","20","TC217","Ember Fang","ember","level_up"
"E097","Shiverfin","25","TC301","Ember Snap","ember","level_up"
"E097","Shiverfin","30","TC385","Ember Mirror","ember","level_up"
"E097","Shiverfin","36","TC013","Ember Guard","ember","level_up"
"E097","Shiverfin","44","TC097","Ember Fang","ember","level_up"
"E097","Shiverfin","52","TC181","Ember Snap","ember","level_up"
"E097","Shiverfin","62","TC265","Ember Mirror","ember","level_up"
"E098","Ironmoth","1","TC266","Tide Drift","tide","level_up"
"E098","Ironmoth","4","TC350","Tide Blade","tide","level_up"
"E098","Ironmoth","8","TC434","Tide Crash","tide","level_up"
"E098","Ironmoth","12","TC062","Tide Surge","tide","level_up"
"E098","Ironmoth","16","TC146","Tide Drift","tide","level_up"
"E098","Ironmoth","20","TC230","Tide Blade","tide","level_up"
"E098","Ironmoth","25","TC314","Tide Crash","tide","level_up"
"E098","Ironmoth","30","TC398","Tide Bloom","tide","level_up"
"E098","Ironmoth","36","TC026","Tide Drift","tide","level_up"
"E098","Ironmoth","44","TC110","Tide Blade","tide","level_up"
"E098","Ironmoth","52","TC194","Tide Crash","tide","level_up"
"E098","Ironmoth","62","TC278","Tide Bloom","tide","level_up"
"E099","Echolisk","1","TC279","Verdance Ward","verdance","level_up"
"E099","Echolisk","4","TC392","Metal Surge","metal","level_up"
"E099","Echolisk","8","TC447","Verdance Aegis","verdance","level_up"
"E099","Echolisk","12","TC116","Metal Drift","metal","level_up"
"E099","Echolisk","16","TC159","Verdance Ward","verdance","level_up"
"E099","Echolisk","20","TC284","Metal Crash","metal","level_up"
"E099","Echolisk","25","TC327","Verdance Aegis","verdance","level_up"
"E099","Echolisk","30","TC008","Metal Bloom","metal","level_up"
"E099","Echolisk","36","TC039","Verdance Ward","verdance","level_up"
"E099","Echolisk","44","TC176","Metal Drift","metal","level_up"
"E099","Echolisk","52","TC207","Verdance Aegis","verdance","level_up"
"E099","Echolisk","62","TC344","Metal Crash","metal","level_up"
"E100","Verdantle","1","TC292","Stone Rift","stone","level_up"
"E100","Verdantle","4","TC376","Stone Field","stone","level_up"
"E100","Verdantle","8","TC004","Stone Spiral","stone","level_up"
"E100","Verdantle","12","TC088","Stone Burst","stone","level_up"
"E100","Verdantle","16","TC172","Stone Rift","stone","level_up"
"E100","Verdantle","20","TC256","Stone Field","stone","level_up"
"E100","Verdantle","25","TC340","Stone Lance","stone","level_up"
"E100","Verdantle","30","TC424","Stone Spiral","stone","level_up"
"E100","Verdantle","36","TC052","Stone Rift","stone","level_up"
"E100","Verdantle","44","TC136","Stone Field","stone","level_up"
"E100","Verdantle","52","TC220","Stone Lance","stone","level_up"
"E100","Verdantle","62","TC304","Stone Spiral","stone","level_up"
"E101","Ashmantle","1","TC305","Gale Crown","gale","level_up"
"E101","Ashmantle","4","TC389","Gale Orbit","gale","level_up"
"E101","Ashmantle","8","TC017","Gale Mark","gale","level_up"
"E101","Ashmantle","12","TC101","Gale Step","gale","level_up"
"E101","Ashmantle","16","TC185","Gale Crown","gale","level_up"
"E101","Ashmantle","20","TC269","Gale Orbit","gale","level_up"
"E101","Ashmantle","25","TC353","Gale Comet","gale","level_up"
"E101","Ashmantle","30","TC437","Gale Mark","gale","level_up"
"E101","Ashmantle","36","TC065","Gale Crown","gale","level_up"
"E101","Ashmantle","44","TC149","Gale Orbit","gale","level_up"
"E101","Ashmantle","52","TC233","Gale Comet","gale","level_up"
"E101","Ashmantle","62","TC317","Gale Mark","gale","level_up"
"E102","Glimmeray","1","TC318","Spark Rush","spark","level_up"
"E102","Glimmeray","4","TC431","Mind Step","mind","level_up"
"E102","Glimmeray","8","TC030","Spark Needle","spark","level_up"
"E102","Glimmeray","12","TC155","Mind Crown","mind","level_up"
"E102","Glimmeray","16","TC198","Spark Rush","spark","level_up"
"E102","Glimmeray","20","TC323","Mind Comet","mind","level_up"
"E102","Glimmeray","25","TC366","Spark Pulse","spark","level_up"
"E102","Glimmeray","30","TC047","Mind Mark","mind","level_up"
"E102","Glimmeray","36","TC078","Spark Rush","spark","level_up"
"E102","Glimmeray","44","TC215","Mind Crown","mind","level_up"
"E102","Glimmeray","52","TC246","Spark Pulse","spark","level_up"
"E102","Glimmeray","62","TC383","Mind Comet","mind","level_up"
"E103","Sparkmole","1","TC355","Frost Mirror","frost","level_up"
"E103","Sparkmole","4","TC439","Frost Song","frost","level_up"
"E103","Sparkmole","8","TC079","Frost Song","frost","level_up"
"E103","Sparkmole","12","TC163","Frost Guard","frost","level_up"
"E103","Sparkmole","16","TC247","Frost Fang","frost","level_up"
"E103","Sparkmole","20","TC331","Frost Snap","frost","level_up"
"E103","Sparkmole","25","TC415","Frost Mirror","frost","level_up"
"E103","Sparkmole","30","TC055","Frost Mirror","frost","level_up"
"E103","Sparkmole","36","TC139","Frost Song","frost","level_up"
"E103","Sparkmole","44","TC223","Frost Guard","frost","level_up"
"E103","Sparkmole","52","TC307","Frost Fang","frost","level_up"
"E103","Sparkmole","62","TC391","Frost Snap","frost","level_up"
"E104","Shadebuck","1","TC368","Metal Bloom","metal","level_up"
"E104","Shadebuck","4","TC008","Metal Bloom","metal","level_up"
"E104","Shadebuck","8","TC092","Metal Surge","metal","level_up"
"E104","Shadebuck","12","TC176","Metal Drift","metal","level_up"
"E104","Shadebuck","16","TC260","Metal Blade","metal","level_up"
"E104","Shadebuck","20","TC344","Metal Crash","metal","level_up"
"E104","Shadebuck","25","TC428","Metal Bloom","metal","level_up"
"E104","Shadebuck","30","TC068","Metal Bloom","metal","level_up"
"E104","Shadebuck","36","TC152","Metal Surge","metal","level_up"
"E104","Shadebuck","44","TC236","Metal Drift","metal","level_up"
"E104","Shadebuck","52","TC320","Metal Blade","metal","level_up"
"E104","Shadebuck","62","TC404","Metal Crash","metal","level_up"
"E105","Frosthare","1","TC381","Shade Nova","shade","level_up"
"E105","Frosthare","4","TC434","Tide Crash","tide","level_up"
"E105","Frosthare","8","TC105","Shade Thread","shade","level_up"
"E105","Frosthare","12","TC146","Tide Drift","tide","level_up"
"E105","Frosthare","16","TC273","Shade Veil","shade","level_up"
"E105","Frosthare","20","TC314","Tide Crash","tide","level_up"
"E105","Frosthare","25","TC441","Shade Nova","shade","level_up"
"E105","Frosthare","30","TC026","Tide Drift","tide","level_up"
"E105","Frosthare","36","TC165","Shade Thread","shade","level_up"
"E105","Frosthare","44","TC194","Tide Crash","tide","level_up"
"E105","Frosthare","52","TC333","Shade Veil","shade","level_up"
"E105","Frosthare","62","TC362","Tide Surge","tide","level_up"
"E106","Copperfin","1","TC394","Radiant Spiral","radiant","level_up"
"E106","Copperfin","4","TC034","Radiant Spiral","radiant","level_up"
"E106","Copperfin","8","TC118","Radiant Burst","radiant","level_up"
"E106","Copperfin","12","TC202","Radiant Rift","radiant","level_up"
"E106","Copperfin","16","TC286","Radiant Field","radiant","level_up"
"E106","Copperfin","20","TC370","Radiant Lance","radiant","level_up"
"E106","Copperfin","25","TC010","Radiant Lance","radiant","level_up"
"E106","Copperfin","30","TC094","Radiant Spiral","radiant","level_up"
"E106","Copperfin","36","TC178","Radiant Burst","radiant","level_up"
"E106","Copperfin","44","TC262","Radiant Rift","radiant","level_up"
"E106","Copperfin","52","TC346","Radiant Field","radiant","level_up"
"E106","Copperfin","62","TC430","Radiant Lance","radiant","level_up"
"E107","Rootcoil","1","TC407","Mind Mark","mind","level_up"
"E107","Rootcoil","4","TC047","Mind Mark","mind","level_up"
"E107","Rootcoil","8","TC131","Mind Step","mind","level_up"
"E107","Rootcoil","12","TC215","Mind Crown","mind","level_up"
"E107","Rootcoil","16","TC299","Mind Orbit","mind","level_up"
"E107","Rootcoil","20","TC383","Mind Comet","mind","level_up"
"E107","Rootcoil","25","TC023","Mind Comet","mind","level_up"
"E107","Rootcoil","30","TC107","Mind Mark","mind","level_up"
"E107","Rootcoil","36","TC191","Mind Step","mind","level_up"
"E107","Rootcoil","44","TC275","Mind Crown","mind","level_up"
"E107","Rootcoil","52","TC359","Mind Orbit","mind","level_up"
"E107","Rootcoil","62","TC443","Mind Comet","mind","level_up"
"E108","Mindvole","1","TC420","Echo Needle","echo","level_up"
"E108","Mindvole","4","TC017","Gale Mark","gale","level_up"
"E108","Mindvole","8","TC144","Echo Bind","echo","level_up"
"E108","Mindvole","12","TC185","Gale Crown","gale","level_up"
"E108","Mindvole","16","TC312","Echo Howl","echo","level_up"
"E108","Mindvole","20","TC353","Gale Comet","gale","level_up"
"E108","Mindvole","25","TC036","Echo Pulse","echo","level_up"
"E108","Mindvole","30","TC065","Gale Crown","gale","level_up"
"E108","Mindvole","36","TC204","Echo Bind","echo","level_up"
"E108","Mindvole","44","TC233","Gale Comet","gale","level_up"
"E108","Mindvole","52","TC372","Echo Howl","echo","level_up"
"E108","Mindvole","62","TC401","Gale Step","gale","level_up"
"E109","Galerusk","1","TC397","Ember Fang","ember","level_up"
"E109","Galerusk","4","TC025","Ember Mirror","ember","level_up"
"E109","Galerusk","8","TC109","Ember Song","ember","level_up"
"E109","Galerusk","12","TC193","Ember Guard","ember","level_up"
"E109","Galerusk","16","TC277","Ember Fang","ember","level_up"
"E109","Galerusk","20","TC361","Ember Snap","ember","level_up"
"E109","Galerusk","25","TC445","Ember Mirror","ember","level_up"
"E109","Galerusk","30","TC073","Ember Guard","ember","level_up"
"E109","Galerusk","36","TC157","Ember Fang","ember","level_up"
"E109","Galerusk","44","TC241","Ember Snap","ember","level_up"
"E109","Galerusk","52","TC325","Ember Mirror","ember","level_up"
"E109","Galerusk","62","TC409","Ember Song","ember","level_up"
"E110","Brinekit","1","TC410","Tide Blade","tide","level_up"
"E110","Brinekit","4","TC038","Tide Bloom","tide","level_up"
"E110","Brinekit","8","TC122","Tide Surge","tide","level_up"
"E110","Brinekit","12","TC206","Tide Drift","tide","level_up"
"E110","Brinekit","16","TC290","Tide Blade","tide","level_up"
"E110","Brinekit","20","TC374","Tide Crash","tide","level_up"
"E110","Brinekit","25","TC002","Tide Surge","tide","level_up"
"E110","Brinekit","30","TC086","Tide Drift","tide","level_up"
"E110","Brinekit","36","TC170","Tide Blade","tide","level_up"
"E110","Brinekit","44","TC254","Tide Crash","tide","level_up"
"E110","Brinekit","52","TC338","Tide Bloom","tide","level_up"
"E110","Brinekit","62","TC422","Tide Surge","tide","level_up"
"E111","Sootstag","1","TC423","Verdance Veil","verdance","level_up"
"E111","Sootstag","4","TC092","Metal Surge","metal","level_up"
"E111","Sootstag","8","TC135","Verdance Thread","verdance","level_up"
"E111","Sootstag","12","TC260","Metal Blade","metal","level_up"
"E111","Sootstag","16","TC303","Verdance Veil","verdance","level_up"
"E111","Sootstag","20","TC428","Metal Bloom","metal","level_up"
"E111","Sootstag","25","TC015","Verdance Thread","verdance","level_up"
"E111","Sootstag","30","TC152","Metal Surge","metal","level_up"
"E111","Sootstag","36","TC183","Verdance Veil","verdance","level_up"
"E111","Sootstag","44","TC320","Metal Blade","metal","level_up"
"E111","Sootstag","52","TC351","Verdance Nova","verdance","level_up"
"E111","Sootstag","62","TC044","Metal Crash","metal","level_up"
"E112","Lumenjaw","1","TC436","Stone Field","stone","level_up"
"E112","Lumenjaw","4","TC064","Stone Spiral","stone","level_up"
"E112","Lumenjaw","8","TC148","Stone Burst","stone","level_up"
"E112","Lumenjaw","12","TC232","Stone Rift","stone","level_up"
"E112","Lumenjaw","16","TC316","Stone Field","stone","level_up"
"E112","Lumenjaw","20","TC400","Stone Lance","stone","level_up"
"E112","Lumenjaw","25","TC028","Stone Burst","stone","level_up"
"E112","Lumenjaw","30","TC112","Stone Rift","stone","level_up"
"E112","Lumenjaw","36","TC196","Stone Field","stone","level_up"
"E112","Lumenjaw","44","TC280","Stone Lance","stone","level_up"
"E112","Lumenjaw","52","TC364","Stone Spiral","stone","level_up"
"E112","Lumenjaw","62","TC448","Stone Burst","stone","level_up"
"E113","Stonequill","1","TC449","Gale Orbit","gale","level_up"
"E113","Stonequill","4","TC077","Gale Mark","gale","level_up"
"E113","Stonequill","8","TC161","Gale Step","gale","level_up"
"E113","Stonequill","12","TC245","Gale Crown","gale","level_up"
"E113","Stonequill","16","TC329","Gale Orbit","gale","level_up"
"E113","Stonequill","20","TC413","Gale Comet","gale","level_up"
"E113","Stonequill","25","TC041","Gale Step","gale","level_up"
"E113","Stonequill","30","TC125","Gale Crown","gale","level_up"
"E113","Stonequill","36","TC209","Gale Orbit","gale","level_up"
"E113","Stonequill","44","TC293","Gale Comet","gale","level_up"
"E113","Stonequill","52","TC377","Gale Mark","gale","level_up"
"E113","Stonequill","62","TC005","Gale Crown","gale","level_up"
"E114","Veyrfin","1","TC006","Spark Pulse","spark","level_up"
"E114","Veyrfin","4","TC131","Mind Step","mind","level_up"
"E114","Veyrfin","8","TC174","Spark Bind","spark","level_up"
"E114","Veyrfin","12","TC299","Mind Orbit","mind","level_up"
"E114","Veyrfin","16","TC342","Spark Howl","spark","level_up"
"E114","Veyrfin","20","TC023","Mind Comet","mind","level_up"
"E114","Veyrfin","25","TC054","Spark Bind","spark","level_up"
"E114","Veyrfin","30","TC191","Mind Step","mind","level_up"
"E114","Veyrfin","36","TC222","Spark Howl","spark","level_up"
"E114","Veyrfin","44","TC359","Mind Orbit","mind","level_up"
"E114","Veyrfin","52","TC390","Spark Needle","spark","level_up"
"E114","Veyrfin","62","TC083","Mind Comet","mind","level_up"
"E115","Thundawn","1","TC055","Frost Mirror","frost","level_up"
"E115","Thundawn","4","TC139","Frost Song","frost","level_up"
"E115","Thundawn","8","TC223","Frost Guard","frost","level_up"
"E115","Thundawn","12","TC307","Frost Fang","frost","level_up"
"E115","Thundawn","16","TC391","Frost Snap","frost","level_up"
"E115","Thundawn","20","TC031","Frost Snap","frost","level_up"
"E115","Thundawn","25","TC115","Frost Mirror","frost","level_up"
"E115","Thundawn","30","TC199","Frost Song","frost","level_up"
"E115","Thundawn","36","TC283","Frost Guard","frost","level_up"
"E115","Thundawn","44","TC367","Frost Fang","frost","level_up"
"E115","Thundawn","52","TC007","Frost Fang","frost","level_up"
"E115","Thundawn","62","TC091","Frost Snap","frost","level_up"
"E116","Marshlyn","1","TC068","Metal Bloom","metal","level_up"
"E116","Marshlyn","4","TC152","Metal Surge","metal","level_up"
"E116","Marshlyn","8","TC236","Metal Drift","metal","level_up"
"E116","Marshlyn","12","TC320","Metal Blade","metal","level_up"
"E116","Marshlyn","16","TC404","Metal Crash","metal","level_up"
"E116","Marshlyn","20","TC044","Metal Crash","metal","level_up"
"E116","Marshlyn","25","TC128","Metal Bloom","metal","level_up"
"E116","Marshlyn","30","TC212","Metal Surge","metal","level_up"
"E116","Marshlyn","36","TC296","Metal Drift","metal","level_up"
"E116","Marshlyn","44","TC380","Metal Blade","metal","level_up"
"E116","Marshlyn","52","TC020","Metal Blade","metal","level_up"
"E116","Marshlyn","62","TC104","Metal Crash","metal","level_up"
"E117","Rimebeak","1","TC081","Shade Nova","shade","level_up"
"E117","Rimebeak","4","TC122","Tide Surge","tide","level_up"
"E117","Rimebeak","8","TC249","Shade Ward","shade","level_up"
"E117","Rimebeak","12","TC290","Tide Blade","tide","level_up"
"E117","Rimebeak","16","TC417","Shade Aegis","shade","level_up"
"E117","Rimebeak","20","TC002","Tide Surge","tide","level_up"
"E117","Rimebeak","25","TC141","Shade Nova","shade","level_up"
"E117","Rimebeak","30","TC170","Tide Blade","tide","level_up"
"E117","Rimebeak","36","TC309","Shade Ward","shade","level_up"
"E117","Rimebeak","44","TC338","Tide Bloom","tide","level_up"
"E117","Rimebeak","52","TC033","Shade Veil","shade","level_up"
"E117","Rimebeak","62","TC050","Tide Blade","tide","level_up"
"E118","Flarehorn","1","TC094","Radiant Spiral","radiant","level_up"
"E118","Flarehorn","4","TC178","Radiant Burst","radiant","level_up"
"E118","Flarehorn","8","TC262","Radiant Rift","radiant","level_up"
"E118","Flarehorn","12","TC346","Radiant Field","radiant","level_up"
"E118","Flarehorn","16","TC430","Radiant Lance","radiant","level_up"
"E118","Flarehorn","20","TC070","Radiant Lance","radiant","level_up"
"E118","Flarehorn","25","TC154","Radiant Spiral","radiant","level_up"
"E118","Flarehorn","30","TC238","Radiant Burst","radiant","level_up"
"E118","Flarehorn","36","TC322","Radiant Rift","radiant","level_up"
"E118","Flarehorn","44","TC406","Radiant Field","radiant","level_up"
"E118","Flarehorn","52","TC046","Radiant Field","radiant","level_up"
"E118","Flarehorn","62","TC130","Radiant Lance","radiant","level_up"
"E119","Opalcrab","1","TC107","Mind Mark","mind","level_up"
"E119","Opalcrab","4","TC191","Mind Step","mind","level_up"
"E119","Opalcrab","8","TC275","Mind Crown","mind","level_up"
"E119","Opalcrab","12","TC359","Mind Orbit","mind","level_up"
"E119","Opalcrab","16","TC443","Mind Comet","mind","level_up"
"E119","Opalcrab","20","TC083","Mind Comet","mind","level_up"
"E119","Opalcrab","25","TC167","Mind Mark","mind","level_up"
"E119","Opalcrab","30","TC251","Mind Step","mind","level_up"
"E119","Opalcrab","36","TC335","Mind Crown","mind","level_up"
"E119","Opalcrab","44","TC419","Mind Orbit","mind","level_up"
"E119","Opalcrab","52","TC059","Mind Orbit","mind","level_up"
"E119","Opalcrab","62","TC143","Mind Comet","mind","level_up"
"E120","Duskmant","1","TC120","Echo Needle","echo","level_up"
"E120","Duskmant","4","TC161","Gale Step","gale","level_up"
"E120","Duskmant","8","TC288","Echo Rush","echo","level_up"
"E120","Duskmant","12","TC329","Gale Orbit","gale","level_up"
"E120","Duskmant","16","TC012","Echo Howl","echo","level_up"
"E120","Duskmant","20","TC041","Gale Step","gale","level_up"
"E120","Duskmant","25","TC180","Echo Needle","echo","level_up"
"E120","Duskmant","30","TC209","Gale Orbit","gale","level_up"
"E120","Duskmant","36","TC348","Echo Rush","echo","level_up"
"E120","Duskmant","44","TC377","Gale Mark","gale","level_up"
"E120","Duskmant","52","TC072","Echo Howl","echo","level_up"
"E120","Duskmant","62","TC089","Gale Orbit","gale","level_up"
"E121","Verdusk","1","TC085","Ember Mirror","ember","level_up"
"E121","Verdusk","4","TC169","Ember Song","ember","level_up"
"E121","Verdusk","8","TC253","Ember Guard","ember","level_up"
"E121","Verdusk","12","TC337","Ember Fang","ember","level_up"
"E121","Verdusk","16","TC421","Ember Snap","ember","level_up"
"E121","Verdusk","20","TC049","Ember Song","ember","level_up"
"E121","Verdusk","25","TC133","Ember Guard","ember","level_up"
"E121","Verdusk","30","TC217","Ember Fang","ember","level_up"
"E121","Verdusk","36","TC301","Ember Snap","ember","level_up"
"E121","Verdusk","44","TC385","Ember Mirror","ember","level_up"
"E121","Verdusk","52","TC013","Ember Guard","ember","level_up"
"E121","Verdusk","62","TC097","Ember Fang","ember","level_up"
"E122","Bellflare","1","TC098","Tide Bloom","tide","level_up"
"E122","Bellflare","4","TC182","Tide Surge","tide","level_up"
"E122","Bellflare","8","TC266","Tide Drift","tide","level_up"
"E122","Bellflare","12","TC350","Tide Blade","tide","level_up"
"E122","Bellflare","16","TC434","Tide Crash","tide","level_up"
"E122","Bellflare","20","TC062","Tide Surge","tide","level_up"
"E122","Bellflare","25","TC146","Tide Drift","tide","level_up"
"E122","Bellflare","30","TC230","Tide Blade","tide","level_up"
"E122","Bellflare","36","TC314","Tide Crash","tide","level_up"
"E122","Bellflare","44","TC398","Tide Bloom","tide","level_up"
"E122","Bellflare","52","TC026","Tide Drift","tide","level_up"
"E122","Bellflare","62","TC110","Tide Blade","tide","level_up"
"E123","Sparkjaw","1","TC111","Verdance Nova","verdance","level_up"
"E123","Sparkjaw","4","TC236","Metal Drift","metal","level_up"
"E123","Sparkjaw","8","TC279","Verdance Ward","verdance","level_up"
"E123","Sparkjaw","12","TC404","Metal Crash","metal","level_up"
"E123","Sparkjaw","16","TC447","Verdance Aegis","verdance","level_up"
"E123","Sparkjaw","20","TC128","Metal Bloom","metal","level_up"
"E123","Sparkjaw","25","TC159","Verdance Ward","verdance","level_up"
"E123","Sparkjaw","30","TC296","Metal Drift","metal","level_up"
"E123","Sparkjaw","36","TC327","Verdance Aegis","verdance","level_up"
"E123","Sparkjaw","44","TC020","Metal Blade","metal","level_up"
"E123","Sparkjaw","52","TC039","Verdance Ward","verdance","level_up"
"E123","Sparkjaw","62","TC188","Metal Bloom","metal","level_up"
"E124","Frostbloom","1","TC124","Stone Spiral","stone","level_up"
"E124","Frostbloom","4","TC208","Stone Burst","stone","level_up"
"E124","Frostbloom","8","TC292","Stone Rift","stone","level_up"
"E124","Frostbloom","12","TC376","Stone Field","stone","level_up"
"E124","Frostbloom","16","TC004","Stone Spiral","stone","level_up"
"E124","Frostbloom","20","TC088","Stone Burst","stone","level_up"
"E124","Frostbloom","25","TC172","Stone Rift","stone","level_up"
"E124","Frostbloom","30","TC256","Stone Field","stone","level_up"
"E124","Frostbloom","36","TC340","Stone Lance","stone","level_up"
"E124","Frostbloom","44","TC424","Stone Spiral","stone","level_up"
"E124","Frostbloom","52","TC052","Stone Rift","stone","level_up"
"E124","Frostbloom","62","TC136","Stone Field","stone","level_up"
"E125","Ironreed","1","TC137","Gale Mark","gale","level_up"
"E125","Ironreed","4","TC221","Gale Step","gale","level_up"
"E125","Ironreed","8","TC305","Gale Crown","gale","level_up"
"E125","Ironreed","12","TC389","Gale Orbit","gale","level_up"
"E125","Ironreed","16","TC017","Gale Mark","gale","level_up"
"E125","Ironreed","20","TC101","Gale Step","gale","level_up"
"E125","Ironreed","25","TC185","Gale Crown","gale","level_up"
"E125","Ironreed","30","TC269","Gale Orbit","gale","level_up"
"E125","Ironreed","36","TC353","Gale Comet","gale","level_up"
"E125","Ironreed","44","TC437","Gale Mark","gale","level_up"
"E125","Ironreed","52","TC065","Gale Crown","gale","level_up"
"E125","Ironreed","62","TC149","Gale Orbit","gale","level_up"
"E126","Tidehorn","1","TC150","Spark Needle","spark","level_up"
"E126","Tidehorn","4","TC275","Mind Crown","mind","level_up"
"E126","Tidehorn","8","TC318","Spark Rush","spark","level_up"
"E126","Tidehorn","12","TC443","Mind Comet","mind","level_up"
"E126","Tidehorn","16","TC030","Spark Needle","spark","level_up"
"E126","Tidehorn","20","TC167","Mind Mark","mind","level_up"
"E126","Tidehorn","25","TC198","Spark Rush","spark","level_up"
"E126","Tidehorn","30","TC335","Mind Crown","mind","level_up"
"E126","Tidehorn","36","TC366","Spark Pulse","spark","level_up"
"E126","Tidehorn","44","TC059","Mind Orbit","mind","level_up"
"E126","Tidehorn","52","TC078","Spark Rush","spark","level_up"
"E126","Tidehorn","62","TC227","Mind Mark","mind","level_up"
"E127","Mindroot","1","TC199","Frost Song","frost","level_up"
"E127","Mindroot","4","TC283","Frost Guard","frost","level_up"
"E127","Mindroot","8","TC367","Frost Fang","frost","level_up"
"E127","Mindroot","12","TC007","Frost Fang","frost","level_up"
"E127","Mindroot","16","TC091","Frost Snap","frost","level_up"
"E127","Mindroot","20","TC175","Frost Mirror","frost","level_up"
"E127","Mindroot","25","TC259","Frost Song","frost","level_up"
"E127","Mindroot","30","TC343","Frost Guard","frost","level_up"
"E127","Mindroot","36","TC427","Frost Fang","frost","level_up"
"E127","Mindroot","44","TC067","Frost Fang","frost","level_up"
"E127","Mindroot","52","TC151","Frost Snap","frost","level_up"
"E127","Mindroot","62","TC235","Frost Mirror","frost","level_up"
"E128","Galehare","1","TC212","Metal Surge","metal","level_up"
"E128","Galehare","4","TC296","Metal Drift","metal","level_up"
"E128","Galehare","8","TC380","Metal Blade","metal","level_up"
"E128","Galehare","12","TC020","Metal Blade","metal","level_up"
"E128","Galehare","16","TC104","Metal Crash","metal","level_up"
"E128","Galehare","20","TC188","Metal Bloom","metal","level_up"
"E128","Galehare","25","TC272","Metal Surge","metal","level_up"
"E128","Galehare","30","TC356","Metal Drift","metal","level_up"
"E128","Galehare","36","TC440","Metal Blade","metal","level_up"
"E128","Galehare","44","TC080","Metal Blade","metal","level_up"
"E128","Galehare","52","TC164","Metal Crash","metal","level_up"
"E128","Galehare","62","TC248","Metal Bloom","metal","level_up"
"E129","Cindershell","1","TC225","Shade Thread","shade","level_up"
"E129","Cindershell","4","TC266","Tide Drift","tide","level_up"
"E129","Cindershell","8","TC393","Shade Veil","shade","level_up"
"E129","Cindershell","12","TC434","Tide Crash","tide","level_up"
"E129","Cindershell","16","TC117","Shade Aegis","shade","level_up"
"E129","Cindershell","20","TC146","Tide Drift","tide","level_up"
"E129","Cindershell","25","TC285","Shade Thread","shade","level_up"
"E129","Cindershell","30","TC314","Tide Crash","tide","level_up"
"E129","Cindershell","36","TC009","Shade Ward","shade","level_up"
"E129","Cindershell","44","TC026","Tide Drift","tide","level_up"
"E129","Cindershell","52","TC177","Shade Aegis","shade","level_up"
"E129","Cindershell","62","TC194","Tide Crash","tide","level_up"
"E130","Lumespire","1","TC238","Radiant Burst","radiant","level_up"
"E130","Lumespire","4","TC322","Radiant Rift","radiant","level_up"
"E130","Lumespire","8","TC406","Radiant Field","radiant","level_up"
"E130","Lumespire","12","TC046","Radiant Field","radiant","level_up"
"E130","Lumespire","16","TC130","Radiant Lance","radiant","level_up"
"E130","Lumespire","20","TC214","Radiant Spiral","radiant","level_up"
"E130","Lumespire","25","TC298","Radiant Burst","radiant","level_up"
"E130","Lumespire","30","TC382","Radiant Rift","radiant","level_up"
"E130","Lumespire","36","TC022","Radiant Rift","radiant","level_up"
"E130","Lumespire","44","TC106","Radiant Field","radiant","level_up"
"E130","Lumespire","52","TC190","Radiant Lance","radiant","level_up"
"E130","Lumespire","62","TC274","Radiant Spiral","radiant","level_up"
"E131","Shadevole","1","TC251","Mind Step","mind","level_up"
"E131","Shadevole","4","TC335","Mind Crown","mind","level_up"
"E131","Shadevole","8","TC419","Mind Orbit","mind","level_up"
"E131","Shadevole","12","TC059","Mind Orbit","mind","level_up"
"E131","Shadevole","16","TC143","Mind Comet","mind","level_up"
"E131","Shadevole","20","TC227","Mind Mark","mind","level_up"
"E131","Shadevole","25","TC311","Mind Step","mind","level_up"
"E131","Shadevole","30","TC395","Mind Crown","mind","level_up"
"E131","Shadevole","36","TC035","Mind Crown","mind","level_up"
"E131","Shadevole","44","TC119","Mind Orbit","mind","level_up"
"E131","Shadevole","52","TC203","Mind Comet","mind","level_up"
"E131","Shadevole","62","TC287","Mind Mark","mind","level_up"
"E132","Basalfin","1","TC264","Echo Bind","echo","level_up"
"E132","Basalfin","4","TC305","Gale Crown","gale","level_up"
"E132","Basalfin","8","TC432","Echo Howl","echo","level_up"
"E132","Basalfin","12","TC017","Gale Mark","gale","level_up"
"E132","Basalfin","16","TC156","Echo Pulse","echo","level_up"
"E132","Basalfin","20","TC185","Gale Crown","gale","level_up"
"E132","Basalfin","25","TC324","Echo Bind","echo","level_up"
"E132","Basalfin","30","TC353","Gale Comet","gale","level_up"
"E132","Basalfin","36","TC048","Echo Rush","echo","level_up"
"E132","Basalfin","44","TC065","Gale Crown","gale","level_up"
"E132","Basalfin","52","TC216","Echo Pulse","echo","level_up"
"E132","Basalfin","62","TC233","Gale Comet","gale","level_up"
"E133","Echobit","1","TC229","Ember Song","ember","level_up"
"E133","Echobit","4","TC313","Ember Guard","ember","level_up"
"E133","Echobit","8","TC397","Ember Fang","ember","level_up"
"E133","Echobit","12","TC025","Ember Mirror","ember","level_up"
"E133","Echobit","16","TC109","Ember Song","ember","level_up"
"E133","Echobit","20","TC193","Ember Guard","ember","level_up"
"E133","Echobit","25","TC277","Ember Fang","ember","level_up"
"E133","Echobit","30","TC361","Ember Snap","ember","level_up"
"E133","Echobit","36","TC445","Ember Mirror","ember","level_up"
"E133","Echobit","44","TC073","Ember Guard","ember","level_up"
"E133","Echobit","52","TC157","Ember Fang","ember","level_up"
"E133","Echobit","62","TC241","Ember Snap","ember","level_up"
"E134","Bronzetail","1","TC242","Tide Surge","tide","level_up"
"E134","Bronzetail","4","TC326","Tide Drift","tide","level_up"
"E134","Bronzetail","8","TC410","Tide Blade","tide","level_up"
"E134","Bronzetail","12","TC038","Tide Bloom","tide","level_up"
"E134","Bronzetail","16","TC122","Tide Surge","tide","level_up"
"E134","Bronzetail","20","TC206","Tide Drift","tide","level_up"
"E134","Bronzetail","25","TC290","Tide Blade","tide","level_up"
"E134","Bronzetail","30","TC374","Tide Crash","tide","level_up"
"E134","Bronzetail","36","TC002","Tide Surge","tide","level_up"
"E134","Bronzetail","44","TC086","Tide Drift","tide","level_up"
"E134","Bronzetail","52","TC170","Tide Blade","tide","level_up"
"E134","Bronzetail","62","TC254","Tide Crash","tide","level_up"
"E135","Mirehorn","1","TC255","Verdance Thread","verdance","level_up"
"E135","Mirehorn","4","TC380","Metal Blade","metal","level_up"
"E135","Mirehorn","8","TC423","Verdance Veil","verdance","level_up"
"E135","Mirehorn","12","TC104","Metal Crash","metal","level_up"
"E135","Mirehorn","16","TC135","Verdance Thread","verdance","level_up"
"E135","Mirehorn","20","TC272","Metal Surge","metal","level_up"
"E135","Mirehorn","25","TC303","Verdance Veil","verdance","level_up"
"E135","Mirehorn","30","TC440","Metal Blade","metal","level_up"
"E135","Mirehorn","36","TC015","Verdance Thread","verdance","level_up"
"E135","Mirehorn","44","TC164","Metal Crash","metal","level_up"
"E135","Mirehorn","52","TC183","Verdance Veil","verdance","level_up"
"E135","Mirehorn","62","TC332","Metal Surge","metal","level_up"
"E136","Snowcrab","1","TC268","Stone Burst","stone","level_up"
"E136","Snowcrab","4","TC352","Stone Rift","stone","level_up"
"E136","Snowcrab","8","TC436","Stone Field","stone","level_up"
"E136","Snowcrab","12","TC064","Stone Spiral","stone","level_up"
"E136","Snowcrab","16","TC148","Stone Burst","stone","level_up"
"E136","Snowcrab","20","TC232","Stone Rift","stone","level_up"
"E136","Snowcrab","25","TC316","Stone Field","stone","level_up"
"E136","Snowcrab","30","TC400","Stone Lance","stone","level_up"
"E136","Snowcrab","36","TC028","Stone Burst","stone","level_up"
"E136","Snowcrab","44","TC112","Stone Rift","stone","level_up"
"E136","Snowcrab","52","TC196","Stone Field","stone","level_up"
"E136","Snowcrab","62","TC280","Stone Lance","stone","level_up"
"E137","Voltwing","1","TC281","Gale Step","gale","level_up"
"E137","Voltwing","4","TC365","Gale Crown","gale","level_up"
"E137","Voltwing","8","TC449","Gale Orbit","gale","level_up"
"E137","Voltwing","12","TC077","Gale Mark","gale","level_up"
"E137","Voltwing","16","TC161","Gale Step","gale","level_up"
"E137","Voltwing","20","TC245","Gale Crown","gale","level_up"
"E137","Voltwing","25","TC329","Gale Orbit","gale","level_up"
"E137","Voltwing","30","TC413","Gale Comet","gale","level_up"
"E137","Voltwing","36","TC041","Gale Step","gale","level_up"
"E137","Voltwing","44","TC125","Gale Crown","gale","level_up"
"E137","Voltwing","52","TC209","Gale Orbit","gale","level_up"
"E137","Voltwing","62","TC293","Gale Comet","gale","level_up"
"E138","Thornmole","1","TC294","Spark Bind","spark","level_up"
"E138","Thornmole","4","TC419","Mind Orbit","mind","level_up"
"E138","Thornmole","8","TC006","Spark Pulse","spark","level_up"
"E138","Thornmole","12","TC143","Mind Comet","mind","level_up"
"E138","Thornmole","16","TC174","Spark Bind","spark","level_up"
"E138","Thornmole","20","TC311","Mind Step","mind","level_up"
"E138","Thornmole","25","TC342","Spark Howl","spark","level_up"
"E138","Thornmole","30","TC035","Mind Crown","mind","level_up"
"E138","Thornmole","36","TC054","Spark Bind","spark","level_up"
"E138","Thornmole","44","TC203","Mind Comet","mind","level_up"
"E138","Thornmole","52","TC222","Spark Howl","spark","level_up"
"E138","Thornmole","62","TC371","Mind Step","mind","level_up"
"E139","Ashraven","1","TC343","Frost Guard","frost","level_up"
"E139","Ashraven","4","TC427","Frost Fang","frost","level_up"
"E139","Ashraven","8","TC067","Frost Fang","frost","level_up"
"E139","Ashraven","12","TC151","Frost Snap","frost","level_up"
"E139","Ashraven","16","TC235","Frost Mirror","frost","level_up"
"E139","Ashraven","20","TC319","Frost Song","frost","level_up"
"E139","Ashraven","25","TC403","Frost Guard","frost","level_up"
"E139","Ashraven","30","TC043","Frost Guard","frost","level_up"
"E139","Ashraven","36","TC127","Frost Fang","frost","level_up"
"E139","Ashraven","44","TC211","Frost Snap","frost","level_up"
"E139","Ashraven","52","TC295","Frost Mirror","frost","level_up"
"E139","Ashraven","62","TC379","Frost Song","frost","level_up"
"E140","Prismfin","1","TC356","Metal Drift","metal","level_up"
"E140","Prismfin","4","TC440","Metal Blade","metal","level_up"
"E140","Prismfin","8","TC080","Metal Blade","metal","level_up"
"E140","Prismfin","12","TC164","Metal Crash","metal","level_up"
"E140","Prismfin","16","TC248","Metal Bloom","metal","level_up"
"E140","Prismfin","20","TC332","Metal Surge","metal","level_up"
"E140","Prismfin","25","TC416","Metal Drift","metal","level_up"
"E140","Prismfin","30","TC056","Metal Drift","metal","level_up"
"E140","Prismfin","36","TC140","Metal Blade","metal","level_up"
"E140","Prismfin","44","TC224","Metal Crash","metal","level_up"
"E140","Prismfin","52","TC308","Metal Bloom","metal","level_up"
"E140","Prismfin","62","TC392","Metal Surge","metal","level_up"
"E141","Rootpup","1","TC369","Shade Ward","shade","level_up"
"E141","Rootpup","4","TC410","Tide Blade","tide","level_up"
"E141","Rootpup","8","TC093","Shade Veil","shade","level_up"
"E141","Rootpup","12","TC122","Tide Surge","tide","level_up"
"E141","Rootpup","16","TC261","Shade Nova","shade","level_up"
"E141","Rootpup","20","TC290","Tide Blade","tide","level_up"
"E141","Rootpup","25","TC429","Shade Ward","shade","level_up"
"E141","Rootpup","30","TC002","Tide Surge","tide","level_up"
"E141","Rootpup","36","TC153","Shade Veil","shade","level_up"
"E141","Rootpup","44","TC170","Tide Blade","tide","level_up"
"E141","Rootpup","52","TC321","Shade Nova","shade","level_up"
"E141","Rootpup","62","TC338","Tide Bloom","tide","level_up"
"E142","Sablekit","1","TC382","Radiant Rift","radiant","level_up"
"E142","Sablekit","4","TC022","Radiant Rift","radiant","level_up"
"E142","Sablekit","8","TC106","Radiant Field","radiant","level_up"
"E142","Sablekit","12","TC190","Radiant Lance","radiant","level_up"
"E142","Sablekit","16","TC274","Radiant Spiral","radiant","level_up"
"E142","Sablekit","20","TC358","Radiant Burst","radiant","level_up"
"E142","Sablekit","25","TC442","Radiant Rift","radiant","level_up"
"E142","Sablekit","30","TC082","Radiant Rift","radiant","level_up"
"E142","Sablekit","36","TC166","Radiant Field","radiant","level_up"
"E142","Sablekit","44","TC250","Radiant Lance","radiant","level_up"
"E142","Sablekit","52","TC334","Radiant Spiral","radiant","level_up"
"E142","Sablekit","62","TC418","Radiant Burst","radiant","level_up"
"E143","Glazemoth","1","TC395","Mind Crown","mind","level_up"
"E143","Glazemoth","4","TC035","Mind Crown","mind","level_up"
"E143","Glazemoth","8","TC119","Mind Orbit","mind","level_up"
"E143","Glazemoth","12","TC203","Mind Comet","mind","level_up"
"E143","Glazemoth","16","TC287","Mind Mark","mind","level_up"
"E143","Glazemoth","20","TC371","Mind Step","mind","level_up"
"E143","Glazemoth","25","TC011","Mind Step","mind","level_up"
"E143","Glazemoth","30","TC095","Mind Crown","mind","level_up"
"E143","Glazemoth","36","TC179","Mind Orbit","mind","level_up"
"E143","Glazemoth","44","TC263","Mind Comet","mind","level_up"
"E143","Glazemoth","52","TC347","Mind Mark","mind","level_up"
"E143","Glazemoth","62","TC431","Mind Step","mind","level_up"
"E144","Ferruleap","1","TC408","Echo Rush","echo","level_up"
"E144","Ferruleap","4","TC449","Gale Orbit","gale","level_up"
"E144","Ferruleap","8","TC132","Echo Howl","echo","level_up"
"E144","Ferruleap","12","TC161","Gale Step","gale","level_up"
"E144","Ferruleap","16","TC300","Echo Needle","echo","level_up"
"E144","Ferruleap","20","TC329","Gale Orbit","gale","level_up"
"E144","Ferruleap","25","TC024","Echo Bind","echo","level_up"
"E144","Ferruleap","30","TC041","Gale Step","gale","level_up"
"E144","Ferruleap","36","TC192","Echo Howl","echo","level_up"
"E144","Ferruleap","44","TC209","Gale Orbit","gale","level_up"
"E144","Ferruleap","52","TC360","Echo Needle","echo","level_up"
"E144","Ferruleap","62","TC377","Gale Mark","gale","level_up"
"E145","Aurafawn","1","TC373","Ember Guard","ember","level_up"
"E145","Aurafawn","4","TC001","Ember Snap","ember","level_up"
"E145","Aurafawn","8","TC085","Ember Mirror","ember","level_up"
"E145","Aurafawn","12","TC169","Ember Song","ember","level_up"
"E145","Aurafawn","16","TC253","Ember Guard","ember","level_up"
"E145","Aurafawn","20","TC337","Ember Fang","ember","level_up"
"E145","Aurafawn","25","TC421","Ember Snap","ember","level_up"
"E145","Aurafawn","30","TC049","Ember Song","ember","level_up"
"E145","Aurafawn","36","TC133","Ember Guard","ember","level_up"
"E145","Aurafawn","44","TC217","Ember Fang","ember","level_up"
"E145","Aurafawn","52","TC301","Ember Snap","ember","level_up"
"E145","Aurafawn","62","TC385","Ember Mirror","ember","level_up"
"E146","Tidequill","1","TC386","Tide Drift","tide","level_up"
"E146","Tidequill","4","TC014","Tide Crash","tide","level_up"
"E146","Tidequill","8","TC098","Tide Bloom","tide","level_up"
"E146","Tidequill","12","TC182","Tide Surge","tide","level_up"
"E146","Tidequill","16","TC266","Tide Drift","tide","level_up"
"E146","Tidequill","20","TC350","Tide Blade","tide","level_up"
"E146","Tidequill","25","TC434","Tide Crash","tide","level_up"
"E146","Tidequill","30","TC062","Tide Surge","tide","level_up"
"E146","Tidequill","36","TC146","Tide Drift","tide","level_up"
"E146","Tidequill","44","TC230","Tide Blade","tide","level_up"
"E146","Tidequill","52","TC314","Tide Crash","tide","level_up"
"E146","Tidequill","62","TC398","Tide Bloom","tide","level_up"
"E147","Nullfin","1","TC399","Verdance Ward","verdance","level_up"
"E147","Nullfin","4","TC080","Metal Blade","metal","level_up"
"E147","Nullfin","8","TC111","Verdance Nova","verdance","level_up"
"E147","Nullfin","12","TC248","Metal Bloom","metal","level_up"
"E147","Nullfin","16","TC279","Verdance Ward","verdance","level_up"
"E147","Nullfin","20","TC416","Metal Drift","metal","level_up"
"E147","Nullfin","25","TC447","Verdance Aegis","verdance","level_up"
"E147","Nullfin","30","TC140","Metal Blade","metal","level_up"
"E147","Nullfin","36","TC159","Verdance Ward","verdance","level_up"
"E147","Nullfin","44","TC308","Metal Bloom","metal","level_up"
"E147","Nullfin","52","TC327","Verdance Aegis","verdance","level_up"
"E147","Nullfin","62","TC032","Metal Surge","metal","level_up"
"E148","Windroot","1","TC412","Stone Rift","stone","level_up"
"E148","Windroot","4","TC040","Stone Lance","stone","level_up"
"E148","Windroot","8","TC124","Stone Spiral","stone","level_up"
"E148","Windroot","12","TC208","Stone Burst","stone","level_up"
"E148","Windroot","16","TC292","Stone Rift","stone","level_up"
"E148","Windroot","20","TC376","Stone Field","stone","level_up"
"E148","Windroot","25","TC004","Stone Spiral","stone","level_up"
"E148","Windroot","30","TC088","Stone Burst","stone","level_up"
"E148","Windroot","36","TC172","Stone Rift","stone","level_up"
"E148","Windroot","44","TC256","Stone Field","stone","level_up"
"E148","Windroot","52","TC340","Stone Lance","stone","level_up"
"E148","Windroot","62","TC424","Stone Spiral","stone","level_up"
"E149","Embercoil","1","TC425","Gale Crown","gale","level_up"
"E149","Embercoil","4","TC053","Gale Comet","gale","level_up"
"E149","Embercoil","8","TC137","Gale Mark","gale","level_up"
"E149","Embercoil","12","TC221","Gale Step","gale","level_up"
"E149","Embercoil","16","TC305","Gale Crown","gale","level_up"
"E149","Embercoil","20","TC389","Gale Orbit","gale","level_up"
"E149","Embercoil","25","TC017","Gale Mark","gale","level_up"
"E149","Embercoil","30","TC101","Gale Step","gale","level_up"
"E149","Embercoil","36","TC185","Gale Crown","gale","level_up"
"E149","Embercoil","44","TC269","Gale Orbit","gale","level_up"
"E149","Embercoil","52","TC353","Gale Comet","gale","level_up"
"E149","Embercoil","62","TC437","Gale Mark","gale","level_up"
"E150","Stonehare","1","TC438","Spark Rush","spark","level_up"
"E150","Stonehare","4","TC119","Mind Orbit","mind","level_up"
"E150","Stonehare","8","TC150","Spark Needle","spark","level_up"
"E150","Stonehare","12","TC287","Mind Mark","mind","level_up"
"E150","Stonehare","16","TC318","Spark Rush","spark","level_up"
"E150","Stonehare","20","TC011","Mind Step","mind","level_up"
"E150","Stonehare","25","TC030","Spark Needle","spark","level_up"
"E150","Stonehare","30","TC179","Mind Orbit","mind","level_up"
"E150","Stonehare","36","TC198","Spark Rush","spark","level_up"
"E150","Stonehare","44","TC347","Mind Mark","mind","level_up"
"E150","Stonehare","52","TC366","Spark Pulse","spark","level_up"
"E150","Stonehare","62","TC071","Mind Step","mind","level_up"
"E151","Mindcrab","1","TC043","Frost Guard","frost","level_up"
"E151","Mindcrab","4","TC127","Frost Fang","frost","level_up"
"E151","Mindcrab","8","TC211","Frost Snap","frost","level_up"
"E151","Mindcrab","12","TC295","Frost Mirror","frost","level_up"
"E151","Mindcrab","16","TC379","Frost Song","frost","level_up"
"E151","Mindcrab","20","TC019","Frost Song","frost","level_up"
"E151","Mindcrab","25","TC103","Frost Guard","frost","level_up"
"E151","Mindcrab","30","TC187","Frost Fang","frost","level_up"
"E151","Mindcrab","36","TC271","Frost Snap","frost","level_up"
"E151","Mindcrab","44","TC355","Frost Mirror","frost","level_up"
"E151","Mindcrab","52","TC439","Frost Song","frost","level_up"
"E151","Mindcrab","62","TC079","Frost Song","frost","level_up"
"E152","Reedjaw","1","TC056","Metal Drift","metal","level_up"
"E152","Reedjaw","4","TC140","Metal Blade","metal","level_up"
"E152","Reedjaw","8","TC224","Metal Crash","metal","level_up"
"E152","Reedjaw","12","TC308","Metal Bloom","metal","level_up"
"E152","Reedjaw","16","TC392","Metal Surge","metal","level_up"
"E152","Reedjaw","20","TC032","Metal Surge","metal","level_up"
"E152","Reedjaw","25","TC116","Metal Drift","metal","level_up"
"E152","Reedjaw","30","TC200","Metal Blade","metal","level_up"
"E152","Reedjaw","36","TC284","Metal Crash","metal","level_up"
"E152","Reedjaw","44","TC368","Metal Bloom","metal","level_up"
"E152","Reedjaw","52","TC008","Metal Bloom","metal","level_up"
"E152","Reedjaw","62","TC092","Metal Surge","metal","level_up"
"E153","Sparkbuck","1","TC069","Shade Ward","shade","level_up"
"E153","Sparkbuck","4","TC098","Tide Bloom","tide","level_up"
"E153","Sparkbuck","8","TC237","Shade Aegis","shade","level_up"
"E153","Sparkbuck","12","TC266","Tide Drift","tide","level_up"
"E153","Sparkbuck","16","TC405","Shade Thread","shade","level_up"
"E153","Sparkbuck","20","TC434","Tide Crash","tide","level_up"
"E153","Sparkbuck","25","TC129","Shade Ward","shade","level_up"
"E153","Sparkbuck","30","TC146","Tide Drift","tide","level_up"
"E153","Sparkbuck","36","TC297","Shade Aegis","shade","level_up"
"E153","Sparkbuck","44","TC314","Tide Crash","tide","level_up"
"E153","Sparkbuck","52","TC021","Shade Nova","shade","level_up"
"E153","Sparkbuck","62","TC026","Tide Drift","tide","level_up"
"E154","Frostlynx","1","TC082","Radiant Rift","radiant","level_up"
"E154","Frostlynx","4","TC166","Radiant Field","radiant","level_up"
"E154","Frostlynx","8","TC250","Radiant Lance","radiant","level_up"
"E154","Frostlynx","12","TC334","Radiant Spiral","radiant","level_up"
"E154","Frostlynx","16","TC418","Radiant Burst","radiant","level_up"
"E154","Frostlynx","20","TC058","Radiant Burst","radiant","level_up"
"E154","Frostlynx","25","TC142","Radiant Rift","radiant","level_up"
"E154","Frostlynx","30","TC226","Radiant Field","radiant","level_up"
"E154","Frostlynx","36","TC310","Radiant Lance","radiant","level_up"
"E154","Frostlynx","44","TC394","Radiant Spiral","radiant","level_up"
"E154","Frostlynx","52","TC034","Radiant Spiral","radiant","level_up"
"E154","Frostlynx","62","TC118","Radiant Burst","radiant","level_up"
"E155","Shadeglass","1","TC095","Mind Crown","mind","level_up"
"E155","Shadeglass","4","TC179","Mind Orbit","mind","level_up"
"E155","Shadeglass","8","TC263","Mind Comet","mind","level_up"
"E155","Shadeglass","12","TC347","Mind Mark","mind","level_up"
"E155","Shadeglass","16","TC431","Mind Step","mind","level_up"
"E155","Shadeglass","20","TC071","Mind Step","mind","level_up"
"E155","Shadeglass","25","TC155","Mind Crown","mind","level_up"
"E155","Shadeglass","30","TC239","Mind Orbit","mind","level_up"
"E155","Shadeglass","36","TC323","Mind Comet","mind","level_up"
"E155","Shadeglass","44","TC407","Mind Mark","mind","level_up"
"E155","Shadeglass","52","TC047","Mind Mark","mind","level_up"
"E155","Shadeglass","62","TC131","Mind Step","mind","level_up"
"E156","Lumenvole","1","TC108","Echo Rush","echo","level_up"
"E156","Lumenvole","4","TC137","Gale Mark","gale","level_up"
"E156","Lumenvole","8","TC276","Echo Pulse","echo","level_up"
"E156","Lumenvole","12","TC305","Gale Crown","gale","level_up"
"E156","Lumenvole","16","TC444","Echo Bind","echo","level_up"
"E156","Lumenvole","20","TC017","Gale Mark","gale","level_up"
"E156","Lumenvole","25","TC168","Echo Rush","echo","level_up"
"E156","Lumenvole","30","TC185","Gale Crown","gale","level_up"
"E156","Lumenvole","36","TC336","Echo Pulse","echo","level_up"
"E156","Lumenvole","44","TC353","Gale Comet","gale","level_up"
"E156","Lumenvole","52","TC060","Echo Needle","echo","level_up"
"E156","Lumenvole","62","TC065","Gale Crown","gale","level_up"
"E157","Brinehorn","1","TC061","Ember Snap","ember","level_up"
"E157","Brinehorn","4","TC145","Ember Mirror","ember","level_up"
"E157","Brinehorn","8","TC229","Ember Song","ember","level_up"
"E157","Brinehorn","12","TC313","Ember Guard","ember","level_up"
"E157","Brinehorn","16","TC397","Ember Fang","ember","level_up"
"E157","Brinehorn","20","TC025","Ember Mirror","ember","level_up"
"E157","Brinehorn","25","TC109","Ember Song","ember","level_up"
"E157","Brinehorn","30","TC193","Ember Guard","ember","level_up"
"E157","Brinehorn","36","TC277","Ember Fang","ember","level_up"
"E157","Brinehorn","44","TC361","Ember Snap","ember","level_up"
"E157","Brinehorn","52","TC445","Ember Mirror","ember","level_up"
"E157","Brinehorn","62","TC073","Ember Guard","ember","level_up"
"E158","Mosswing","1","TC074","Tide Crash","tide","level_up"
"E158","Mosswing","4","TC158","Tide Bloom","tide","level_up"
"E158","Mosswing","8","TC242","Tide Surge","tide","level_up"
"E158","Mosswing","12","TC326","Tide Drift","tide","level_up"
"E158","Mosswing","16","TC410","Tide Blade","tide","level_up"
"E158","Mosswing","20","TC038","Tide Bloom","tide","level_up"
"E158","Mosswing","25","TC122","Tide Surge","tide","level_up"
"E158","Mosswing","30","TC206","Tide Drift","tide","level_up"
"E158","Mosswing","36","TC290","Tide Blade","tide","level_up"
"E158","Mosswing","44","TC374","Tide Crash","tide","level_up"
"E158","Mosswing","52","TC002","Tide Surge","tide","level_up"
"E158","Mosswing","62","TC086","Tide Drift","tide","level_up"
"E159","Copperjaw","1","TC087","Verdance Aegis","verdance","level_up"
"E159","Copperjaw","4","TC224","Metal Crash","metal","level_up"
"E159","Copperjaw","8","TC255","Verdance Thread","verdance","level_up"
"E159","Copperjaw","12","TC392","Metal Surge","metal","level_up"
"E159","Copperjaw","16","TC423","Verdance Veil","verdance","level_up"
"E159","Copperjaw","20","TC116","Metal Drift","metal","level_up"
"E159","Copperjaw","25","TC135","Verdance Thread","verdance","level_up"
"E159","Copperjaw","30","TC284","Metal Crash","metal","level_up"
"E159","Copperjaw","36","TC303","Verdance Veil","verdance","level_up"
"E159","Copperjaw","44","TC008","Metal Bloom","metal","level_up"
"E159","Copperjaw","52","TC015","Verdance Thread","verdance","level_up"
"E159","Copperjaw","62","TC176","Metal Drift","metal","level_up"
"E160","Echostag","1","TC100","Stone Lance","stone","level_up"
"E160","Echostag","4","TC184","Stone Spiral","stone","level_up"
"E160","Echostag","8","TC268","Stone Burst","stone","level_up"
"E160","Echostag","12","TC352","Stone Rift","stone","level_up"
"E160","Echostag","16","TC436","Stone Field","stone","level_up"
"E160","Echostag","20","TC064","Stone Spiral","stone","level_up"
"E160","Echostag","25","TC148","Stone Burst","stone","level_up"
"E160","Echostag","30","TC232","Stone Rift","stone","level_up"
"E160","Echostag","36","TC316","Stone Field","stone","level_up"
"E160","Echostag","44","TC400","Stone Lance","stone","level_up"
"E160","Echostag","52","TC028","Stone Burst","stone","level_up"
"E160","Echostag","62","TC112","Stone Rift","stone","level_up"
"E161","Ashkit","1","TC113","Gale Comet","gale","level_up"
"E161","Ashkit","4","TC197","Gale Mark","gale","level_up"
"E161","Ashkit","8","TC281","Gale Step","gale","level_up"
"E161","Ashkit","12","TC365","Gale Crown","gale","level_up"
"E161","Ashkit","16","TC449","Gale Orbit","gale","level_up"
"E161","Ashkit","20","TC077","Gale Mark","gale","level_up"
"E161","Ashkit","25","TC161","Gale Step","gale","level_up"
"E161","Ashkit","30","TC245","Gale Crown","gale","level_up"
"E161","Ashkit","36","TC329","Gale Orbit","gale","level_up"
"E161","Ashkit","44","TC413","Gale Comet","gale","level_up"
"E161","Ashkit","52","TC041","Gale Step","gale","level_up"
"E161","Ashkit","62","TC125","Gale Crown","gale","level_up"
"E162","Tidebloom","1","TC126","Spark Pulse","spark","level_up"
"E162","Tidebloom","4","TC263","Mind Comet","mind","level_up"
"E162","Tidebloom","8","TC294","Spark Bind","spark","level_up"
"E162","Tidebloom","12","TC431","Mind Step","mind","level_up"
"E162","Tidebloom","16","TC006","Spark Pulse","spark","level_up"
"E162","Tidebloom","20","TC155","Mind Crown","mind","level_up"
"E162","Tidebloom","25","TC174","Spark Bind","spark","level_up"
"E162","Tidebloom","30","TC323","Mind Comet","mind","level_up"
"E162","Tidebloom","36","TC342","Spark Howl","spark","level_up"
"E162","Tidebloom","44","TC047","Mind Mark","mind","level_up"
"E162","Tidebloom","52","TC054","Spark Bind","spark","level_up"
"E162","Tidebloom","62","TC215","Mind Crown","mind","level_up"
"E163","Galefin","1","TC187","Frost Fang","frost","level_up"
"E163","Galefin","4","TC271","Frost Snap","frost","level_up"
"E163","Galefin","8","TC355","Frost Mirror","frost","level_up"
"E163","Galefin","12","TC439","Frost Song","frost","level_up"
"E163","Galefin","16","TC079","Frost Song","frost","level_up"
"E163","Galefin","20","TC163","Frost Guard","frost","level_up"
"E163","Galefin","25","TC247","Frost Fang","frost","level_up"
"E163","Galefin","30","TC331","Frost Snap","frost","level_up"
"E163","Galefin","36","TC415","Frost Mirror","frost","level_up"
"E163","Galefin","44","TC055","Frost Mirror","frost","level_up"
"E163","Galefin","52","TC139","Frost Song","frost","level_up"
"E163","Galefin","62","TC223","Frost Guard","frost","level_up"
"E164","Ironquill","1","TC200","Metal Blade","metal","level_up"
"E164","Ironquill","4","TC284","Metal Crash","metal","level_up"
"E164","Ironquill","8","TC368","Metal Bloom","metal","level_up"
"E164","Ironquill","12","TC008","Metal Bloom","metal","level_up"
"E164","Ironquill","16","TC092","Metal Surge","metal","level_up"
"E164","Ironquill","20","TC176","Metal Drift","metal","level_up"
"E164","Ironquill","25","TC260","Metal Blade","metal","level_up"
"E164","Ironquill","30","TC344","Metal Crash","metal","level_up"
"E164","Ironquill","36","TC428","Metal Bloom","metal","level_up"
"E164","Ironquill","44","TC068","Metal Bloom","metal","level_up"
"E164","Ironquill","52","TC152","Metal Surge","metal","level_up"
"E164","Ironquill","62","TC236","Metal Drift","metal","level_up"
"E165","Rimepup","1","TC213","Shade Veil","shade","level_up"
"E165","Rimepup","4","TC242","Tide Surge","tide","level_up"
"E165","Rimepup","8","TC381","Shade Nova","shade","level_up"
"E165","Rimepup","12","TC410","Tide Blade","tide","level_up"
"E165","Rimepup","16","TC105","Shade Thread","shade","level_up"
"E165","Rimepup","20","TC122","Tide Surge","tide","level_up"
"E165","Rimepup","25","TC273","Shade Veil","shade","level_up"
"E165","Rimepup","30","TC290","Tide Blade","tide","level_up"
"E165","Rimepup","36","TC441","Shade Nova","shade","level_up"
"E165","Rimepup","44","TC002","Tide Surge","tide","level_up"
"E165","Rimepup","52","TC165","Shade Thread","shade","level_up"
"E165","Rimepup","62","TC170","Tide Blade","tide","level_up"
"E166","Mindflare","1","TC226","Radiant Field","radiant","level_up"
"E166","Mindflare","4","TC310","Radiant Lance","radiant","level_up"
"E166","Mindflare","8","TC394","Radiant Spiral","radiant","level_up"
"E166","Mindflare","12","TC034","Radiant Spiral","radiant","level_up"
"E166","Mindflare","16","TC118","Radiant Burst","radiant","level_up"
"E166","Mindflare","20","TC202","Radiant Rift","radiant","level_up"
"E166","Mindflare","25","TC286","Radiant Field","radiant","level_up"
"E166","Mindflare","30","TC370","Radiant Lance","radiant","level_up"
"E166","Mindflare","36","TC010","Radiant Lance","radiant","level_up"
"E166","Mindflare","44","TC094","Radiant Spiral","radiant","level_up"
"E166","Mindflare","52","TC178","Radiant Burst","radiant","level_up"
"E166","Mindflare","62","TC262","Radiant Rift","radiant","level_up"
"E167","Verdantjaw","1","TC239","Mind Orbit","mind","level_up"
"E167","Verdantjaw","4","TC323","Mind Comet","mind","level_up"
"E167","Verdantjaw","8","TC407","Mind Mark","mind","level_up"
"E167","Verdantjaw","12","TC047","Mind Mark","mind","level_up"
"E167","Verdantjaw","16","TC131","Mind Step","mind","level_up"
"E167","Verdantjaw","20","TC215","Mind Crown","mind","level_up"
"E167","Verdantjaw","25","TC299","Mind Orbit","mind","level_up"
"E167","Verdantjaw","30","TC383","Mind Comet","mind","level_up"
"E167","Verdantjaw","36","TC023","Mind Comet","mind","level_up"
"E167","Verdantjaw","44","TC107","Mind Mark","mind","level_up"
"E167","Verdantjaw","52","TC191","Mind Step","mind","level_up"
"E167","Verdantjaw","62","TC275","Mind Crown","mind","level_up"
"E168","Veyrwing","1","TC252","Echo Howl","echo","level_up"
"E168","Veyrwing","4","TC281","Gale Step","gale","level_up"
"E168","Veyrwing","8","TC420","Echo Needle","echo","level_up"
"E168","Veyrwing","12","TC449","Gale Orbit","gale","level_up"
"E168","Veyrwing","16","TC144","Echo Bind","echo","level_up"
"E168","Veyrwing","20","TC161","Gale Step","gale","level_up"
"E168","Veyrwing","25","TC312","Echo Howl","echo","level_up"
"E168","Veyrwing","30","TC329","Gale Orbit","gale","level_up"
"E168","Veyrwing","36","TC036","Echo Pulse","echo","level_up"
"E168","Veyrwing","44","TC041","Gale Step","gale","level_up"
"E168","Veyrwing","52","TC204","Echo Bind","echo","level_up"
"E168","Veyrwing","62","TC209","Gale Orbit","gale","level_up"
"E169","Sparkroot","1","TC205","Ember Mirror","ember","level_up"
"E169","Sparkroot","4","TC289","Ember Song","ember","level_up"
"E169","Sparkroot","8","TC373","Ember Guard","ember","level_up"
"E169","Sparkroot","12","TC001","Ember Snap","ember","level_up"
"E169","Sparkroot","16","TC085","Ember Mirror","ember","level_up"
"E169","Sparkroot","20","TC169","Ember Song","ember","level_up"
"E169","Sparkroot","25","TC253","Ember Guard","ember","level_up"
"E169","Sparkroot","30","TC337","Ember Fang","ember","level_up"
"E169","Sparkroot","36","TC421","Ember Snap","ember","level_up"
"E169","Sparkroot","44","TC049","Ember Song","ember","level_up"
"E169","Sparkroot","52","TC133","Ember Guard","ember","level_up"
"E169","Sparkroot","62","TC217","Ember Fang","ember","level_up"
"E170","Sootcrab","1","TC218","Tide Bloom","tide","level_up"
"E170","Sootcrab","4","TC302","Tide Surge","tide","level_up"
"E170","Sootcrab","8","TC386","Tide Drift","tide","level_up"
"E170","Sootcrab","12","TC014","Tide Crash","tide","level_up"
"E170","Sootcrab","16","TC098","Tide Bloom","tide","level_up"
"E170","Sootcrab","20","TC182","Tide Surge","tide","level_up"
"E170","Sootcrab","25","TC266","Tide Drift","tide","level_up"
"E170","Sootcrab","30","TC350","Tide Blade","tide","level_up"
"E170","Sootcrab","36","TC434","Tide Crash","tide","level_up"
"E170","Sootcrab","44","TC062","Tide Surge","tide","level_up"
"E170","Sootcrab","52","TC146","Tide Drift","tide","level_up"
"E170","Sootcrab","62","TC230","Tide Blade","tide","level_up"
"E171","Auramole","1","TC231","Verdance Nova","verdance","level_up"
"E171","Auramole","4","TC368","Metal Bloom","metal","level_up"
"E171","Auramole","8","TC399","Verdance Ward","verdance","level_up"
"E171","Auramole","12","TC092","Metal Surge","metal","level_up"
"E171","Auramole","16","TC111","Verdance Nova","verdance","level_up"
"E171","Auramole","20","TC260","Metal Blade","metal","level_up"
"E171","Auramole","25","TC279","Verdance Ward","verdance","level_up"
"E171","Auramole","30","TC428","Metal Bloom","metal","level_up"
"E171","Auramole","36","TC447","Verdance Aegis","verdance","level_up"
"E171","Auramole","44","TC152","Metal Surge","metal","level_up"
"E171","Auramole","52","TC159","Verdance Ward","verdance","level_up"
"E171","Auramole","62","TC320","Metal Blade","metal","level_up"
"E172","Shadehorn","1","TC244","Stone Spiral","stone","level_up"
"E172","Shadehorn","4","TC328","Stone Burst","stone","level_up"
"E172","Shadehorn","8","TC412","Stone Rift","stone","level_up"
"E172","Shadehorn","12","TC040","Stone Lance","stone","level_up"
"E172","Shadehorn","16","TC124","Stone Spiral","stone","level_up"
"E172","Shadehorn","20","TC208","Stone Burst","stone","level_up"
"E172","Shadehorn","25","TC292","Stone Rift","stone","level_up"
"E172","Shadehorn","30","TC376","Stone Field","stone","level_up"
"E172","Shadehorn","36","TC004","Stone Spiral","stone","level_up"
"E172","Shadehorn","44","TC088","Stone Burst","stone","level_up"
"E172","Shadehorn","52","TC172","Stone Rift","stone","level_up"
"E172","Shadehorn","62","TC256","Stone Field","stone","level_up"
"E173","Frostcoil","1","TC257","Gale Mark","gale","level_up"
"E173","Frostcoil","4","TC341","Gale Step","gale","level_up"
"E173","Frostcoil","8","TC425","Gale Crown","gale","level_up"
"E173","Frostcoil","12","TC053","Gale Comet","gale","level_up"
"E173","Frostcoil","16","TC137","Gale Mark","gale","level_up"
"E173","Frostcoil","20","TC221","Gale Step","gale","level_up"
"E173","Frostcoil","25","TC305","Gale Crown","gale","level_up"
"E173","Frostcoil","30","TC389","Gale Orbit","gale","level_up"
"E173","Frostcoil","36","TC017","Gale Mark","gale","level_up"
"E173","Frostcoil","44","TC101","Gale Step","gale","level_up"
"E173","Frostcoil","52","TC185","Gale Crown","gale","level_up"
"E173","Frostcoil","62","TC269","Gale Orbit","gale","level_up"
"E174","Bronzefawn","1","TC270","Spark Needle","spark","level_up"
"E174","Bronzefawn","4","TC407","Mind Mark","mind","level_up"
"E174","Bronzefawn","8","TC438","Spark Rush","spark","level_up"
"E174","Bronzefawn","12","TC131","Mind Step","mind","level_up"
"E174","Bronzefawn","16","TC150","Spark Needle","spark","level_up"
"E174","Bronzefawn","20","TC299","Mind Orbit","mind","level_up"
"E174","Bronzefawn","25","TC318","Spark Rush","spark","level_up"
"E174","Bronzefawn","30","TC023","Mind Comet","mind","level_up"
"E174","Bronzefawn","36","TC030","Spark Needle","spark","level_up"
"E174","Bronzefawn","44","TC191","Mind Step","mind","level_up"
"E174","Bronzefawn","52","TC198","Spark Rush","spark","level_up"
"E174","Bronzefawn","62","TC359","Mind Orbit","mind","level_up"
"E175","Reedmoth","1","TC331","Frost Snap","frost","level_up"
"E175","Reedmoth","4","TC415","Frost Mirror","frost","level_up"
"E175","Reedmoth","8","TC055","Frost Mirror","frost","level_up"
"E175","Reedmoth","12","TC139","Frost Song","frost","level_up"
"E175","Reedmoth","16","TC223","Frost Guard","frost","level_up"
"E175","Reedmoth","20","TC307","Frost Fang","frost","level_up"
"E175","Reedmoth","25","TC391","Frost Snap","frost","level_up"
"E175","Reedmoth","30","TC031","Frost Snap","frost","level_up"
"E175","Reedmoth","36","TC115","Frost Mirror","frost","level_up"
"E175","Reedmoth","44","TC199","Frost Song","frost","level_up"
"E175","Reedmoth","52","TC283","Frost Guard","frost","level_up"
"E175","Reedmoth","62","TC367","Frost Fang","frost","level_up"
"E176","Nulljaw","1","TC344","Metal Crash","metal","level_up"
"E176","Nulljaw","4","TC428","Metal Bloom","metal","level_up"
"E176","Nulljaw","8","TC068","Metal Bloom","metal","level_up"
"E176","Nulljaw","12","TC152","Metal Surge","metal","level_up"
"E176","Nulljaw","16","TC236","Metal Drift","metal","level_up"
"E176","Nulljaw","20","TC320","Metal Blade","metal","level_up"
"E176","Nulljaw","25","TC404","Metal Crash","metal","level_up"
"E176","Nulljaw","30","TC044","Metal Crash","metal","level_up"
"E176","Nulljaw","36","TC128","Metal Bloom","metal","level_up"
"E176","Nulljaw","44","TC212","Metal Surge","metal","level_up"
"E176","Nulljaw","52","TC296","Metal Drift","metal","level_up"
"E176","Nulljaw","62","TC380","Metal Blade","metal","level_up"
"E177","Emberfin","1","TC357","Shade Aegis","shade","level_up"
"E177","Emberfin","4","TC386","Tide Drift","tide","level_up"
"E177","Emberfin","8","TC081","Shade Nova","shade","level_up"
"E177","Emberfin","12","TC098","Tide Bloom","tide","level_up"
"E177","Emberfin","16","TC249","Shade Ward","shade","level_up"
"E177","Emberfin","20","TC266","Tide Drift","tide","level_up"
"E177","Emberfin","25","TC417","Shade Aegis","shade","level_up"
"E177","Emberfin","30","TC434","Tide Crash","tide","level_up"
"E177","Emberfin","36","TC141","Shade Nova","shade","level_up"
"E177","Emberfin","44","TC146","Tide Drift","tide","level_up"
"E177","Emberfin","52","TC309","Shade Ward","shade","level_up"
"E177","Emberfin","62","TC314","Tide Crash","tide","level_up"
"E178","Stonebuck","1","TC370","Radiant Lance","radiant","level_up"
"E178","Stonebuck","4","TC010","Radiant Lance","radiant","level_up"
"E178","Stonebuck","8","TC094","Radiant Spiral","radiant","level_up"
"E178","Stonebuck","12","TC178","Radiant Burst","radiant","level_up"
"E178","Stonebuck","16","TC262","Radiant Rift","radiant","level_up"
"E178","Stonebuck","20","TC346","Radiant Field","radiant","level_up"
"E178","Stonebuck","25","TC430","Radiant Lance","radiant","level_up"
"E178","Stonebuck","30","TC070","Radiant Lance","radiant","level_up"
"E178","Stonebuck","36","TC154","Radiant Spiral","radiant","level_up"
"E178","Stonebuck","44","TC238","Radiant Burst","radiant","level_up"
"E178","Stonebuck","52","TC322","Radiant Rift","radiant","level_up"
"E178","Stonebuck","62","TC406","Radiant Field","radiant","level_up"
"E179","Lumenshell","1","TC383","Mind Comet","mind","level_up"
"E179","Lumenshell","4","TC023","Mind Comet","mind","level_up"
"E179","Lumenshell","8","TC107","Mind Mark","mind","level_up"
"E179","Lumenshell","12","TC191","Mind Step","mind","level_up"
"E179","Lumenshell","16","TC275","Mind Crown","mind","level_up"
"E179","Lumenshell","20","TC359","Mind Orbit","mind","level_up"
"E179","Lumenshell","25","TC443","Mind Comet","mind","level_up"
"E179","Lumenshell","30","TC083","Mind Comet","mind","level_up"
"E179","Lumenshell","36","TC167","Mind Mark","mind","level_up"
"E179","Lumenshell","44","TC251","Mind Step","mind","level_up"
"E179","Lumenshell","52","TC335","Mind Crown","mind","level_up"
"E179","Lumenshell","62","TC419","Mind Orbit","mind","level_up"
"E180","Galemant","1","TC396","Echo Pulse","echo","level_up"
"E180","Galemant","4","TC425","Gale Crown","gale","level_up"
"E180","Galemant","8","TC120","Echo Needle","echo","level_up"
"E180","Galemant","12","TC137","Gale Mark","gale","level_up"
"E180","Galemant","16","TC288","Echo Rush","echo","level_up"
"E180","Galemant","20","TC305","Gale Crown","gale","level_up"
"E180","Galemant","25","TC012","Echo Howl","echo","level_up"
"E180","Galemant","30","TC017","Gale Mark","gale","level_up"
"E180","Galemant","36","TC180","Echo Needle","echo","level_up"
"E180","Galemant","44","TC185","Gale Crown","gale","level_up"
"E180","Galemant","52","TC348","Echo Rush","echo","level_up"
"E180","Galemant","62","TC353","Gale Comet","gale","level_up"
"E181","Mirequill","1","TC349","Ember Song","ember","level_up"
"E181","Mirequill","4","TC433","Ember Guard","ember","level_up"
"E181","Mirequill","8","TC061","Ember Snap","ember","level_up"
"E181","Mirequill","12","TC145","Ember Mirror","ember","level_up"
"E181","Mirequill","16","TC229","Ember Song","ember","level_up"
"E181","Mirequill","20","TC313","Ember Guard","ember","level_up"
"E181","Mirequill","25","TC397","Ember Fang","ember","level_up"
"E181","Mirequill","30","TC025","Ember Mirror","ember","level_up"
"E181","Mirequill","36","TC109","Ember Song","ember","level_up"
"E181","Mirequill","44","TC193","Ember Guard","ember","level_up"
"E181","Mirequill","52","TC277","Ember Fang","ember","level_up"
"E181","Mirequill","62","TC361","Ember Snap","ember","level_up"
"E182","Volthare","1","TC362","Tide Surge","tide","level_up"
"E182","Volthare","4","TC446","Tide Drift","tide","level_up"
"E182","Volthare","8","TC074","Tide Crash","tide","level_up"
"E182","Volthare","12","TC158","Tide Bloom","tide","level_up"
"E182","Volthare","16","TC242","Tide Surge","tide","level_up"
"E182","Volthare","20","TC326","Tide Drift","tide","level_up"
"E182","Volthare","25","TC410","Tide Blade","tide","level_up"
"E182","Volthare","30","TC038","Tide Bloom","tide","level_up"
"E182","Volthare","36","TC122","Tide Surge","tide","level_up"
"E182","Volthare","44","TC206","Tide Drift","tide","level_up"
"E182","Volthare","52","TC290","Tide Blade","tide","level_up"
"E182","Volthare","62","TC374","Tide Crash","tide","level_up"
"E183","Mindbeak","1","TC375","Verdance Thread","verdance","level_up"
"E183","Mindbeak","4","TC068","Metal Bloom","metal","level_up"
"E183","Mindbeak","8","TC087","Verdance Aegis","verdance","level_up"
"E183","Mindbeak","12","TC236","Metal Drift","metal","level_up"
"E183","Mindbeak","16","TC255","Verdance Thread","verdance","level_up"
"E183","Mindbeak","20","TC404","Metal Crash","metal","level_up"
"E183","Mindbeak","25","TC423","Verdance Veil","verdance","level_up"
"E183","Mindbeak","30","TC128","Metal Bloom","metal","level_up"
"E183","Mindbeak","36","TC135","Verdance Thread","verdance","level_up"
"E183","Mindbeak","44","TC296","Metal Drift","metal","level_up"
"E183","Mindbeak","52","TC303","Verdance Veil","verdance","level_up"
"E183","Mindbeak","62","TC020","Metal Blade","metal","level_up"
"E184","Thornkit","1","TC388","Stone Burst","stone","level_up"
"E184","Thornkit","4","TC016","Stone Field","stone","level_up"
"E184","Thornkit","8","TC100","Stone Lance","stone","level_up"
"E184","Thornkit","12","TC184","Stone Spiral","stone","level_up"
"E184","Thornkit","16","TC268","Stone Burst","stone","level_up"
"E184","Thornkit","20","TC352","Stone Rift","stone","level_up"
"E184","Thornkit","25","TC436","Stone Field","stone","level_up"
"E184","Thornkit","30","TC064","Stone Spiral","stone","level_up"
"E184","Thornkit","36","TC148","Stone Burst","stone","level_up"
"E184","Thornkit","44","TC232","Stone Rift","stone","level_up"
"E184","Thornkit","52","TC316","Stone Field","stone","level_up"
"E184","Thornkit","62","TC400","Stone Lance","stone","level_up"
"E185","Ashglass","1","TC401","Gale Step","gale","level_up"
"E185","Ashglass","4","TC029","Gale Orbit","gale","level_up"
"E185","Ashglass","8","TC113","Gale Comet","gale","level_up"
"E185","Ashglass","12","TC197","Gale Mark","gale","level_up"
"E185","Ashglass","16","TC281","Gale Step","gale","level_up"
"E185","Ashglass","20","TC365","Gale Crown","gale","level_up"
"E185","Ashglass","25","TC449","Gale Orbit","gale","level_up"
"E185","Ashglass","30","TC077","Gale Mark","gale","level_up"
"E185","Ashglass","36","TC161","Gale Step","gale","level_up"
"E185","Ashglass","44","TC245","Gale Crown","gale","level_up"
"E185","Ashglass","52","TC329","Gale Orbit","gale","level_up"
"E185","Ashglass","62","TC413","Gale Comet","gale","level_up"
"E186","Tidevole","1","TC414","Spark Bind","spark","level_up"
"E186","Tidevole","4","TC107","Mind Mark","mind","level_up"
"E186","Tidevole","8","TC126","Spark Pulse","spark","level_up"
"E186","Tidevole","12","TC275","Mind Crown","mind","level_up"
"E186","Tidevole","16","TC294","Spark Bind","spark","level_up"
"E186","Tidevole","20","TC443","Mind Comet","mind","level_up"
"E186","Tidevole","25","TC006","Spark Pulse","spark","level_up"
"E186","Tidevole","30","TC167","Mind Mark","mind","level_up"
"E186","Tidevole","36","TC174","Spark Bind","spark","level_up"
"E186","Tidevole","44","TC335","Mind Crown","mind","level_up"
"E186","Tidevole","52","TC342","Spark Howl","spark","level_up"
"E186","Tidevole","62","TC059","Mind Orbit","mind","level_up"
"E187","Frostroot","1","TC031","Frost Snap","frost","level_up"
"E187","Frostroot","4","TC115","Frost Mirror","frost","level_up"
"E187","Frostroot","8","TC199","Frost Song","frost","level_up"
"E187","Frostroot","12","TC283","Frost Guard","frost","level_up"
"E187","Frostroot","16","TC367","Frost Fang","frost","level_up"
"E187","Frostroot","20","TC007","Frost Fang","frost","level_up"
"E187","Frostroot","25","TC091","Frost Snap","frost","level_up"
"E187","Frostroot","30","TC175","Frost Mirror","frost","level_up"
"E187","Frostroot","36","TC259","Frost Song","frost","level_up"
"E187","Frostroot","44","TC343","Frost Guard","frost","level_up"
"E187","Frostroot","52","TC427","Frost Fang","frost","level_up"
"E187","Frostroot","62","TC067","Frost Fang","frost","level_up"
"E188","Ironstag","1","TC044","Metal Crash","metal","level_up"
"E188","Ironstag","4","TC128","Metal Bloom","metal","level_up"
"E188","Ironstag","8","TC212","Metal Surge","metal","level_up"
"E188","Ironstag","12","TC296","Metal Drift","metal","level_up"
"E188","Ironstag","16","TC380","Metal Blade","metal","level_up"
"E188","Ironstag","20","TC020","Metal Blade","metal","level_up"
"E188","Ironstag","25","TC104","Metal Crash","metal","level_up"
"E188","Ironstag","30","TC188","Metal Bloom","metal","level_up"
"E188","Ironstag","36","TC272","Metal Surge","metal","level_up"
"E188","Ironstag","44","TC356","Metal Drift","metal","level_up"
"E188","Ironstag","52","TC440","Metal Blade","metal","level_up"
"E188","Ironstag","62","TC080","Metal Blade","metal","level_up"
"E189","Echomole","1","TC057","Shade Aegis","shade","level_up"
"E189","Echomole","4","TC074","Tide Crash","tide","level_up"
"E189","Echomole","8","TC225","Shade Thread","shade","level_up"
"E189","Echomole","12","TC242","Tide Surge","tide","level_up"
"E189","Echomole","16","TC393","Shade Veil","shade","level_up"
"E189","Echomole","20","TC410","Tide Blade","tide","level_up"
"E189","Echomole","25","TC117","Shade Aegis","shade","level_up"
"E189","Echomole","30","TC122","Tide Surge","tide","level_up"
"E189","Echomole","36","TC285","Shade Thread","shade","level_up"
"E189","Echomole","44","TC290","Tide Blade","tide","level_up"
"E189","Echomole","52","TC009","Shade Ward","shade","level_up"
"E189","Echomole","62","TC002","Tide Surge","tide","level_up"
"E190","Sablefin","1","TC070","Radiant Lance","radiant","level_up"
"E190","Sablefin","4","TC154","Radiant Spiral","radiant","level_up"
"E190","Sablefin","8","TC238","Radiant Burst","radiant","level_up"
"E190","Sablefin","12","TC322","Radiant Rift","radiant","level_up"
"E190","Sablefin","16","TC406","Radiant Field","radiant","level_up"
"E190","Sablefin","20","TC046","Radiant Field","radiant","level_up"
"E190","Sablefin","25","TC130","Radiant Lance","radiant","level_up"
"E190","Sablefin","30","TC214","Radiant Spiral","radiant","level_up"
"E190","Sablefin","36","TC298","Radiant Burst","radiant","level_up"
"E190","Sablefin","44","TC382","Radiant Rift","radiant","level_up"
"E190","Sablefin","52","TC022","Radiant Rift","radiant","level_up"
"E190","Sablefin","62","TC106","Radiant Field","radiant","level_up"
"E191","Prismjaw","1","TC083","Mind Comet","mind","level_up"
"E191","Prismjaw","4","TC167","Mind Mark","mind","level_up"
"E191","Prismjaw","8","TC251","Mind Step","mind","level_up"
"E191","Prismjaw","12","TC335","Mind Crown","mind","level_up"
"E191","Prismjaw","16","TC419","Mind Orbit","mind","level_up"
"E191","Prismjaw","20","TC059","Mind Orbit","mind","level_up"
"E191","Prismjaw","25","TC143","Mind Comet","mind","level_up"
"E191","Prismjaw","30","TC227","Mind Mark","mind","level_up"
"E191","Prismjaw","36","TC311","Mind Step","mind","level_up"
"E191","Prismjaw","44","TC395","Mind Crown","mind","level_up"
"E191","Prismjaw","52","TC035","Mind Crown","mind","level_up"
"E191","Prismjaw","62","TC119","Mind Orbit","mind","level_up"
"E192","Verdantwing","1","TC096","Echo Pulse","echo","level_up"
"E192","Verdantwing","4","TC113","Gale Comet","gale","level_up"
"E192","Verdantwing","8","TC264","Echo Bind","echo","level_up"
"E192","Verdantwing","12","TC281","Gale Step","gale","level_up"
"E192","Verdantwing","16","TC432","Echo Howl","echo","level_up"
"E192","Verdantwing","20","TC449","Gale Orbit","gale","level_up"
"E192","Verdantwing","25","TC156","Echo Pulse","echo","level_up"
"E192","Verdantwing","30","TC161","Gale Step","gale","level_up"
"E192","Verdantwing","36","TC324","Echo Bind","echo","level_up"
"E192","Verdantwing","44","TC329","Gale Orbit","gale","level_up"
"E192","Verdantwing","52","TC048","Echo Rush","echo","level_up"
"E192","Verdantwing","62","TC041","Gale Step","gale","level_up"
"E193","Sparkhorn","1","TC037","Ember Fang","ember","level_up"
"E193","Sparkhorn","4","TC121","Ember Snap","ember","level_up"
"E193","Sparkhorn","8","TC205","Ember Mirror","ember","level_up"
"E193","Sparkhorn","12","TC289","Ember Song","ember","level_up"
"E193","Sparkhorn","16","TC373","Ember Guard","ember","level_up"
"E193","Sparkhorn","20","TC001","Ember Snap","ember","level_up"
"E193","Sparkhorn","25","TC085","Ember Mirror","ember","level_up"
"E193","Sparkhorn","30","TC169","Ember Song","ember","level_up"
"E193","Sparkhorn","36","TC253","Ember Guard","ember","level_up"
"E193","Sparkhorn","44","TC337","Ember Fang","ember","level_up"
"E193","Sparkhorn","52","TC421","Ember Snap","ember","level_up"
"E193","Sparkhorn","62","TC049","Ember Song","ember","level_up"
"E194","Brinecoil","1","TC050","Tide Blade","tide","level_up"
"E194","Brinecoil","4","TC134","Tide Crash","tide","level_up"
"E194","Brinecoil","8","TC218","Tide Bloom","tide","level_up"
"E194","Brinecoil","12","TC302","Tide Surge","tide","level_up"
"E194","Brinecoil","16","TC386","Tide Drift","tide","level_up"
"E194","Brinecoil","20","TC014","Tide Crash","tide","level_up"
"E194","Brinecoil","25","TC098","Tide Bloom","tide","level_up"
"E194","Brinecoil","30","TC182","Tide Surge","tide","level_up"
"E194","Brinecoil","36","TC266","Tide Drift","tide","level_up"
"E194","Brinecoil","44","TC350","Tide Blade","tide","level_up"
"E194","Brinecoil","52","TC434","Tide Crash","tide","level_up"
"E194","Brinecoil","62","TC062","Tide Surge","tide","level_up"
"E195","Lurkflare","1","TC063","Verdance Veil","verdance","level_up"
"E195","Lurkflare","4","TC212","Metal Surge","metal","level_up"
"E195","Lurkflare","8","TC231","Verdance Nova","verdance","level_up"
"E195","Lurkflare","12","TC380","Metal Blade","metal","level_up"
"E195","Lurkflare","16","TC399","Verdance Ward","verdance","level_up"
"E195","Lurkflare","20","TC104","Metal Crash","metal","level_up"
"E195","Lurkflare","25","TC111","Verdance Nova","verdance","level_up"
"E195","Lurkflare","30","TC272","Metal Surge","metal","level_up"
"E195","Lurkflare","36","TC279","Verdance Ward","verdance","level_up"
"E195","Lurkflare","44","TC440","Metal Blade","metal","level_up"
"E195","Lurkflare","52","TC447","Verdance Aegis","verdance","level_up"
"E195","Lurkflare","62","TC164","Metal Crash","metal","level_up"
"E196","Snowjaw","1","TC076","Stone Field","stone","level_up"
"E196","Snowjaw","4","TC160","Stone Lance","stone","level_up"
"E196","Snowjaw","8","TC244","Stone Spiral","stone","level_up"
"E196","Snowjaw","12","TC328","Stone Burst","stone","level_up"
"E196","Snowjaw","16","TC412","Stone Rift","stone","level_up"
"E196","Snowjaw","20","TC040","Stone Lance","stone","level_up"
"E196","Snowjaw","25","TC124","Stone Spiral","stone","level_up"
"E196","Snowjaw","30","TC208","Stone Burst","stone","level_up"
"E196","Snowjaw","36","TC292","Stone Rift","stone","level_up"
"E196","Snowjaw","44","TC376","Stone Field","stone","level_up"
"E196","Snowjaw","52","TC004","Stone Spiral","stone","level_up"
"E196","Snowjaw","62","TC088","Stone Burst","stone","level_up"
"E197","Copperroot","1","TC089","Gale Orbit","gale","level_up"
"E197","Copperroot","4","TC173","Gale Comet","gale","level_up"
"E197","Copperroot","8","TC257","Gale Mark","gale","level_up"
"E197","Copperroot","12","TC341","Gale Step","gale","level_up"
"E197","Copperroot","16","TC425","Gale Crown","gale","level_up"
"E197","Copperroot","20","TC053","Gale Comet","gale","level_up"
"E197","Copperroot","25","TC137","Gale Mark","gale","level_up"
"E197","Copperroot","30","TC221","Gale Step","gale","level_up"
"E197","Copperroot","36","TC305","Gale Crown","gale","level_up"
"E197","Copperroot","44","TC389","Gale Orbit","gale","level_up"
"E197","Copperroot","52","TC017","Gale Mark","gale","level_up"
"E197","Copperroot","62","TC101","Gale Step","gale","level_up"
"E198","Galekit","1","TC102","Spark Howl","spark","level_up"
"E198","Galekit","4","TC251","Mind Step","mind","level_up"
"E198","Galekit","8","TC270","Spark Needle","spark","level_up"
"E198","Galekit","12","TC419","Mind Orbit","mind","level_up"
"E198","Galekit","16","TC438","Spark Rush","spark","level_up"
"E198","Galekit","20","TC143","Mind Comet","mind","level_up"
"E198","Galekit","25","TC150","Spark Needle","spark","level_up"
"E198","Galekit","30","TC311","Mind Step","mind","level_up"
"E198","Galekit","36","TC318","Spark Rush","spark","level_up"
"E198","Galekit","44","TC035","Mind Crown","mind","level_up"
"E198","Galekit","52","TC030","Spark Needle","spark","level_up"
"E198","Galekit","62","TC203","Mind Comet","mind","level_up"
"E199","Mindmantle","1","TC175","Frost Mirror","frost","level_up"
"E199","Mindmantle","4","TC259","Frost Song","frost","level_up"
"E199","Mindmantle","8","TC343","Frost Guard","frost","level_up"
"E199","Mindmantle","12","TC427","Frost Fang","frost","level_up"
"E199","Mindmantle","16","TC067","Frost Fang","frost","level_up"
"E199","Mindmantle","20","TC151","Frost Snap","frost","level_up"
"E199","Mindmantle","25","TC235","Frost Mirror","frost","level_up"
"E199","Mindmantle","30","TC319","Frost Song","frost","level_up"
"E199","Mindmantle","36","TC403","Frost Guard","frost","level_up"
"E199","Mindmantle","44","TC043","Frost Guard","frost","level_up"
"E199","Mindmantle","52","TC127","Frost Fang","frost","level_up"
"E199","Mindmantle","62","TC211","Frost Snap","frost","level_up"
"E200","Nullmoth","1","TC188","Metal Bloom","metal","level_up"
"E200","Nullmoth","4","TC272","Metal Surge","metal","level_up"
"E200","Nullmoth","8","TC356","Metal Drift","metal","level_up"
"E200","Nullmoth","12","TC440","Metal Blade","metal","level_up"
"E200","Nullmoth","16","TC080","Metal Blade","metal","level_up"
"E200","Nullmoth","20","TC164","Metal Crash","metal","level_up"
"E200","Nullmoth","25","TC248","Metal Bloom","metal","level_up"
"E200","Nullmoth","30","TC332","Metal Surge","metal","level_up"
"E200","Nullmoth","36","TC416","Metal Drift","metal","level_up"
"E200","Nullmoth","44","TC056","Metal Drift","metal","level_up"
"E200","Nullmoth","52","TC140","Metal Blade","metal","level_up"
"E200","Nullmoth","62","TC224","Metal Crash","metal","level_up"
"E201","Emberrusk","1","TC201","Shade Nova","shade","level_up"
"E201","Emberrusk","4","TC218","Tide Bloom","tide","level_up"
"E201","Emberrusk","8","TC369","Shade Ward","shade","level_up"
"E201","Emberrusk","12","TC386","Tide Drift","tide","level_up"
"E201","Emberrusk","16","TC093","Shade Veil","shade","level_up"
"E201","Emberrusk","20","TC098","Tide Bloom","tide","level_up"
"E201","Emberrusk","25","TC261","Shade Nova","shade","level_up"
"E201","Emberrusk","30","TC266","Tide Drift","tide","level_up"
"E201","Emberrusk","36","TC429","Shade Ward","shade","level_up"
"E201","Emberrusk","44","TC434","Tide Crash","tide","level_up"
"E201","Emberrusk","52","TC153","Shade Veil","shade","level_up"
"E201","Emberrusk","62","TC146","Tide Drift","tide","level_up"
"E202","Tidewing","1","TC214","Radiant Spiral","radiant","level_up"
"E202","Tidewing","4","TC298","Radiant Burst","radiant","level_up"
"E202","Tidewing","8","TC382","Radiant Rift","radiant","level_up"
"E202","Tidewing","12","TC022","Radiant Rift","radiant","level_up"
"E202","Tidewing","16","TC106","Radiant Field","radiant","level_up"
"E202","Tidewing","20","TC190","Radiant Lance","radiant","level_up"
"E202","Tidewing","25","TC274","Radiant Spiral","radiant","level_up"
"E202","Tidewing","30","TC358","Radiant Burst","radiant","level_up"
"E202","Tidewing","36","TC442","Radiant Rift","radiant","level_up"
"E202","Tidewing","44","TC082","Radiant Rift","radiant","level_up"
"E202","Tidewing","52","TC166","Radiant Field","radiant","level_up"
"E202","Tidewing","62","TC250","Radiant Lance","radiant","level_up"
"E203","Mosscrab","1","TC227","Mind Mark","mind","level_up"
"E203","Mosscrab","4","TC311","Mind Step","mind","level_up"
"E203","Mosscrab","8","TC395","Mind Crown","mind","level_up"
"E203","Mosscrab","12","TC035","Mind Crown","mind","level_up"
"E203","Mosscrab","16","TC119","Mind Orbit","mind","level_up"
"E203","Mosscrab","20","TC203","Mind Comet","mind","level_up"
"E203","Mosscrab","25","TC287","Mind Mark","mind","level_up"
"E203","Mosscrab","30","TC371","Mind Step","mind","level_up"
"E203","Mosscrab","36","TC011","Mind Step","mind","level_up"
"E203","Mosscrab","44","TC095","Mind Crown","mind","level_up"
"E203","Mosscrab","52","TC179","Mind Orbit","mind","level_up"
"E203","Mosscrab","62","TC263","Mind Comet","mind","level_up"
"E204","Shadequill","1","TC240","Echo Needle","echo","level_up"
"E204","Shadequill","4","TC257","Gale Mark","gale","level_up"
"E204","Shadequill","8","TC408","Echo Rush","echo","level_up"
"E204","Shadequill","12","TC425","Gale Crown","gale","level_up"
"E204","Shadequill","16","TC132","Echo Howl","echo","level_up"
"E204","Shadequill","20","TC137","Gale Mark","gale","level_up"
"E204","Shadequill","25","TC300","Echo Needle","echo","level_up"
"E204","Shadequill","30","TC305","Gale Crown","gale","level_up"
"E204","Shadequill","36","TC024","Echo Bind","echo","level_up"
"E204","Shadequill","44","TC017","Gale Mark","gale","level_up"
"E204","Shadequill","52","TC192","Echo Howl","echo","level_up"
"E204","Shadequill","62","TC185","Gale Crown","gale","level_up"
"E205","Lumebuck","1","TC181","Ember Snap","ember","level_up"
"E205","Lumebuck","4","TC265","Ember Mirror","ember","level_up"
"E205","Lumebuck","8","TC349","Ember Song","ember","level_up"
"E205","Lumebuck","12","TC433","Ember Guard","ember","level_up"
"E205","Lumebuck","16","TC061","Ember Snap","ember","level_up"
"E205","Lumebuck","20","TC145","Ember Mirror","ember","level_up"
"E205","Lumebuck","25","TC229","Ember Song","ember","level_up"
"E205","Lumebuck","30","TC313","Ember Guard","ember","level_up"
"E205","Lumebuck","36","TC397","Ember Fang","ember","level_up"
"E205","Lumebuck","44","TC025","Ember Mirror","ember","level_up"
"E205","Lumebuck","52","TC109","Ember Song","ember","level_up"
"E205","Lumebuck","62","TC193","Ember Guard","ember","level_up"
"E206","Stonevole","1","TC194","Tide Crash","tide","level_up"
"E206","Stonevole","4","TC278","Tide Bloom","tide","level_up"
"E206","Stonevole","8","TC362","Tide Surge","tide","level_up"
"E206","Stonevole","12","TC446","Tide Drift","tide","level_up"
"E206","Stonevole","16","TC074","Tide Crash","tide","level_up"
"E206","Stonevole","20","TC158","Tide Bloom","tide","level_up"
"E206","Stonevole","25","TC242","Tide Surge","tide","level_up"
"E206","Stonevole","30","TC326","Tide Drift","tide","level_up"
"E206","Stonevole","36","TC410","Tide Blade","tide","level_up"
"E206","Stonevole","44","TC038","Tide Bloom","tide","level_up"
"E206","Stonevole","52","TC122","Tide Surge","tide","level_up"
"E206","Stonevole","62","TC206","Tide Drift","tide","level_up"
"E207","Voltfinch","1","TC207","Verdance Aegis","verdance","level_up"
"E207","Voltfinch","4","TC356","Metal Drift","metal","level_up"
"E207","Voltfinch","8","TC375","Verdance Thread","verdance","level_up"
"E207","Voltfinch","12","TC080","Metal Blade","metal","level_up"
"E207","Voltfinch","16","TC087","Verdance Aegis","verdance","level_up"
"E207","Voltfinch","20","TC248","Metal Bloom","metal","level_up"
"E207","Voltfinch","25","TC255","Verdance Thread","verdance","level_up"
"E207","Voltfinch","30","TC416","Metal Drift","metal","level_up"
"E207","Voltfinch","36","TC423","Verdance Veil","verdance","level_up"
"E207","Voltfinch","44","TC140","Metal Blade","metal","level_up"
"E207","Voltfinch","52","TC135","Verdance Thread","verdance","level_up"
"E207","Voltfinch","62","TC308","Metal Bloom","metal","level_up"
"E208","Frostmant","1","TC220","Stone Lance","stone","level_up"
"E208","Frostmant","4","TC304","Stone Spiral","stone","level_up"
"E208","Frostmant","8","TC388","Stone Burst","stone","level_up"
"E208","Frostmant","12","TC016","Stone Field","stone","level_up"
"E208","Frostmant","16","TC100","Stone Lance","stone","level_up"
"E208","Frostmant","20","TC184","Stone Spiral","stone","level_up"
"E208","Frostmant","25","TC268","Stone Burst","stone","level_up"
"E208","Frostmant","30","TC352","Stone Rift","stone","level_up"
"E208","Frostmant","36","TC436","Stone Field","stone","level_up"
"E208","Frostmant","44","TC064","Stone Spiral","stone","level_up"
"E208","Frostmant","52","TC148","Stone Burst","stone","level_up"
"E208","Frostmant","62","TC232","Stone Rift","stone","level_up"
"E209","Ironbloom","1","TC233","Gale Comet","gale","level_up"
"E209","Ironbloom","4","TC317","Gale Mark","gale","level_up"
"E209","Ironbloom","8","TC401","Gale Step","gale","level_up"
"E209","Ironbloom","12","TC029","Gale Orbit","gale","level_up"
"E209","Ironbloom","16","TC113","Gale Comet","gale","level_up"
"E209","Ironbloom","20","TC197","Gale Mark","gale","level_up"
"E209","Ironbloom","25","TC281","Gale Step","gale","level_up"
"E209","Ironbloom","30","TC365","Gale Crown","gale","level_up"
"E209","Ironbloom","36","TC449","Gale Orbit","gale","level_up"
"E209","Ironbloom","44","TC077","Gale Mark","gale","level_up"
"E209","Ironbloom","52","TC161","Gale Step","gale","level_up"
"E209","Ironbloom","62","TC245","Gale Crown","gale","level_up"
"E210","Echopincer","1","TC246","Spark Pulse","spark","level_up"
"E210","Echopincer","4","TC395","Mind Crown","mind","level_up"
"E210","Echopincer","8","TC414","Spark Bind","spark","level_up"
"E210","Echopincer","12","TC119","Mind Orbit","mind","level_up"
"E210","Echopincer","16","TC126","Spark Pulse","spark","level_up"
"E210","Echopincer","20","TC287","Mind Mark","mind","level_up"
"E210","Echopincer","25","TC294","Spark Bind","spark","level_up"
"E210","Echopincer","30","TC011","Mind Step","mind","level_up"
"E210","Echopincer","36","TC006","Spark Pulse","spark","level_up"
"E210","Echopincer","44","TC179","Mind Orbit","mind","level_up"
"E210","Echopincer","52","TC174","Spark Bind","spark","level_up"
"E210","Echopincer","62","TC347","Mind Mark","mind","level_up"
"E211","Ashroot","1","TC319","Frost Song","frost","level_up"
"E211","Ashroot","4","TC403","Frost Guard","frost","level_up"
"E211","Ashroot","8","TC043","Frost Guard","frost","level_up"
"E211","Ashroot","12","TC127","Frost Fang","frost","level_up"
"E211","Ashroot","16","TC211","Frost Snap","frost","level_up"
"E211","Ashroot","20","TC295","Frost Mirror","frost","level_up"
"E211","Ashroot","25","TC379","Frost Song","frost","level_up"
"E211","Ashroot","30","TC019","Frost Song","frost","level_up"
"E211","Ashroot","36","TC103","Frost Guard","frost","level_up"
"E211","Ashroot","44","TC187","Frost Fang","frost","level_up"
"E211","Ashroot","52","TC271","Frost Snap","frost","level_up"
"E211","Ashroot","62","TC355","Frost Mirror","frost","level_up"
"E212","Brinehare","1","TC332","Metal Surge","metal","level_up"
"E212","Brinehare","4","TC416","Metal Drift","metal","level_up"
"E212","Brinehare","8","TC056","Metal Drift","metal","level_up"
"E212","Brinehare","12","TC140","Metal Blade","metal","level_up"
"E212","Brinehare","16","TC224","Metal Crash","metal","level_up"
"E212","Brinehare","20","TC308","Metal Bloom","metal","level_up"
"E212","Brinehare","25","TC392","Metal Surge","metal","level_up"
"E212","Brinehare","30","TC032","Metal Surge","metal","level_up"
"E212","Brinehare","36","TC116","Metal Drift","metal","level_up"
"E212","Brinehare","44","TC200","Metal Blade","metal","level_up"
"E212","Brinehare","52","TC284","Metal Crash","metal","level_up"
"E212","Brinehare","62","TC368","Metal Bloom","metal","level_up"
"E213","Galebloom","1","TC345","Shade Thread","shade","level_up"
"E213","Galebloom","4","TC362","Tide Surge","tide","level_up"
"E213","Galebloom","8","TC069","Shade Ward","shade","level_up"
"E213","Galebloom","12","TC074","Tide Crash","tide","level_up"
"E213","Galebloom","16","TC237","Shade Aegis","shade","level_up"
"E213","Galebloom","20","TC242","Tide Surge","tide","level_up"
"E213","Galebloom","25","TC405","Shade Thread","shade","level_up"
"E213","Galebloom","30","TC410","Tide Blade","tide","level_up"
"E213","Galebloom","36","TC129","Shade Ward","shade","level_up"
"E213","Galebloom","44","TC122","Tide Surge","tide","level_up"
"E213","Galebloom","52","TC297","Shade Aegis","shade","level_up"
"E213","Galebloom","62","TC290","Tide Blade","tide","level_up"
"E214","Mindfin","1","TC358","Radiant Burst","radiant","level_up"
"E214","Mindfin","4","TC442","Radiant Rift","radiant","level_up"
"E214","Mindfin","8","TC082","Radiant Rift","radiant","level_up"
"E214","Mindfin","12","TC166","Radiant Field","radiant","level_up"
"E214","Mindfin","16","TC250","Radiant Lance","radiant","level_up"
"E214","Mindfin","20","TC334","Radiant Spiral","radiant","level_up"
"E214","Mindfin","25","TC418","Radiant Burst","radiant","level_up"
"E214","Mindfin","30","TC058","Radiant Burst","radiant","level_up"
"E214","Mindfin","36","TC142","Radiant Rift","radiant","level_up"
"E214","Mindfin","44","TC226","Radiant Field","radiant","level_up"
"E214","Mindfin","52","TC310","Radiant Lance","radiant","level_up"
"E214","Mindfin","62","TC394","Radiant Spiral","radiant","level_up"
"E215","Reedrusk","1","TC371","Mind Step","mind","level_up"
"E215","Reedrusk","4","TC011","Mind Step","mind","level_up"
"E215","Reedrusk","8","TC095","Mind Crown","mind","level_up"
"E215","Reedrusk","12","TC179","Mind Orbit","mind","level_up"
"E215","Reedrusk","16","TC263","Mind Comet","mind","level_up"
"E215","Reedrusk","20","TC347","Mind Mark","mind","level_up"
"E215","Reedrusk","25","TC431","Mind Step","mind","level_up"
"E215","Reedrusk","30","TC071","Mind Step","mind","level_up"
"E215","Reedrusk","36","TC155","Mind Crown","mind","level_up"
"E215","Reedrusk","44","TC239","Mind Orbit","mind","level_up"
"E215","Reedrusk","52","TC323","Mind Comet","mind","level_up"
"E215","Reedrusk","62","TC407","Mind Mark","mind","level_up"
"E216","Sparkglass","1","TC384","Echo Bind","echo","level_up"
"E216","Sparkglass","4","TC401","Gale Step","gale","level_up"
"E216","Sparkglass","8","TC108","Echo Rush","echo","level_up"
"E216","Sparkglass","12","TC113","Gale Comet","gale","level_up"
"E216","Sparkglass","16","TC276","Echo Pulse","echo","level_up"
"E216","Sparkglass","20","TC281","Gale Step","gale","level_up"
"E216","Sparkglass","25","TC444","Echo Bind","echo","level_up"
"E216","Sparkglass","30","TC449","Gale Orbit","gale","level_up"
"E216","Sparkglass","36","TC168","Echo Rush","echo","level_up"
"E216","Sparkglass","44","TC161","Gale Step","gale","level_up"
"E216","Sparkglass","52","TC336","Echo Pulse","echo","level_up"
"E216","Sparkglass","62","TC329","Gale Orbit","gale","level_up"
"E217","Sablehorn","1","TC325","Ember Mirror","ember","level_up"
"E217","Sablehorn","4","TC409","Ember Song","ember","level_up"
"E217","Sablehorn","8","TC037","Ember Fang","ember","level_up"
"E217","Sablehorn","12","TC121","Ember Snap","ember","level_up"
"E217","Sablehorn","16","TC205","Ember Mirror","ember","level_up"
"E217","Sablehorn","20","TC289","Ember Song","ember","level_up"
"E217","Sablehorn","25","TC373","Ember Guard","ember","level_up"
"E217","Sablehorn","30","TC001","Ember Snap","ember","level_up"
"E217","Sablehorn","36","TC085","Ember Mirror","ember","level_up"
"E217","Sablehorn","44","TC169","Ember Song","ember","level_up"
"E217","Sablehorn","52","TC253","Ember Guard","ember","level_up"
"E217","Sablehorn","62","TC337","Ember Fang","ember","level_up"
"E218","Lumenkit","1","TC338","Tide Bloom","tide","level_up"
"E218","Lumenkit","4","TC422","Tide Surge","tide","level_up"
"E218","Lumenkit","8","TC050","Tide Blade","tide","level_up"
"E218","Lumenkit","12","TC134","Tide Crash","tide","level_up"
"E218","Lumenkit","16","TC218","Tide Bloom","tide","level_up"
"E218","Lumenkit","20","TC302","Tide Surge","tide","level_up"
"E218","Lumenkit","25","TC386","Tide Drift","tide","level_up"
"E218","Lumenkit","30","TC014","Tide Crash","tide","level_up"
"E218","Lumenkit","36","TC098","Tide Bloom","tide","level_up"
"E218","Lumenkit","44","TC182","Tide Surge","tide","level_up"
"E218","Lumenkit","52","TC266","Tide Drift","tide","level_up"
"E218","Lumenkit","62","TC350","Tide Blade","tide","level_up"
"E219","Frostquill","1","TC351","Verdance Nova","verdance","level_up"
"E219","Frostquill","4","TC056","Metal Drift","metal","level_up"
"E219","Frostquill","8","TC063","Verdance Veil","verdance","level_up"
"E219","Frostquill","12","TC224","Metal Crash","metal","level_up"
"E219","Frostquill","16","TC231","Verdance Nova","verdance","level_up"
"E219","Frostquill","20","TC392","Metal Surge","metal","level_up"
"E219","Frostquill","25","TC399","Verdance Ward","verdance","level_up"
"E219","Frostquill","30","TC116","Metal Drift","metal","level_up"
"E219","Frostquill","36","TC111","Verdance Nova","verdance","level_up"
"E219","Frostquill","44","TC284","Metal Crash","metal","level_up"
"E219","Frostquill","52","TC279","Verdance Ward","verdance","level_up"
"E219","Frostquill","62","TC008","Metal Bloom","metal","level_up"
"E220","Coppermole","1","TC364","Stone Spiral","stone","level_up"
"E220","Coppermole","4","TC448","Stone Burst","stone","level_up"
"E220","Coppermole","8","TC076","Stone Field","stone","level_up"
"E220","Coppermole","12","TC160","Stone Lance","stone","level_up"
"E220","Coppermole","16","TC244","Stone Spiral","stone","level_up"
"E220","Coppermole","20","TC328","Stone Burst","stone","level_up"
"E220","Coppermole","25","TC412","Stone Rift","stone","level_up"
"E220","Coppermole","30","TC040","Stone Lance","stone","level_up"
"E220","Coppermole","36","TC124","Stone Spiral","stone","level_up"
"E220","Coppermole","44","TC208","Stone Burst","stone","level_up"
"E220","Coppermole","52","TC292","Stone Rift","stone","level_up"
"E220","Coppermole","62","TC376","Stone Field","stone","level_up"
"E221","Verdantcoil","1","TC377","Gale Mark","gale","level_up"
"E221","Verdantcoil","4","TC005","Gale Crown","gale","level_up"
"E221","Verdantcoil","8","TC089","Gale Orbit","gale","level_up"
"E221","Verdantcoil","12","TC173","Gale Comet","gale","level_up"
"E221","Verdantcoil","16","TC257","Gale Mark","gale","level_up"
"E221","Verdantcoil","20","TC341","Gale Step","gale","level_up"
"E221","Verdantcoil","25","TC425","Gale Crown","gale","level_up"
"E221","Verdantcoil","30","TC053","Gale Comet","gale","level_up"
"E221","Verdantcoil","36","TC137","Gale Mark","gale","level_up"
"E221","Verdantcoil","44","TC221","Gale Step","gale","level_up"
"E221","Verdantcoil","52","TC305","Gale Crown","gale","level_up"
"E221","Verdantcoil","62","TC389","Gale Orbit","gale","level_up"
"E222","Tidepincer","1","TC390","Spark Needle","spark","level_up"
"E222","Tidepincer","4","TC095","Mind Crown","mind","level_up"
"E222","Tidepincer","8","TC102","Spark Howl","spark","level_up"
"E222","Tidepincer","12","TC263","Mind Comet","mind","level_up"
"E222","Tidepincer","16","TC270","Spark Needle","spark","level_up"
"E222","Tidepincer","20","TC431","Mind Step","mind","level_up"
"E222","Tidepincer","25","TC438","Spark Rush","spark","level_up"
"E222","Tidepincer","30","TC155","Mind Crown","mind","level_up"
"E222","Tidepincer","36","TC150","Spark Needle","spark","level_up"
"E222","Tidepincer","44","TC323","Mind Comet","mind","level_up"
"E222","Tidepincer","52","TC318","Spark Rush","spark","level_up"
"E222","Tidepincer","62","TC047","Mind Mark","mind","level_up"
"E223","Emberstag","1","TC019","Frost Song","frost","level_up"
"E223","Emberstag","4","TC103","Frost Guard","frost","level_up"
"E223","Emberstag","8","TC187","Frost Fang","frost","level_up"
"E223","Emberstag","12","TC271","Frost Snap","frost","level_up"
"E223","Emberstag","16","TC355","Frost Mirror","frost","level_up"
"E223","Emberstag","20","TC439","Frost Song","frost","level_up"
"E223","Emberstag","25","TC079","Frost Song","frost","level_up"
"E223","Emberstag","30","TC163","Frost Guard","frost","level_up"
"E223","Emberstag","36","TC247","Frost Fang","frost","level_up"
"E223","Emberstag","44","TC331","Frost Snap","frost","level_up"
"E223","Emberstag","52","TC415","Frost Mirror","frost","level_up"
"E223","Emberstag","62","TC055","Frost Mirror","frost","level_up"
"E224","Nullvole","1","TC032","Metal Surge","metal","level_up"
"E224","Nullvole","4","TC116","Metal Drift","metal","level_up"
"E224","Nullvole","8","TC200","Metal Blade","metal","level_up"
"E224","Nullvole","12","TC284","Metal Crash","metal","level_up"
"E224","Nullvole","16","TC368","Metal Bloom","metal","level_up"
"E224","Nullvole","20","TC008","Metal Bloom","metal","level_up"
"E224","Nullvole","25","TC092","Metal Surge","metal","level_up"
"E224","Nullvole","30","TC176","Metal Drift","metal","level_up"
"E224","Nullvole","36","TC260","Metal Blade","metal","level_up"
"E224","Nullvole","44","TC344","Metal Crash","metal","level_up"
"E224","Nullvole","52","TC428","Metal Bloom","metal","level_up"
"E224","Nullvole","62","TC068","Metal Bloom","metal","level_up"
"E225","Stonewing","1","TC045","Shade Thread","shade","level_up"
"E225","Stonewing","4","TC050","Tide Blade","tide","level_up"
"E225","Stonewing","8","TC213","Shade Veil","shade","level_up"
"E225","Stonewing","12","TC218","Tide Bloom","tide","level_up"
"E225","Stonewing","16","TC381","Shade Nova","shade","level_up"
"E225","Stonewing","20","TC386","Tide Drift","tide","level_up"
"E225","Stonewing","25","TC105","Shade Thread","shade","level_up"
"E225","Stonewing","30","TC098","Tide Bloom","tide","level_up"
"E225","Stonewing","36","TC273","Shade Veil","shade","level_up"
"E225","Stonewing","44","TC266","Tide Drift","tide","level_up"
"E225","Stonewing","52","TC441","Shade Nova","shade","level_up"
"E225","Stonewing","62","TC434","Tide Crash","tide","level_up"
"E226","Echobloom","1","TC058","Radiant Burst","radiant","level_up"
"E226","Echobloom","4","TC142","Radiant Rift","radiant","level_up"
"E226","Echobloom","8","TC226","Radiant Field","radiant","level_up"
"E226","Echobloom","12","TC310","Radiant Lance","radiant","level_up"
"E226","Echobloom","16","TC394","Radiant Spiral","radiant","level_up"
"E226","Echobloom","20","TC034","Radiant Spiral","radiant","level_up"
"E226","Echobloom","25","TC118","Radiant Burst","radiant","level_up"
"E226","Echobloom","30","TC202","Radiant Rift","radiant","level_up"
"E226","Echobloom","36","TC286","Radiant Field","radiant","level_up"
"E226","Echobloom","44","TC370","Radiant Lance","radiant","level_up"
"E226","Echobloom","52","TC010","Radiant Lance","radiant","level_up"
"E226","Echobloom","62","TC094","Radiant Spiral","radiant","level_up"
"E227","Mirejaw","1","TC071","Mind Step","mind","level_up"
"E227","Mirejaw","4","TC155","Mind Crown","mind","level_up"
"E227","Mirejaw","8","TC239","Mind Orbit","mind","level_up"
"E227","Mirejaw","12","TC323","Mind Comet","mind","level_up"
"E227","Mirejaw","16","TC407","Mind Mark","mind","level_up"
"E227","Mirejaw","20","TC047","Mind Mark","mind","level_up"
"E227","Mirejaw","25","TC131","Mind Step","mind","level_up"
"E227","Mirejaw","30","TC215","Mind Crown","mind","level_up"
"E227","Mirejaw","36","TC299","Mind Orbit","mind","level_up"
"E227","Mirejaw","44","TC383","Mind Comet","mind","level_up"
"E227","Mirejaw","52","TC023","Mind Comet","mind","level_up"
"E227","Mirejaw","62","TC107","Mind Mark","mind","level_up"
"E228","Voltroot","1","TC084","Echo Bind","echo","level_up"
"E228","Voltroot","4","TC089","Gale Orbit","gale","level_up"
"E228","Voltroot","8","TC252","Echo Howl","echo","level_up"
"E228","Voltroot","12","TC257","Gale Mark","gale","level_up"
"E228","Voltroot","16","TC420","Echo Needle","echo","level_up"
"E228","Voltroot","20","TC425","Gale Crown","gale","level_up"
"E228","Voltroot","25","TC144","Echo Bind","echo","level_up"
"E228","Voltroot","30","TC137","Gale Mark","gale","level_up"
"E228","Voltroot","36","TC312","Echo Howl","echo","level_up"
"E228","Voltroot","44","TC305","Gale Crown","gale","level_up"
"E228","Voltroot","52","TC036","Echo Pulse","echo","level_up"
"E228","Voltroot","62","TC017","Gale Mark","gale","level_up"
"E229","Shadepup","1","TC013","Ember Guard","ember","level_up"
"E229","Shadepup","4","TC097","Ember Fang","ember","level_up"
"E229","Shadepup","8","TC181","Ember Snap","ember","level_up"
"E229","Shadepup","12","TC265","Ember Mirror","ember","level_up"
"E229","Shadepup","16","TC349","Ember Song","ember","level_up"
"E229","Shadepup","20","TC433","Ember Guard","ember","level_up"
"E229","Shadepup","25","TC061","Ember Snap","ember","level_up"
"E229","Shadepup","30","TC145","Ember Mirror","ember","level_up"
"E229","Shadepup","36","TC229","Ember Song","ember","level_up"
"E229","Shadepup","44","TC313","Ember Guard","ember","level_up"
"E229","Shadepup","52","TC397","Ember Fang","ember","level_up"
"E229","Shadepup","62","TC025","Ember Mirror","ember","level_up"
"E230","Rimehorn","1","TC026","Tide Drift","tide","level_up"
"E230","Rimehorn","4","TC110","Tide Blade","tide","level_up"
"E230","Rimehorn","8","TC194","Tide Crash","tide","level_up"
"E230","Rimehorn","12","TC278","Tide Bloom","tide","level_up"
"E230","Rimehorn","16","TC362","Tide Surge","tide","level_up"
"E230","Rimehorn","20","TC446","Tide Drift","tide","level_up"
"E230","Rimehorn","25","TC074","Tide Crash","tide","level_up"
"E230","Rimehorn","30","TC158","Tide Bloom","tide","level_up"
"E230","Rimehorn","36","TC242","Tide Surge","tide","level_up"
"E230","Rimehorn","44","TC326","Tide Drift","tide","level_up"
"E230","Rimehorn","52","TC410","Tide Blade","tide","level_up"
"E230","Rimehorn","62","TC038","Tide Bloom","tide","level_up"
"E231","Aurafin","1","TC039","Verdance Ward","verdance","level_up"
"E231","Aurafin","4","TC200","Metal Blade","metal","level_up"
"E231","Aurafin","8","TC207","Verdance Aegis","verdance","level_up"
"E231","Aurafin","12","TC368","Metal Bloom","metal","level_up"
"E231","Aurafin","16","TC375","Verdance Thread","verdance","level_up"
"E231","Aurafin","20","TC092","Metal Surge","metal","level_up"
"E231","Aurafin","25","TC087","Verdance Aegis","verdance","level_up"
"E231","Aurafin","30","TC260","Metal Blade","metal","level_up"
"E231","Aurafin","36","TC255","Verdance Thread","verdance","level_up"
"E231","Aurafin","44","TC428","Metal Bloom","metal","level_up"
"E231","Aurafin","52","TC423","Verdance Veil","verdance","level_up"
"E231","Aurafin","62","TC152","Metal Surge","metal","level_up"
"E232","Ironkit","1","TC052","Stone Rift","stone","level_up"
"E232","Ironkit","4","TC136","Stone Field","stone","level_up"
"E232","Ironkit","8","TC220","Stone Lance","stone","level_up"
"E232","Ironkit","12","TC304","Stone Spiral","stone","level_up"
"E232","Ironkit","16","TC388","Stone Burst","stone","level_up"
"E232","Ironkit","20","TC016","Stone Field","stone","level_up"
"E232","Ironkit","25","TC100","Stone Lance","stone","level_up"
"E232","Ironkit","30","TC184","Stone Spiral","stone","level_up"
"E232","Ironkit","36","TC268","Stone Burst","stone","level_up"
"E232","Ironkit","44","TC352","Stone Rift","stone","level_up"
"E232","Ironkit","52","TC436","Stone Field","stone","level_up"
"E232","Ironkit","62","TC064","Stone Spiral","stone","level_up"
"E233","Thornbuck","1","TC065","Gale Crown","gale","level_up"
"E233","Thornbuck","4","TC149","Gale Orbit","gale","level_up"
"E233","Thornbuck","8","TC233","Gale Comet","gale","level_up"
"E233","Thornbuck","12","TC317","Gale Mark","gale","level_up"
"E233","Thornbuck","16","TC401","Gale Step","gale","level_up"
"E233","Thornbuck","20","TC029","Gale Orbit","gale","level_up"
"E233","Thornbuck","25","TC113","Gale Comet","gale","level_up"
"E233","Thornbuck","30","TC197","Gale Mark","gale","level_up"
"E233","Thornbuck","36","TC281","Gale Step","gale","level_up"
"E233","Thornbuck","44","TC365","Gale Crown","gale","level_up"
"E233","Thornbuck","52","TC449","Gale Orbit","gale","level_up"
"E233","Thornbuck","62","TC077","Gale Mark","gale","level_up"
"E234","Ashmoth","1","TC078","Spark Rush","spark","level_up"
"E234","Ashmoth","4","TC239","Mind Orbit","mind","level_up"
"E234","Ashmoth","8","TC246","Spark Pulse","spark","level_up"
"E234","Ashmoth","12","TC407","Mind Mark","mind","level_up"
"E234","Ashmoth","16","TC414","Spark Bind","spark","level_up"
"E234","Ashmoth","20","TC131","Mind Step","mind","level_up"
"E234","Ashmoth","25","TC126","Spark Pulse","spark","level_up"
"E234","Ashmoth","30","TC299","Mind Orbit","mind","level_up"
"E234","Ashmoth","36","TC294","Spark Bind","spark","level_up"
"E234","Ashmoth","44","TC023","Mind Comet","mind","level_up"
"E234","Ashmoth","52","TC006","Spark Pulse","spark","level_up"
"E234","Ashmoth","62","TC191","Mind Step","mind","level_up"
"E235","Brineglass","1","TC163","Frost Guard","frost","level_up"
"E235","Brineglass","4","TC247","Frost Fang","frost","level_up"
"E235","Brineglass","8","TC331","Frost Snap","frost","level_up"
"E235","Brineglass","12","TC415","Frost Mirror","frost","level_up"
"E235","Brineglass","16","TC055","Frost Mirror","frost","level_up"
"E235","Brineglass","20","TC139","Frost Song","frost","level_up"
"E235","Brineglass","25","TC223","Frost Guard","frost","level_up"
"E235","Brineglass","30","TC307","Frost Fang","frost","level_up"
"E235","Brineglass","36","TC391","Frost Snap","frost","level_up"
"E235","Brineglass","44","TC031","Frost Snap","frost","level_up"
"E235","Brineglass","52","TC115","Frost Mirror","frost","level_up"
"E235","Brineglass","62","TC199","Frost Song","frost","level_up"
"E236","Galeroot","1","TC176","Metal Drift","metal","level_up"
"E236","Galeroot","4","TC260","Metal Blade","metal","level_up"
"E236","Galeroot","8","TC344","Metal Crash","metal","level_up"
"E236","Galeroot","12","TC428","Metal Bloom","metal","level_up"
"E236","Galeroot","16","TC068","Metal Bloom","metal","level_up"
"E236","Galeroot","20","TC152","Metal Surge","metal","level_up"
"E236","Galeroot","25","TC236","Metal Drift","metal","level_up"
"E236","Galeroot","30","TC320","Metal Blade","metal","level_up"
"E236","Galeroot","36","TC404","Metal Crash","metal","level_up"
"E236","Galeroot","44","TC044","Metal Crash","metal","level_up"
"E236","Galeroot","52","TC128","Metal Bloom","metal","level_up"
"E236","Galeroot","62","TC212","Metal Surge","metal","level_up"
"E237","Mindstag","1","TC189","Shade Ward","shade","level_up"
"E237","Mindstag","4","TC194","Tide Crash","tide","level_up"
"E237","Mindstag","8","TC357","Shade Aegis","shade","level_up"
"E237","Mindstag","12","TC362","Tide Surge","tide","level_up"
"E237","Mindstag","16","TC081","Shade Nova","shade","level_up"
"E237","Mindstag","20","TC074","Tide Crash","tide","level_up"
"E237","Mindstag","25","TC249","Shade Ward","shade","level_up"
"E237","Mindstag","30","TC242","Tide Surge","tide","level_up"
"E237","Mindstag","36","TC417","Shade Aegis","shade","level_up"
"E237","Mindstag","44","TC410","Tide Blade","tide","level_up"
"E237","Mindstag","52","TC141","Shade Nova","shade","level_up"
"E237","Mindstag","62","TC122","Tide Surge","tide","level_up"
"E238","Sparkquill","1","TC202","Radiant Rift","radiant","level_up"
"E238","Sparkquill","4","TC286","Radiant Field","radiant","level_up"
"E238","Sparkquill","8","TC370","Radiant Lance","radiant","level_up"
"E238","Sparkquill","12","TC010","Radiant Lance","radiant","level_up"
"E238","Sparkquill","16","TC094","Radiant Spiral","radiant","level_up"
"E238","Sparkquill","20","TC178","Radiant Burst","radiant","level_up"
"E238","Sparkquill","25","TC262","Radiant Rift","radiant","level_up"
"E238","Sparkquill","30","TC346","Radiant Field","radiant","level_up"
"E238","Sparkquill","36","TC430","Radiant Lance","radiant","level_up"
"E238","Sparkquill","44","TC070","Radiant Lance","radiant","level_up"
"E238","Sparkquill","52","TC154","Radiant Spiral","radiant","level_up"
"E238","Sparkquill","62","TC238","Radiant Burst","radiant","level_up"
"E239","Frostpincer","1","TC215","Mind Crown","mind","level_up"
"E239","Frostpincer","4","TC299","Mind Orbit","mind","level_up"
"E239","Frostpincer","8","TC383","Mind Comet","mind","level_up"
"E239","Frostpincer","12","TC023","Mind Comet","mind","level_up"
"E239","Frostpincer","16","TC107","Mind Mark","mind","level_up"
"E239","Frostpincer","20","TC191","Mind Step","mind","level_up"
"E239","Frostpincer","25","TC275","Mind Crown","mind","level_up"
"E239","Frostpincer","30","TC359","Mind Orbit","mind","level_up"
"E239","Frostpincer","36","TC443","Mind Comet","mind","level_up"
"E239","Frostpincer","44","TC083","Mind Comet","mind","level_up"
"E239","Frostpincer","52","TC167","Mind Mark","mind","level_up"
"E239","Frostpincer","62","TC251","Mind Step","mind","level_up"
"E240","Copperhare","1","TC228","Echo Rush","echo","level_up"
"E240","Copperhare","4","TC233","Gale Comet","gale","level_up"
"E240","Copperhare","8","TC396","Echo Pulse","echo","level_up"
"E240","Copperhare","12","TC401","Gale Step","gale","level_up"
"E240","Copperhare","16","TC120","Echo Needle","echo","level_up"
"E240","Copperhare","20","TC113","Gale Comet","gale","level_up"
"E240","Copperhare","25","TC288","Echo Rush","echo","level_up"
"E240","Copperhare","30","TC281","Gale Step","gale","level_up"
"E240","Copperhare","36","TC012","Echo Howl","echo","level_up"
"E240","Copperhare","44","TC449","Gale Orbit","gale","level_up"
"E240","Copperhare","52","TC180","Echo Needle","echo","level_up"
"E240","Copperhare","62","TC161","Gale Step","gale","level_up"
"E241","Lumenroot","1","TC157","Ember Fang","ember","level_up"
"E241","Lumenroot","4","TC241","Ember Snap","ember","level_up"
"E241","Lumenroot","8","TC325","Ember Mirror","ember","level_up"
"E241","Lumenroot","12","TC409","Ember Song","ember","level_up"
"E241","Lumenroot","16","TC037","Ember Fang","ember","level_up"
"E241","Lumenroot","20","TC121","Ember Snap","ember","level_up"
"E241","Lumenroot","25","TC205","Ember Mirror","ember","level_up"
"E241","Lumenroot","30","TC289","Ember Song","ember","level_up"
"E241","Lumenroot","36","TC373","Ember Guard","ember","level_up"
"E241","Lumenroot","44","TC001","Ember Snap","ember","level_up"
"E241","Lumenroot","52","TC085","Ember Mirror","ember","level_up"
"E241","Lumenroot","62","TC169","Ember Song","ember","level_up"
"E242","Sablewing","1","TC170","Tide Blade","tide","level_up"
"E242","Sablewing","4","TC254","Tide Crash","tide","level_up"
"E242","Sablewing","8","TC338","Tide Bloom","tide","level_up"
"E242","Sablewing","12","TC422","Tide Surge","tide","level_up"
"E242","Sablewing","16","TC050","Tide Blade","tide","level_up"
"E242","Sablewing","20","TC134","Tide Crash","tide","level_up"
"E242","Sablewing","25","TC218","Tide Bloom","tide","level_up"
"E242","Sablewing","30","TC302","Tide Surge","tide","level_up"
"E242","Sablewing","36","TC386","Tide Drift","tide","level_up"
"E242","Sablewing","44","TC014","Tide Crash","tide","level_up"
"E242","Sablewing","52","TC098","Tide Bloom","tide","level_up"
"E242","Sablewing","62","TC182","Tide Surge","tide","level_up"
"E243","Tidecrab","1","TC183","Verdance Veil","verdance","level_up"
"E243","Tidecrab","4","TC344","Metal Crash","metal","level_up"
"E243","Tidecrab","8","TC351","Verdance Nova","verdance","level_up"
"E243","Tidecrab","12","TC068","Metal Bloom","metal","level_up"
"E243","Tidecrab","16","TC063","Verdance Veil","verdance","level_up"
"E243","Tidecrab","20","TC236","Metal Drift","metal","level_up"
"E243","Tidecrab","25","TC231","Verdance Nova","verdance","level_up"
"E243","Tidecrab","30","TC404","Metal Crash","metal","level_up"
"E243","Tidecrab","36","TC399","Verdance Ward","verdance","level_up"
"E243","Tidecrab","44","TC128","Metal Bloom","metal","level_up"
"E243","Tidecrab","52","TC111","Verdance Nova","verdance","level_up"
"E243","Tidecrab","62","TC296","Metal Drift","metal","level_up"
"E244","Emberjaw","1","TC196","Stone Field","stone","level_up"
"E244","Emberjaw","4","TC280","Stone Lance","stone","level_up"
"E244","Emberjaw","8","TC364","Stone Spiral","stone","level_up"
"E244","Emberjaw","12","TC448","Stone Burst","stone","level_up"
"E244","Emberjaw","16","TC076","Stone Field","stone","level_up"
"E244","Emberjaw","20","TC160","Stone Lance","stone","level_up"
"E244","Emberjaw","25","TC244","Stone Spiral","stone","level_up"
"E244","Emberjaw","30","TC328","Stone Burst","stone","level_up"
"E244","Emberjaw","36","TC412","Stone Rift","stone","level_up"
"E244","Emberjaw","44","TC040","Stone Lance","stone","level_up"
"E244","Emberjaw","52","TC124","Stone Spiral","stone","level_up"
"E244","Emberjaw","62","TC208","Stone Burst","stone","level_up"
"E245","Stonekit","1","TC209","Gale Orbit","gale","level_up"
"E245","Stonekit","4","TC293","Gale Comet","gale","level_up"
"E245","Stonekit","8","TC377","Gale Mark","gale","level_up"
"E245","Stonekit","12","TC005","Gale Crown","gale","level_up"
"E245","Stonekit","16","TC089","Gale Orbit","gale","level_up"
"E245","Stonekit","20","TC173","Gale Comet","gale","level_up"
"E245","Stonekit","25","TC257","Gale Mark","gale","level_up"
"E245","Stonekit","30","TC341","Gale Step","gale","level_up"
"E245","Stonekit","36","TC425","Gale Crown","gale","level_up"
"E245","Stonekit","44","TC053","Gale Comet","gale","level_up"
"E245","Stonekit","52","TC137","Gale Mark","gale","level_up"
"E245","Stonekit","62","TC221","Gale Step","gale","level_up"
"E246","Echofin","1","TC222","Spark Howl","spark","level_up"
"E246","Echofin","4","TC383","Mind Comet","mind","level_up"
"E246","Echofin","8","TC390","Spark Needle","spark","level_up"
"E246","Echofin","12","TC107","Mind Mark","mind","level_up"
"E246","Echofin","16","TC102","Spark Howl","spark","level_up"
"E246","Echofin","20","TC275","Mind Crown","mind","level_up"
"E246","Echofin","25","TC270","Spark Needle","spark","level_up"
"E246","Echofin","30","TC443","Mind Comet","mind","level_up"
"E246","Echofin","36","TC438","Spark Rush","spark","level_up"
"E246","Echofin","44","TC167","Mind Mark","mind","level_up"
"E246","Echofin","52","TC150","Spark Needle","spark","level_up"
"E246","Echofin","62","TC335","Mind Crown","mind","level_up"
"E247","Verdantmoth","1","TC307","Frost Fang","frost","level_up"
"E247","Verdantmoth","4","TC391","Frost Snap","frost","level_up"
"E247","Verdantmoth","8","TC031","Frost Snap","frost","level_up"
"E247","Verdantmoth","12","TC115","Frost Mirror","frost","level_up"
"E247","Verdantmoth","16","TC199","Frost Song","frost","level_up"
"E247","Verdantmoth","20","TC283","Frost Guard","frost","level_up"
"E247","Verdantmoth","25","TC367","Frost Fang","frost","level_up"
"E247","Verdantmoth","30","TC007","Frost Fang","frost","level_up"
"E247","Verdantmoth","36","TC091","Frost Snap","frost","level_up"
"E247","Verdantmoth","44","TC175","Frost Mirror","frost","level_up"
"E247","Verdantmoth","52","TC259","Frost Song","frost","level_up"
"E247","Verdantmoth","62","TC343","Frost Guard","frost","level_up"
"E248","Nullhorn","1","TC320","Metal Blade","metal","level_up"
"E248","Nullhorn","4","TC404","Metal Crash","metal","level_up"
"E248","Nullhorn","8","TC044","Metal Crash","metal","level_up"
"E248","Nullhorn","12","TC128","Metal Bloom","metal","level_up"
"E248","Nullhorn","16","TC212","Metal Surge","metal","level_up"
"E248","Nullhorn","20","TC296","Metal Drift","metal","level_up"
"E248","Nullhorn","25","TC380","Metal Blade","metal","level_up"
"E248","Nullhorn","30","TC020","Metal Blade","metal","level_up"
"E248","Nullhorn","36","TC104","Metal Crash","metal","level_up"
"E248","Nullhorn","44","TC188","Metal Bloom","metal","level_up"
"E248","Nullhorn","52","TC272","Metal Surge","metal","level_up"
"E248","Nullhorn","62","TC356","Metal Drift","metal","level_up"
"E249","Rimeglass","1","TC333","Shade Veil","shade","level_up"
"E249","Rimeglass","4","TC338","Tide Bloom","tide","level_up"
"E249","Rimeglass","8","TC057","Shade Aegis","shade","level_up"
"E249","Rimeglass","12","TC050","Tide Blade","tide","level_up"
"E249","Rimeglass","16","TC225","Shade Thread","shade","level_up"
"E249","Rimeglass","20","TC218","Tide Bloom","tide","level_up"
"E249","Rimeglass","25","TC393","Shade Veil","shade","level_up"
"E249","Rimeglass","30","TC386","Tide Drift","tide","level_up"
"E249","Rimeglass","36","TC117","Shade Aegis","shade","level_up"
"E249","Rimeglass","44","TC098","Tide Bloom","tide","level_up"
"E249","Rimeglass","52","TC285","Shade Thread","shade","level_up"
"E249","Rimeglass","62","TC266","Tide Drift","tide","level_up"
"E250","Ironvole","1","TC346","Radiant Field","radiant","level_up"
"E250","Ironvole","4","TC430","Radiant Lance","radiant","level_up"
"E250","Ironvole","8","TC070","Radiant Lance","radiant","level_up"
"E250","Ironvole","12","TC154","Radiant Spiral","radiant","level_up"
"E250","Ironvole","16","TC238","Radiant Burst","radiant","level_up"
"E250","Ironvole","20","TC322","Radiant Rift","radiant","level_up"
"E250","Ironvole","25","TC406","Radiant Field","radiant","level_up"
"E250","Ironvole","30","TC046","Radiant Field","radiant","level_up"
"E250","Ironvole","36","TC130","Radiant Lance","radiant","level_up"
"E250","Ironvole","44","TC214","Radiant Spiral","radiant","level_up"
"E250","Ironvole","52","TC298","Radiant Burst","radiant","level_up"
"E250","Ironvole","62","TC382","Radiant Rift","radiant","level_up"
"E251","Galestag","1","TC359","Mind Orbit","mind","level_up"
"E251","Galestag","4","TC443","Mind Comet","mind","level_up"
"E251","Galestag","8","TC083","Mind Comet","mind","level_up"
"E251","Galestag","12","TC167","Mind Mark","mind","level_up"
"E251","Galestag","16","TC251","Mind Step","mind","level_up"
"E251","Galestag","20","TC335","Mind Crown","mind","level_up"
"E251","Galestag","25","TC419","Mind Orbit","mind","level_up"
"E251","Galestag","30","TC059","Mind Orbit","mind","level_up"
"E251","Galestag","36","TC143","Mind Comet","mind","level_up"
"E251","Galestag","44","TC227","Mind Mark","mind","level_up"
"E251","Galestag","52","TC311","Mind Step","mind","level_up"
"E251","Galestag","62","TC395","Mind Crown","mind","level_up"
"E252","Mindquill","1","TC372","Echo Howl","echo","level_up"
"E252","Mindquill","4","TC377","Gale Mark","gale","level_up"
"E252","Mindquill","8","TC096","Echo Pulse","echo","level_up"
"E252","Mindquill","12","TC089","Gale Orbit","gale","level_up"
"E252","Mindquill","16","TC264","Echo Bind","echo","level_up"
"E252","Mindquill","20","TC257","Gale Mark","gale","level_up"
"E252","Mindquill","25","TC432","Echo Howl","echo","level_up"
"E252","Mindquill","30","TC425","Gale Crown","gale","level_up"
"E252","Mindquill","36","TC156","Echo Pulse","echo","level_up"
"E252","Mindquill","44","TC137","Gale Mark","gale","level_up"
"E252","Mindquill","52","TC324","Echo Bind","echo","level_up"
"E252","Mindquill","62","TC305","Gale Crown","gale","level_up"
"E253","Sparkmanta","1","TC301","Ember Snap","ember","level_up"
"E253","Sparkmanta","4","TC385","Ember Mirror","ember","level_up"
"E253","Sparkmanta","8","TC013","Ember Guard","ember","level_up"
"E253","Sparkmanta","12","TC097","Ember Fang","ember","level_up"
"E253","Sparkmanta","16","TC181","Ember Snap","ember","level_up"
"E253","Sparkmanta","20","TC265","Ember Mirror","ember","level_up"
"E253","Sparkmanta","25","TC349","Ember Song","ember","level_up"
"E253","Sparkmanta","30","TC433","Ember Guard","ember","level_up"
"E253","Sparkmanta","36","TC061","Ember Snap","ember","level_up"
"E253","Sparkmanta","44","TC145","Ember Mirror","ember","level_up"
"E253","Sparkmanta","52","TC229","Ember Song","ember","level_up"
"E253","Sparkmanta","62","TC313","Ember Guard","ember","level_up"
"E254","Ashhare","1","TC314","Tide Crash","tide","level_up"
"E254","Ashhare","4","TC398","Tide Bloom","tide","level_up"
"E254","Ashhare","8","TC026","Tide Drift","tide","level_up"
"E254","Ashhare","12","TC110","Tide Blade","tide","level_up"
"E254","Ashhare","16","TC194","Tide Crash","tide","level_up"
"E254","Ashhare","20","TC278","Tide Bloom","tide","level_up"
"E254","Ashhare","25","TC362","Tide Surge","tide","level_up"
"E254","Ashhare","30","TC446","Tide Drift","tide","level_up"
"E254","Ashhare","36","TC074","Tide Crash","tide","level_up"
"E254","Ashhare","44","TC158","Tide Bloom","tide","level_up"
"E254","Ashhare","52","TC242","Tide Surge","tide","level_up"
"E254","Ashhare","62","TC326","Tide Drift","tide","level_up"
"E255","Brinerusk","1","TC327","Verdance Aegis","verdance","level_up"
"E255","Brinerusk","4","TC044","Metal Crash","metal","level_up"
"E255","Brinerusk","8","TC039","Verdance Ward","verdance","level_up"
"E255","Brinerusk","12","TC212","Metal Surge","metal","level_up"
"E255","Brinerusk","16","TC207","Verdance Aegis","verdance","level_up"
"E255","Brinerusk","20","TC380","Metal Blade","metal","level_up"
"E255","Brinerusk","25","TC375","Verdance Thread","verdance","level_up"
"E255","Brinerusk","30","TC104","Metal Crash","metal","level_up"
"E255","Brinerusk","36","TC087","Verdance Aegis","verdance","level_up"
"E255","Brinerusk","44","TC272","Metal Surge","metal","level_up"
"E255","Brinerusk","52","TC255","Verdance Thread","verdance","level_up"
"E255","Brinerusk","62","TC440","Metal Blade","metal","level_up"
"E256","Shadecoil","1","TC340","Stone Lance","stone","level_up"
"E256","Shadecoil","4","TC424","Stone Spiral","stone","level_up"
"E256","Shadecoil","8","TC052","Stone Rift","stone","level_up"
"E256","Shadecoil","12","TC136","Stone Field","stone","level_up"
"E256","Shadecoil","16","TC220","Stone Lance","stone","level_up"
"E256","Shadecoil","20","TC304","Stone Spiral","stone","level_up"
"E256","Shadecoil","25","TC388","Stone Burst","stone","level_up"
"E256","Shadecoil","30","TC016","Stone Field","stone","level_up"
"E256","Shadecoil","36","TC100","Stone Lance","stone","level_up"
"E256","Shadecoil","44","TC184","Stone Spiral","stone","level_up"
"E256","Shadecoil","52","TC268","Stone Burst","stone","level_up"
"E256","Shadecoil","62","TC352","Stone Rift","stone","level_up"
"E257","Aurawing","1","TC353","Gale Comet","gale","level_up"
"E257","Aurawing","4","TC437","Gale Mark","gale","level_up"
"E257","Aurawing","8","TC065","Gale Crown","gale","level_up"
"E257","Aurawing","12","TC149","Gale Orbit","gale","level_up"
"E257","Aurawing","16","TC233","Gale Comet","gale","level_up"
"E257","Aurawing","20","TC317","Gale Mark","gale","level_up"
"E257","Aurawing","25","TC401","Gale Step","gale","level_up"
"E257","Aurawing","30","TC029","Gale Orbit","gale","level_up"
"E257","Aurawing","36","TC113","Gale Comet","gale","level_up"
"E257","Aurawing","44","TC197","Gale Mark","gale","level_up"
"E257","Aurawing","52","TC281","Gale Step","gale","level_up"
"E257","Aurawing","62","TC365","Gale Crown","gale","level_up"
"E258","Frostmole","1","TC366","Spark Pulse","spark","level_up"
"E258","Frostmole","4","TC083","Mind Comet","mind","level_up"
"E258","Frostmole","8","TC078","Spark Rush","spark","level_up"
"E258","Frostmole","12","TC251","Mind Step","mind","level_up"
"E258","Frostmole","16","TC246","Spark Pulse","spark","level_up"
"E258","Frostmole","20","TC419","Mind Orbit","mind","level_up"
"E258","Frostmole","25","TC414","Spark Bind","spark","level_up"
"E258","Frostmole","30","TC143","Mind Comet","mind","level_up"
"E258","Frostmole","36","TC126","Spark Pulse","spark","level_up"
"E258","Frostmole","44","TC311","Mind Step","mind","level_up"
"E258","Frostmole","52","TC294","Spark Bind","spark","level_up"
"E258","Frostmole","62","TC035","Mind Crown","mind","level_up"
"E259","Copperstag","1","TC007","Frost Fang","frost","level_up"
"E259","Copperstag","4","TC091","Frost Snap","frost","level_up"
"E259","Copperstag","8","TC175","Frost Mirror","frost","level_up"
"E259","Copperstag","12","TC259","Frost Song","frost","level_up"
"E259","Copperstag","16","TC343","Frost Guard","frost","level_up"
"E259","Copperstag","20","TC427","Frost Fang","frost","level_up"
"E259","Copperstag","25","TC067","Frost Fang","frost","level_up"
"E259","Copperstag","30","TC151","Frost Snap","frost","level_up"
"E259","Copperstag","36","TC235","Frost Mirror","frost","level_up"
"E259","Copperstag","44","TC319","Frost Song","frost","level_up"
"E259","Copperstag","52","TC403","Frost Guard","frost","level_up"
"E259","Copperstag","62","TC043","Frost Guard","frost","level_up"
"E260","Reedflare","1","TC020","Metal Blade","metal","level_up"
"E260","Reedflare","4","TC104","Metal Crash","metal","level_up"
"E260","Reedflare","8","TC188","Metal Bloom","metal","level_up"
"E260","Reedflare","12","TC272","Metal Surge","metal","level_up"
"E260","Reedflare","16","TC356","Metal Drift","metal","level_up"
"E260","Reedflare","20","TC440","Metal Blade","metal","level_up"
"E260","Reedflare","25","TC080","Metal Blade","metal","level_up"
"E260","Reedflare","30","TC164","Metal Crash","metal","level_up"
"E260","Reedflare","36","TC248","Metal Bloom","metal","level_up"
"E260","Reedflare","44","TC332","Metal Surge","metal","level_up"
"E260","Reedflare","52","TC416","Metal Drift","metal","level_up"
"E260","Reedflare","62","TC056","Metal Drift","metal","level_up"
"E261","Tidejaw","1","TC033","Shade Veil","shade","level_up"
"E261","Tidejaw","4","TC026","Tide Drift","tide","level_up"
"E261","Tidejaw","8","TC201","Shade Nova","shade","level_up"
"E261","Tidejaw","12","TC194","Tide Crash","tide","level_up"
"E261","Tidejaw","16","TC369","Shade Ward","shade","level_up"
"E261","Tidejaw","20","TC362","Tide Surge","tide","level_up"
"E261","Tidejaw","25","TC093","Shade Veil","shade","level_up"
"E261","Tidejaw","30","TC074","Tide Crash","tide","level_up"
"E261","Tidejaw","36","TC261","Shade Nova","shade","level_up"
"E261","Tidejaw","44","TC242","Tide Surge","tide","level_up"
"E261","Tidejaw","52","TC429","Shade Ward","shade","level_up"
"E261","Tidejaw","62","TC410","Tide Blade","tide","level_up"
"E262","Embervole","1","TC046","Radiant Field","radiant","level_up"
"E262","Embervole","4","TC130","Radiant Lance","radiant","level_up"
"E262","Embervole","8","TC214","Radiant Spiral","radiant","level_up"
"E262","Embervole","12","TC298","Radiant Burst","radiant","level_up"
"E262","Embervole","16","TC382","Radiant Rift","radiant","level_up"
"E262","Embervole","20","TC022","Radiant Rift","radiant","level_up"
"E262","Embervole","25","TC106","Radiant Field","radiant","level_up"
"E262","Embervole","30","TC190","Radiant Lance","radiant","level_up"
"E262","Embervole","36","TC274","Radiant Spiral","radiant","level_up"
"E262","Embervole","44","TC358","Radiant Burst","radiant","level_up"
"E262","Embervole","52","TC442","Radiant Rift","radiant","level_up"
"E262","Embervole","62","TC082","Radiant Rift","radiant","level_up"
"E263","Stonebloom","1","TC059","Mind Orbit","mind","level_up"
"E263","Stonebloom","4","TC143","Mind Comet","mind","level_up"
"E263","Stonebloom","8","TC227","Mind Mark","mind","level_up"
"E263","Stonebloom","12","TC311","Mind Step","mind","level_up"
"E263","Stonebloom","16","TC395","Mind Crown","mind","level_up"
"E263","Stonebloom","20","TC035","Mind Crown","mind","level_up"
"E263","Stonebloom","25","TC119","Mind Orbit","mind","level_up"
"E263","Stonebloom","30","TC203","Mind Comet","mind","level_up"
"E263","Stonebloom","36","TC287","Mind Mark","mind","level_up"
"E263","Stonebloom","44","TC371","Mind Step","mind","level_up"
"E263","Stonebloom","52","TC011","Mind Step","mind","level_up"
"E263","Stonebloom","62","TC095","Mind Crown","mind","level_up"
"E264","Echokit","1","TC072","Echo Howl","echo","level_up"
"E264","Echokit","4","TC065","Gale Crown","gale","level_up"
"E264","Echokit","8","TC240","Echo Needle","echo","level_up"
"E264","Echokit","12","TC233","Gale Comet","gale","level_up"
"E264","Echokit","16","TC408","Echo Rush","echo","level_up"
"E264","Echokit","20","TC401","Gale Step","gale","level_up"
"E264","Echokit","25","TC132","Echo Howl","echo","level_up"
"E264","Echokit","30","TC113","Gale Comet","gale","level_up"
"E264","Echokit","36","TC300","Echo Needle","echo","level_up"
"E264","Echokit","44","TC281","Gale Step","gale","level_up"
"E264","Echokit","52","TC024","Echo Bind","echo","level_up"
"E264","Echokit","62","TC449","Gale Orbit","gale","level_up"
"E265","Verdantfin","1","TC445","Ember Mirror","ember","level_up"
"E265","Verdantfin","4","TC073","Ember Guard","ember","level_up"
"E265","Verdantfin","8","TC157","Ember Fang","ember","level_up"
"E265","Verdantfin","12","TC241","Ember Snap","ember","level_up"
"E265","Verdantfin","16","TC325","Ember Mirror","ember","level_up"
"E265","Verdantfin","20","TC409","Ember Song","ember","level_up"
"E265","Verdantfin","25","TC037","Ember Fang","ember","level_up"
"E265","Verdantfin","30","TC121","Ember Snap","ember","level_up"
"E265","Verdantfin","36","TC205","Ember Mirror","ember","level_up"
"E265","Verdantfin","44","TC289","Ember Song","ember","level_up"
"E265","Verdantfin","52","TC373","Ember Guard","ember","level_up"
"E265","Verdantfin","62","TC001","Ember Snap","ember","level_up"
"E266","Nullroot","1","TC002","Tide Surge","tide","level_up"
"E266","Nullroot","4","TC086","Tide Drift","tide","level_up"
"E266","Nullroot","8","TC170","Tide Blade","tide","level_up"
"E266","Nullroot","12","TC254","Tide Crash","tide","level_up"
"E266","Nullroot","16","TC338","Tide Bloom","tide","level_up"
"E266","Nullroot","20","TC422","Tide Surge","tide","level_up"
"E266","Nullroot","25","TC050","Tide Blade","tide","level_up"
"E266","Nullroot","30","TC134","Tide Crash","tide","level_up"
"E266","Nullroot","36","TC218","Tide Bloom","tide","level_up"
"E266","Nullroot","44","TC302","Tide Surge","tide","level_up"
"E266","Nullroot","52","TC386","Tide Drift","tide","level_up"
"E266","Nullroot","62","TC014","Tide Crash","tide","level_up"
"E267","Lumenant","1","TC015","Verdance Thread","verdance","level_up"
"E267","Lumenant","4","TC188","Metal Bloom","metal","level_up"
"E267","Lumenant","8","TC183","Verdance Veil","verdance","level_up"
"E267","Lumenant","12","TC356","Metal Drift","metal","level_up"
"E267","Lumenant","16","TC351","Verdance Nova","verdance","level_up"
"E267","Lumenant","20","TC080","Metal Blade","metal","level_up"
"E267","Lumenant","25","TC063","Verdance Veil","verdance","level_up"
"E267","Lumenant","30","TC248","Metal Bloom","metal","level_up"
"E267","Lumenant","36","TC231","Verdance Nova","verdance","level_up"
"E267","Lumenant","44","TC416","Metal Drift","metal","level_up"
"E267","Lumenant","52","TC399","Verdance Ward","verdance","level_up"
"E267","Lumenant","62","TC140","Metal Blade","metal","level_up"
"E268","Galepincer","1","TC028","Stone Burst","stone","level_up"
"E268","Galepincer","4","TC112","Stone Rift","stone","level_up"
"E268","Galepincer","8","TC196","Stone Field","stone","level_up"
"E268","Galepincer","12","TC280","Stone Lance","stone","level_up"
"E268","Galepincer","16","TC364","Stone Spiral","stone","level_up"
"E268","Galepincer","20","TC448","Stone Burst","stone","level_up"
"E268","Galepincer","25","TC076","Stone Field","stone","level_up"
"E268","Galepincer","30","TC160","Stone Lance","stone","level_up"
"E268","Galepincer","36","TC244","Stone Spiral","stone","level_up"
"E268","Galepincer","44","TC328","Stone Burst","stone","level_up"
"E268","Galepincer","52","TC412","Stone Rift","stone","level_up"
"E268","Galepincer","62","TC040","Stone Lance","stone","level_up"
"E269","Mindglass","1","TC041","Gale Step","gale","level_up"
"E269","Mindglass","4","TC125","Gale Crown","gale","level_up"
"E269","Mindglass","8","TC209","Gale Orbit","gale","level_up"
"E269","Mindglass","12","TC293","Gale Comet","gale","level_up"
"E269","Mindglass","16","TC377","Gale Mark","gale","level_up"
"E269","Mindglass","20","TC005","Gale Crown","gale","level_up"
"E269","Mindglass","25","TC089","Gale Orbit","gale","level_up"
"E269","Mindglass","30","TC173","Gale Comet","gale","level_up"
"E269","Mindglass","36","TC257","Gale Mark","gale","level_up"
"E269","Mindglass","44","TC341","Gale Step","gale","level_up"
"E269","Mindglass","52","TC425","Gale Crown","gale","level_up"
"E269","Mindglass","62","TC053","Gale Comet","gale","level_up"
"E270","Sparkstag","1","TC054","Spark Bind","spark","level_up"
"E270","Sparkstag","4","TC227","Mind Mark","mind","level_up"
"E270","Sparkstag","8","TC222","Spark Howl","spark","level_up"
"E270","Sparkstag","12","TC395","Mind Crown","mind","level_up"
"E270","Sparkstag","16","TC390","Spark Needle","spark","level_up"
"E270","Sparkstag","20","TC119","Mind Orbit","mind","level_up"
"E270","Sparkstag","25","TC102","Spark Howl","spark","level_up"
"E270","Sparkstag","30","TC287","Mind Mark","mind","level_up"
"E270","Sparkstag","36","TC270","Spark Needle","spark","level_up"
"E270","Sparkstag","44","TC011","Mind Step","mind","level_up"
"E270","Sparkstag","52","TC438","Spark Rush","spark","level_up"
"E270","Sparkstag","62","TC179","Mind Orbit","mind","level_up"
"E271","Frostjaw","1","TC151","Frost Snap","frost","level_up"
"E271","Frostjaw","4","TC235","Frost Mirror","frost","level_up"
"E271","Frostjaw","8","TC319","Frost Song","frost","level_up"
"E271","Frostjaw","12","TC403","Frost Guard","frost","level_up"
"E271","Frostjaw","16","TC043","Frost Guard","frost","level_up"
"E271","Frostjaw","20","TC127","Frost Fang","frost","level_up"
"E271","Frostjaw","25","TC211","Frost Snap","frost","level_up"
"E271","Frostjaw","30","TC295","Frost Mirror","frost","level_up"
"E271","Frostjaw","36","TC379","Frost Song","frost","level_up"
"E271","Frostjaw","44","TC019","Frost Song","frost","level_up"
"E271","Frostjaw","52","TC103","Frost Guard","frost","level_up"
"E271","Frostjaw","62","TC187","Frost Fang","frost","level_up"
"E272","Ironhorn","1","TC164","Metal Crash","metal","level_up"
"E272","Ironhorn","4","TC248","Metal Bloom","metal","level_up"
"E272","Ironhorn","8","TC332","Metal Surge","metal","level_up"
"E272","Ironhorn","12","TC416","Metal Drift","metal","level_up"
"E272","Ironhorn","16","TC056","Metal Drift","metal","level_up"
"E272","Ironhorn","20","TC140","Metal Blade","metal","level_up"
"E272","Ironhorn","25","TC224","Metal Crash","metal","level_up"
"E272","Ironhorn","30","TC308","Metal Bloom","metal","level_up"
"E272","Ironhorn","36","TC392","Metal Surge","metal","level_up"
"E272","Ironhorn","44","TC032","Metal Surge","metal","level_up"
"E272","Ironhorn","52","TC116","Metal Drift","metal","level_up"
"E272","Ironhorn","62","TC200","Metal Blade","metal","level_up"
"E273","Shadebloom","1","TC177","Shade Aegis","shade","level_up"
"E273","Shadebloom","4","TC170","Tide Blade","tide","level_up"
"E273","Shadebloom","8","TC345","Shade Thread","shade","level_up"
"E273","Shadebloom","12","TC338","Tide Bloom","tide","level_up"
"E273","Shadebloom","16","TC069","Shade Ward","shade","level_up"
"E273","Shadebloom","20","TC050","Tide Blade","tide","level_up"
"E273","Shadebloom","25","TC237","Shade Aegis","shade","level_up"
"E273","Shadebloom","30","TC218","Tide Bloom","tide","level_up"
"E273","Shadebloom","36","TC405","Shade Thread","shade","level_up"
"E273","Shadebloom","44","TC386","Tide Drift","tide","level_up"
"E273","Shadebloom","52","TC129","Shade Ward","shade","level_up"
"E273","Shadebloom","62","TC098","Tide Bloom","tide","level_up"
"E274","Ashquill","1","TC190","Radiant Lance","radiant","level_up"
"E274","Ashquill","4","TC274","Radiant Spiral","radiant","level_up"
"E274","Ashquill","8","TC358","Radiant Burst","radiant","level_up"
"E274","Ashquill","12","TC442","Radiant Rift","radiant","level_up"
"E274","Ashquill","16","TC082","Radiant Rift","radiant","level_up"
"E274","Ashquill","20","TC166","Radiant Field","radiant","level_up"
"E274","Ashquill","25","TC250","Radiant Lance","radiant","level_up"
"E274","Ashquill","30","TC334","Radiant Spiral","radiant","level_up"
"E274","Ashquill","36","TC418","Radiant Burst","radiant","level_up"
"E274","Ashquill","44","TC058","Radiant Burst","radiant","level_up"
"E274","Ashquill","52","TC142","Radiant Rift","radiant","level_up"
"E274","Ashquill","62","TC226","Radiant Field","radiant","level_up"
"E275","Brinefawn","1","TC203","Mind Comet","mind","level_up"
"E275","Brinefawn","4","TC287","Mind Mark","mind","level_up"
"E275","Brinefawn","8","TC371","Mind Step","mind","level_up"
"E275","Brinefawn","12","TC011","Mind Step","mind","level_up"
"E275","Brinefawn","16","TC095","Mind Crown","mind","level_up"
"E275","Brinefawn","20","TC179","Mind Orbit","mind","level_up"
"E275","Brinefawn","25","TC263","Mind Comet","mind","level_up"
"E275","Brinefawn","30","TC347","Mind Mark","mind","level_up"
"E275","Brinefawn","36","TC431","Mind Step","mind","level_up"
"E275","Brinefawn","44","TC071","Mind Step","mind","level_up"
"E275","Brinefawn","52","TC155","Mind Crown","mind","level_up"
"E275","Brinefawn","62","TC239","Mind Orbit","mind","level_up"
"E276","Copperwing","1","TC216","Echo Pulse","echo","level_up"
"E276","Copperwing","4","TC209","Gale Orbit","gale","level_up"
"E276","Copperwing","8","TC384","Echo Bind","echo","level_up"
"E276","Copperwing","12","TC377","Gale Mark","gale","level_up"
"E276","Copperwing","16","TC108","Echo Rush","echo","level_up"
"E276","Copperwing","20","TC089","Gale Orbit","gale","level_up"
"E276","Copperwing","25","TC276","Echo Pulse","echo","level_up"
"E276","Copperwing","30","TC257","Gale Mark","gale","level_up"
"E276","Copperwing","36","TC444","Echo Bind","echo","level_up"
"E276","Copperwing","44","TC425","Gale Crown","gale","level_up"
"E276","Copperwing","52","TC168","Echo Rush","echo","level_up"
"E276","Copperwing","62","TC137","Gale Mark","gale","level_up"
"E277","Rimerusk","1","TC133","Ember Guard","ember","level_up"
"E277","Rimerusk","4","TC217","Ember Fang","ember","level_up"
"E277","Rimerusk","8","TC301","Ember Snap","ember","level_up"
"E277","Rimerusk","12","TC385","Ember Mirror","ember","level_up"
"E277","Rimerusk","16","TC013","Ember Guard","ember","level_up"
"E277","Rimerusk","20","TC097","Ember Fang","ember","level_up"
"E277","Rimerusk","25","TC181","Ember Snap","ember","level_up"
"E277","Rimerusk","30","TC265","Ember Mirror","ember","level_up"
"E277","Rimerusk","36","TC349","Ember Song","ember","level_up"
"E277","Rimerusk","44","TC433","Ember Guard","ember","level_up"
"E277","Rimerusk","52","TC061","Ember Snap","ember","level_up"
"E277","Rimerusk","62","TC145","Ember Mirror","ember","level_up"
"E278","Tideflare","1","TC146","Tide Drift","tide","level_up"
"E278","Tideflare","4","TC230","Tide Blade","tide","level_up"
"E278","Tideflare","8","TC314","Tide Crash","tide","level_up"
"E278","Tideflare","12","TC398","Tide Bloom","tide","level_up"
"E278","Tideflare","16","TC026","Tide Drift","tide","level_up"
"E278","Tideflare","20","TC110","Tide Blade","tide","level_up"
"E278","Tideflare","25","TC194","Tide Crash","tide","level_up"
"E278","Tideflare","30","TC278","Tide Bloom","tide","level_up"
"E278","Tideflare","36","TC362","Tide Surge","tide","level_up"
"E278","Tideflare","44","TC446","Tide Drift","tide","level_up"
"E278","Tideflare","52","TC074","Tide Crash","tide","level_up"
"E278","Tideflare","62","TC158","Tide Bloom","tide","level_up"
"E279","Echomantle","1","TC159","Verdance Ward","verdance","level_up"
"E279","Echomantle","4","TC332","Metal Surge","metal","level_up"
"E279","Echomantle","8","TC327","Verdance Aegis","verdance","level_up"
"E279","Echomantle","12","TC056","Metal Drift","metal","level_up"
"E279","Echomantle","16","TC039","Verdance Ward","verdance","level_up"
"E279","Echomantle","20","TC224","Metal Crash","metal","level_up"
"E279","Echomantle","25","TC207","Verdance Aegis","verdance","level_up"
"E279","Echomantle","30","TC392","Metal Surge","metal","level_up"
"E279","Echomantle","36","TC375","Verdance Thread","verdance","level_up"
"E279","Echomantle","44","TC116","Metal Drift","metal","level_up"
"E279","Echomantle","52","TC087","Verdance Aegis","verdance","level_up"
"E279","Echomantle","62","TC284","Metal Crash","metal","level_up"
"E280","Verdantglass","1","TC172","Stone Rift","stone","level_up"
"E280","Verdantglass","4","TC256","Stone Field","stone","level_up"
"E280","Verdantglass","8","TC340","Stone Lance","stone","level_up"
"E280","Verdantglass","12","TC424","Stone Spiral","stone","level_up"
"E280","Verdantglass","16","TC052","Stone Rift","stone","level_up"
"E280","Verdantglass","20","TC136","Stone Field","stone","level_up"
"E280","Verdantglass","25","TC220","Stone Lance","stone","level_up"
"E280","Verdantglass","30","TC304","Stone Spiral","stone","level_up"
"E280","Verdantglass","36","TC388","Stone Burst","stone","level_up"
"E280","Verdantglass","44","TC016","Stone Field","stone","level_up"
"E280","Verdantglass","52","TC100","Stone Lance","stone","level_up"
"E280","Verdantglass","62","TC184","Stone Spiral","stone","level_up"
"E281","Auralith","1","TC185","Gale Crown","gale","level_up"
"E281","Auralith","4","TC269","Gale Orbit","gale","level_up"
"E281","Auralith","8","TC353","Gale Comet","gale","level_up"
"E281","Auralith","12","TC437","Gale Mark","gale","level_up"
"E281","Auralith","16","TC065","Gale Crown","gale","level_up"
"E281","Auralith","20","TC149","Gale Orbit","gale","level_up"
"E281","Auralith","25","TC233","Gale Comet","gale","level_up"
"E281","Auralith","30","TC317","Gale Mark","gale","level_up"
"E281","Auralith","36","TC401","Gale Step","gale","level_up"
"E281","Auralith","44","TC029","Gale Orbit","gale","level_up"
"E281","Auralith","52","TC113","Gale Comet","gale","level_up"
"E281","Auralith","62","TC197","Gale Mark","gale","level_up"
"E282","Umbryx","1","TC198","Spark Rush","spark","level_up"
"E282","Umbryx","4","TC371","Mind Step","mind","level_up"
"E282","Umbryx","8","TC366","Spark Pulse","spark","level_up"
"E282","Umbryx","12","TC095","Mind Crown","mind","level_up"
"E282","Umbryx","16","TC078","Spark Rush","spark","level_up"
"E282","Umbryx","20","TC263","Mind Comet","mind","level_up"
"E282","Umbryx","25","TC246","Spark Pulse","spark","level_up"
"E282","Umbryx","30","TC431","Mind Step","mind","level_up"
"E282","Umbryx","36","TC414","Spark Bind","spark","level_up"
"E282","Umbryx","44","TC155","Mind Crown","mind","level_up"
"E282","Umbryx","52","TC126","Spark Pulse","spark","level_up"
"E282","Umbryx","62","TC323","Mind Comet","mind","level_up"
"E283","Ferracore","1","TC295","Frost Mirror","frost","level_up"
"E283","Ferracore","4","TC379","Frost Song","frost","level_up"
"E283","Ferracore","8","TC019","Frost Song","frost","level_up"
"E283","Ferracore","12","TC103","Frost Guard","frost","level_up"
"E283","Ferracore","16","TC187","Frost Fang","frost","level_up"
"E283","Ferracore","20","TC271","Frost Snap","frost","level_up"
"E283","Ferracore","25","TC355","Frost Mirror","frost","level_up"
"E283","Ferracore","30","TC439","Frost Song","frost","level_up"
"E283","Ferracore","36","TC079","Frost Song","frost","level_up"
"E283","Ferracore","44","TC163","Frost Guard","frost","level_up"
"E283","Ferracore","52","TC247","Frost Fang","frost","level_up"
"E283","Ferracore","62","TC331","Frost Snap","frost","level_up"
"E284","Tidecrown","1","TC308","Metal Bloom","metal","level_up"
"E284","Tidecrown","4","TC392","Metal Surge","metal","level_up"
"E284","Tidecrown","8","TC032","Metal Surge","metal","level_up"
"E284","Tidecrown","12","TC116","Metal Drift","metal","level_up"
"E284","Tidecrown","16","TC200","Metal Blade","metal","level_up"
"E284","Tidecrown","20","TC284","Metal Crash","metal","level_up"
"E284","Tidecrown","25","TC368","Metal Bloom","metal","level_up"
"E284","Tidecrown","30","TC008","Metal Bloom","metal","level_up"
"E284","Tidecrown","36","TC092","Metal Surge","metal","level_up"
"E284","Tidecrown","44","TC176","Metal Drift","metal","level_up"
"E284","Tidecrown","52","TC260","Metal Blade","metal","level_up"
"E284","Tidecrown","62","TC344","Metal Crash","metal","level_up"
"E285","Sylvarion","1","TC321","Shade Nova","shade","level_up"
"E285","Sylvarion","4","TC314","Tide Crash","tide","level_up"
"E285","Sylvarion","8","TC045","Shade Thread","shade","level_up"
"E285","Sylvarion","12","TC026","Tide Drift","tide","level_up"
"E285","Sylvarion","16","TC213","Shade Veil","shade","level_up"
"E285","Sylvarion","20","TC194","Tide Crash","tide","level_up"
"E285","Sylvarion","25","TC381","Shade Nova","shade","level_up"
"E285","Sylvarion","30","TC362","Tide Surge","tide","level_up"
"E285","Sylvarion","36","TC105","Shade Thread","shade","level_up"
"E285","Sylvarion","44","TC074","Tide Crash","tide","level_up"
"E285","Sylvarion","52","TC273","Shade Veil","shade","level_up"
"E285","Sylvarion","62","TC242","Tide Surge","tide","level_up"
"E286","Pyrethane","1","TC334","Radiant Spiral","radiant","level_up"
"E286","Pyrethane","4","TC327","Verdance Aegis","verdance","level_up"
"E286","Pyrethane","8","TC058","Radiant Burst","radiant","level_up"
"E286","Pyrethane","12","TC039","Verdance Ward","verdance","level_up"
"E286","Pyrethane","16","TC226","Radiant Field","radiant","level_up"
"E286","Pyrethane","20","TC207","Verdance Aegis","verdance","level_up"
"E286","Pyrethane","25","TC394","Radiant Spiral","radiant","level_up"
"E286","Pyrethane","30","TC375","Verdance Thread","verdance","level_up"
"E286","Pyrethane","36","TC118","Radiant Burst","radiant","level_up"
"E286","Pyrethane","44","TC087","Verdance Aegis","verdance","level_up"
"E286","Pyrethane","52","TC286","Radiant Field","radiant","level_up"
"E286","Pyrethane","62","TC255","Verdance Thread","verdance","level_up"
"E287","Galerex","1","TC347","Mind Mark","mind","level_up"
"E287","Galerex","4","TC340","Stone Lance","stone","level_up"
"E287","Galerex","8","TC071","Mind Step","mind","level_up"
"E287","Galerex","12","TC052","Stone Rift","stone","level_up"
"E287","Galerex","16","TC239","Mind Orbit","mind","level_up"
"E287","Galerex","20","TC220","Stone Lance","stone","level_up"
"E287","Galerex","25","TC407","Mind Mark","mind","level_up"
"E287","Galerex","30","TC388","Stone Burst","stone","level_up"
"E287","Galerex","36","TC131","Mind Step","mind","level_up"
"E287","Galerex","44","TC100","Stone Lance","stone","level_up"
"E287","Galerex","52","TC299","Mind Orbit","mind","level_up"
"E287","Galerex","62","TC268","Stone Burst","stone","level_up"
"E288","Voltrion","1","TC360","Echo Needle","echo","level_up"
"E288","Voltrion","4","TC353","Gale Comet","gale","level_up"
"E288","Voltrion","8","TC084","Echo Bind","echo","level_up"
"E288","Voltrion","12","TC065","Gale Crown","gale","level_up"
"E288","Voltrion","16","TC252","Echo Howl","echo","level_up"
"E288","Voltrion","20","TC233","Gale Comet","gale","level_up"
"E288","Voltrion","25","TC420","Echo Needle","echo","level_up"
"E288","Voltrion","30","TC401","Gale Step","gale","level_up"
"E288","Voltrion","36","TC144","Echo Bind","echo","level_up"
"E288","Voltrion","44","TC113","Gale Comet","gale","level_up"
"E288","Voltrion","52","TC312","Echo Howl","echo","level_up"
"E288","Voltrion","62","TC281","Gale Step","gale","level_up"
"E289","Cryolith","1","TC277","Ember Fang","ember","level_up"
"E289","Cryolith","4","TC366","Spark Pulse","spark","level_up"
"E289","Cryolith","8","TC445","Ember Mirror","ember","level_up"
"E289","Cryolith","12","TC078","Spark Rush","spark","level_up"
"E289","Cryolith","16","TC157","Ember Fang","ember","level_up"
"E289","Cryolith","20","TC246","Spark Pulse","spark","level_up"
"E289","Cryolith","25","TC325","Ember Mirror","ember","level_up"
"E289","Cryolith","30","TC414","Spark Bind","spark","level_up"
"E289","Cryolith","36","TC037","Ember Fang","ember","level_up"
"E289","Cryolith","44","TC126","Spark Pulse","spark","level_up"
"E289","Cryolith","52","TC205","Ember Mirror","ember","level_up"
"E289","Cryolith","62","TC294","Spark Bind","spark","level_up"
"E290","Myroracle","1","TC290","Tide Blade","tide","level_up"
"E290","Myroracle","4","TC019","Frost Song","frost","level_up"
"E290","Myroracle","8","TC002","Tide Surge","tide","level_up"
"E290","Myroracle","12","TC187","Frost Fang","frost","level_up"
"E290","Myroracle","16","TC170","Tide Blade","tide","level_up"
"E290","Myroracle","20","TC355","Frost Mirror","frost","level_up"
"E290","Myroracle","25","TC338","Tide Bloom","tide","level_up"
"E290","Myroracle","30","TC079","Frost Song","frost","level_up"
"E290","Myroracle","36","TC050","Tide Blade","tide","level_up"
"E290","Myroracle","44","TC247","Frost Fang","frost","level_up"
"E290","Myroracle","52","TC218","Tide Bloom","tide","level_up"
"E290","Myroracle","62","TC415","Frost Mirror","frost","level_up"
"E291","Noctyrr","1","TC303","Verdance Veil","verdance","level_up"
"E291","Noctyrr","4","TC032","Metal Surge","metal","level_up"
"E291","Noctyrr","8","TC015","Verdance Thread","verdance","level_up"
"E291","Noctyrr","12","TC200","Metal Blade","metal","level_up"
"E291","Noctyrr","16","TC183","Verdance Veil","verdance","level_up"
"E291","Noctyrr","20","TC368","Metal Bloom","metal","level_up"
"E291","Noctyrr","25","TC351","Verdance Nova","verdance","level_up"
"E291","Noctyrr","30","TC092","Metal Surge","metal","level_up"
"E291","Noctyrr","36","TC063","Verdance Veil","verdance","level_up"
"E291","Noctyrr","44","TC260","Metal Blade","metal","level_up"
"E291","Noctyrr","52","TC231","Verdance Nova","verdance","level_up"
"E291","Noctyrr","62","TC428","Metal Bloom","metal","level_up"
"E292","Resonarch","1","TC316","Stone Field","stone","level_up"
"E292","Resonarch","4","TC045","Shade Thread","shade","level_up"
"E292","Resonarch","8","TC028","Stone Burst","stone","level_up"
"E292","Resonarch","12","TC213","Shade Veil","shade","level_up"
"E292","Resonarch","16","TC196","Stone Field","stone","level_up"
"E292","Resonarch","20","TC381","Shade Nova","shade","level_up"
"E292","Resonarch","25","TC364","Stone Spiral","stone","level_up"
"E292","Resonarch","30","TC105","Shade Thread","shade","level_up"
"E292","Resonarch","36","TC076","Stone Field","stone","level_up"
"E292","Resonarch","44","TC273","Shade Veil","shade","level_up"
"E292","Resonarch","52","TC244","Stone Spiral","stone","level_up"
"E292","Resonarch","62","TC441","Shade Nova","shade","level_up"
"E293","Nullwyrm","1","TC329","Gale Orbit","gale","level_up"
"E293","Nullwyrm","4","TC058","Radiant Burst","radiant","level_up"
"E293","Nullwyrm","8","TC041","Gale Step","gale","level_up"
"E293","Nullwyrm","12","TC226","Radiant Field","radiant","level_up"
"E293","Nullwyrm","16","TC209","Gale Orbit","gale","level_up"
"E293","Nullwyrm","20","TC394","Radiant Spiral","radiant","level_up"
"E293","Nullwyrm","25","TC377","Gale Mark","gale","level_up"
"E293","Nullwyrm","30","TC118","Radiant Burst","radiant","level_up"
"E293","Nullwyrm","36","TC089","Gale Orbit","gale","level_up"
"E293","Nullwyrm","44","TC286","Radiant Field","radiant","level_up"
"E293","Nullwyrm","52","TC257","Gale Mark","gale","level_up"
"E293","Nullwyrm","62","TC010","Radiant Lance","radiant","level_up"
"E294","Lumathen","1","TC342","Spark Howl","spark","level_up"
"E294","Lumathen","4","TC071","Mind Step","mind","level_up"
"E294","Lumathen","8","TC054","Spark Bind","spark","level_up"
"E294","Lumathen","12","TC239","Mind Orbit","mind","level_up"
"E294","Lumathen","16","TC222","Spark Howl","spark","level_up"
"E294","Lumathen","20","TC407","Mind Mark","mind","level_up"
"E294","Lumathen","25","TC390","Spark Needle","spark","level_up"
"E294","Lumathen","30","TC131","Mind Step","mind","level_up"
"E294","Lumathen","36","TC102","Spark Howl","spark","level_up"
"E294","Lumathen","44","TC299","Mind Orbit","mind","level_up"
"E294","Lumathen","52","TC270","Spark Needle","spark","level_up"
"E294","Lumathen","62","TC023","Mind Comet","mind","level_up"
"E295","Basalord","1","TC439","Frost Song","frost","level_up"
"E295","Basalord","4","TC084","Echo Bind","echo","level_up"
"E295","Basalord","8","TC163","Frost Guard","frost","level_up"
"E295","Basalord","12","TC252","Echo Howl","echo","level_up"
"E295","Basalord","16","TC331","Frost Snap","frost","level_up"
"E295","Basalord","20","TC420","Echo Needle","echo","level_up"
"E295","Basalord","25","TC055","Frost Mirror","frost","level_up"
"E295","Basalord","30","TC144","Echo Bind","echo","level_up"
"E295","Basalord","36","TC223","Frost Guard","frost","level_up"
"E295","Basalord","44","TC312","Echo Howl","echo","level_up"
"E295","Basalord","52","TC391","Frost Snap","frost","level_up"
"E295","Basalord","62","TC036","Echo Pulse","echo","level_up"
"E296","Verdaking","1","TC008","Metal Bloom","metal","level_up"
"E296","Verdaking","4","TC445","Ember Mirror","ember","level_up"
"E296","Verdaking","8","TC176","Metal Drift","metal","level_up"
"E296","Verdaking","12","TC157","Ember Fang","ember","level_up"
"E296","Verdaking","16","TC344","Metal Crash","metal","level_up"
"E296","Verdaking","20","TC325","Ember Mirror","ember","level_up"
"E296","Verdaking","25","TC068","Metal Bloom","metal","level_up"
"E296","Verdaking","30","TC037","Ember Fang","ember","level_up"
"E296","Verdaking","36","TC236","Metal Drift","metal","level_up"
"E296","Verdaking","44","TC205","Ember Mirror","ember","level_up"
"E296","Verdaking","52","TC404","Metal Crash","metal","level_up"
"E296","Verdaking","62","TC373","Ember Guard","ember","level_up"
"E297","Tempestral","1","TC021","Shade Nova","shade","level_up"
"E297","Tempestral","4","TC002","Tide Surge","tide","level_up"
"E297","Tempestral","8","TC189","Shade Ward","shade","level_up"
"E297","Tempestral","12","TC170","Tide Blade","tide","level_up"
"E297","Tempestral","16","TC357","Shade Aegis","shade","level_up"
"E297","Tempestral","20","TC338","Tide Bloom","tide","level_up"
"E297","Tempestral","25","TC081","Shade Nova","shade","level_up"
"E297","Tempestral","30","TC050","Tide Blade","tide","level_up"
"E297","Tempestral","36","TC249","Shade Ward","shade","level_up"
"E297","Tempestral","44","TC218","Tide Bloom","tide","level_up"
"E297","Tempestral","52","TC417","Shade Aegis","shade","level_up"
"E297","Tempestral","62","TC386","Tide Drift","tide","level_up"
"E298","Auraclysm","1","TC034","Radiant Spiral","radiant","level_up"
"E298","Auraclysm","4","TC015","Verdance Thread","verdance","level_up"
"E298","Auraclysm","8","TC202","Radiant Rift","radiant","level_up"
"E298","Auraclysm","12","TC183","Verdance Veil","verdance","level_up"
"E298","Auraclysm","16","TC370","Radiant Lance","radiant","level_up"
"E298","Auraclysm","20","TC351","Verdance Nova","verdance","level_up"
"E298","Auraclysm","25","TC094","Radiant Spiral","radiant","level_up"
"E298","Auraclysm","30","TC063","Verdance Veil","verdance","level_up"
"E298","Auraclysm","36","TC262","Radiant Rift","radiant","level_up"
"E298","Auraclysm","44","TC231","Verdance Nova","verdance","level_up"
"E298","Auraclysm","52","TC430","Radiant Lance","radiant","level_up"
"E298","Auraclysm","62","TC399","Verdance Ward","verdance","level_up"
"E299","Severion","1","TC047","Mind Mark","mind","level_up"
"E299","Severion","4","TC028","Stone Burst","stone","level_up"
"E299","Severion","8","TC215","Mind Crown","mind","level_up"
"E299","Severion","12","TC196","Stone Field","stone","level_up"
"E299","Severion","16","TC383","Mind Comet","mind","level_up"
"E299","Severion","20","TC364","Stone Spiral","stone","level_up"
"E299","Severion","25","TC107","Mind Mark","mind","level_up"
"E299","Severion","30","TC076","Stone Field","stone","level_up"
"E299","Severion","36","TC275","Mind Crown","mind","level_up"
"E299","Severion","44","TC244","Stone Spiral","stone","level_up"
"E299","Severion","52","TC443","Mind Comet","mind","level_up"
"E299","Severion","62","TC412","Stone Rift","stone","level_up"
"E300","First Echo","1","TC060","Echo Needle","echo","level_up"
"E300","First Echo","4","TC041","Gale Step","gale","level_up"
"E300","First Echo","8","TC228","Echo Rush","echo","level_up"
"E300","First Echo","12","TC209","Gale Orbit","gale","level_up"
"E300","First Echo","16","TC396","Echo Pulse","echo","level_up"
"E300","First Echo","20","TC377","Gale Mark","gale","level_up"
"E300","First Echo","25","TC120","Echo Needle","echo","level_up"
"E300","First Echo","30","TC089","Gale Orbit","gale","level_up"
"E300","First Echo","36","TC288","Echo Rush","echo","level_up"
"E300","First Echo","44","TC257","Gale Mark","gale","level_up"
"E300","First Echo","52","TC012","Echo Howl","echo","level_up"
"E300","First Echo","62","TC425","Gale Crown","gale","level_up"
