"npc_id","npc_name","world_role","placed_in_world","team_size","level_policy","base_level","can_scale_to_player","species_1","species_2","species_3","species_4","species_5","species_6","contains_legendary","held_item_tier","ai_tier"
"NPC0001","Ari Silt","fixed_world_battle","true","2","fixed_first_clear","3","false","E021","E050","","","","","false","none","basic"
"NPC0002","Bela Keir","fixed_world_battle","true","2","fixed_first_clear","5","false","E041","E070","","","","","false","none","basic"
"NPC0003","Cato Noct","fixed_world_battle","true","2","fixed_first_clear","9","false","E061","E090","","","","","false","none","basic"
"NPC0004","Dena Arc","fixed_world_battle","true","3","fixed_first_clear","13","false","E081","E110","E139","","","","false","none","basic"
"NPC0005","Eron Holt","fixed_world_battle","true","3","fixed_first_clear","17","false","E101","E130","E159","","","","false","none","basic"
"NPC0006","Fia Sol","fixed_world_battle","true","3","fixed_first_clear","21","false","E121","E150","E179","","","","false","none","normal"
"NPC0007","Garr Maren","fixed_world_battle","true","3","fixed_first_clear","25","false","E141","E170","E199","","","","false","none","normal"
"NPC0008","Hale Tor","fixed_world_battle","true","3","fixed_first_clear","21","false","E161","E190","E219","","","","false","none","normal"
"NPC0009","Ira Vale","fixed_world_battle","true","3","fixed_first_clear","25","false","E181","E210","E239","","","","false","none","normal"
"NPC0010","Juno Quill","fixed_world_battle","true","4","fixed_first_clear","29","true","E201","E230","E259","E003","","","false","none","normal"
"NPC0011","Kira Nox","fixed_world_battle","true","4","fixed_first_clear","33","true","E221","E250","E279","E023","","","false","none","normal"
"NPC0012","Lio Reed","fixed_world_battle","true","4","fixed_first_clear","37","true","E241","E270","E014","E043","","","false","standard","normal"
"NPC0013","Mira Esh","fixed_world_battle","true","4","fixed_first_clear","41","true","E261","E005","E034","E063","","","false","standard","normal"
"NPC0014","Nox Rusk","fixed_world_battle","true","4","fixed_first_clear","45","true","E281","E025","E054","E083","","","false","standard","normal"
"NPC0015","Oren Voss","fixed_world_battle","true","4","fixed_first_clear","49","true","E016","E045","E074","E103","","","false","standard","smart"
"NPC0016","Pax Rook","fixed_world_battle","true","4","fixed_first_clear","45","true","E036","E065","E094","E123","","","false","standard","smart"
"NPC0017","Quin Fenn","fixed_world_battle","true","4","fixed_first_clear","49","true","E056","E085","E114","E143","","","false","standard","smart"
"NPC0018","Rhea Wren","fixed_world_battle","true","5","fixed_first_clear","53","true","E076","E105","E134","E163","E192","","false","standard","smart"
"NPC0019","Senn Pell","fixed_world_battle","true","5","fixed_first_clear","57","true","E096","E125","E154","E183","E212","","false","standard","smart"
"NPC0020","Talia Thane","fixed_world_battle","true","5","fixed_first_clear","61","true","E116","E145","E174","E203","E232","","false","standard","smart"
"NPC0021","Uma Silt","fixed_world_battle","true","5","fixed_first_clear","65","true","E136","E165","E194","E223","E252","","false","standard","smart"
"NPC0022","Venn Keir","fixed_world_battle","true","5","fixed_first_clear","69","true","E156","E185","E214","E243","E272","","false","standard","smart"
"NPC0023","Wren Noct","fixed_world_battle","true","5","fixed_first_clear","73","true","E176","E205","E234","E263","E007","","false","standard","smart"
"NPC0024","Xara Arc","fixed_world_battle","true","5","fixed_first_clear","69","true","E196","E225","E254","E283","E027","","false","standard","smart"
"NPC0025","Yven Holt","fixed_world_battle","true","6","fixed_first_clear","73","true","E216","E245","E274","E018","E047","E076","false","advanced","expert"
"NPC0026","Zale Sol","fixed_world_battle","true","6","fixed_first_clear","77","true","E236","E265","E009","E038","E067","E096","false","advanced","expert"
"NPC0027","Ari Maren","fixed_world_battle","true","6","fixed_first_clear","81","true","E256","E285","E029","E058","E087","E116","false","advanced","expert"
"NPC0028","Bela Tor","fixed_world_battle","true","6","fixed_first_clear","85","true","E276","E020","E049","E078","E107","E136","false","advanced","expert"
"NPC0029","Cato Vale","fixed_world_battle","true","6","fixed_first_clear","89","true","E011","E040","E069","E098","E127","E156","false","advanced","expert"
"NPC0030","Dena Quill","fixed_world_battle","true","6","fixed_first_clear","93","true","E031","E060","E089","E118","E147","E176","false","advanced","expert"
"NPC0031","Eron Nox","fixed_world_battle","true","2","fixed_first_clear","7","false","E231","E260","","","","","false","none","basic"
"NPC0032","Fia Reed","fixed_world_battle","true","2","fixed_first_clear","3","false","E251","E280","","","","","false","none","basic"
"NPC0033","Garr Esh","fixed_world_battle","true","2","fixed_first_clear","7","false","E271","E015","","","","","false","none","basic"
"NPC0034","Hale Rusk","fixed_world_battle","true","3","fixed_first_clear","11","false","E006","E035","E064","","","","false","none","basic"
"NPC0035","Ira Voss","fixed_world_battle","true","3","fixed_first_clear","15","false","E026","E055","E084","","","","false","none","basic"
"NPC0036","Juno Rook","fixed_world_battle","true","3","fixed_first_clear","19","false","E046","E075","E104","","","","false","none","normal"
"NPC0037","Kira Fenn","fixed_world_battle","true","3","fixed_first_clear","23","false","E066","E095","E124","","","","false","none","normal"
"NPC0038","Lio Wren","fixed_world_battle","true","3","fixed_first_clear","27","false","E086","E115","E144","","","","false","none","normal"
"NPC0039","Mira Pell","fixed_world_battle","true","3","fixed_first_clear","31","false","E106","E135","E164","","","","false","none","normal"
"NPC0040","Nox Thane","fixed_world_battle","true","4","fixed_first_clear","27","true","E126","E155","E184","E213","","","false","none","normal"
"NPC0041","Oren Silt","fixed_world_battle","true","4","fixed_first_clear","31","true","E146","E175","E204","E233","","","false","none","normal"
"NPC0042","Pax Keir","fixed_world_battle","true","4","fixed_first_clear","35","true","E166","E195","E224","E253","","","false","standard","normal"
"NPC0043","Quin Noct","fixed_world_battle","true","4","fixed_first_clear","39","true","E186","E215","E244","E273","","","false","standard","normal"
"NPC0044","Rhea Arc","fixed_world_battle","true","4","fixed_first_clear","43","true","E206","E235","E264","E008","","","false","standard","normal"
"NPC0045","Senn Holt","fixed_world_battle","true","4","fixed_first_clear","47","true","E226","E255","E284","E028","","","false","standard","smart"
"NPC0046","Talia Sol","fixed_world_battle","true","4","fixed_first_clear","51","true","E246","E275","E019","E048","","","false","standard","smart"
"NPC0047","Uma Maren","fixed_world_battle","true","4","fixed_first_clear","55","true","E266","E010","E039","E068","","","false","standard","smart"
"NPC0048","Venn Tor","fixed_world_battle","true","5","fixed_first_clear","51","true","E001","E030","E059","E088","E117","","false","standard","smart"
"NPC0049","Wren Vale","fixed_world_battle","true","5","fixed_first_clear","55","true","E021","E050","E079","E108","E137","","false","standard","smart"
"NPC0050","Xara Quill","fixed_world_battle","true","5","fixed_first_clear","59","true","E041","E070","E099","E128","E157","","false","standard","smart"
"NPC0051","Yven Nox","fixed_world_battle","true","5","fixed_first_clear","63","true","E061","E090","E119","E148","E177","","false","standard","smart"
"NPC0052","Zale Reed","fixed_world_battle","true","5","fixed_first_clear","67","true","E081","E110","E139","E168","E197","","false","standard","smart"
"NPC0053","Ari Esh","fixed_world_battle","true","5","fixed_first_clear","71","true","E101","E130","E159","E188","E217","","false","standard","smart"
"NPC0054","Bela Rusk","fixed_world_battle","true","5","fixed_first_clear","75","true","E121","E150","E179","E208","E237","","false","standard","smart"
"NPC0055","Cato Voss","fixed_world_battle","true","6","fixed_first_clear","79","true","E141","E170","E199","E228","E257","E001","false","advanced","expert"
"NPC0056","Dena Rook","fixed_world_battle","true","6","fixed_first_clear","75","true","E161","E190","E219","E248","E277","E021","false","advanced","expert"
"NPC0057","Eron Fenn","fixed_world_battle","true","6","fixed_first_clear","79","true","E181","E210","E239","E268","E012","E041","false","advanced","expert"
"NPC0058","Fia Wren","fixed_world_battle","true","6","fixed_first_clear","83","true","E201","E230","E259","E003","E032","E061","false","advanced","expert"
"NPC0059","Garr Pell","fixed_world_battle","true","6","fixed_first_clear","87","true","E221","E250","E279","E023","E052","E081","false","advanced","expert"
"NPC0060","Hale Thane","fixed_world_battle","true","6","fixed_first_clear","91","true","E241","E270","E014","E043","E072","E101","false","advanced","expert"
"NPC0061","Ira Silt","fixed_world_battle","true","2","fixed_first_clear","5","false","E156","E185","","","","","false","none","basic"
"NPC0062","Juno Keir","fixed_world_battle","true","2","fixed_first_clear","9","false","E176","E205","","","","","false","none","basic"
"NPC0063","Kira Noct","fixed_world_battle","true","2","fixed_first_clear","13","false","E196","E225","","","","","false","none","basic"
"NPC0064","Lio Arc","fixed_world_battle","true","3","fixed_first_clear","9","false","E216","E245","E274","","","","false","none","basic"
"NPC0065","Mira Holt","fixed_world_battle","true","3","fixed_first_clear","13","false","E236","E265","E009","","","","false","none","basic"
"NPC0066","Nox Sol","fixed_world_battle","true","3","fixed_first_clear","17","false","E256","E285","E029","","","","false","none","normal"
"NPC0067","Oren Maren","fixed_world_battle","true","3","fixed_first_clear","21","false","E276","E020","E049","","","","false","none","normal"
"NPC0068","Pax Tor","fixed_world_battle","true","3","fixed_first_clear","25","false","E011","E040","E069","","","","false","none","normal"
"NPC0069","Quin Vale","fixed_world_battle","true","3","fixed_first_clear","29","false","E031","E060","E089","","","","false","none","normal"
"NPC0070","Rhea Quill","fixed_world_battle","true","4","fixed_first_clear","33","true","E051","E080","E109","E138","","","false","none","normal"
"NPC0071","Senn Nox","fixed_world_battle","true","4","fixed_first_clear","37","true","E071","E100","E129","E158","","","false","none","normal"
"NPC0072","Talia Reed","fixed_world_battle","true","4","fixed_first_clear","33","true","E091","E120","E149","E178","","","false","standard","normal"
"NPC0073","Uma Esh","fixed_world_battle","true","4","fixed_first_clear","37","true","E111","E140","E169","E198","","","false","standard","normal"
"NPC0074","Venn Rusk","fixed_world_battle","true","4","fixed_first_clear","41","true","E131","E160","E189","E218","","","false","standard","normal"
"NPC0075","Wren Voss","fixed_world_battle","true","4","fixed_first_clear","45","true","E151","E180","E209","E238","","","false","standard","smart"
"NPC0076","Xara Rook","fixed_world_battle","true","4","fixed_first_clear","49","true","E171","E200","E229","E258","","","false","standard","smart"
"NPC0077","Yven Fenn","fixed_world_battle","true","4","fixed_first_clear","53","true","E191","E220","E249","E278","","","false","standard","smart"
"NPC0078","Zale Wren","fixed_world_battle","true","5","fixed_first_clear","57","true","E211","E240","E269","E013","E042","","false","standard","smart"
"NPC0079","Ari Pell","fixed_world_battle","true","5","fixed_first_clear","61","true","E231","E260","E004","E033","E062","","false","standard","smart"
"NPC0080","Bela Thane","fixed_world_battle","true","5","fixed_first_clear","57","true","E251","E280","E024","E053","E082","","false","standard","smart"
"NPC0081","Cato Silt","fixed_world_battle","true","5","fixed_first_clear","61","true","E271","E015","E044","E073","E102","","false","standard","smart"
"NPC0082","Dena Keir","fixed_world_battle","true","5","fixed_first_clear","65","true","E006","E035","E064","E093","E122","","false","standard","smart"
"NPC0083","Eron Noct","fixed_world_battle","true","5","fixed_first_clear","69","true","E026","E055","E084","E113","E142","","false","standard","smart"
"NPC0084","Fia Arc","fixed_world_battle","true","5","fixed_first_clear","73","true","E046","E075","E104","E133","E162","","false","standard","smart"
"NPC0085","Garr Holt","fixed_world_battle","true","6","fixed_first_clear","77","true","E066","E095","E124","E153","E182","E211","false","advanced","expert"
"NPC0086","Hale Sol","fixed_world_battle","true","6","fixed_first_clear","81","true","E086","E115","E144","E173","E202","E231","false","advanced","expert"
"NPC0087","Ira Maren","fixed_world_battle","true","6","fixed_first_clear","85","true","E106","E135","E164","E193","E222","E251","false","advanced","expert"
"NPC0088","Juno Tor","fixed_world_battle","true","6","fixed_first_clear","81","true","E126","E155","E184","E213","E242","E271","false","advanced","expert"
"NPC0089","Kira Vale","fixed_world_battle","true","6","fixed_first_clear","85","true","E146","E175","E204","E233","E262","E006","false","advanced","expert"
"NPC0090","Lio Quill","fixed_world_battle","true","6","fixed_first_clear","89","true","E166","E195","E224","E253","E282","E026","false","advanced","expert"
"NPC0091","Mira Nox","fixed_world_battle","true","2","fixed_first_clear","3","false","E081","E110","","","","","false","none","basic"
"NPC0092","Nox Reed","fixed_world_battle","true","2","fixed_first_clear","7","false","E101","E130","","","","","false","none","basic"
"NPC0093","Oren Esh","fixed_world_battle","true","2","fixed_first_clear","11","false","E121","E150","","","","","false","none","basic"
"NPC0094","Pax Rusk","fixed_world_battle","true","3","fixed_first_clear","15","false","E141","E170","E199","","","","false","none","basic"
"NPC0095","Quin Voss","fixed_world_battle","true","3","fixed_first_clear","19","false","E161","E190","E219","","","","false","none","basic"
"NPC0096","Rhea Rook","fixed_world_battle","true","3","fixed_first_clear","15","false","E181","E210","E239","","","","false","none","normal"
"NPC0097","Senn Fenn","fixed_world_battle","true","3","fixed_first_clear","19","false","E201","E230","E259","","","","false","none","normal"
"NPC0098","Talia Wren","fixed_world_battle","true","3","fixed_first_clear","23","false","E221","E250","E279","","","","false","none","normal"
"NPC0099","Uma Pell","fixed_world_battle","true","3","fixed_first_clear","27","false","E241","E270","E014","","","","false","none","normal"
"NPC0100","Venn Thane","fixed_world_battle","true","4","fixed_first_clear","31","true","E261","E005","E034","E063","","","false","none","normal"
"NPC0101","Wren Silt","fixed_world_battle","true","4","fixed_first_clear","35","true","E281","E025","E054","E083","","","false","none","normal"
"NPC0102","Xara Keir","fixed_world_battle","true","4","fixed_first_clear","39","true","E016","E045","E074","E103","","","false","standard","normal"
"NPC0103","Yven Noct","fixed_world_battle","true","4","fixed_first_clear","43","true","E036","E065","E094","E123","","","false","standard","normal"
"NPC0104","Zale Arc","fixed_world_battle","true","4","fixed_first_clear","39","true","E056","E085","E114","E143","","","false","standard","normal"
"NPC0105","Ari Holt","fixed_world_battle","true","4","fixed_first_clear","43","true","E076","E105","E134","E163","","","false","standard","smart"
"NPC0106","Bela Sol","fixed_world_battle","true","4","fixed_first_clear","47","true","E096","E125","E154","E183","","","false","standard","smart"
"NPC0107","Cato Maren","fixed_world_battle","true","4","fixed_first_clear","51","true","E116","E145","E174","E203","","","false","standard","smart"
"NPC0108","Dena Tor","fixed_world_battle","true","5","fixed_first_clear","55","true","E136","E165","E194","E223","E252","","false","standard","smart"
"NPC0109","Eron Vale","fixed_world_battle","true","5","fixed_first_clear","59","true","E156","E185","E214","E243","E272","","false","standard","smart"
"NPC0110","Fia Quill","fixed_world_battle","true","5","fixed_first_clear","63","true","E176","E205","E234","E263","E007","","false","standard","smart"
"NPC0111","Garr Nox","fixed_world_battle","true","5","fixed_first_clear","67","true","E196","E225","E254","E283","E027","","false","standard","smart"
"NPC0112","Hale Reed","fixed_world_battle","true","5","fixed_first_clear","63","true","E216","E245","E274","E018","E047","","false","standard","smart"
"NPC0113","Ira Esh","fixed_world_battle","true","5","fixed_first_clear","67","true","E236","E265","E009","E038","E067","","false","standard","smart"
"NPC0114","Juno Rusk","fixed_world_battle","true","5","fixed_first_clear","71","true","E256","E285","E029","E058","E087","","false","standard","smart"
"NPC0115","Kira Voss","fixed_world_battle","true","6","fixed_first_clear","75","true","E276","E020","E049","E078","E107","E136","false","advanced","expert"
"NPC0116","Lio Rook","fixed_world_battle","true","6","fixed_first_clear","79","true","E011","E040","E069","E098","E127","E156","false","advanced","expert"
"NPC0117","Mira Fenn","fixed_world_battle","true","6","fixed_first_clear","83","true","E031","E060","E089","E118","E147","E176","false","advanced","expert"
"NPC0118","Nox Wren","fixed_world_battle","true","6","fixed_first_clear","87","true","E051","E080","E109","E138","E167","E196","false","advanced","expert"
"NPC0119","Oren Pell","fixed_world_battle","true","6","fixed_first_clear","91","true","E071","E100","E129","E158","E187","E216","false","advanced","expert"
"NPC0120","Pax Thane","fixed_world_battle","true","6","fixed_first_clear","87","true","E091","E120","E149","E178","E207","E236","false","advanced","expert"
"NPC0121","Quin Silt","fixed_world_battle","true","2","fixed_first_clear","3","false","E006","E035","","","","","false","none","basic"
"NPC0122","Rhea Keir","fixed_world_battle","true","2","fixed_first_clear","5","false","E026","E055","","","","","false","none","basic"
"NPC0123","Senn Noct","fixed_world_battle","true","2","fixed_first_clear","9","false","E046","E075","","","","","false","none","basic"
"NPC0124","Talia Arc","fixed_world_battle","true","3","fixed_first_clear","13","false","E066","E095","E124","","","","false","none","basic"
"NPC0125","Uma Holt","fixed_world_battle","true","3","fixed_first_clear","17","false","E086","E115","E144","","","","false","none","basic"
"NPC0126","Venn Sol","fixed_world_battle","true","3","fixed_first_clear","21","false","E106","E135","E164","","","","false","none","normal"
"NPC0127","Wren Maren","fixed_world_battle","true","3","fixed_first_clear","25","false","E126","E155","E184","","","","false","none","normal"
"NPC0128","Xara Tor","fixed_world_battle","true","3","fixed_first_clear","21","false","E146","E175","E204","","","","false","none","normal"
"NPC0129","Yven Vale","fixed_world_battle","true","3","fixed_first_clear","25","false","E166","E195","E224","","","","false","none","normal"
"NPC0130","Zale Quill","fixed_world_battle","true","4","fixed_first_clear","29","true","E186","E215","E244","E273","","","false","none","normal"
"NPC0131","Ari Nox","fixed_world_battle","true","4","fixed_first_clear","33","true","E206","E235","E264","E008","","","false","none","normal"
"NPC0132","Bela Reed","fixed_world_battle","true","4","fixed_first_clear","37","true","E226","E255","E284","E028","","","false","standard","normal"
"NPC0133","Cato Esh","fixed_world_battle","true","4","fixed_first_clear","41","true","E246","E275","E019","E048","","","false","standard","normal"
"NPC0134","Dena Rusk","fixed_world_battle","true","4","fixed_first_clear","45","true","E266","E010","E039","E068","","","false","standard","normal"
"NPC0135","Eron Voss","fixed_world_battle","true","4","fixed_first_clear","49","true","E001","E030","E059","E088","","","false","standard","smart"
"NPC0136","Fia Rook","fixed_world_battle","true","4","fixed_first_clear","45","true","E021","E050","E079","E108","","","false","standard","smart"
"NPC0137","Garr Fenn","fixed_world_battle","true","4","fixed_first_clear","49","true","E041","E070","E099","E128","","","false","standard","smart"
"NPC0138","Hale Wren","fixed_world_battle","true","5","fixed_first_clear","53","true","E061","E090","E119","E148","E177","","false","standard","smart"
"NPC0139","Ira Pell","fixed_world_battle","true","5","fixed_first_clear","57","true","E081","E110","E139","E168","E197","","false","standard","smart"
"NPC0140","Juno Thane","fixed_world_battle","true","5","fixed_first_clear","61","true","E101","E130","E159","E188","E217","","false","standard","smart"
"NPC0141","Kira Silt","fixed_world_battle","true","5","fixed_first_clear","65","true","E121","E150","E179","E208","E237","","false","standard","smart"
"NPC0142","Lio Keir","fixed_world_battle","true","5","fixed_first_clear","69","true","E141","E170","E199","E228","E257","","false","standard","smart"
"NPC0143","Mira Noct","fixed_world_battle","true","5","fixed_first_clear","73","true","E161","E190","E219","E248","E277","","false","standard","smart"
"NPC0144","Nox Arc","fixed_world_battle","true","5","fixed_first_clear","69","true","E181","E210","E239","E268","E012","","false","standard","smart"
"NPC0145","Oren Holt","fixed_world_battle","true","6","fixed_first_clear","73","true","E201","E230","E259","E003","E032","E061","false","advanced","expert"
"NPC0146","Pax Sol","fixed_world_battle","true","6","fixed_first_clear","77","true","E221","E250","E279","E023","E052","E081","false","advanced","expert"
"NPC0147","Quin Maren","fixed_world_battle","true","6","fixed_first_clear","81","true","E241","E270","E014","E043","E072","E101","false","advanced","expert"
"NPC0148","Rhea Tor","fixed_world_battle","true","6","fixed_first_clear","85","true","E261","E005","E034","E063","E092","E121","false","advanced","expert"
"NPC0149","Senn Vale","fixed_world_battle","true","6","fixed_first_clear","89","true","E281","E025","E054","E083","E112","E141","false","advanced","expert"
"NPC0150","Talia Quill","fixed_world_battle","true","6","fixed_first_clear","93","true","E016","E045","E074","E103","E132","E161","false","advanced","expert"
"NPC0151","Uma Nox","fixed_world_battle","true","2","fixed_first_clear","7","false","E216","E245","","","","","false","none","basic"
"NPC0152","Venn Reed","fixed_world_battle","true","2","fixed_first_clear","3","false","E236","E265","","","","","false","none","basic"
"NPC0153","Wren Esh","fixed_world_battle","true","2","fixed_first_clear","7","false","E256","E285","","","","","false","none","basic"
"NPC0154","Xara Rusk","fixed_world_battle","true","3","fixed_first_clear","11","false","E276","E020","E049","","","","false","none","basic"
"NPC0155","Yven Voss","fixed_world_battle","true","3","fixed_first_clear","15","false","E011","E040","E069","","","","false","none","basic"
"NPC0156","Zale Rook","fixed_world_battle","true","3","fixed_first_clear","19","false","E031","E060","E089","","","","false","none","normal"
"NPC0157","Ari Fenn","fixed_world_battle","true","3","fixed_first_clear","23","false","E051","E080","E109","","","","false","none","normal"
"NPC0158","Bela Wren","fixed_world_battle","true","3","fixed_first_clear","27","false","E071","E100","E129","","","","false","none","normal"
"NPC0159","Cato Pell","fixed_world_battle","true","3","fixed_first_clear","31","false","E091","E120","E149","","","","false","none","normal"
"NPC0160","Dena Thane","fixed_world_battle","true","4","fixed_first_clear","27","true","E111","E140","E169","E198","","","false","none","normal"
"NPC0161","Eron Silt","fixed_world_battle","true","4","fixed_first_clear","31","true","E131","E160","E189","E218","","","false","none","normal"
"NPC0162","Fia Keir","fixed_world_battle","true","4","fixed_first_clear","35","true","E151","E180","E209","E238","","","false","standard","normal"
"NPC0163","Garr Noct","fixed_world_battle","true","4","fixed_first_clear","39","true","E171","E200","E229","E258","","","false","standard","normal"
"NPC0164","Hale Arc","fixed_world_battle","true","4","fixed_first_clear","43","true","E191","E220","E249","E278","","","false","standard","normal"
"NPC0165","Ira Holt","fixed_world_battle","true","4","fixed_first_clear","47","true","E211","E240","E269","E013","","","false","standard","smart"
"NPC0166","Juno Sol","fixed_world_battle","true","4","fixed_first_clear","51","true","E231","E260","E004","E033","","","false","standard","smart"
"NPC0167","Kira Maren","fixed_world_battle","true","4","fixed_first_clear","55","true","E251","E280","E024","E053","","","false","standard","smart"
"NPC0168","Lio Tor","fixed_world_battle","true","5","fixed_first_clear","51","true","E271","E015","E044","E073","E102","","false","standard","smart"
"NPC0169","Mira Vale","fixed_world_battle","true","5","fixed_first_clear","55","true","E006","E035","E064","E093","E122","","false","standard","smart"
"NPC0170","Nox Quill","fixed_world_battle","true","5","fixed_first_clear","59","true","E026","E055","E084","E113","E142","","false","standard","smart"
"NPC0171","Oren Nox","fixed_world_battle","true","5","fixed_first_clear","63","true","E046","E075","E104","E133","E162","","false","standard","smart"
"NPC0172","Pax Reed","fixed_world_battle","true","5","fixed_first_clear","67","true","E066","E095","E124","E153","E182","","false","standard","smart"
"NPC0173","Quin Esh","fixed_world_battle","true","5","fixed_first_clear","71","true","E086","E115","E144","E173","E202","","false","standard","smart"
"NPC0174","Rhea Rusk","fixed_world_battle","true","5","fixed_first_clear","75","true","E106","E135","E164","E193","E222","","false","standard","smart"
"NPC0175","Senn Voss","fixed_world_battle","true","6","fixed_first_clear","79","true","E126","E155","E184","E213","E242","E271","false","advanced","expert"
"NPC0176","Talia Rook","fixed_world_battle","true","6","fixed_first_clear","75","true","E146","E175","E204","E233","E262","E006","false","advanced","expert"
"NPC0177","Uma Fenn","fixed_world_battle","true","6","fixed_first_clear","79","true","E166","E195","E224","E253","E282","E026","false","advanced","expert"
"NPC0178","Venn Wren","fixed_world_battle","true","6","fixed_first_clear","83","true","E186","E215","E244","E273","E017","E046","false","advanced","expert"
"NPC0179","Wren Pell","fixed_world_battle","true","6","fixed_first_clear","87","true","E206","E235","E264","E008","E037","E066","false","advanced","expert"
"NPC0180","Xara Thane","fixed_world_battle","true","6","fixed_first_clear","91","true","E226","E255","E284","E028","E057","E086","false","advanced","expert"
"NPC0181","Yven Silt","fixed_world_battle","true","2","fixed_first_clear","5","false","E141","E170","","","","","false","none","basic"
"NPC0182","Zale Keir","fixed_world_battle","true","2","fixed_first_clear","9","false","E161","E190","","","","","false","none","basic"
"NPC0183","Ari Noct","fixed_world_battle","true","2","fixed_first_clear","13","false","E181","E210","","","","","false","none","basic"
"NPC0184","Bela Arc","fixed_world_battle","true","3","fixed_first_clear","9","false","E201","E230","E259","","","","false","none","basic"
"NPC0185","Cato Holt","fixed_world_battle","true","3","fixed_first_clear","13","false","E221","E250","E279","","","","false","none","basic"
"NPC0186","Dena Sol","fixed_world_battle","true","3","fixed_first_clear","17","false","E241","E270","E014","","","","false","none","normal"
"NPC0187","Eron Maren","fixed_world_battle","true","3","fixed_first_clear","21","false","E261","E005","E034","","","","false","none","normal"
"NPC0188","Fia Tor","fixed_world_battle","true","3","fixed_first_clear","25","false","E281","E025","E054","","","","false","none","normal"
"NPC0189","Garr Vale","fixed_world_battle","true","3","fixed_first_clear","29","false","E016","E045","E074","","","","false","none","normal"
"NPC0190","Hale Quill","fixed_world_battle","true","4","fixed_first_clear","33","true","E036","E065","E094","E123","","","false","none","normal"
"NPC0191","Ira Nox","fixed_world_battle","true","4","fixed_first_clear","37","true","E056","E085","E114","E143","","","false","none","normal"
"NPC0192","Juno Reed","fixed_world_battle","true","4","fixed_first_clear","33","true","E076","E105","E134","E163","","","false","standard","normal"
"NPC0193","Kira Esh","fixed_world_battle","true","4","fixed_first_clear","37","true","E096","E125","E154","E183","","","false","standard","normal"
"NPC0194","Lio Rusk","fixed_world_battle","true","4","fixed_first_clear","41","true","E116","E145","E174","E203","","","false","standard","normal"
"NPC0195","Mira Voss","fixed_world_battle","true","4","fixed_first_clear","45","true","E136","E165","E194","E223","","","false","standard","smart"
"NPC0196","Nox Rook","fixed_world_battle","true","4","fixed_first_clear","49","true","E156","E185","E214","E243","","","false","standard","smart"
"NPC0197","Oren Fenn","fixed_world_battle","true","4","fixed_first_clear","53","true","E176","E205","E234","E263","","","false","standard","smart"
"NPC0198","Pax Wren","fixed_world_battle","true","5","fixed_first_clear","57","true","E196","E225","E254","E283","E027","","false","standard","smart"
"NPC0199","Quin Pell","fixed_world_battle","true","5","fixed_first_clear","61","true","E216","E245","E274","E018","E047","","false","standard","smart"
"NPC0200","Rhea Thane","fixed_world_battle","true","5","fixed_first_clear","57","true","E236","E265","E009","E038","E067","","false","standard","smart"
"NPC0201","Senn Silt","fixed_world_battle","true","5","fixed_first_clear","61","true","E256","E285","E029","E058","E087","","false","standard","smart"
"NPC0202","Talia Keir","fixed_world_battle","true","5","fixed_first_clear","65","true","E276","E020","E049","E078","E107","","false","standard","smart"
"NPC0203","Uma Noct","fixed_world_battle","true","5","fixed_first_clear","69","true","E011","E040","E069","E098","E127","","false","standard","smart"
"NPC0204","Venn Arc","fixed_world_battle","true","5","fixed_first_clear","73","true","E031","E060","E089","E118","E147","","false","standard","smart"
"NPC0205","Wren Holt","fixed_world_battle","true","6","fixed_first_clear","77","true","E051","E080","E109","E138","E167","E196","false","advanced","expert"
"NPC0206","Xara Sol","fixed_world_battle","true","6","fixed_first_clear","81","true","E071","E100","E129","E158","E187","E216","false","advanced","expert"
"NPC0207","Yven Maren","fixed_world_battle","true","6","fixed_first_clear","85","true","E091","E120","E149","E178","E207","E236","false","advanced","expert"
"NPC0208","Zale Tor","fixed_world_battle","true","6","fixed_first_clear","81","true","E111","E140","E169","E198","E227","E256","false","advanced","expert"
"NPC0209","Ari Vale","fixed_world_battle","true","6","fixed_first_clear","85","true","E131","E160","E189","E218","E247","E276","false","advanced","expert"
"NPC0210","Bela Quill","fixed_world_battle","true","6","fixed_first_clear","89","true","E151","E180","E209","E238","E267","E011","false","advanced","expert"
"NPC0211","Cato Nox","fixed_world_battle","true","2","fixed_first_clear","3","false","E066","E095","","","","","false","none","basic"
"NPC0212","Dena Reed","fixed_world_battle","true","2","fixed_first_clear","7","false","E086","E115","","","","","false","none","basic"
"NPC0213","Eron Esh","fixed_world_battle","true","2","fixed_first_clear","11","false","E106","E135","","","","","false","none","basic"
"NPC0214","Fia Rusk","fixed_world_battle","true","3","fixed_first_clear","15","false","E126","E155","E184","","","","false","none","basic"
"NPC0215","Garr Voss","fixed_world_battle","true","3","fixed_first_clear","19","false","E146","E175","E204","","","","false","none","basic"
"NPC0216","Hale Rook","fixed_world_battle","true","3","fixed_first_clear","15","false","E166","E195","E224","","","","false","none","normal"
"NPC0217","Ira Fenn","fixed_world_battle","true","3","fixed_first_clear","19","false","E186","E215","E244","","","","false","none","normal"
"NPC0218","Juno Wren","fixed_world_battle","true","3","fixed_first_clear","23","false","E206","E235","E264","","","","false","none","normal"
"NPC0219","Kira Pell","fixed_world_battle","true","3","fixed_first_clear","27","false","E226","E255","E284","","","","false","none","normal"
"NPC0220","Lio Thane","fixed_world_battle","true","4","fixed_first_clear","31","true","E246","E275","E019","E048","","","false","none","normal"
"NPC0221","Mira Silt","fixed_world_battle","true","4","fixed_first_clear","35","true","E266","E010","E039","E068","","","false","none","normal"
"NPC0222","Nox Keir","fixed_world_battle","true","4","fixed_first_clear","39","true","E001","E030","E059","E088","","","false","standard","normal"
"NPC0223","Oren Noct","fixed_world_battle","true","4","fixed_first_clear","43","true","E021","E050","E079","E108","","","false","standard","normal"
"NPC0224","Pax Arc","fixed_world_battle","true","4","fixed_first_clear","39","true","E041","E070","E099","E128","","","false","standard","normal"
"NPC0225","Quin Holt","fixed_world_battle","true","4","fixed_first_clear","43","true","E061","E090","E119","E148","","","false","standard","smart"
"NPC0226","Rhea Sol","fixed_world_battle","true","4","fixed_first_clear","47","true","E081","E110","E139","E168","","","false","standard","smart"
"NPC0227","Senn Maren","fixed_world_battle","true","4","fixed_first_clear","51","true","E101","E130","E159","E188","","","false","standard","smart"
"NPC0228","Talia Tor","fixed_world_battle","true","5","fixed_first_clear","55","true","E121","E150","E179","E208","E237","","false","standard","smart"
"NPC0229","Uma Vale","fixed_world_battle","true","5","fixed_first_clear","59","true","E141","E170","E199","E228","E257","","false","standard","smart"
"NPC0230","Venn Quill","fixed_world_battle","true","5","fixed_first_clear","63","true","E161","E190","E219","E248","E277","","false","standard","smart"
"NPC0231","Wren Nox","fixed_world_battle","true","5","fixed_first_clear","67","true","E181","E210","E239","E268","E012","","false","standard","smart"
"NPC0232","Xara Reed","fixed_world_battle","true","5","fixed_first_clear","63","true","E201","E230","E259","E003","E032","","false","standard","smart"
"NPC0233","Yven Esh","fixed_world_battle","true","5","fixed_first_clear","67","true","E221","E250","E279","E023","E052","","false","standard","smart"
"NPC0234","Zale Rusk","fixed_world_battle","true","5","fixed_first_clear","71","true","E241","E270","E014","E043","E072","","false","standard","smart"
"NPC0235","Ari Voss","fixed_world_battle","true","6","fixed_first_clear","75","true","E261","E005","E034","E063","E092","E121","false","advanced","expert"
"NPC0236","Bela Rook","fixed_world_battle","true","6","fixed_first_clear","79","true","E281","E025","E054","E083","E112","E141","false","advanced","expert"
"NPC0237","Cato Fenn","fixed_world_battle","true","6","fixed_first_clear","83","true","E016","E045","E074","E103","E132","E161","false","advanced","expert"
"NPC0238","Dena Wren","fixed_world_battle","true","6","fixed_first_clear","87","true","E036","E065","E094","E123","E152","E181","false","advanced","expert"
"NPC0239","Eron Pell","fixed_world_battle","true","6","fixed_first_clear","91","true","E056","E085","E114","E143","E172","E201","false","advanced","expert"
"NPC0240","Fia Thane","fixed_world_battle","true","6","fixed_first_clear","87","true","E076","E105","E134","E163","E192","E221","false","advanced","expert"
"NPC0241","Garr Silt","fixed_world_battle","true","2","fixed_first_clear","3","false","E276","E020","","","","","false","none","basic"
"NPC0242","Hale Keir","fixed_world_battle","true","2","fixed_first_clear","5","false","E011","E040","","","","","false","none","basic"
"NPC0243","Ira Noct","fixed_world_battle","true","2","fixed_first_clear","9","false","E031","E060","","","","","false","none","basic"
"NPC0244","Juno Arc","fixed_world_battle","true","3","fixed_first_clear","13","false","E051","E080","E109","","","","false","none","basic"
"NPC0245","Kira Holt","fixed_world_battle","true","3","fixed_first_clear","17","false","E071","E100","E129","","","","false","none","basic"
"NPC0246","Lio Sol","fixed_world_battle","true","3","fixed_first_clear","21","false","E091","E120","E149","","","","false","none","normal"
"NPC0247","Mira Maren","fixed_world_battle","true","3","fixed_first_clear","25","false","E111","E140","E169","","","","false","none","normal"
"NPC0248","Nox Tor","fixed_world_battle","true","3","fixed_first_clear","21","false","E131","E160","E189","","","","false","none","normal"
"NPC0249","Oren Vale","fixed_world_battle","true","3","fixed_first_clear","25","false","E151","E180","E209","","","","false","none","normal"
"NPC0250","Pax Quill","fixed_world_battle","true","4","fixed_first_clear","29","true","E171","E200","E229","E258","","","false","none","normal"
"NPC0251","Quin Nox","fixed_world_battle","true","4","fixed_first_clear","33","true","E191","E220","E249","E278","","","false","none","normal"
"NPC0252","Rhea Reed","fixed_world_battle","true","4","fixed_first_clear","37","true","E211","E240","E269","E013","","","false","standard","normal"
"NPC0253","Senn Esh","fixed_world_battle","true","4","fixed_first_clear","41","true","E231","E260","E004","E033","","","false","standard","normal"
"NPC0254","Talia Rusk","fixed_world_battle","true","4","fixed_first_clear","45","true","E251","E280","E024","E053","","","false","standard","normal"
"NPC0255","Uma Voss","fixed_world_battle","true","4","fixed_first_clear","49","true","E271","E015","E044","E073","","","false","standard","smart"
"NPC0256","Venn Rook","fixed_world_battle","true","4","fixed_first_clear","45","true","E006","E035","E064","E093","","","false","standard","smart"
"NPC0257","Wren Fenn","fixed_world_battle","true","4","fixed_first_clear","49","true","E026","E055","E084","E113","","","false","standard","smart"
"NPC0258","Xara Wren","fixed_world_battle","true","5","fixed_first_clear","53","true","E046","E075","E104","E133","E162","","false","standard","smart"
"NPC0259","Yven Pell","fixed_world_battle","true","5","fixed_first_clear","57","true","E066","E095","E124","E153","E182","","false","standard","smart"
"NPC0260","Zale Thane","fixed_world_battle","true","5","fixed_first_clear","61","true","E086","E115","E144","E173","E202","","false","standard","smart"
"NPC0261","Ari Silt","fixed_world_battle","true","5","fixed_first_clear","65","true","E106","E135","E164","E193","E222","","false","standard","smart"
"NPC0262","Bela Keir","fixed_world_battle","true","5","fixed_first_clear","69","true","E126","E155","E184","E213","E242","","false","standard","smart"
"NPC0263","Cato Noct","fixed_world_battle","true","5","fixed_first_clear","73","true","E146","E175","E204","E233","E262","","false","standard","smart"
"NPC0264","Dena Arc","fixed_world_battle","true","5","fixed_first_clear","69","true","E166","E195","E224","E253","E282","","false","standard","smart"
"NPC0265","Eron Holt","fixed_world_battle","true","6","fixed_first_clear","73","true","E186","E215","E244","E273","E017","E046","false","advanced","expert"
"NPC0266","Fia Sol","fixed_world_battle","true","6","fixed_first_clear","77","true","E206","E235","E264","E008","E037","E066","false","advanced","expert"
"NPC0267","Garr Maren","fixed_world_battle","true","6","fixed_first_clear","81","true","E226","E255","E284","E028","E057","E086","false","advanced","expert"
"NPC0268","Hale Tor","fixed_world_battle","true","6","fixed_first_clear","85","true","E246","E275","E019","E048","E077","E106","false","advanced","expert"
"NPC0269","Ira Vale","fixed_world_battle","true","6","fixed_first_clear","89","true","E266","E010","E039","E068","E097","E126","false","advanced","expert"
"NPC0270","Juno Quill","fixed_world_battle","true","6","fixed_first_clear","93","true","E001","E030","E059","E088","E117","E146","false","advanced","expert"
"NPC0271","Kira Nox","fixed_world_battle","true","2","fixed_first_clear","7","false","E201","E230","","","","","false","none","basic"
"NPC0272","Lio Reed","fixed_world_battle","true","2","fixed_first_clear","3","false","E221","E250","","","","","false","none","basic"
"NPC0273","Mira Esh","fixed_world_battle","true","2","fixed_first_clear","7","false","E241","E270","","","","","false","none","basic"
"NPC0274","Nox Rusk","fixed_world_battle","true","3","fixed_first_clear","11","false","E261","E005","E034","","","","false","none","basic"
"NPC0275","Oren Voss","fixed_world_battle","true","3","fixed_first_clear","15","false","E281","E025","E054","","","","false","none","basic"
"NPC0276","Pax Rook","fixed_world_battle","true","3","fixed_first_clear","19","false","E016","E045","E074","","","","false","none","normal"
"NPC0277","Quin Fenn","fixed_world_battle","true","3","fixed_first_clear","23","false","E036","E065","E094","","","","false","none","normal"
"NPC0278","Rhea Wren","fixed_world_battle","true","3","fixed_first_clear","27","false","E056","E085","E114","","","","false","none","normal"
"NPC0279","Senn Pell","fixed_world_battle","true","3","fixed_first_clear","31","false","E076","E105","E134","","","","false","none","normal"
"NPC0280","Talia Thane","fixed_world_battle","true","4","fixed_first_clear","27","true","E096","E125","E154","E183","","","false","none","normal"
"NPC0281","Uma Silt","fixed_world_battle","true","4","fixed_first_clear","31","true","E116","E145","E174","E203","","","false","none","normal"
"NPC0282","Venn Keir","fixed_world_battle","true","4","fixed_first_clear","35","true","E136","E165","E194","E223","","","false","standard","normal"
"NPC0283","Wren Noct","fixed_world_battle","true","4","fixed_first_clear","39","true","E156","E185","E214","E243","","","false","standard","normal"
"NPC0284","Xara Arc","fixed_world_battle","true","4","fixed_first_clear","43","true","E176","E205","E234","E263","","","false","standard","normal"
"NPC0285","Yven Holt","fixed_world_battle","true","4","fixed_first_clear","47","true","E196","E225","E254","E283","","","false","standard","smart"
"NPC0286","Zale Sol","fixed_world_battle","true","4","fixed_first_clear","51","true","E216","E245","E274","E018","","","false","standard","smart"
"NPC0287","Ari Maren","fixed_world_battle","true","4","fixed_first_clear","55","true","E236","E265","E009","E038","","","false","standard","smart"
"NPC0288","Bela Tor","fixed_world_battle","true","5","fixed_first_clear","51","true","E256","E285","E029","E058","E087","","false","standard","smart"
"NPC0289","Cato Vale","fixed_world_battle","true","5","fixed_first_clear","55","true","E276","E020","E049","E078","E107","","false","standard","smart"
"NPC0290","Dena Quill","fixed_world_battle","true","5","fixed_first_clear","59","true","E011","E040","E069","E098","E127","","false","standard","smart"
"NPC0291","Eron Nox","fixed_world_battle","true","5","fixed_first_clear","63","true","E031","E060","E089","E118","E147","","false","standard","smart"
"NPC0292","Fia Reed","fixed_world_battle","true","5","fixed_first_clear","67","true","E051","E080","E109","E138","E167","","false","standard","smart"
"NPC0293","Garr Esh","fixed_world_battle","true","5","fixed_first_clear","71","true","E071","E100","E129","E158","E187","","false","standard","smart"
"NPC0294","Hale Rusk","fixed_world_battle","true","5","fixed_first_clear","75","true","E091","E120","E149","E178","E207","","false","standard","smart"
"NPC0295","Ira Voss","fixed_world_battle","true","6","fixed_first_clear","79","true","E111","E140","E169","E198","E227","E256","false","advanced","expert"
"NPC0296","Juno Rook","fixed_world_battle","true","6","fixed_first_clear","75","true","E131","E160","E189","E218","E247","E276","false","advanced","expert"
"NPC0297","Kira Fenn","fixed_world_battle","true","6","fixed_first_clear","79","true","E151","E180","E209","E238","E267","E011","false","advanced","expert"
"NPC0298","Lio Wren","fixed_world_battle","true","6","fixed_first_clear","83","true","E171","E200","E229","E258","E002","E031","false","advanced","expert"
"NPC0299","Mira Pell","fixed_world_battle","true","6","fixed_first_clear","87","true","E191","E220","E249","E278","E022","E051","false","advanced","expert"
"NPC0300","Nox Thane","fixed_world_battle","true","6","fixed_first_clear","91","true","E211","E240","E269","E013","E042","E071","false","advanced","expert"
"NPC0301","Oren Silt","fixed_world_battle","true","2","story_plus_party_scaled","5","false","E126","E155","","","","","false","none","basic"
"NPC0302","Pax Keir","fixed_world_battle","true","2","story_plus_party_scaled","9","false","E146","E175","","","","","false","none","basic"
"NPC0303","Quin Noct","fixed_world_battle","true","2","story_plus_party_scaled","13","false","E166","E195","","","","","false","none","basic"
"NPC0304","Rhea Arc","fixed_world_battle","true","3","story_plus_party_scaled","9","false","E186","E215","E244","","","","false","none","basic"
"NPC0305","Senn Holt","fixed_world_battle","true","3","story_plus_party_scaled","13","false","E206","E235","E264","","","","false","none","basic"
"NPC0306","Talia Sol","fixed_world_battle","true","3","story_plus_party_scaled","17","false","E226","E255","E284","","","","false","none","normal"
"NPC0307","Uma Maren","fixed_world_battle","true","3","story_plus_party_scaled","21","false","E246","E275","E019","","","","false","none","normal"
"NPC0308","Venn Tor","fixed_world_battle","true","3","story_plus_party_scaled","25","false","E266","E010","E039","","","","false","none","normal"
"NPC0309","Wren Vale","fixed_world_battle","true","3","story_plus_party_scaled","29","false","E001","E030","E059","","","","false","none","normal"
"NPC0310","Xara Quill","fixed_world_battle","true","4","story_plus_party_scaled","33","true","E021","E050","E079","E108","","","false","none","normal"
"NPC0311","Yven Nox","fixed_world_battle","true","4","story_plus_party_scaled","37","true","E041","E070","E099","E128","","","false","none","normal"
"NPC0312","Zale Reed","fixed_world_battle","true","4","story_plus_party_scaled","33","true","E061","E090","E119","E148","","","false","standard","normal"
"NPC0313","Ari Esh","fixed_world_battle","true","4","story_plus_party_scaled","37","true","E081","E110","E139","E168","","","false","standard","normal"
"NPC0314","Bela Rusk","fixed_world_battle","true","4","story_plus_party_scaled","41","true","E101","E130","E159","E188","","","false","standard","normal"
"NPC0315","Cato Voss","fixed_world_battle","true","4","story_plus_party_scaled","45","true","E121","E150","E179","E208","","","false","standard","smart"
"NPC0316","Dena Rook","fixed_world_battle","true","4","story_plus_party_scaled","49","true","E141","E170","E199","E228","","","false","standard","smart"
"NPC0317","Eron Fenn","fixed_world_battle","true","4","story_plus_party_scaled","53","true","E161","E190","E219","E248","","","false","standard","smart"
"NPC0318","Fia Wren","fixed_world_battle","true","5","story_plus_party_scaled","57","true","E181","E210","E239","E268","E012","","false","standard","smart"
"NPC0319","Garr Pell","fixed_world_battle","true","5","story_plus_party_scaled","61","true","E201","E230","E259","E003","E032","","false","standard","smart"
"NPC0320","Hale Thane","fixed_world_battle","true","5","story_plus_party_scaled","57","true","E221","E250","E279","E023","E052","","false","standard","smart"
"NPC0321","Ira Silt","fixed_world_battle","true","5","story_plus_party_scaled","61","true","E241","E270","E014","E043","E072","","false","standard","smart"
"NPC0322","Juno Keir","fixed_world_battle","true","5","story_plus_party_scaled","65","true","E261","E005","E034","E063","E092","","false","standard","smart"
"NPC0323","Kira Noct","fixed_world_battle","true","5","story_plus_party_scaled","69","true","E281","E025","E054","E083","E112","","false","standard","smart"
"NPC0324","Lio Arc","fixed_world_battle","true","5","story_plus_party_scaled","73","true","E016","E045","E074","E103","E132","","false","standard","smart"
"NPC0325","Mira Holt","fixed_world_battle","true","6","story_plus_party_scaled","77","true","E036","E065","E094","E123","E152","E181","false","advanced","expert"
"NPC0326","Nox Sol","fixed_world_battle","true","6","story_plus_party_scaled","81","true","E056","E085","E114","E143","E172","E201","false","advanced","expert"
"NPC0327","Oren Maren","fixed_world_battle","true","6","story_plus_party_scaled","85","true","E076","E105","E134","E163","E192","E221","false","advanced","expert"
"NPC0328","Pax Tor","fixed_world_battle","true","6","story_plus_party_scaled","81","true","E096","E125","E154","E183","E212","E241","false","advanced","expert"
"NPC0329","Quin Vale","fixed_world_battle","true","6","story_plus_party_scaled","85","true","E116","E145","E174","E203","E232","E261","false","advanced","expert"
"NPC0330","Rhea Quill","fixed_world_battle","true","6","story_plus_party_scaled","89","true","E136","E165","E194","E223","E252","E281","false","advanced","expert"
"NPC0331","Senn Nox","fixed_world_battle","true","2","story_plus_party_scaled","3","false","E051","E080","","","","","false","none","basic"
"NPC0332","Talia Reed","fixed_world_battle","true","2","story_plus_party_scaled","7","false","E071","E100","","","","","false","none","basic"
"NPC0333","Uma Esh","fixed_world_battle","true","2","story_plus_party_scaled","11","false","E091","E120","","","","","false","none","basic"
"NPC0334","Venn Rusk","fixed_world_battle","true","3","story_plus_party_scaled","15","false","E111","E140","E169","","","","false","none","basic"
"NPC0335","Wren Voss","fixed_world_battle","true","3","story_plus_party_scaled","19","false","E131","E160","E189","","","","false","none","basic"
"NPC0336","Xara Rook","fixed_world_battle","true","3","story_plus_party_scaled","15","false","E151","E180","E209","","","","false","none","normal"
"NPC0337","Yven Fenn","fixed_world_battle","true","3","story_plus_party_scaled","19","false","E171","E200","E229","","","","false","none","normal"
"NPC0338","Zale Wren","fixed_world_battle","true","3","story_plus_party_scaled","23","false","E191","E220","E249","","","","false","none","normal"
"NPC0339","Ari Pell","fixed_world_battle","true","3","story_plus_party_scaled","27","false","E211","E240","E269","","","","false","none","normal"
"NPC0340","Bela Thane","fixed_world_battle","true","4","story_plus_party_scaled","31","true","E231","E260","E004","E033","","","false","none","normal"
"NPC0341","Cato Silt","fixed_world_battle","true","4","story_plus_party_scaled","35","true","E251","E280","E024","E053","","","false","none","normal"
"NPC0342","Dena Keir","fixed_world_battle","true","4","story_plus_party_scaled","39","true","E271","E015","E044","E073","","","false","standard","normal"
"NPC0343","Eron Noct","fixed_world_battle","true","4","story_plus_party_scaled","43","true","E006","E035","E064","E093","","","false","standard","normal"
"NPC0344","Fia Arc","fixed_world_battle","true","4","story_plus_party_scaled","39","true","E026","E055","E084","E113","","","false","standard","normal"
"NPC0345","Garr Holt","fixed_world_battle","true","4","story_plus_party_scaled","43","true","E046","E075","E104","E133","","","false","standard","smart"
"NPC0346","Hale Sol","fixed_world_battle","true","4","story_plus_party_scaled","47","true","E066","E095","E124","E153","","","false","standard","smart"
"NPC0347","Ira Maren","fixed_world_battle","true","4","story_plus_party_scaled","51","true","E086","E115","E144","E173","","","false","standard","smart"
"NPC0348","Juno Tor","fixed_world_battle","true","5","story_plus_party_scaled","55","true","E106","E135","E164","E193","E222","","false","standard","smart"
"NPC0349","Kira Vale","fixed_world_battle","true","5","story_plus_party_scaled","59","true","E126","E155","E184","E213","E242","","false","standard","smart"
"NPC0350","Lio Quill","fixed_world_battle","true","5","story_plus_party_scaled","63","true","E146","E175","E204","E233","E262","","false","standard","smart"
"NPC0351","Mira Nox","fixed_world_battle","true","5","story_plus_party_scaled","67","true","E166","E195","E224","E253","E282","","false","standard","smart"
"NPC0352","Nox Reed","fixed_world_battle","true","5","story_plus_party_scaled","63","true","E186","E215","E244","E273","E017","","false","standard","smart"
"NPC0353","Oren Esh","fixed_world_battle","true","5","story_plus_party_scaled","67","true","E206","E235","E264","E008","E037","","false","standard","smart"
"NPC0354","Pax Rusk","fixed_world_battle","true","5","story_plus_party_scaled","71","true","E226","E255","E284","E028","E057","","false","standard","smart"
"NPC0355","Quin Voss","fixed_world_battle","true","6","story_plus_party_scaled","75","true","E246","E275","E019","E048","E077","E106","false","advanced","expert"
"NPC0356","Rhea Rook","fixed_world_battle","true","6","story_plus_party_scaled","79","true","E266","E010","E039","E068","E097","E126","false","advanced","expert"
"NPC0357","Senn Fenn","fixed_world_battle","true","6","story_plus_party_scaled","83","true","E001","E030","E059","E088","E117","E146","false","advanced","expert"
"NPC0358","Talia Wren","fixed_world_battle","true","6","story_plus_party_scaled","87","true","E021","E050","E079","E108","E137","E166","false","advanced","expert"
"NPC0359","Uma Pell","fixed_world_battle","true","6","story_plus_party_scaled","91","true","E041","E070","E099","E128","E157","E186","false","advanced","expert"
"NPC0360","Venn Thane","fixed_world_battle","true","6","story_plus_party_scaled","87","true","E061","E090","E119","E148","E177","E206","false","advanced","expert"
"NPC0361","Wren Silt","fixed_world_battle","true","2","story_plus_party_scaled","3","false","E261","E005","","","","","false","none","basic"
"NPC0362","Xara Keir","fixed_world_battle","true","2","story_plus_party_scaled","5","false","E281","E025","","","","","false","none","basic"
"NPC0363","Yven Noct","fixed_world_battle","true","2","story_plus_party_scaled","9","false","E016","E045","","","","","false","none","basic"
"NPC0364","Zale Arc","fixed_world_battle","true","3","story_plus_party_scaled","13","false","E036","E065","E094","","","","false","none","basic"
"NPC0365","Ari Holt","fixed_world_battle","true","3","story_plus_party_scaled","17","false","E056","E085","E114","","","","false","none","basic"
"NPC0366","Bela Sol","fixed_world_battle","true","3","story_plus_party_scaled","21","false","E076","E105","E134","","","","false","none","normal"
"NPC0367","Cato Maren","fixed_world_battle","true","3","story_plus_party_scaled","25","false","E096","E125","E154","","","","false","none","normal"
"NPC0368","Dena Tor","fixed_world_battle","true","3","story_plus_party_scaled","21","false","E116","E145","E174","","","","false","none","normal"
"NPC0369","Eron Vale","fixed_world_battle","true","3","story_plus_party_scaled","25","false","E136","E165","E194","","","","false","none","normal"
"NPC0370","Fia Quill","fixed_world_battle","true","4","story_plus_party_scaled","29","true","E156","E185","E214","E243","","","false","none","normal"
"NPC0371","Garr Nox","fixed_world_battle","true","4","story_plus_party_scaled","33","true","E176","E205","E234","E263","","","false","none","normal"
"NPC0372","Hale Reed","fixed_world_battle","true","4","story_plus_party_scaled","37","true","E196","E225","E254","E283","","","false","standard","normal"
"NPC0373","Ira Esh","fixed_world_battle","true","4","story_plus_party_scaled","41","true","E216","E245","E274","E018","","","false","standard","normal"
"NPC0374","Juno Rusk","fixed_world_battle","true","4","story_plus_party_scaled","45","true","E236","E265","E009","E038","","","false","standard","normal"
"NPC0375","Kira Voss","fixed_world_battle","true","4","story_plus_party_scaled","49","true","E256","E285","E029","E058","","","false","standard","smart"
"NPC0376","Lio Rook","fixed_world_battle","true","4","story_plus_party_scaled","45","true","E276","E020","E049","E078","","","false","standard","smart"
"NPC0377","Mira Fenn","fixed_world_battle","true","4","story_plus_party_scaled","49","true","E011","E040","E069","E098","","","false","standard","smart"
"NPC0378","Nox Wren","fixed_world_battle","true","5","story_plus_party_scaled","53","true","E031","E060","E089","E118","E147","","false","standard","smart"
"NPC0379","Oren Pell","fixed_world_battle","true","5","story_plus_party_scaled","57","true","E051","E080","E109","E138","E167","","false","standard","smart"
"NPC0380","Pax Thane","fixed_world_battle","true","5","story_plus_party_scaled","61","true","E071","E100","E129","E158","E187","","false","standard","smart"
"NPC0381","Quin Silt","fixed_world_battle","true","5","story_plus_party_scaled","65","true","E091","E120","E149","E178","E207","","false","standard","smart"
"NPC0382","Rhea Keir","fixed_world_battle","true","5","story_plus_party_scaled","69","true","E111","E140","E169","E198","E227","","false","standard","smart"
"NPC0383","Senn Noct","fixed_world_battle","true","5","story_plus_party_scaled","73","true","E131","E160","E189","E218","E247","","false","standard","smart"
"NPC0384","Talia Arc","fixed_world_battle","true","5","story_plus_party_scaled","69","true","E151","E180","E209","E238","E267","","false","standard","smart"
"NPC0385","Uma Holt","fixed_world_battle","true","6","story_plus_party_scaled","73","true","E171","E200","E229","E258","E002","E031","false","advanced","expert"
"NPC0386","Venn Sol","fixed_world_battle","true","6","story_plus_party_scaled","77","true","E191","E220","E249","E278","E022","E051","false","advanced","expert"
"NPC0387","Wren Maren","fixed_world_battle","true","6","story_plus_party_scaled","81","true","E211","E240","E269","E013","E042","E071","false","advanced","expert"
"NPC0388","Xara Tor","fixed_world_battle","true","6","story_plus_party_scaled","85","true","E231","E260","E004","E033","E062","E091","false","advanced","expert"
"NPC0389","Yven Vale","fixed_world_battle","true","6","story_plus_party_scaled","89","true","E251","E280","E024","E053","E082","E111","false","advanced","expert"
"NPC0390","Zale Quill","fixed_world_battle","true","6","story_plus_party_scaled","93","true","E271","E015","E044","E073","E102","E131","false","advanced","expert"
"NPC0391","Ari Nox","fixed_world_battle","true","2","story_plus_party_scaled","7","false","E186","E215","","","","","false","none","basic"
"NPC0392","Bela Reed","fixed_world_battle","true","2","story_plus_party_scaled","3","false","E206","E235","","","","","false","none","basic"
"NPC0393","Cato Esh","fixed_world_battle","true","2","story_plus_party_scaled","7","false","E226","E255","","","","","false","none","basic"
"NPC0394","Dena Rusk","fixed_world_battle","true","3","story_plus_party_scaled","11","false","E246","E275","E019","","","","false","none","basic"
"NPC0395","Eron Voss","fixed_world_battle","true","3","story_plus_party_scaled","15","false","E266","E010","E039","","","","false","none","basic"
"NPC0396","Fia Rook","fixed_world_battle","true","3","story_plus_party_scaled","19","false","E001","E030","E059","","","","false","none","normal"
"NPC0397","Garr Fenn","fixed_world_battle","true","3","story_plus_party_scaled","23","false","E021","E050","E079","","","","false","none","normal"
"NPC0398","Hale Wren","fixed_world_battle","true","3","story_plus_party_scaled","27","false","E041","E070","E099","","","","false","none","normal"
"NPC0399","Ira Pell","fixed_world_battle","true","3","story_plus_party_scaled","31","false","E061","E090","E119","","","","false","none","normal"
"NPC0400","Juno Thane","fixed_world_battle","true","4","story_plus_party_scaled","27","true","E081","E110","E139","E168","","","false","none","normal"
"NPC0401","Kira Silt","fixed_world_battle","true","4","story_plus_party_scaled","31","true","E101","E130","E159","E188","","","false","none","normal"
"NPC0402","Lio Keir","fixed_world_battle","true","4","story_plus_party_scaled","35","true","E121","E150","E179","E208","","","false","standard","normal"
"NPC0403","Mira Noct","fixed_world_battle","true","4","story_plus_party_scaled","39","true","E141","E170","E199","E228","","","false","standard","normal"
"NPC0404","Nox Arc","fixed_world_battle","true","4","story_plus_party_scaled","43","true","E161","E190","E219","E248","","","false","standard","normal"
"NPC0405","Oren Holt","fixed_world_battle","true","4","story_plus_party_scaled","47","true","E181","E210","E239","E268","","","false","standard","smart"
"NPC0406","Pax Sol","fixed_world_battle","true","4","story_plus_party_scaled","51","true","E201","E230","E259","E003","","","false","standard","smart"
"NPC0407","Quin Maren","fixed_world_battle","true","4","story_plus_party_scaled","55","true","E221","E250","E279","E023","","","false","standard","smart"
"NPC0408","Rhea Tor","fixed_world_battle","true","5","story_plus_party_scaled","51","true","E241","E270","E014","E043","E072","","false","standard","smart"
"NPC0409","Senn Vale","fixed_world_battle","true","5","story_plus_party_scaled","55","true","E261","E005","E034","E063","E092","","false","standard","smart"
"NPC0410","Talia Quill","fixed_world_battle","true","5","story_plus_party_scaled","59","true","E281","E025","E054","E083","E112","","false","standard","smart"
"NPC0411","Uma Nox","fixed_world_battle","true","5","story_plus_party_scaled","63","true","E016","E045","E074","E103","E132","","false","standard","smart"
"NPC0412","Venn Reed","fixed_world_battle","true","5","story_plus_party_scaled","67","true","E036","E065","E094","E123","E152","","false","standard","smart"
"NPC0413","Wren Esh","fixed_world_battle","true","5","story_plus_party_scaled","71","true","E056","E085","E114","E143","E172","","false","standard","smart"
"NPC0414","Xara Rusk","fixed_world_battle","true","5","story_plus_party_scaled","75","true","E076","E105","E134","E163","E192","","false","standard","smart"
"NPC0415","Yven Voss","fixed_world_battle","true","6","story_plus_party_scaled","79","true","E096","E125","E154","E183","E212","E241","false","advanced","expert"
"NPC0416","Zale Rook","fixed_world_battle","true","6","story_plus_party_scaled","75","true","E116","E145","E174","E203","E232","E261","false","advanced","expert"
"NPC0417","Ari Fenn","fixed_world_battle","true","6","story_plus_party_scaled","79","true","E136","E165","E194","E223","E252","E281","false","advanced","expert"
"NPC0418","Bela Wren","fixed_world_battle","true","6","story_plus_party_scaled","83","true","E156","E185","E214","E243","E272","E016","false","advanced","expert"
"NPC0419","Cato Pell","fixed_world_battle","true","6","story_plus_party_scaled","87","true","E176","E205","E234","E263","E007","E036","false","advanced","expert"
"NPC0420","Dena Thane","fixed_world_battle","true","6","story_plus_party_scaled","91","true","E196","E225","E254","E283","E027","E056","false","advanced","expert"
"NPC0421","Eron Silt","fixed_world_battle","true","2","story_plus_party_scaled","5","false","E111","E140","","","","","false","none","basic"
"NPC0422","Fia Keir","fixed_world_battle","true","2","story_plus_party_scaled","9","false","E131","E160","","","","","false","none","basic"
"NPC0423","Garr Noct","fixed_world_battle","true","2","story_plus_party_scaled","13","false","E151","E180","","","","","false","none","basic"
"NPC0424","Hale Arc","fixed_world_battle","true","3","story_plus_party_scaled","9","false","E171","E200","E229","","","","false","none","basic"
"NPC0425","Ira Holt","fixed_world_battle","true","3","story_plus_party_scaled","13","false","E191","E220","E249","","","","false","none","basic"
"NPC0426","Juno Sol","fixed_world_battle","true","3","story_plus_party_scaled","17","false","E211","E240","E269","","","","false","none","normal"
"NPC0427","Kira Maren","fixed_world_battle","true","3","story_plus_party_scaled","21","false","E231","E260","E004","","","","false","none","normal"
"NPC0428","Lio Tor","fixed_world_battle","true","3","story_plus_party_scaled","25","false","E251","E280","E024","","","","false","none","normal"
"NPC0429","Mira Vale","fixed_world_battle","true","3","story_plus_party_scaled","29","false","E271","E015","E044","","","","false","none","normal"
"NPC0430","Nox Quill","fixed_world_battle","true","4","story_plus_party_scaled","33","true","E006","E035","E064","E093","","","false","none","normal"
"NPC0431","Oren Nox","fixed_world_battle","true","4","story_plus_party_scaled","37","true","E026","E055","E084","E113","","","false","none","normal"
"NPC0432","Pax Reed","fixed_world_battle","true","4","story_plus_party_scaled","33","true","E046","E075","E104","E133","","","false","standard","normal"
"NPC0433","Quin Esh","fixed_world_battle","true","4","story_plus_party_scaled","37","true","E066","E095","E124","E153","","","false","standard","normal"
"NPC0434","Rhea Rusk","fixed_world_battle","true","4","story_plus_party_scaled","41","true","E086","E115","E144","E173","","","false","standard","normal"
"NPC0435","Senn Voss","fixed_world_battle","true","4","story_plus_party_scaled","45","true","E106","E135","E164","E193","","","false","standard","smart"
"NPC0436","Talia Rook","fixed_world_battle","true","4","story_plus_party_scaled","49","true","E126","E155","E184","E213","","","false","standard","smart"
"NPC0437","Uma Fenn","fixed_world_battle","true","4","story_plus_party_scaled","53","true","E146","E175","E204","E233","","","false","standard","smart"
"NPC0438","Venn Wren","fixed_world_battle","true","5","story_plus_party_scaled","57","true","E166","E195","E224","E253","E282","","false","standard","smart"
"NPC0439","Wren Pell","fixed_world_battle","true","5","story_plus_party_scaled","61","true","E186","E215","E244","E273","E017","","false","standard","smart"
"NPC0440","Xara Thane","fixed_world_battle","true","5","story_plus_party_scaled","57","true","E206","E235","E264","E008","E037","","false","standard","smart"
"NPC0441","Yven Silt","fixed_world_battle","true","5","story_plus_party_scaled","61","true","E226","E255","E284","E028","E057","","false","standard","smart"
"NPC0442","Zale Keir","fixed_world_battle","true","5","story_plus_party_scaled","65","true","E246","E275","E019","E048","E077","","false","standard","smart"
"NPC0443","Ari Noct","fixed_world_battle","true","5","story_plus_party_scaled","69","true","E266","E010","E039","E068","E097","","false","standard","smart"
"NPC0444","Bela Arc","fixed_world_battle","true","5","story_plus_party_scaled","73","true","E001","E030","E059","E088","E117","","false","standard","smart"
"NPC0445","Cato Holt","fixed_world_battle","true","6","story_plus_party_scaled","77","true","E021","E050","E079","E108","E137","E166","false","advanced","expert"
"NPC0446","Dena Sol","fixed_world_battle","true","6","story_plus_party_scaled","81","true","E041","E070","E099","E128","E157","E186","false","advanced","expert"
"NPC0447","Eron Maren","fixed_world_battle","true","6","story_plus_party_scaled","85","true","E061","E090","E119","E148","E177","E206","false","advanced","expert"
"NPC0448","Fia Tor","fixed_world_battle","true","6","story_plus_party_scaled","81","true","E081","E110","E139","E168","E197","E226","false","advanced","expert"
"NPC0449","Garr Vale","fixed_world_battle","true","6","story_plus_party_scaled","85","true","E101","E130","E159","E188","E217","E246","false","advanced","expert"
"NPC0450","Hale Quill","fixed_world_battle","true","6","story_plus_party_scaled","89","true","E121","E150","E179","E208","E237","E266","false","advanced","expert"
"NPC0451","Ira Nox","fixed_world_battle","true","2","story_plus_party_scaled","3","false","E036","E065","","","","","false","none","basic"
"NPC0452","Juno Reed","fixed_world_battle","true","2","story_plus_party_scaled","7","false","E056","E085","","","","","false","none","basic"
"NPC0453","Kira Esh","fixed_world_battle","true","2","story_plus_party_scaled","11","false","E076","E105","","","","","false","none","basic"
"NPC0454","Lio Rusk","fixed_world_battle","true","3","story_plus_party_scaled","15","false","E096","E125","E154","","","","false","none","basic"
"NPC0455","Mira Voss","fixed_world_battle","true","3","story_plus_party_scaled","19","false","E116","E145","E174","","","","false","none","basic"
"NPC0456","Nox Rook","fixed_world_battle","true","3","story_plus_party_scaled","15","false","E136","E165","E194","","","","false","none","normal"
"NPC0457","Oren Fenn","fixed_world_battle","true","3","story_plus_party_scaled","19","false","E156","E185","E214","","","","false","none","normal"
"NPC0458","Pax Wren","fixed_world_battle","true","3","story_plus_party_scaled","23","false","E176","E205","E234","","","","false","none","normal"
"NPC0459","Quin Pell","fixed_world_battle","true","3","story_plus_party_scaled","27","false","E196","E225","E254","","","","false","none","normal"
"NPC0460","Rhea Thane","fixed_world_battle","true","4","story_plus_party_scaled","31","true","E216","E245","E274","E018","","","false","none","normal"
"NPC0461","Senn Silt","fixed_world_battle","true","4","story_plus_party_scaled","35","true","E236","E265","E009","E038","","","false","none","normal"
"NPC0462","Talia Keir","fixed_world_battle","true","4","story_plus_party_scaled","39","true","E256","E285","E029","E058","","","false","standard","normal"
"NPC0463","Uma Noct","fixed_world_battle","true","4","story_plus_party_scaled","43","true","E276","E020","E049","E078","","","false","standard","normal"
"NPC0464","Venn Arc","fixed_world_battle","true","4","story_plus_party_scaled","39","true","E011","E040","E069","E098","","","false","standard","normal"
"NPC0465","Wren Holt","fixed_world_battle","true","4","story_plus_party_scaled","43","true","E031","E060","E089","E118","","","false","standard","smart"
"NPC0466","Xara Sol","fixed_world_battle","true","4","story_plus_party_scaled","47","true","E051","E080","E109","E138","","","false","standard","smart"
"NPC0467","Yven Maren","fixed_world_battle","true","4","story_plus_party_scaled","51","true","E071","E100","E129","E158","","","false","standard","smart"
"NPC0468","Zale Tor","fixed_world_battle","true","5","story_plus_party_scaled","55","true","E091","E120","E149","E178","E207","","false","standard","smart"
"NPC0469","Ari Vale","fixed_world_battle","true","5","story_plus_party_scaled","59","true","E111","E140","E169","E198","E227","","false","standard","smart"
"NPC0470","Bela Quill","fixed_world_battle","true","5","story_plus_party_scaled","63","true","E131","E160","E189","E218","E247","","false","standard","smart"
"NPC0471","Cato Nox","fixed_world_battle","true","5","story_plus_party_scaled","67","true","E151","E180","E209","E238","E267","","false","standard","smart"
"NPC0472","Dena Reed","fixed_world_battle","true","5","story_plus_party_scaled","63","true","E171","E200","E229","E258","E002","","false","standard","smart"
"NPC0473","Eron Esh","fixed_world_battle","true","5","story_plus_party_scaled","67","true","E191","E220","E249","E278","E022","","false","standard","smart"
"NPC0474","Fia Rusk","fixed_world_battle","true","5","story_plus_party_scaled","71","true","E211","E240","E269","E013","E042","","false","standard","smart"
"NPC0475","Garr Voss","fixed_world_battle","true","6","story_plus_party_scaled","75","true","E231","E260","E004","E033","E062","E091","false","advanced","expert"
"NPC0476","Hale Rook","fixed_world_battle","true","6","story_plus_party_scaled","79","true","E251","E280","E024","E053","E082","E111","false","advanced","expert"
"NPC0477","Ira Fenn","fixed_world_battle","true","6","story_plus_party_scaled","83","true","E271","E015","E044","E073","E102","E131","false","advanced","expert"
"NPC0478","Juno Wren","fixed_world_battle","true","6","story_plus_party_scaled","87","true","E006","E035","E064","E093","E122","E151","false","advanced","expert"
"NPC0479","Kira Pell","fixed_world_battle","true","6","story_plus_party_scaled","91","true","E026","E055","E084","E113","E142","E171","false","advanced","expert"
"NPC0480","Lio Thane","fixed_world_battle","true","6","story_plus_party_scaled","87","true","E046","E075","E104","E133","E162","E191","false","advanced","expert"
"NPC0481","Mira Silt","fixed_world_battle","true","2","story_plus_party_scaled","3","false","E246","E275","","","","","false","none","basic"
"NPC0482","Nox Keir","fixed_world_battle","true","2","story_plus_party_scaled","5","false","E266","E010","","","","","false","none","basic"
"NPC0483","Oren Noct","fixed_world_battle","true","2","story_plus_party_scaled","9","false","E001","E030","","","","","false","none","basic"
"NPC0484","Pax Arc","fixed_world_battle","true","3","story_plus_party_scaled","13","false","E021","E050","E079","","","","false","none","basic"
"NPC0485","Quin Holt","fixed_world_battle","true","3","story_plus_party_scaled","17","false","E041","E070","E099","","","","false","none","basic"
"NPC0486","Rhea Sol","fixed_world_battle","true","3","story_plus_party_scaled","21","false","E061","E090","E119","","","","false","none","normal"
"NPC0487","Senn Maren","fixed_world_battle","true","3","story_plus_party_scaled","25","false","E081","E110","E139","","","","false","none","normal"
"NPC0488","Talia Tor","fixed_world_battle","true","3","story_plus_party_scaled","21","false","E101","E130","E159","","","","false","none","normal"
"NPC0489","Uma Vale","fixed_world_battle","true","3","story_plus_party_scaled","25","false","E121","E150","E179","","","","false","none","normal"
"NPC0490","Venn Quill","fixed_world_battle","true","4","story_plus_party_scaled","29","true","E141","E170","E199","E228","","","false","none","normal"
"NPC0491","Wren Nox","fixed_world_battle","true","4","story_plus_party_scaled","33","true","E161","E190","E219","E248","","","false","none","normal"
"NPC0492","Xara Reed","fixed_world_battle","true","4","story_plus_party_scaled","37","true","E181","E210","E239","E268","","","false","standard","normal"
"NPC0493","Yven Esh","fixed_world_battle","true","4","story_plus_party_scaled","41","true","E201","E230","E259","E003","","","false","standard","normal"
"NPC0494","Zale Rusk","fixed_world_battle","true","4","story_plus_party_scaled","45","true","E221","E250","E279","E023","","","false","standard","normal"
"NPC0495","Ari Voss","fixed_world_battle","true","4","story_plus_party_scaled","49","true","E241","E270","E014","E043","","","false","standard","smart"
"NPC0496","Bela Rook","fixed_world_battle","true","4","story_plus_party_scaled","45","true","E261","E005","E034","E063","","","false","standard","smart"
"NPC0497","Cato Fenn","fixed_world_battle","true","4","story_plus_party_scaled","49","true","E281","E025","E054","E083","","","false","standard","smart"
"NPC0498","Dena Wren","fixed_world_battle","true","5","story_plus_party_scaled","53","true","E016","E045","E074","E103","E132","","false","standard","smart"
"NPC0499","Eron Pell","fixed_world_battle","true","5","story_plus_party_scaled","57","true","E036","E065","E094","E123","E152","","false","standard","smart"
"NPC0500","Fia Thane","fixed_world_battle","true","5","story_plus_party_scaled","61","true","E056","E085","E114","E143","E172","","false","standard","smart"
"NPC0501","Garr Silt","fixed_world_battle","true","5","story_plus_party_scaled","65","true","E076","E105","E134","E163","E192","","false","standard","smart"
"NPC0502","Hale Keir","fixed_world_battle","true","5","story_plus_party_scaled","69","true","E096","E125","E154","E183","E212","","false","standard","smart"
"NPC0503","Ira Noct","fixed_world_battle","true","5","story_plus_party_scaled","73","true","E116","E145","E174","E203","E232","","false","standard","smart"
"NPC0504","Juno Arc","fixed_world_battle","true","5","story_plus_party_scaled","69","true","E136","E165","E194","E223","E252","","false","standard","smart"
"NPC0505","Kira Holt","fixed_world_battle","true","6","story_plus_party_scaled","73","true","E156","E185","E214","E243","E272","E016","false","advanced","expert"
"NPC0506","Lio Sol","fixed_world_battle","true","6","story_plus_party_scaled","77","true","E176","E205","E234","E263","E007","E036","false","advanced","expert"
"NPC0507","Mira Maren","fixed_world_battle","true","6","story_plus_party_scaled","81","true","E196","E225","E254","E283","E027","E056","false","advanced","expert"
"NPC0508","Nox Tor","fixed_world_battle","true","6","story_plus_party_scaled","85","true","E216","E245","E274","E018","E047","E076","false","advanced","expert"
"NPC0509","Oren Vale","fixed_world_battle","true","6","story_plus_party_scaled","89","true","E236","E265","E009","E038","E067","E096","false","advanced","expert"
"NPC0510","Pax Quill","fixed_world_battle","true","6","story_plus_party_scaled","93","true","E256","E285","E029","E058","E087","E116","false","advanced","expert"
"NPC0511","Quin Nox","fixed_world_battle","true","2","story_plus_party_scaled","7","false","E171","E200","","","","","false","none","basic"
"NPC0512","Rhea Reed","fixed_world_battle","true","2","story_plus_party_scaled","3","false","E191","E220","","","","","false","none","basic"
"NPC0513","Senn Esh","fixed_world_battle","true","2","story_plus_party_scaled","7","false","E211","E240","","","","","false","none","basic"
"NPC0514","Talia Rusk","fixed_world_battle","true","3","story_plus_party_scaled","11","false","E231","E260","E004","","","","false","none","basic"
"NPC0515","Uma Voss","fixed_world_battle","true","3","story_plus_party_scaled","15","false","E251","E280","E024","","","","false","none","basic"
"NPC0516","Venn Rook","fixed_world_battle","true","3","story_plus_party_scaled","19","false","E271","E015","E044","","","","false","none","normal"
"NPC0517","Wren Fenn","fixed_world_battle","true","3","story_plus_party_scaled","23","false","E006","E035","E064","","","","false","none","normal"
"NPC0518","Xara Wren","fixed_world_battle","true","3","story_plus_party_scaled","27","false","E026","E055","E084","","","","false","none","normal"
"NPC0519","Yven Pell","fixed_world_battle","true","3","story_plus_party_scaled","31","false","E046","E075","E104","","","","false","none","normal"
"NPC0520","Zale Thane","fixed_world_battle","true","4","story_plus_party_scaled","27","true","E066","E095","E124","E153","","","false","none","normal"
"NPC0521","Ari Silt","fixed_world_battle","true","4","story_plus_party_scaled","31","true","E086","E115","E144","E173","","","false","none","normal"
"NPC0522","Bela Keir","fixed_world_battle","true","4","story_plus_party_scaled","35","true","E106","E135","E164","E193","","","false","standard","normal"
"NPC0523","Cato Noct","fixed_world_battle","true","4","story_plus_party_scaled","39","true","E126","E155","E184","E213","","","false","standard","normal"
"NPC0524","Dena Arc","fixed_world_battle","true","4","story_plus_party_scaled","43","true","E146","E175","E204","E233","","","false","standard","normal"
"NPC0525","Eron Holt","fixed_world_battle","true","4","story_plus_party_scaled","47","true","E166","E195","E224","E253","","","false","standard","smart"
"NPC0526","Fia Sol","fixed_world_battle","true","4","story_plus_party_scaled","51","true","E186","E215","E244","E273","","","false","standard","smart"
"NPC0527","Garr Maren","fixed_world_battle","true","4","story_plus_party_scaled","55","true","E206","E235","E264","E008","","","false","standard","smart"
"NPC0528","Hale Tor","fixed_world_battle","true","5","story_plus_party_scaled","51","true","E226","E255","E284","E028","E057","","false","standard","smart"
"NPC0529","Ira Vale","fixed_world_battle","true","5","story_plus_party_scaled","55","true","E246","E275","E019","E048","E077","","false","standard","smart"
"NPC0530","Juno Quill","fixed_world_battle","true","5","story_plus_party_scaled","59","true","E266","E010","E039","E068","E097","","false","standard","smart"
"NPC0531","Kira Nox","fixed_world_battle","true","5","story_plus_party_scaled","63","true","E001","E030","E059","E088","E117","","false","standard","smart"
"NPC0532","Lio Reed","fixed_world_battle","true","5","story_plus_party_scaled","67","true","E021","E050","E079","E108","E137","","false","standard","smart"
"NPC0533","Mira Esh","fixed_world_battle","true","5","story_plus_party_scaled","71","true","E041","E070","E099","E128","E157","","false","standard","smart"
"NPC0534","Nox Rusk","fixed_world_battle","true","5","story_plus_party_scaled","75","true","E061","E090","E119","E148","E177","","false","standard","smart"
"NPC0535","Oren Voss","fixed_world_battle","true","6","story_plus_party_scaled","79","true","E081","E110","E139","E168","E197","E226","false","advanced","expert"
"NPC0536","Pax Rook","fixed_world_battle","true","6","story_plus_party_scaled","75","true","E101","E130","E159","E188","E217","E246","false","advanced","expert"
"NPC0537","Quin Fenn","fixed_world_battle","true","6","story_plus_party_scaled","79","true","E121","E150","E179","E208","E237","E266","false","advanced","expert"
"NPC0538","Rhea Wren","fixed_world_battle","true","6","story_plus_party_scaled","83","true","E141","E170","E199","E228","E257","E001","false","advanced","expert"
"NPC0539","Senn Pell","fixed_world_battle","true","6","story_plus_party_scaled","87","true","E161","E190","E219","E248","E277","E021","false","advanced","expert"
"NPC0540","Talia Thane","fixed_world_battle","true","6","story_plus_party_scaled","91","true","E181","E210","E239","E268","E012","E041","false","advanced","expert"
"NPC0541","Uma Silt","fixed_world_battle","true","2","story_plus_party_scaled","5","false","E096","E125","","","","","false","none","basic"
"NPC0542","Venn Keir","fixed_world_battle","true","2","story_plus_party_scaled","9","false","E116","E145","","","","","false","none","basic"
"NPC0543","Wren Noct","fixed_world_battle","true","2","story_plus_party_scaled","13","false","E136","E165","","","","","false","none","basic"
"NPC0544","Xara Arc","fixed_world_battle","true","3","story_plus_party_scaled","9","false","E156","E185","E214","","","","false","none","basic"
"NPC0545","Yven Holt","fixed_world_battle","true","3","story_plus_party_scaled","13","false","E176","E205","E234","","","","false","none","basic"
"NPC0546","Zale Sol","fixed_world_battle","true","3","story_plus_party_scaled","17","false","E196","E225","E254","","","","false","none","normal"
"NPC0547","Ari Maren","fixed_world_battle","true","3","story_plus_party_scaled","21","false","E216","E245","E274","","","","false","none","normal"
"NPC0548","Bela Tor","fixed_world_battle","true","3","story_plus_party_scaled","25","false","E236","E265","E009","","","","false","none","normal"
"NPC0549","Cato Vale","fixed_world_battle","true","3","story_plus_party_scaled","29","false","E256","E285","E029","","","","false","none","normal"
"NPC0550","Dena Quill","fixed_world_battle","true","4","story_plus_party_scaled","33","true","E276","E020","E049","E078","","","false","none","normal"
"NPC0551","Eron Nox","fixed_world_battle","true","4","story_plus_party_scaled","37","true","E011","E040","E069","E098","","","false","none","normal"
"NPC0552","Fia Reed","fixed_world_battle","true","4","story_plus_party_scaled","33","true","E031","E060","E089","E118","","","false","standard","normal"
"NPC0553","Garr Esh","fixed_world_battle","true","4","story_plus_party_scaled","37","true","E051","E080","E109","E138","","","false","standard","normal"
"NPC0554","Hale Rusk","fixed_world_battle","true","4","story_plus_party_scaled","41","true","E071","E100","E129","E158","","","false","standard","normal"
"NPC0555","Ira Voss","fixed_world_battle","true","4","story_plus_party_scaled","45","true","E091","E120","E149","E178","","","false","standard","smart"
"NPC0556","Juno Rook","fixed_world_battle","true","4","story_plus_party_scaled","49","true","E111","E140","E169","E198","","","false","standard","smart"
"NPC0557","Kira Fenn","fixed_world_battle","true","4","story_plus_party_scaled","53","true","E131","E160","E189","E218","","","false","standard","smart"
"NPC0558","Lio Wren","fixed_world_battle","true","5","story_plus_party_scaled","57","true","E151","E180","E209","E238","E267","","false","standard","smart"
"NPC0559","Mira Pell","fixed_world_battle","true","5","story_plus_party_scaled","61","true","E171","E200","E229","E258","E002","","false","standard","smart"
"NPC0560","Nox Thane","fixed_world_battle","true","5","story_plus_party_scaled","57","true","E191","E220","E249","E278","E022","","false","standard","smart"
"NPC0561","Oren Silt","fixed_world_battle","true","5","story_plus_party_scaled","61","true","E211","E240","E269","E013","E042","","false","standard","smart"
"NPC0562","Pax Keir","fixed_world_battle","true","5","story_plus_party_scaled","65","true","E231","E260","E004","E033","E062","","false","standard","smart"
"NPC0563","Quin Noct","fixed_world_battle","true","5","story_plus_party_scaled","69","true","E251","E280","E024","E053","E082","","false","standard","smart"
"NPC0564","Rhea Arc","fixed_world_battle","true","5","story_plus_party_scaled","73","true","E271","E015","E044","E073","E102","","false","standard","smart"
"NPC0565","Senn Holt","fixed_world_battle","true","6","story_plus_party_scaled","77","true","E006","E035","E064","E093","E122","E151","false","advanced","expert"
"NPC0566","Talia Sol","fixed_world_battle","true","6","story_plus_party_scaled","81","true","E026","E055","E084","E113","E142","E171","false","advanced","expert"
"NPC0567","Uma Maren","fixed_world_battle","true","6","story_plus_party_scaled","85","true","E046","E075","E104","E133","E162","E191","false","advanced","expert"
"NPC0568","Venn Tor","fixed_world_battle","true","6","story_plus_party_scaled","81","true","E066","E095","E124","E153","E182","E211","false","advanced","expert"
"NPC0569","Wren Vale","fixed_world_battle","true","6","story_plus_party_scaled","85","true","E086","E115","E144","E173","E202","E231","false","advanced","expert"
"NPC0570","Xara Quill","fixed_world_battle","true","6","story_plus_party_scaled","89","true","E106","E135","E164","E193","E222","E251","false","advanced","expert"
"NPC0571","Yven Nox","fixed_world_battle","true","2","story_plus_party_scaled","3","false","E021","E050","","","","","false","none","basic"
"NPC0572","Zale Reed","fixed_world_battle","true","2","story_plus_party_scaled","7","false","E041","E070","","","","","false","none","basic"
"NPC0573","Ari Esh","fixed_world_battle","true","2","story_plus_party_scaled","11","false","E061","E090","","","","","false","none","basic"
"NPC0574","Bela Rusk","fixed_world_battle","true","3","story_plus_party_scaled","15","false","E081","E110","E139","","","","false","none","basic"
"NPC0575","Cato Voss","fixed_world_battle","true","3","story_plus_party_scaled","19","false","E101","E130","E159","","","","false","none","basic"
"NPC0576","Dena Rook","fixed_world_battle","true","3","story_plus_party_scaled","15","false","E121","E150","E179","","","","false","none","normal"
"NPC0577","Eron Fenn","fixed_world_battle","true","3","story_plus_party_scaled","19","false","E141","E170","E199","","","","false","none","normal"
"NPC0578","Fia Wren","fixed_world_battle","true","3","story_plus_party_scaled","23","false","E161","E190","E219","","","","false","none","normal"
"NPC0579","Garr Pell","fixed_world_battle","true","3","story_plus_party_scaled","27","false","E181","E210","E239","","","","false","none","normal"
"NPC0580","Hale Thane","fixed_world_battle","true","4","story_plus_party_scaled","31","true","E201","E230","E259","E003","","","false","none","normal"
"NPC0581","Ira Silt","fixed_world_battle","true","4","story_plus_party_scaled","35","true","E221","E250","E279","E023","","","false","none","normal"
"NPC0582","Juno Keir","fixed_world_battle","true","4","story_plus_party_scaled","39","true","E241","E270","E014","E043","","","false","standard","normal"
"NPC0583","Kira Noct","fixed_world_battle","true","4","story_plus_party_scaled","43","true","E261","E005","E034","E063","","","false","standard","normal"
"NPC0584","Lio Arc","fixed_world_battle","true","4","story_plus_party_scaled","39","true","E281","E025","E054","E083","","","false","standard","normal"
"NPC0585","Mira Holt","fixed_world_battle","true","4","story_plus_party_scaled","43","true","E016","E045","E074","E103","","","false","standard","smart"
"NPC0586","Nox Sol","fixed_world_battle","true","4","story_plus_party_scaled","47","true","E036","E065","E094","E123","","","false","standard","smart"
"NPC0587","Oren Maren","fixed_world_battle","true","4","story_plus_party_scaled","51","true","E056","E085","E114","E143","","","false","standard","smart"
"NPC0588","Pax Tor","fixed_world_battle","true","5","story_plus_party_scaled","55","true","E076","E105","E134","E163","E192","","false","standard","smart"
"NPC0589","Quin Vale","fixed_world_battle","true","5","story_plus_party_scaled","59","true","E096","E125","E154","E183","E212","","false","standard","smart"
"NPC0590","Rhea Quill","fixed_world_battle","true","5","story_plus_party_scaled","63","true","E116","E145","E174","E203","E232","","false","standard","smart"
"NPC0591","Senn Nox","fixed_world_battle","true","5","story_plus_party_scaled","67","true","E136","E165","E194","E223","E252","","false","standard","smart"
"NPC0592","Talia Reed","fixed_world_battle","true","5","story_plus_party_scaled","63","true","E156","E185","E214","E243","E272","","false","standard","smart"
"NPC0593","Uma Esh","fixed_world_battle","true","5","story_plus_party_scaled","67","true","E176","E205","E234","E263","E007","","false","standard","smart"
"NPC0594","Venn Rusk","fixed_world_battle","true","5","story_plus_party_scaled","71","true","E196","E225","E254","E283","E027","","false","standard","smart"
"NPC0595","Wren Voss","fixed_world_battle","true","6","story_plus_party_scaled","75","true","E216","E245","E274","E018","E047","E076","false","advanced","expert"
"NPC0596","Xara Rook","fixed_world_battle","true","6","story_plus_party_scaled","79","true","E236","E265","E009","E038","E067","E096","false","advanced","expert"
"NPC0597","Yven Fenn","fixed_world_battle","true","6","story_plus_party_scaled","83","true","E256","E285","E029","E058","E087","E116","false","advanced","expert"
"NPC0598","Zale Wren","fixed_world_battle","true","6","story_plus_party_scaled","87","true","E276","E020","E049","E078","E107","E136","false","advanced","expert"
"NPC0599","Ari Pell","fixed_world_battle","true","6","story_plus_party_scaled","91","true","E011","E040","E069","E098","E127","E156","false","advanced","expert"
"NPC0600","Bela Thane","fixed_world_battle","true","6","story_plus_party_scaled","87","true","E031","E060","E089","E118","E147","E176","false","advanced","expert"
"NPC0601","Cato Silt","fixed_world_battle","true","2","story_plus_party_scaled","3","false","E231","E260","","","","","false","none","basic"
"NPC0602","Dena Keir","fixed_world_battle","true","2","story_plus_party_scaled","5","false","E251","E280","","","","","false","none","basic"
"NPC0603","Eron Noct","fixed_world_battle","true","2","story_plus_party_scaled","9","false","E271","E015","","","","","false","none","basic"
"NPC0604","Fia Arc","fixed_world_battle","true","3","story_plus_party_scaled","13","false","E006","E035","E064","","","","false","none","basic"
"NPC0605","Garr Holt","fixed_world_battle","true","3","story_plus_party_scaled","17","false","E026","E055","E084","","","","false","none","basic"
"NPC0606","Hale Sol","fixed_world_battle","true","3","story_plus_party_scaled","21","false","E046","E075","E104","","","","false","none","normal"
"NPC0607","Ira Maren","fixed_world_battle","true","3","story_plus_party_scaled","25","false","E066","E095","E124","","","","false","none","normal"
"NPC0608","Juno Tor","fixed_world_battle","true","3","story_plus_party_scaled","21","false","E086","E115","E144","","","","false","none","normal"
"NPC0609","Kira Vale","fixed_world_battle","true","3","story_plus_party_scaled","25","false","E106","E135","E164","","","","false","none","normal"
"NPC0610","Lio Quill","fixed_world_battle","true","4","story_plus_party_scaled","29","true","E126","E155","E184","E213","","","false","none","normal"
"NPC0611","Mira Nox","fixed_world_battle","true","4","story_plus_party_scaled","33","true","E146","E175","E204","E233","","","false","none","normal"
"NPC0612","Nox Reed","fixed_world_battle","true","4","story_plus_party_scaled","37","true","E166","E195","E224","E253","","","false","standard","normal"
"NPC0613","Oren Esh","fixed_world_battle","true","4","story_plus_party_scaled","41","true","E186","E215","E244","E273","","","false","standard","normal"
"NPC0614","Pax Rusk","fixed_world_battle","true","4","story_plus_party_scaled","45","true","E206","E235","E264","E008","","","false","standard","normal"
"NPC0615","Quin Voss","fixed_world_battle","true","4","story_plus_party_scaled","49","true","E226","E255","E284","E028","","","false","standard","smart"
"NPC0616","Rhea Rook","fixed_world_battle","true","4","story_plus_party_scaled","45","true","E246","E275","E019","E048","","","false","standard","smart"
"NPC0617","Senn Fenn","fixed_world_battle","true","4","story_plus_party_scaled","49","true","E266","E010","E039","E068","","","false","standard","smart"
"NPC0618","Talia Wren","fixed_world_battle","true","5","story_plus_party_scaled","53","true","E001","E030","E059","E088","E117","","false","standard","smart"
"NPC0619","Uma Pell","fixed_world_battle","true","5","story_plus_party_scaled","57","true","E021","E050","E079","E108","E137","","false","standard","smart"
"NPC0620","Venn Thane","fixed_world_battle","true","5","story_plus_party_scaled","61","true","E041","E070","E099","E128","E157","","false","standard","smart"
"NPC0621","Wren Silt","fixed_world_battle","true","5","story_plus_party_scaled","65","true","E061","E090","E119","E148","E177","","false","standard","smart"
"NPC0622","Xara Keir","fixed_world_battle","true","5","story_plus_party_scaled","69","true","E081","E110","E139","E168","E197","","false","standard","smart"
"NPC0623","Yven Noct","fixed_world_battle","true","5","story_plus_party_scaled","73","true","E101","E130","E159","E188","E217","","false","standard","smart"
"NPC0624","Zale Arc","fixed_world_battle","true","5","story_plus_party_scaled","69","true","E121","E150","E179","E208","E237","","false","standard","smart"
"NPC0625","Ari Holt","fixed_world_battle","true","6","story_plus_party_scaled","73","true","E141","E170","E199","E228","E257","E001","false","advanced","expert"
"NPC0626","Bela Sol","fixed_world_battle","true","6","story_plus_party_scaled","77","true","E161","E190","E219","E248","E277","E021","false","advanced","expert"
"NPC0627","Cato Maren","fixed_world_battle","true","6","story_plus_party_scaled","81","true","E181","E210","E239","E268","E012","E041","false","advanced","expert"
"NPC0628","Dena Tor","fixed_world_battle","true","6","story_plus_party_scaled","85","true","E201","E230","E259","E003","E032","E061","false","advanced","expert"
"NPC0629","Eron Vale","fixed_world_battle","true","6","story_plus_party_scaled","89","true","E221","E250","E279","E023","E052","E081","false","advanced","expert"
"NPC0630","Fia Quill","fixed_world_battle","true","6","story_plus_party_scaled","93","true","E241","E270","E014","E043","E072","E101","false","advanced","expert"
"NPC0631","Garr Nox","fixed_world_battle","true","2","story_plus_party_scaled","7","false","E156","E185","","","","","false","none","basic"
"NPC0632","Hale Reed","fixed_world_battle","true","2","story_plus_party_scaled","3","false","E176","E205","","","","","false","none","basic"
"NPC0633","Ira Esh","fixed_world_battle","true","2","story_plus_party_scaled","7","false","E196","E225","","","","","false","none","basic"
"NPC0634","Juno Rusk","fixed_world_battle","true","3","story_plus_party_scaled","11","false","E216","E245","E274","","","","false","none","basic"
"NPC0635","Kira Voss","fixed_world_battle","true","3","story_plus_party_scaled","15","false","E236","E265","E009","","","","false","none","basic"
"NPC0636","Lio Rook","fixed_world_battle","true","3","story_plus_party_scaled","19","false","E256","E285","E029","","","","false","none","normal"
"NPC0637","Mira Fenn","fixed_world_battle","true","3","story_plus_party_scaled","23","false","E276","E020","E049","","","","false","none","normal"
"NPC0638","Nox Wren","fixed_world_battle","true","3","story_plus_party_scaled","27","false","E011","E040","E069","","","","false","none","normal"
"NPC0639","Oren Pell","fixed_world_battle","true","3","story_plus_party_scaled","31","false","E031","E060","E089","","","","false","none","normal"
"NPC0640","Pax Thane","fixed_world_battle","true","4","story_plus_party_scaled","27","true","E051","E080","E109","E138","","","false","none","normal"
"NPC0641","Quin Silt","fixed_world_battle","true","4","story_plus_party_scaled","31","true","E071","E100","E129","E158","","","false","none","normal"
"NPC0642","Rhea Keir","fixed_world_battle","true","4","story_plus_party_scaled","35","true","E091","E120","E149","E178","","","false","standard","normal"
"NPC0643","Senn Noct","fixed_world_battle","true","4","story_plus_party_scaled","39","true","E111","E140","E169","E198","","","false","standard","normal"
"NPC0644","Talia Arc","fixed_world_battle","true","4","story_plus_party_scaled","43","true","E131","E160","E189","E218","","","false","standard","normal"
"NPC0645","Uma Holt","fixed_world_battle","true","4","story_plus_party_scaled","47","true","E151","E180","E209","E238","","","false","standard","smart"
"NPC0646","Venn Sol","fixed_world_battle","true","4","story_plus_party_scaled","51","true","E171","E200","E229","E258","","","false","standard","smart"
"NPC0647","Wren Maren","fixed_world_battle","true","4","story_plus_party_scaled","55","true","E191","E220","E249","E278","","","false","standard","smart"
"NPC0648","Xara Tor","fixed_world_battle","true","5","story_plus_party_scaled","51","true","E211","E240","E269","E013","E042","","false","standard","smart"
"NPC0649","Yven Vale","fixed_world_battle","true","5","story_plus_party_scaled","55","true","E231","E260","E004","E033","E062","","false","standard","smart"
"NPC0650","Zale Quill","fixed_world_battle","true","5","story_plus_party_scaled","59","true","E251","E280","E024","E053","E082","","false","standard","smart"
"NPC0651","Ari Nox","fixed_world_battle","true","5","story_plus_party_scaled","63","true","E271","E015","E044","E073","E102","","false","standard","smart"
"NPC0652","Bela Reed","fixed_world_battle","true","5","story_plus_party_scaled","67","true","E006","E035","E064","E093","E122","","false","standard","smart"
"NPC0653","Cato Esh","fixed_world_battle","true","5","story_plus_party_scaled","71","true","E026","E055","E084","E113","E142","","false","standard","smart"
"NPC0654","Dena Rusk","fixed_world_battle","true","5","story_plus_party_scaled","75","true","E046","E075","E104","E133","E162","","false","standard","smart"
"NPC0655","Eron Voss","fixed_world_battle","true","6","story_plus_party_scaled","79","true","E066","E095","E124","E153","E182","E211","false","advanced","expert"
"NPC0656","Fia Rook","fixed_world_battle","true","6","story_plus_party_scaled","75","true","E086","E115","E144","E173","E202","E231","false","advanced","expert"
"NPC0657","Garr Fenn","fixed_world_battle","true","6","story_plus_party_scaled","79","true","E106","E135","E164","E193","E222","E251","false","advanced","expert"
"NPC0658","Hale Wren","fixed_world_battle","true","6","story_plus_party_scaled","83","true","E126","E155","E184","E213","E242","E271","false","advanced","expert"
"NPC0659","Ira Pell","fixed_world_battle","true","6","story_plus_party_scaled","87","true","E146","E175","E204","E233","E262","E006","false","advanced","expert"
"NPC0660","Juno Thane","fixed_world_battle","true","6","story_plus_party_scaled","91","true","E166","E195","E224","E253","E282","E026","false","advanced","expert"
"NPC0661","Kira Silt","fixed_world_battle","true","2","story_plus_party_scaled","5","false","E081","E110","","","","","false","none","basic"
"NPC0662","Lio Keir","fixed_world_battle","true","2","story_plus_party_scaled","9","false","E101","E130","","","","","false","none","basic"
"NPC0663","Mira Noct","fixed_world_battle","true","2","story_plus_party_scaled","13","false","E121","E150","","","","","false","none","basic"
"NPC0664","Nox Arc","fixed_world_battle","true","3","story_plus_party_scaled","9","false","E141","E170","E199","","","","false","none","basic"
"NPC0665","Oren Holt","fixed_world_battle","true","3","story_plus_party_scaled","13","false","E161","E190","E219","","","","false","none","basic"
"NPC0666","Pax Sol","fixed_world_battle","true","3","story_plus_party_scaled","17","false","E181","E210","E239","","","","false","none","normal"
"NPC0667","Quin Maren","fixed_world_battle","true","3","story_plus_party_scaled","21","false","E201","E230","E259","","","","false","none","normal"
"NPC0668","Rhea Tor","fixed_world_battle","true","3","story_plus_party_scaled","25","false","E221","E250","E279","","","","false","none","normal"
"NPC0669","Senn Vale","fixed_world_battle","true","3","story_plus_party_scaled","29","false","E241","E270","E014","","","","false","none","normal"
"NPC0670","Talia Quill","fixed_world_battle","true","4","story_plus_party_scaled","33","true","E261","E005","E034","E063","","","false","none","normal"
"NPC0671","Uma Nox","fixed_world_battle","true","4","story_plus_party_scaled","37","true","E281","E025","E054","E083","","","false","none","normal"
"NPC0672","Venn Reed","fixed_world_battle","true","4","story_plus_party_scaled","33","true","E016","E045","E074","E103","","","false","standard","normal"
"NPC0673","Wren Esh","fixed_world_battle","true","4","story_plus_party_scaled","37","true","E036","E065","E094","E123","","","false","standard","normal"
"NPC0674","Xara Rusk","fixed_world_battle","true","4","story_plus_party_scaled","41","true","E056","E085","E114","E143","","","false","standard","normal"
"NPC0675","Yven Voss","fixed_world_battle","true","4","story_plus_party_scaled","45","true","E076","E105","E134","E163","","","false","standard","smart"
"NPC0676","Zale Rook","fixed_world_battle","true","4","story_plus_party_scaled","49","true","E096","E125","E154","E183","","","false","standard","smart"
"NPC0677","Ari Fenn","fixed_world_battle","true","4","story_plus_party_scaled","53","true","E116","E145","E174","E203","","","false","standard","smart"
"NPC0678","Bela Wren","fixed_world_battle","true","5","story_plus_party_scaled","57","true","E136","E165","E194","E223","E252","","false","standard","smart"
"NPC0679","Cato Pell","fixed_world_battle","true","5","story_plus_party_scaled","61","true","E156","E185","E214","E243","E272","","false","standard","smart"
"NPC0680","Dena Thane","fixed_world_battle","true","5","story_plus_party_scaled","57","true","E176","E205","E234","E263","E007","","false","standard","smart"
"NPC0681","Eron Silt","fixed_world_battle","true","5","story_plus_party_scaled","61","true","E196","E225","E254","E283","E027","","false","standard","smart"
"NPC0682","Fia Keir","fixed_world_battle","true","5","story_plus_party_scaled","65","true","E216","E245","E274","E018","E047","","false","standard","smart"
"NPC0683","Garr Noct","fixed_world_battle","true","5","story_plus_party_scaled","69","true","E236","E265","E009","E038","E067","","false","standard","smart"
"NPC0684","Hale Arc","fixed_world_battle","true","5","story_plus_party_scaled","73","true","E256","E285","E029","E058","E087","","false","standard","smart"
"NPC0685","Ira Holt","fixed_world_battle","true","6","story_plus_party_scaled","77","true","E276","E020","E049","E078","E107","E136","false","advanced","expert"
"NPC0686","Juno Sol","fixed_world_battle","true","6","story_plus_party_scaled","81","true","E011","E040","E069","E098","E127","E156","false","advanced","expert"
"NPC0687","Kira Maren","fixed_world_battle","true","6","story_plus_party_scaled","85","true","E031","E060","E089","E118","E147","E176","false","advanced","expert"
"NPC0688","Lio Tor","fixed_world_battle","true","6","story_plus_party_scaled","81","true","E051","E080","E109","E138","E167","E196","false","advanced","expert"
"NPC0689","Mira Vale","fixed_world_battle","true","6","story_plus_party_scaled","85","true","E071","E100","E129","E158","E187","E216","false","advanced","expert"
"NPC0690","Nox Quill","fixed_world_battle","true","6","story_plus_party_scaled","89","true","E091","E120","E149","E178","E207","E236","false","advanced","expert"
"NPC0691","Oren Nox","fixed_world_battle","true","2","story_plus_party_scaled","3","false","E006","E035","","","","","false","none","basic"
"NPC0692","Pax Reed","fixed_world_battle","true","2","story_plus_party_scaled","7","false","E026","E055","","","","","false","none","basic"
"NPC0693","Quin Esh","fixed_world_battle","true","2","story_plus_party_scaled","11","false","E046","E075","","","","","false","none","basic"
"NPC0694","Rhea Rusk","fixed_world_battle","true","3","story_plus_party_scaled","15","false","E066","E095","E124","","","","false","none","basic"
"NPC0695","Senn Voss","fixed_world_battle","true","3","story_plus_party_scaled","19","false","E086","E115","E144","","","","false","none","basic"
"NPC0696","Talia Rook","fixed_world_battle","true","3","story_plus_party_scaled","15","false","E106","E135","E164","","","","false","none","normal"
"NPC0697","Uma Fenn","fixed_world_battle","true","3","story_plus_party_scaled","19","false","E126","E155","E184","","","","false","none","normal"
"NPC0698","Venn Wren","fixed_world_battle","true","3","story_plus_party_scaled","23","false","E146","E175","E204","","","","false","none","normal"
"NPC0699","Wren Pell","fixed_world_battle","true","3","story_plus_party_scaled","27","false","E166","E195","E224","","","","false","none","normal"
"NPC0700","Xara Thane","fixed_world_battle","true","4","story_plus_party_scaled","31","true","E186","E215","E244","E273","","","false","none","normal"
"NPC0701","Yven Silt","optional_rematch_postgame","true","4","story_plus_party_scaled","35","true","E206","E235","E264","E008","","","false","none","normal"
"NPC0702","Zale Keir","optional_rematch_postgame","true","4","story_plus_party_scaled","39","true","E226","E255","E284","E028","","","false","standard","normal"
"NPC0703","Ari Noct","optional_rematch_postgame","true","4","story_plus_party_scaled","43","true","E246","E275","E019","E048","","","false","standard","normal"
"NPC0704","Bela Arc","optional_rematch_postgame","true","4","story_plus_party_scaled","39","true","E266","E010","E039","E068","","","false","standard","normal"
"NPC0705","Cato Holt","optional_rematch_postgame","true","4","story_plus_party_scaled","43","true","E001","E030","E059","E088","","","false","standard","smart"
"NPC0706","Dena Sol","optional_rematch_postgame","true","4","story_plus_party_scaled","47","true","E021","E050","E079","E108","","","false","standard","smart"
"NPC0707","Eron Maren","optional_rematch_postgame","true","4","story_plus_party_scaled","51","true","E041","E070","E099","E128","","","false","standard","smart"
"NPC0708","Fia Tor","optional_rematch_postgame","true","5","story_plus_party_scaled","55","true","E061","E090","E119","E148","E177","","false","standard","smart"
"NPC0709","Garr Vale","optional_rematch_postgame","true","5","story_plus_party_scaled","59","true","E081","E110","E139","E168","E197","","false","standard","smart"
"NPC0710","Hale Quill","optional_rematch_postgame","true","5","story_plus_party_scaled","63","true","E101","E130","E159","E188","E217","","false","standard","smart"
"NPC0711","Ira Nox","optional_rematch_postgame","true","5","story_plus_party_scaled","67","true","E121","E150","E179","E208","E237","","false","standard","smart"
"NPC0712","Juno Reed","optional_rematch_postgame","true","5","story_plus_party_scaled","63","true","E141","E170","E199","E228","E257","","false","standard","smart"
"NPC0713","Kira Esh","optional_rematch_postgame","true","5","story_plus_party_scaled","67","true","E161","E190","E219","E248","E277","","false","standard","smart"
"NPC0714","Lio Rusk","optional_rematch_postgame","true","5","story_plus_party_scaled","71","true","E181","E210","E239","E268","E012","","false","standard","smart"
"NPC0715","Mira Voss","optional_rematch_postgame","true","6","story_plus_party_scaled","75","true","E201","E230","E259","E003","E032","E061","false","advanced","expert"
"NPC0716","Nox Rook","optional_rematch_postgame","true","6","story_plus_party_scaled","79","true","E221","E250","E279","E023","E052","E081","false","advanced","expert"
"NPC0717","Oren Fenn","optional_rematch_postgame","true","6","story_plus_party_scaled","83","true","E241","E270","E014","E043","E072","E101","false","advanced","expert"
"NPC0718","Pax Wren","optional_rematch_postgame","true","6","story_plus_party_scaled","87","true","E261","E005","E034","E063","E092","E121","false","advanced","expert"
"NPC0719","Quin Pell","optional_rematch_postgame","true","6","story_plus_party_scaled","91","true","E281","E025","E054","E083","E112","E141","false","advanced","expert"
"NPC0720","Rhea Thane","optional_rematch_postgame","true","6","story_plus_party_scaled","87","true","E016","E045","E074","E103","E132","E161","false","advanced","expert"
"NPC0721","Senn Silt","optional_rematch_postgame","true","2","story_plus_party_scaled","3","false","E216","E245","","","","","false","none","basic"
"NPC0722","Talia Keir","optional_rematch_postgame","true","2","story_plus_party_scaled","5","false","E236","E265","","","","","false","none","basic"
"NPC0723","Uma Noct","optional_rematch_postgame","true","2","story_plus_party_scaled","9","false","E256","E285","","","","","false","none","basic"
"NPC0724","Venn Arc","optional_rematch_postgame","true","3","story_plus_party_scaled","13","false","E276","E020","E049","","","","false","none","basic"
"NPC0725","Wren Holt","optional_rematch_postgame","true","3","story_plus_party_scaled","17","false","E011","E040","E069","","","","false","none","basic"
"NPC0726","Xara Sol","optional_rematch_postgame","true","3","story_plus_party_scaled","21","false","E031","E060","E089","","","","false","none","normal"
"NPC0727","Yven Maren","optional_rematch_postgame","true","3","story_plus_party_scaled","25","false","E051","E080","E109","","","","false","none","normal"
"NPC0728","Zale Tor","optional_rematch_postgame","true","3","story_plus_party_scaled","21","false","E071","E100","E129","","","","false","none","normal"
"NPC0729","Ari Vale","optional_rematch_postgame","true","3","story_plus_party_scaled","25","false","E091","E120","E149","","","","false","none","normal"
"NPC0730","Bela Quill","optional_rematch_postgame","true","4","story_plus_party_scaled","29","true","E111","E140","E169","E198","","","false","none","normal"
"NPC0731","Cato Nox","optional_rematch_postgame","true","4","story_plus_party_scaled","33","true","E131","E160","E189","E218","","","false","none","normal"
"NPC0732","Dena Reed","optional_rematch_postgame","true","4","story_plus_party_scaled","37","true","E151","E180","E209","E238","","","false","standard","normal"
"NPC0733","Eron Esh","optional_rematch_postgame","true","4","story_plus_party_scaled","41","true","E171","E200","E229","E258","","","false","standard","normal"
"NPC0734","Fia Rusk","optional_rematch_postgame","true","4","story_plus_party_scaled","45","true","E191","E220","E249","E278","","","false","standard","normal"
"NPC0735","Garr Voss","optional_rematch_postgame","true","4","story_plus_party_scaled","49","true","E211","E240","E269","E013","","","false","standard","smart"
"NPC0736","Hale Rook","optional_rematch_postgame","true","4","story_plus_party_scaled","45","true","E231","E260","E004","E033","","","false","standard","smart"
"NPC0737","Ira Fenn","optional_rematch_postgame","true","4","story_plus_party_scaled","49","true","E251","E280","E024","E053","","","false","standard","smart"
"NPC0738","Juno Wren","optional_rematch_postgame","true","5","story_plus_party_scaled","53","true","E271","E015","E044","E073","E102","","false","standard","smart"
"NPC0739","Kira Pell","optional_rematch_postgame","true","5","story_plus_party_scaled","57","true","E006","E035","E064","E093","E122","","false","standard","smart"
"NPC0740","Lio Thane","optional_rematch_postgame","true","5","story_plus_party_scaled","61","true","E026","E055","E084","E113","E142","","false","standard","smart"
"NPC0741","Mira Silt","optional_rematch_postgame","true","5","story_plus_party_scaled","65","true","E046","E075","E104","E133","E162","","false","standard","smart"
"NPC0742","Nox Keir","optional_rematch_postgame","true","5","story_plus_party_scaled","69","true","E066","E095","E124","E153","E182","","false","standard","smart"
"NPC0743","Oren Noct","optional_rematch_postgame","true","5","story_plus_party_scaled","73","true","E086","E115","E144","E173","E202","","false","standard","smart"
"NPC0744","Pax Arc","optional_rematch_postgame","true","5","story_plus_party_scaled","69","true","E106","E135","E164","E193","E222","","false","standard","smart"
"NPC0745","Quin Holt","optional_rematch_postgame","true","6","story_plus_party_scaled","73","true","E126","E155","E184","E213","E242","E271","false","advanced","expert"
"NPC0746","Rhea Sol","optional_rematch_postgame","true","6","story_plus_party_scaled","77","true","E146","E175","E204","E233","E262","E006","false","advanced","expert"
"NPC0747","Senn Maren","optional_rematch_postgame","true","6","story_plus_party_scaled","81","true","E166","E195","E224","E253","E282","E026","false","advanced","expert"
"NPC0748","Talia Tor","optional_rematch_postgame","true","6","story_plus_party_scaled","85","true","E186","E215","E244","E273","E017","E046","false","advanced","expert"
"NPC0749","Uma Vale","optional_rematch_postgame","true","6","story_plus_party_scaled","89","true","E206","E235","E264","E008","E037","E066","false","advanced","expert"
"NPC0750","Venn Quill","optional_rematch_postgame","true","6","story_plus_party_scaled","93","true","E226","E255","E284","E028","E057","E086","false","advanced","expert"
"NPC0751","Wren Nox","optional_rematch_postgame","true","2","story_plus_party_scaled","7","false","E141","E170","","","","","false","none","basic"
"NPC0752","Xara Reed","optional_rematch_postgame","true","2","story_plus_party_scaled","3","false","E161","E190","","","","","false","none","basic"
"NPC0753","Yven Esh","optional_rematch_postgame","true","2","story_plus_party_scaled","7","false","E181","E210","","","","","false","none","basic"
"NPC0754","Zale Rusk","optional_rematch_postgame","true","3","story_plus_party_scaled","11","false","E201","E230","E259","","","","false","none","basic"
"NPC0755","Ari Voss","optional_rematch_postgame","true","3","story_plus_party_scaled","15","false","E221","E250","E279","","","","false","none","basic"
"NPC0756","Bela Rook","optional_rematch_postgame","true","3","story_plus_party_scaled","19","false","E241","E270","E014","","","","false","none","normal"
"NPC0757","Cato Fenn","optional_rematch_postgame","true","3","story_plus_party_scaled","23","false","E261","E005","E034","","","","false","none","normal"
"NPC0758","Dena Wren","optional_rematch_postgame","true","3","story_plus_party_scaled","27","false","E281","E025","E054","","","","false","none","normal"
"NPC0759","Eron Pell","optional_rematch_postgame","true","3","story_plus_party_scaled","31","false","E016","E045","E074","","","","false","none","normal"
"NPC0760","Fia Thane","optional_rematch_postgame","true","4","story_plus_party_scaled","27","true","E036","E065","E094","E123","","","false","none","normal"
"NPC0761","Garr Silt","optional_rematch_postgame","true","4","story_plus_party_scaled","31","true","E056","E085","E114","E143","","","false","none","normal"
"NPC0762","Hale Keir","optional_rematch_postgame","true","4","story_plus_party_scaled","35","true","E076","E105","E134","E163","","","false","standard","normal"
"NPC0763","Ira Noct","optional_rematch_postgame","true","4","story_plus_party_scaled","39","true","E096","E125","E154","E183","","","false","standard","normal"
"NPC0764","Juno Arc","optional_rematch_postgame","true","4","story_plus_party_scaled","43","true","E116","E145","E174","E203","","","false","standard","normal"
"NPC0765","Kira Holt","optional_rematch_postgame","true","4","story_plus_party_scaled","47","true","E136","E165","E194","E223","","","false","standard","smart"
"NPC0766","Lio Sol","optional_rematch_postgame","true","4","story_plus_party_scaled","51","true","E156","E185","E214","E243","","","false","standard","smart"
"NPC0767","Mira Maren","optional_rematch_postgame","true","4","story_plus_party_scaled","55","true","E176","E205","E234","E263","","","false","standard","smart"
"NPC0768","Nox Tor","optional_rematch_postgame","true","5","story_plus_party_scaled","51","true","E196","E225","E254","E283","E027","","false","standard","smart"
"NPC0769","Oren Vale","optional_rematch_postgame","true","5","story_plus_party_scaled","55","true","E216","E245","E274","E018","E047","","false","standard","smart"
"NPC0770","Pax Quill","optional_rematch_postgame","true","5","story_plus_party_scaled","59","true","E236","E265","E009","E038","E067","","false","standard","smart"
"NPC0771","Quin Nox","optional_rematch_postgame","true","5","story_plus_party_scaled","63","true","E256","E285","E029","E058","E087","","false","standard","smart"
"NPC0772","Rhea Reed","optional_rematch_postgame","true","5","story_plus_party_scaled","67","true","E276","E020","E049","E078","E107","","false","standard","smart"
"NPC0773","Senn Esh","optional_rematch_postgame","true","5","story_plus_party_scaled","71","true","E011","E040","E069","E098","E127","","false","standard","smart"
"NPC0774","Talia Rusk","optional_rematch_postgame","true","5","story_plus_party_scaled","75","true","E031","E060","E089","E118","E147","","false","standard","smart"
"NPC0775","Uma Voss","optional_rematch_postgame","true","6","story_plus_party_scaled","79","true","E051","E080","E109","E138","E167","E196","false","advanced","expert"
"NPC0776","Venn Rook","optional_rematch_postgame","true","6","story_plus_party_scaled","75","true","E071","E100","E129","E158","E187","E216","false","advanced","expert"
"NPC0777","Wren Fenn","optional_rematch_postgame","true","6","story_plus_party_scaled","79","true","E091","E120","E149","E178","E207","E236","false","advanced","expert"
"NPC0778","Xara Wren","optional_rematch_postgame","true","6","story_plus_party_scaled","83","true","E111","E140","E169","E198","E227","E256","false","advanced","expert"
"NPC0779","Yven Pell","optional_rematch_postgame","true","6","story_plus_party_scaled","87","true","E131","E160","E189","E218","E247","E276","false","advanced","expert"
"NPC0780","Zale Thane","optional_rematch_postgame","true","6","story_plus_party_scaled","91","true","E151","E180","E209","E238","E267","E011","false","advanced","expert"
"NPC0781","Ari Silt","optional_rematch_postgame","true","2","story_plus_party_scaled","5","false","E066","E095","","","","","false","none","basic"
"NPC0782","Bela Keir","optional_rematch_postgame","true","2","story_plus_party_scaled","9","false","E086","E115","","","","","false","none","basic"
"NPC0783","Cato Noct","optional_rematch_postgame","true","2","story_plus_party_scaled","13","false","E106","E135","","","","","false","none","basic"
"NPC0784","Dena Arc","optional_rematch_postgame","true","3","story_plus_party_scaled","9","false","E126","E155","E184","","","","false","none","basic"
"NPC0785","Eron Holt","optional_rematch_postgame","true","3","story_plus_party_scaled","13","false","E146","E175","E204","","","","false","none","basic"
"NPC0786","Fia Sol","optional_rematch_postgame","true","3","story_plus_party_scaled","17","false","E166","E195","E224","","","","false","none","normal"
"NPC0787","Garr Maren","optional_rematch_postgame","true","3","story_plus_party_scaled","21","false","E186","E215","E244","","","","false","none","normal"
"NPC0788","Hale Tor","optional_rematch_postgame","true","3","story_plus_party_scaled","25","false","E206","E235","E264","","","","false","none","normal"
"NPC0789","Ira Vale","optional_rematch_postgame","true","3","story_plus_party_scaled","29","false","E226","E255","E284","","","","false","none","normal"
"NPC0790","Juno Quill","optional_rematch_postgame","true","4","story_plus_party_scaled","33","true","E246","E275","E019","E048","","","false","none","normal"
"NPC0791","Kira Nox","optional_rematch_postgame","true","4","story_plus_party_scaled","37","true","E266","E010","E039","E068","","","false","none","normal"
"NPC0792","Lio Reed","optional_rematch_postgame","true","4","story_plus_party_scaled","33","true","E001","E030","E059","E088","","","false","standard","normal"
"NPC0793","Mira Esh","optional_rematch_postgame","true","4","story_plus_party_scaled","37","true","E021","E050","E079","E108","","","false","standard","normal"
"NPC0794","Nox Rusk","optional_rematch_postgame","true","4","story_plus_party_scaled","41","true","E041","E070","E099","E128","","","false","standard","normal"
"NPC0795","Oren Voss","optional_rematch_postgame","true","4","story_plus_party_scaled","45","true","E061","E090","E119","E148","","","false","standard","smart"
"NPC0796","Pax Rook","optional_rematch_postgame","true","4","story_plus_party_scaled","49","true","E081","E110","E139","E168","","","false","standard","smart"
"NPC0797","Quin Fenn","optional_rematch_postgame","true","4","story_plus_party_scaled","53","true","E101","E130","E159","E188","","","false","standard","smart"
"NPC0798","Rhea Wren","optional_rematch_postgame","true","5","story_plus_party_scaled","57","true","E121","E150","E179","E208","E237","","false","standard","smart"
"NPC0799","Senn Pell","optional_rematch_postgame","true","5","story_plus_party_scaled","61","true","E141","E170","E199","E228","E257","","false","standard","smart"
"NPC0800","Talia Thane","optional_rematch_postgame","true","5","story_plus_party_scaled","57","true","E161","E190","E219","E248","E277","","false","standard","smart"
"NPC0801","Uma Silt","optional_rematch_postgame","true","5","story_plus_party_scaled","61","true","E181","E210","E239","E268","E012","","false","standard","smart"
"NPC0802","Venn Keir","optional_rematch_postgame","true","5","story_plus_party_scaled","65","true","E201","E230","E259","E003","E032","","false","standard","smart"
"NPC0803","Wren Noct","optional_rematch_postgame","true","5","story_plus_party_scaled","69","true","E221","E250","E279","E023","E052","","false","standard","smart"
"NPC0804","Xara Arc","optional_rematch_postgame","true","5","story_plus_party_scaled","73","true","E241","E270","E014","E043","E072","","false","standard","smart"
"NPC0805","Yven Holt","optional_rematch_postgame","true","6","story_plus_party_scaled","77","true","E261","E005","E034","E063","E092","E121","false","advanced","expert"
"NPC0806","Zale Sol","optional_rematch_postgame","true","6","story_plus_party_scaled","81","true","E281","E025","E054","E083","E112","E141","false","advanced","expert"
"NPC0807","Ari Maren","optional_rematch_postgame","true","6","story_plus_party_scaled","85","true","E016","E045","E074","E103","E132","E161","false","advanced","expert"
"NPC0808","Bela Tor","optional_rematch_postgame","true","6","story_plus_party_scaled","81","true","E036","E065","E094","E123","E152","E181","false","advanced","expert"
"NPC0809","Cato Vale","optional_rematch_postgame","true","6","story_plus_party_scaled","85","true","E056","E085","E114","E143","E172","E201","false","advanced","expert"
"NPC0810","Dena Quill","optional_rematch_postgame","true","6","story_plus_party_scaled","89","true","E076","E105","E134","E163","E192","E221","false","advanced","expert"
"NPC0811","Eron Nox","optional_rematch_postgame","true","2","story_plus_party_scaled","3","false","E276","E020","","","","","false","none","basic"
"NPC0812","Fia Reed","optional_rematch_postgame","true","2","story_plus_party_scaled","7","false","E011","E040","","","","","false","none","basic"
"NPC0813","Garr Esh","optional_rematch_postgame","true","2","story_plus_party_scaled","11","false","E031","E060","","","","","false","none","basic"
"NPC0814","Hale Rusk","optional_rematch_postgame","true","3","story_plus_party_scaled","15","false","E051","E080","E109","","","","false","none","basic"
"NPC0815","Ira Voss","optional_rematch_postgame","true","3","story_plus_party_scaled","19","false","E071","E100","E129","","","","false","none","basic"
"NPC0816","Juno Rook","optional_rematch_postgame","true","3","story_plus_party_scaled","15","false","E091","E120","E149","","","","false","none","normal"
"NPC0817","Kira Fenn","optional_rematch_postgame","true","3","story_plus_party_scaled","19","false","E111","E140","E169","","","","false","none","normal"
"NPC0818","Lio Wren","optional_rematch_postgame","true","3","story_plus_party_scaled","23","false","E131","E160","E189","","","","false","none","normal"
"NPC0819","Mira Pell","optional_rematch_postgame","true","3","story_plus_party_scaled","27","false","E151","E180","E209","","","","false","none","normal"
"NPC0820","Nox Thane","optional_rematch_postgame","true","4","story_plus_party_scaled","31","true","E171","E200","E229","E258","","","false","none","normal"
"NPC0821","Oren Silt","optional_rematch_postgame","true","4","story_plus_party_scaled","35","true","E191","E220","E249","E278","","","false","none","normal"
"NPC0822","Pax Keir","optional_rematch_postgame","true","4","story_plus_party_scaled","39","true","E211","E240","E269","E013","","","false","standard","normal"
"NPC0823","Quin Noct","optional_rematch_postgame","true","4","story_plus_party_scaled","43","true","E231","E260","E004","E033","","","false","standard","normal"
"NPC0824","Rhea Arc","optional_rematch_postgame","true","4","story_plus_party_scaled","39","true","E251","E280","E024","E053","","","false","standard","normal"
"NPC0825","Senn Holt","optional_rematch_postgame","true","4","story_plus_party_scaled","43","true","E271","E015","E044","E073","","","false","standard","smart"
"NPC0826","Talia Sol","optional_rematch_postgame","true","4","story_plus_party_scaled","47","true","E006","E035","E064","E093","","","false","standard","smart"
"NPC0827","Uma Maren","optional_rematch_postgame","true","4","story_plus_party_scaled","51","true","E026","E055","E084","E113","","","false","standard","smart"
"NPC0828","Venn Tor","optional_rematch_postgame","true","5","story_plus_party_scaled","55","true","E046","E075","E104","E133","E162","","false","standard","smart"
"NPC0829","Wren Vale","optional_rematch_postgame","true","5","story_plus_party_scaled","59","true","E066","E095","E124","E153","E182","","false","standard","smart"
"NPC0830","Xara Quill","optional_rematch_postgame","true","5","story_plus_party_scaled","63","true","E086","E115","E144","E173","E202","","false","standard","smart"
"NPC0831","Yven Nox","optional_rematch_postgame","true","5","story_plus_party_scaled","67","true","E106","E135","E164","E193","E222","","false","standard","smart"
"NPC0832","Zale Reed","optional_rematch_postgame","true","5","story_plus_party_scaled","63","true","E126","E155","E184","E213","E242","","false","standard","smart"
"NPC0833","Ari Esh","optional_rematch_postgame","true","5","story_plus_party_scaled","67","true","E146","E175","E204","E233","E262","","false","standard","smart"
"NPC0834","Bela Rusk","optional_rematch_postgame","true","5","story_plus_party_scaled","71","true","E166","E195","E224","E253","E282","","false","standard","smart"
"NPC0835","Cato Voss","optional_rematch_postgame","true","6","story_plus_party_scaled","75","true","E186","E215","E244","E273","E017","E046","false","advanced","expert"
"NPC0836","Dena Rook","optional_rematch_postgame","true","6","story_plus_party_scaled","79","true","E206","E235","E264","E008","E037","E066","false","advanced","expert"
"NPC0837","Eron Fenn","optional_rematch_postgame","true","6","story_plus_party_scaled","83","true","E226","E255","E284","E028","E057","E086","false","advanced","expert"
"NPC0838","Fia Wren","optional_rematch_postgame","true","6","story_plus_party_scaled","87","true","E246","E275","E019","E048","E077","E106","false","advanced","expert"
"NPC0839","Garr Pell","optional_rematch_postgame","true","6","story_plus_party_scaled","91","true","E266","E010","E039","E068","E097","E126","false","advanced","expert"
"NPC0840","Hale Thane","optional_rematch_postgame","true","6","story_plus_party_scaled","87","true","E001","E030","E059","E088","E117","E146","false","advanced","expert"
"NPC0841","Ira Silt","optional_rematch_postgame","true","2","story_plus_party_scaled","3","false","E201","E230","","","","","false","none","basic"
"NPC0842","Juno Keir","optional_rematch_postgame","true","2","story_plus_party_scaled","5","false","E221","E250","","","","","false","none","basic"
"NPC0843","Kira Noct","optional_rematch_postgame","true","2","story_plus_party_scaled","9","false","E241","E270","","","","","false","none","basic"
"NPC0844","Lio Arc","optional_rematch_postgame","true","3","story_plus_party_scaled","13","false","E261","E005","E034","","","","false","none","basic"
"NPC0845","Mira Holt","optional_rematch_postgame","true","3","story_plus_party_scaled","17","false","E281","E025","E054","","","","false","none","basic"
"NPC0846","Nox Sol","optional_rematch_postgame","true","3","story_plus_party_scaled","21","false","E016","E045","E074","","","","false","none","normal"
"NPC0847","Oren Maren","optional_rematch_postgame","true","3","story_plus_party_scaled","25","false","E036","E065","E094","","","","false","none","normal"
"NPC0848","Pax Tor","optional_rematch_postgame","true","3","story_plus_party_scaled","21","false","E056","E085","E114","","","","false","none","normal"
"NPC0849","Quin Vale","optional_rematch_postgame","true","3","story_plus_party_scaled","25","false","E076","E105","E134","","","","false","none","normal"
"NPC0850","Rhea Quill","optional_rematch_postgame","true","4","story_plus_party_scaled","29","true","E096","E125","E154","E183","","","false","none","normal"
"NPC0851","Senn Nox","optional_rematch_postgame","true","4","story_plus_party_scaled","33","true","E116","E145","E174","E203","","","false","none","normal"
"NPC0852","Talia Reed","optional_rematch_postgame","true","4","story_plus_party_scaled","37","true","E136","E165","E194","E223","","","false","standard","normal"
"NPC0853","Uma Esh","optional_rematch_postgame","true","4","story_plus_party_scaled","41","true","E156","E185","E214","E243","","","false","standard","normal"
"NPC0854","Venn Rusk","optional_rematch_postgame","true","4","story_plus_party_scaled","45","true","E176","E205","E234","E263","","","false","standard","normal"
"NPC0855","Wren Voss","optional_rematch_postgame","true","4","story_plus_party_scaled","49","true","E196","E225","E254","E283","","","false","standard","smart"
"NPC0856","Xara Rook","optional_rematch_postgame","true","4","story_plus_party_scaled","45","true","E216","E245","E274","E018","","","false","standard","smart"
"NPC0857","Yven Fenn","optional_rematch_postgame","true","4","story_plus_party_scaled","49","true","E236","E265","E009","E038","","","false","standard","smart"
"NPC0858","Zale Wren","optional_rematch_postgame","true","5","story_plus_party_scaled","53","true","E256","E285","E029","E058","E087","","false","standard","smart"
"NPC0859","Ari Pell","optional_rematch_postgame","true","5","story_plus_party_scaled","57","true","E276","E020","E049","E078","E107","","false","standard","smart"
"NPC0860","Bela Thane","optional_rematch_postgame","true","5","story_plus_party_scaled","61","true","E011","E040","E069","E098","E127","","false","standard","smart"
"NPC0861","Cato Silt","optional_rematch_postgame","true","5","story_plus_party_scaled","65","true","E031","E060","E089","E118","E147","","false","standard","smart"
"NPC0862","Dena Keir","optional_rematch_postgame","true","5","story_plus_party_scaled","69","true","E051","E080","E109","E138","E167","","false","standard","smart"
"NPC0863","Eron Noct","optional_rematch_postgame","true","5","story_plus_party_scaled","73","true","E071","E100","E129","E158","E187","","false","standard","smart"
"NPC0864","Fia Arc","optional_rematch_postgame","true","5","story_plus_party_scaled","69","true","E091","E120","E149","E178","E207","","false","standard","smart"
"NPC0865","Garr Holt","optional_rematch_postgame","true","6","story_plus_party_scaled","73","true","E111","E140","E169","E198","E227","E256","false","advanced","expert"
"NPC0866","Hale Sol","optional_rematch_postgame","true","6","story_plus_party_scaled","77","true","E131","E160","E189","E218","E247","E276","false","advanced","expert"
"NPC0867","Ira Maren","optional_rematch_postgame","true","6","story_plus_party_scaled","81","true","E151","E180","E209","E238","E267","E011","false","advanced","expert"
"NPC0868","Juno Tor","optional_rematch_postgame","true","6","story_plus_party_scaled","85","true","E171","E200","E229","E258","E002","E031","false","advanced","expert"
"NPC0869","Kira Vale","optional_rematch_postgame","true","6","story_plus_party_scaled","89","true","E191","E220","E249","E278","E022","E051","false","advanced","expert"
"NPC0870","Lio Quill","optional_rematch_postgame","true","6","story_plus_party_scaled","93","true","E211","E240","E269","E013","E042","E071","false","advanced","expert"
"NPC0871","Mira Nox","optional_rematch_postgame","true","2","story_plus_party_scaled","7","false","E126","E155","","","","","false","none","basic"
"NPC0872","Nox Reed","optional_rematch_postgame","true","2","story_plus_party_scaled","3","false","E146","E175","","","","","false","none","basic"
"NPC0873","Oren Esh","optional_rematch_postgame","true","2","story_plus_party_scaled","7","false","E166","E195","","","","","false","none","basic"
"NPC0874","Pax Rusk","optional_rematch_postgame","true","3","story_plus_party_scaled","11","false","E186","E215","E244","","","","false","none","basic"
"NPC0875","Quin Voss","optional_rematch_postgame","true","3","story_plus_party_scaled","15","false","E206","E235","E264","","","","false","none","basic"
"NPC0876","Rhea Rook","optional_rematch_postgame","true","3","story_plus_party_scaled","19","false","E226","E255","E284","","","","false","none","normal"
"NPC0877","Senn Fenn","optional_rematch_postgame","true","3","story_plus_party_scaled","23","false","E246","E275","E019","","","","false","none","normal"
"NPC0878","Talia Wren","optional_rematch_postgame","true","3","story_plus_party_scaled","27","false","E266","E010","E039","","","","false","none","normal"
"NPC0879","Uma Pell","optional_rematch_postgame","true","3","story_plus_party_scaled","31","false","E001","E030","E059","","","","false","none","normal"
"NPC0880","Venn Thane","optional_rematch_postgame","true","4","story_plus_party_scaled","27","true","E021","E050","E079","E108","","","false","none","normal"
"NPC0881","Wren Silt","optional_rematch_postgame","true","4","story_plus_party_scaled","31","true","E041","E070","E099","E128","","","false","none","normal"
"NPC0882","Xara Keir","optional_rematch_postgame","true","4","story_plus_party_scaled","35","true","E061","E090","E119","E148","","","false","standard","normal"
"NPC0883","Yven Noct","optional_rematch_postgame","true","4","story_plus_party_scaled","39","true","E081","E110","E139","E168","","","false","standard","normal"
"NPC0884","Zale Arc","optional_rematch_postgame","true","4","story_plus_party_scaled","43","true","E101","E130","E159","E188","","","false","standard","normal"
"NPC0885","Ari Holt","optional_rematch_postgame","true","4","story_plus_party_scaled","47","true","E121","E150","E179","E208","","","false","standard","smart"
"NPC0886","Bela Sol","optional_rematch_postgame","true","4","story_plus_party_scaled","51","true","E141","E170","E199","E228","","","false","standard","smart"
"NPC0887","Cato Maren","optional_rematch_postgame","true","4","story_plus_party_scaled","55","true","E161","E190","E219","E248","","","false","standard","smart"
"NPC0888","Dena Tor","optional_rematch_postgame","true","5","story_plus_party_scaled","51","true","E181","E210","E239","E268","E012","","false","standard","smart"
"NPC0889","Eron Vale","optional_rematch_postgame","true","5","story_plus_party_scaled","55","true","E201","E230","E259","E003","E032","","false","standard","smart"
"NPC0890","Fia Quill","optional_rematch_postgame","true","5","story_plus_party_scaled","59","true","E221","E250","E279","E023","E052","","false","standard","smart"
"NPC0891","Garr Nox","optional_rematch_postgame","true","5","story_plus_party_scaled","63","true","E241","E270","E014","E043","E072","","false","standard","smart"
"NPC0892","Hale Reed","optional_rematch_postgame","true","5","story_plus_party_scaled","67","true","E261","E005","E034","E063","E092","","false","standard","smart"
"NPC0893","Ira Esh","optional_rematch_postgame","true","5","story_plus_party_scaled","71","true","E281","E025","E054","E083","E112","","false","standard","smart"
"NPC0894","Juno Rusk","optional_rematch_postgame","true","5","story_plus_party_scaled","75","true","E016","E045","E074","E103","E132","","false","standard","smart"
"NPC0895","Kira Voss","optional_rematch_postgame","true","6","story_plus_party_scaled","79","true","E036","E065","E094","E123","E152","E181","false","advanced","expert"
"NPC0896","Lio Rook","optional_rematch_postgame","true","6","story_plus_party_scaled","75","true","E056","E085","E114","E143","E172","E201","false","advanced","expert"
"NPC0897","Mira Fenn","optional_rematch_postgame","true","6","story_plus_party_scaled","79","true","E076","E105","E134","E163","E192","E221","false","advanced","expert"
"NPC0898","Nox Wren","optional_rematch_postgame","true","6","story_plus_party_scaled","83","true","E096","E125","E154","E183","E212","E241","false","advanced","expert"
"NPC0899","Oren Pell","optional_rematch_postgame","true","6","story_plus_party_scaled","87","true","E116","E145","E174","E203","E232","E261","false","advanced","expert"
"NPC0900","Pax Thane","optional_rematch_postgame","true","6","story_plus_party_scaled","91","true","E136","E165","E194","E223","E252","E281","false","advanced","expert"
"NPC0901","Quin Silt","simulation_matrix_pool","false","2","story_plus_party_scaled","5","false","E051","E080","","","","","false","none","basic"
"NPC0902","Rhea Keir","simulation_matrix_pool","false","2","story_plus_party_scaled","9","false","E071","E100","","","","","false","none","basic"
"NPC0903","Senn Noct","simulation_matrix_pool","false","2","story_plus_party_scaled","13","false","E091","E120","","","","","false","none","basic"
"NPC0904","Talia Arc","simulation_matrix_pool","false","3","story_plus_party_scaled","9","false","E111","E140","E169","","","","false","none","basic"
"NPC0905","Uma Holt","simulation_matrix_pool","false","3","story_plus_party_scaled","13","false","E131","E160","E189","","","","false","none","basic"
"NPC0906","Venn Sol","simulation_matrix_pool","false","3","story_plus_party_scaled","17","false","E151","E180","E209","","","","false","none","normal"
"NPC0907","Wren Maren","simulation_matrix_pool","false","3","story_plus_party_scaled","21","false","E171","E200","E229","","","","false","none","normal"
"NPC0908","Xara Tor","simulation_matrix_pool","false","3","story_plus_party_scaled","25","false","E191","E220","E249","","","","false","none","normal"
"NPC0909","Yven Vale","simulation_matrix_pool","false","3","story_plus_party_scaled","29","false","E211","E240","E269","","","","false","none","normal"
"NPC0910","Zale Quill","simulation_matrix_pool","false","4","story_plus_party_scaled","33","true","E231","E260","E004","E033","","","false","none","normal"
"NPC0911","Ari Nox","simulation_matrix_pool","false","4","story_plus_party_scaled","37","true","E251","E280","E024","E053","","","false","none","normal"
"NPC0912","Bela Reed","simulation_matrix_pool","false","4","story_plus_party_scaled","33","true","E271","E015","E044","E073","","","false","standard","normal"
"NPC0913","Cato Esh","simulation_matrix_pool","false","4","story_plus_party_scaled","37","true","E006","E035","E064","E093","","","false","standard","normal"
"NPC0914","Dena Rusk","simulation_matrix_pool","false","4","story_plus_party_scaled","41","true","E026","E055","E084","E113","","","false","standard","normal"
"NPC0915","Eron Voss","simulation_matrix_pool","false","4","story_plus_party_scaled","45","true","E046","E075","E104","E133","","","false","standard","smart"
"NPC0916","Fia Rook","simulation_matrix_pool","false","4","story_plus_party_scaled","49","true","E066","E095","E124","E153","","","false","standard","smart"
"NPC0917","Garr Fenn","simulation_matrix_pool","false","4","story_plus_party_scaled","53","true","E086","E115","E144","E173","","","false","standard","smart"
"NPC0918","Hale Wren","simulation_matrix_pool","false","5","story_plus_party_scaled","57","true","E106","E135","E164","E193","E222","","false","standard","smart"
"NPC0919","Ira Pell","simulation_matrix_pool","false","5","story_plus_party_scaled","61","true","E126","E155","E184","E213","E242","","false","standard","smart"
"NPC0920","Juno Thane","simulation_matrix_pool","false","5","story_plus_party_scaled","57","true","E146","E175","E204","E233","E262","","false","standard","smart"
"NPC0921","Kira Silt","simulation_matrix_pool","false","5","story_plus_party_scaled","61","true","E166","E195","E224","E253","E282","","false","standard","smart"
"NPC0922","Lio Keir","simulation_matrix_pool","false","5","story_plus_party_scaled","65","true","E186","E215","E244","E273","E017","","false","standard","smart"
"NPC0923","Mira Noct","simulation_matrix_pool","false","5","story_plus_party_scaled","69","true","E206","E235","E264","E008","E037","","false","standard","smart"
"NPC0924","Nox Arc","simulation_matrix_pool","false","5","story_plus_party_scaled","73","true","E226","E255","E284","E028","E057","","false","standard","smart"
"NPC0925","Oren Holt","simulation_matrix_pool","false","6","story_plus_party_scaled","77","true","E246","E275","E019","E048","E077","E106","false","advanced","expert"
"NPC0926","Pax Sol","simulation_matrix_pool","false","6","story_plus_party_scaled","81","true","E266","E010","E039","E068","E097","E126","false","advanced","expert"
"NPC0927","Quin Maren","simulation_matrix_pool","false","6","story_plus_party_scaled","85","true","E001","E030","E059","E088","E117","E146","false","advanced","expert"
"NPC0928","Rhea Tor","simulation_matrix_pool","false","6","story_plus_party_scaled","81","true","E021","E050","E079","E108","E137","E166","false","advanced","expert"
"NPC0929","Senn Vale","simulation_matrix_pool","false","6","story_plus_party_scaled","85","true","E041","E070","E099","E128","E157","E186","false","advanced","expert"
"NPC0930","Talia Quill","simulation_matrix_pool","false","6","story_plus_party_scaled","89","true","E061","E090","E119","E148","E177","E206","false","advanced","expert"
"NPC0931","Uma Nox","simulation_matrix_pool","false","2","story_plus_party_scaled","3","false","E261","E005","","","","","false","none","basic"
"NPC0932","Venn Reed","simulation_matrix_pool","false","2","story_plus_party_scaled","7","false","E281","E025","","","","","false","none","basic"
"NPC0933","Wren Esh","simulation_matrix_pool","false","2","story_plus_party_scaled","11","false","E016","E045","","","","","false","none","basic"
"NPC0934","Xara Rusk","simulation_matrix_pool","false","3","story_plus_party_scaled","15","false","E036","E065","E094","","","","false","none","basic"
"NPC0935","Yven Voss","simulation_matrix_pool","false","3","story_plus_party_scaled","19","false","E056","E085","E114","","","","false","none","basic"
"NPC0936","Zale Rook","simulation_matrix_pool","false","3","story_plus_party_scaled","15","false","E076","E105","E134","","","","false","none","normal"
"NPC0937","Ari Fenn","simulation_matrix_pool","false","3","story_plus_party_scaled","19","false","E096","E125","E154","","","","false","none","normal"
"NPC0938","Bela Wren","simulation_matrix_pool","false","3","story_plus_party_scaled","23","false","E116","E145","E174","","","","false","none","normal"
"NPC0939","Cato Pell","simulation_matrix_pool","false","3","story_plus_party_scaled","27","false","E136","E165","E194","","","","false","none","normal"
"NPC0940","Dena Thane","simulation_matrix_pool","false","4","story_plus_party_scaled","31","true","E156","E185","E214","E243","","","false","none","normal"
"NPC0941","Eron Silt","simulation_matrix_pool","false","4","story_plus_party_scaled","35","true","E176","E205","E234","E263","","","false","none","normal"
"NPC0942","Fia Keir","simulation_matrix_pool","false","4","story_plus_party_scaled","39","true","E196","E225","E254","E283","","","false","standard","normal"
"NPC0943","Garr Noct","simulation_matrix_pool","false","4","story_plus_party_scaled","43","true","E216","E245","E274","E018","","","false","standard","normal"
"NPC0944","Hale Arc","simulation_matrix_pool","false","4","story_plus_party_scaled","39","true","E236","E265","E009","E038","","","false","standard","normal"
"NPC0945","Ira Holt","simulation_matrix_pool","false","4","story_plus_party_scaled","43","true","E256","E285","E029","E058","","","false","standard","smart"
"NPC0946","Juno Sol","simulation_matrix_pool","false","4","story_plus_party_scaled","47","true","E276","E020","E049","E078","","","false","standard","smart"
"NPC0947","Kira Maren","simulation_matrix_pool","false","4","story_plus_party_scaled","51","true","E011","E040","E069","E098","","","false","standard","smart"
"NPC0948","Lio Tor","simulation_matrix_pool","false","5","story_plus_party_scaled","55","true","E031","E060","E089","E118","E147","","false","standard","smart"
"NPC0949","Mira Vale","simulation_matrix_pool","false","5","story_plus_party_scaled","59","true","E051","E080","E109","E138","E167","","false","standard","smart"
"NPC0950","Nox Quill","simulation_matrix_pool","false","5","story_plus_party_scaled","63","true","E071","E100","E129","E158","E187","","false","standard","smart"
"NPC0951","Oren Nox","simulation_matrix_pool","false","5","story_plus_party_scaled","67","true","E091","E120","E149","E178","E207","","false","standard","smart"
"NPC0952","Pax Reed","simulation_matrix_pool","false","5","story_plus_party_scaled","63","true","E111","E140","E169","E198","E227","","false","standard","smart"
"NPC0953","Quin Esh","simulation_matrix_pool","false","5","story_plus_party_scaled","67","true","E131","E160","E189","E218","E247","","false","standard","smart"
"NPC0954","Rhea Rusk","simulation_matrix_pool","false","5","story_plus_party_scaled","71","true","E151","E180","E209","E238","E267","","false","standard","smart"
"NPC0955","Senn Voss","simulation_matrix_pool","false","6","story_plus_party_scaled","75","true","E171","E200","E229","E258","E002","E031","false","advanced","expert"
"NPC0956","Talia Rook","simulation_matrix_pool","false","6","story_plus_party_scaled","79","true","E191","E220","E249","E278","E022","E051","false","advanced","expert"
"NPC0957","Uma Fenn","simulation_matrix_pool","false","6","story_plus_party_scaled","83","true","E211","E240","E269","E013","E042","E071","false","advanced","expert"
"NPC0958","Venn Wren","simulation_matrix_pool","false","6","story_plus_party_scaled","87","true","E231","E260","E004","E033","E062","E091","false","advanced","expert"
"NPC0959","Wren Pell","simulation_matrix_pool","false","6","story_plus_party_scaled","91","true","E251","E280","E024","E053","E082","E111","false","advanced","expert"
"NPC0960","Xara Thane","simulation_matrix_pool","false","6","story_plus_party_scaled","87","true","E271","E015","E044","E073","E102","E131","false","advanced","expert"
"NPC0961","Yven Silt","simulation_matrix_pool","false","2","story_plus_party_scaled","3","false","E186","E215","","","","","false","none","basic"
"NPC0962","Zale Keir","simulation_matrix_pool","false","2","story_plus_party_scaled","5","false","E206","E235","","","","","false","none","basic"
"NPC0963","Ari Noct","simulation_matrix_pool","false","2","story_plus_party_scaled","9","false","E226","E255","","","","","false","none","basic"
"NPC0964","Bela Arc","simulation_matrix_pool","false","3","story_plus_party_scaled","13","false","E246","E275","E019","","","","false","none","basic"
"NPC0965","Cato Holt","simulation_matrix_pool","false","3","story_plus_party_scaled","17","false","E266","E010","E039","","","","false","none","basic"
"NPC0966","Dena Sol","simulation_matrix_pool","false","3","story_plus_party_scaled","21","false","E001","E030","E059","","","","false","none","normal"
"NPC0967","Eron Maren","simulation_matrix_pool","false","3","story_plus_party_scaled","25","false","E021","E050","E079","","","","false","none","normal"
"NPC0968","Fia Tor","simulation_matrix_pool","false","3","story_plus_party_scaled","21","false","E041","E070","E099","","","","false","none","normal"
"NPC0969","Garr Vale","simulation_matrix_pool","false","3","story_plus_party_scaled","25","false","E061","E090","E119","","","","false","none","normal"
"NPC0970","Hale Quill","simulation_matrix_pool","false","4","story_plus_party_scaled","29","true","E081","E110","E139","E168","","","false","none","normal"
"NPC0971","Ira Nox","simulation_matrix_pool","false","4","story_plus_party_scaled","33","true","E101","E130","E159","E188","","","false","none","normal"
"NPC0972","Juno Reed","simulation_matrix_pool","false","4","story_plus_party_scaled","37","true","E121","E150","E179","E208","","","false","standard","normal"
"NPC0973","Kira Esh","simulation_matrix_pool","false","4","story_plus_party_scaled","41","true","E141","E170","E199","E228","","","false","standard","normal"
"NPC0974","Lio Rusk","simulation_matrix_pool","false","4","story_plus_party_scaled","45","true","E161","E190","E219","E248","","","false","standard","normal"
"NPC0975","Mira Voss","simulation_matrix_pool","false","4","story_plus_party_scaled","49","true","E181","E210","E239","E268","","","false","standard","smart"
"NPC0976","Nox Rook","simulation_matrix_pool","false","4","story_plus_party_scaled","45","true","E201","E230","E259","E003","","","false","standard","smart"
"NPC0977","Oren Fenn","simulation_matrix_pool","false","4","story_plus_party_scaled","49","true","E221","E250","E279","E023","","","false","standard","smart"
"NPC0978","Pax Wren","simulation_matrix_pool","false","5","story_plus_party_scaled","53","true","E241","E270","E014","E043","E072","","false","standard","smart"
"NPC0979","Quin Pell","simulation_matrix_pool","false","5","story_plus_party_scaled","57","true","E261","E005","E034","E063","E092","","false","standard","smart"
"NPC0980","Rhea Thane","simulation_matrix_pool","false","5","story_plus_party_scaled","61","true","E281","E025","E054","E083","E112","","false","standard","smart"
"NPC0981","Senn Silt","simulation_matrix_pool","false","5","story_plus_party_scaled","65","true","E016","E045","E074","E103","E132","","false","standard","smart"
"NPC0982","Talia Keir","simulation_matrix_pool","false","5","story_plus_party_scaled","69","true","E036","E065","E094","E123","E152","","false","standard","smart"
"NPC0983","Uma Noct","simulation_matrix_pool","false","5","story_plus_party_scaled","73","true","E056","E085","E114","E143","E172","","false","standard","smart"
"NPC0984","Venn Arc","simulation_matrix_pool","false","5","story_plus_party_scaled","69","true","E076","E105","E134","E163","E192","","false","standard","smart"
"NPC0985","Wren Holt","simulation_matrix_pool","false","6","story_plus_party_scaled","73","true","E096","E125","E154","E183","E212","E241","false","advanced","expert"
"NPC0986","Xara Sol","simulation_matrix_pool","false","6","story_plus_party_scaled","77","true","E116","E145","E174","E203","E232","E261","false","advanced","expert"
"NPC0987","Yven Maren","simulation_matrix_pool","false","6","story_plus_party_scaled","81","true","E136","E165","E194","E223","E252","E281","false","advanced","expert"
"NPC0988","Zale Tor","simulation_matrix_pool","false","6","story_plus_party_scaled","85","true","E156","E185","E214","E243","E272","E016","false","advanced","expert"
"NPC0989","Ari Vale","simulation_matrix_pool","false","6","story_plus_party_scaled","89","true","E176","E205","E234","E263","E007","E036","false","advanced","expert"
"NPC0990","Bela Quill","simulation_matrix_pool","false","6","story_plus_party_scaled","93","true","E196","E225","E254","E283","E027","E056","false","advanced","expert"
"NPC0991","Cato Nox","simulation_matrix_pool","false","2","story_plus_party_scaled","7","false","E111","E140","","","","","false","none","basic"
"NPC0992","Dena Reed","simulation_matrix_pool","false","2","story_plus_party_scaled","3","false","E131","E160","","","","","false","none","basic"
"NPC0993","Eron Esh","simulation_matrix_pool","false","2","story_plus_party_scaled","7","false","E151","E180","","","","","false","none","basic"
"NPC0994","Fia Rusk","simulation_matrix_pool","false","3","story_plus_party_scaled","11","false","E171","E200","E229","","","","false","none","basic"
"NPC0995","Garr Voss","simulation_matrix_pool","false","3","story_plus_party_scaled","15","false","E191","E220","E249","","","","false","none","basic"
"NPC0996","Hale Rook","simulation_matrix_pool","false","3","story_plus_party_scaled","19","false","E211","E240","E269","","","","false","none","normal"
"NPC0997","Ira Fenn","simulation_matrix_pool","false","3","story_plus_party_scaled","23","false","E231","E260","E004","","","","false","none","normal"
"NPC0998","Juno Wren","simulation_matrix_pool","false","3","story_plus_party_scaled","27","false","E251","E280","E024","","","","false","none","normal"
"NPC0999","Kira Pell","simulation_matrix_pool","false","3","story_plus_party_scaled","31","false","E271","E015","E044","","","","false","none","normal"
"NPC1000","Lio Thane","simulation_matrix_pool","false","4","story_plus_party_scaled","27","true","E006","E035","E064","E093","","","false","none","normal"
"NPC1001","Mira Silt","simulation_matrix_pool","false","4","story_plus_party_scaled","31","true","E026","E055","E084","E113","","","false","none","normal"
"NPC1002","Nox Keir","simulation_matrix_pool","false","4","story_plus_party_scaled","35","true","E046","E075","E104","E133","","","false","standard","normal"
"NPC1003","Oren Noct","simulation_matrix_pool","false","4","story_plus_party_scaled","39","true","E066","E095","E124","E153","","","false","standard","normal"
"NPC1004","Pax Arc","simulation_matrix_pool","false","4","story_plus_party_scaled","43","true","E086","E115","E144","E173","","","false","standard","normal"
"NPC1005","Quin Holt","simulation_matrix_pool","false","4","story_plus_party_scaled","47","true","E106","E135","E164","E193","","","false","standard","smart"
"NPC1006","Rhea Sol","simulation_matrix_pool","false","4","story_plus_party_scaled","51","true","E126","E155","E184","E213","","","false","standard","smart"
"NPC1007","Senn Maren","simulation_matrix_pool","false","4","story_plus_party_scaled","55","true","E146","E175","E204","E233","","","false","standard","smart"
"NPC1008","Talia Tor","simulation_matrix_pool","false","5","story_plus_party_scaled","51","true","E166","E195","E224","E253","E282","","false","standard","smart"
"NPC1009","Uma Vale","simulation_matrix_pool","false","5","story_plus_party_scaled","55","true","E186","E215","E244","E273","E017","","false","standard","smart"
"NPC1010","Venn Quill","simulation_matrix_pool","false","5","story_plus_party_scaled","59","true","E206","E235","E264","E008","E037","","false","standard","smart"
"NPC1011","Wren Nox","simulation_matrix_pool","false","5","story_plus_party_scaled","63","true","E226","E255","E284","E028","E057","","false","standard","smart"
"NPC1012","Xara Reed","simulation_matrix_pool","false","5","story_plus_party_scaled","67","true","E246","E275","E019","E048","E077","","false","standard","smart"
"NPC1013","Yven Esh","simulation_matrix_pool","false","5","story_plus_party_scaled","71","true","E266","E010","E039","E068","E097","","false","standard","smart"
"NPC1014","Zale Rusk","simulation_matrix_pool","false","5","story_plus_party_scaled","75","true","E001","E030","E059","E088","E117","","false","standard","smart"
"NPC1015","Ari Voss","simulation_matrix_pool","false","6","story_plus_party_scaled","79","true","E021","E050","E079","E108","E137","E166","false","advanced","expert"
"NPC1016","Bela Rook","simulation_matrix_pool","false","6","story_plus_party_scaled","75","true","E041","E070","E099","E128","E157","E186","false","advanced","expert"
"NPC1017","Cato Fenn","simulation_matrix_pool","false","6","story_plus_party_scaled","79","true","E061","E090","E119","E148","E177","E206","false","advanced","expert"
"NPC1018","Dena Wren","simulation_matrix_pool","false","6","story_plus_party_scaled","83","true","E081","E110","E139","E168","E197","E226","false","advanced","expert"
"NPC1019","Eron Pell","simulation_matrix_pool","false","6","story_plus_party_scaled","87","true","E101","E130","E159","E188","E217","E246","false","advanced","expert"
"NPC1020","Fia Thane","simulation_matrix_pool","false","6","story_plus_party_scaled","91","true","E121","E150","E179","E208","E237","E266","false","advanced","expert"
"NPC1021","Garr Silt","simulation_matrix_pool","false","2","story_plus_party_scaled","5","false","E036","E065","","","","","false","none","basic"
"NPC1022","Hale Keir","simulation_matrix_pool","false","2","story_plus_party_scaled","9","false","E056","E085","","","","","false","none","basic"
"NPC1023","Ira Noct","simulation_matrix_pool","false","2","story_plus_party_scaled","13","false","E076","E105","","","","","false","none","basic"
"NPC1024","Juno Arc","simulation_matrix_pool","false","3","story_plus_party_scaled","9","false","E096","E125","E154","","","","false","none","basic"
"NPC1025","Kira Holt","simulation_matrix_pool","false","3","story_plus_party_scaled","13","false","E116","E145","E174","","","","false","none","basic"
"NPC1026","Lio Sol","simulation_matrix_pool","false","3","story_plus_party_scaled","17","false","E136","E165","E194","","","","false","none","normal"
"NPC1027","Mira Maren","simulation_matrix_pool","false","3","story_plus_party_scaled","21","false","E156","E185","E214","","","","false","none","normal"
"NPC1028","Nox Tor","simulation_matrix_pool","false","3","story_plus_party_scaled","25","false","E176","E205","E234","","","","false","none","normal"
"NPC1029","Oren Vale","simulation_matrix_pool","false","3","story_plus_party_scaled","29","false","E196","E225","E254","","","","false","none","normal"
"NPC1030","Pax Quill","simulation_matrix_pool","false","4","story_plus_party_scaled","33","true","E216","E245","E274","E018","","","false","none","normal"
"NPC1031","Quin Nox","simulation_matrix_pool","false","4","story_plus_party_scaled","37","true","E236","E265","E009","E038","","","false","none","normal"
"NPC1032","Rhea Reed","simulation_matrix_pool","false","4","story_plus_party_scaled","33","true","E256","E285","E029","E058","","","false","standard","normal"
"NPC1033","Senn Esh","simulation_matrix_pool","false","4","story_plus_party_scaled","37","true","E276","E020","E049","E078","","","false","standard","normal"
"NPC1034","Talia Rusk","simulation_matrix_pool","false","4","story_plus_party_scaled","41","true","E011","E040","E069","E098","","","false","standard","normal"
"NPC1035","Uma Voss","simulation_matrix_pool","false","4","story_plus_party_scaled","45","true","E031","E060","E089","E118","","","false","standard","smart"
"NPC1036","Venn Rook","simulation_matrix_pool","false","4","story_plus_party_scaled","49","true","E051","E080","E109","E138","","","false","standard","smart"
"NPC1037","Wren Fenn","simulation_matrix_pool","false","4","story_plus_party_scaled","53","true","E071","E100","E129","E158","","","false","standard","smart"
"NPC1038","Xara Wren","simulation_matrix_pool","false","5","story_plus_party_scaled","57","true","E091","E120","E149","E178","E207","","false","standard","smart"
"NPC1039","Yven Pell","simulation_matrix_pool","false","5","story_plus_party_scaled","61","true","E111","E140","E169","E198","E227","","false","standard","smart"
"NPC1040","Zale Thane","simulation_matrix_pool","false","5","story_plus_party_scaled","57","true","E131","E160","E189","E218","E247","","false","standard","smart"
"NPC1041","Ari Silt","simulation_matrix_pool","false","5","story_plus_party_scaled","61","true","E151","E180","E209","E238","E267","","false","standard","smart"
"NPC1042","Bela Keir","simulation_matrix_pool","false","5","story_plus_party_scaled","65","true","E171","E200","E229","E258","E002","","false","standard","smart"
"NPC1043","Cato Noct","simulation_matrix_pool","false","5","story_plus_party_scaled","69","true","E191","E220","E249","E278","E022","","false","standard","smart"
"NPC1044","Dena Arc","simulation_matrix_pool","false","5","story_plus_party_scaled","73","true","E211","E240","E269","E013","E042","","false","standard","smart"
"NPC1045","Eron Holt","simulation_matrix_pool","false","6","story_plus_party_scaled","77","true","E231","E260","E004","E033","E062","E091","false","advanced","expert"
"NPC1046","Fia Sol","simulation_matrix_pool","false","6","story_plus_party_scaled","81","true","E251","E280","E024","E053","E082","E111","false","advanced","expert"
"NPC1047","Garr Maren","simulation_matrix_pool","false","6","story_plus_party_scaled","85","true","E271","E015","E044","E073","E102","E131","false","advanced","expert"
"NPC1048","Hale Tor","simulation_matrix_pool","false","6","story_plus_party_scaled","81","true","E006","E035","E064","E093","E122","E151","false","advanced","expert"
"NPC1049","Ira Vale","simulation_matrix_pool","false","6","story_plus_party_scaled","85","true","E026","E055","E084","E113","E142","E171","false","advanced","expert"
"NPC1050","Juno Quill","simulation_matrix_pool","false","6","story_plus_party_scaled","89","true","E046","E075","E104","E133","E162","E191","false","advanced","expert"
"NPC1051","Kira Nox","simulation_matrix_pool","false","2","story_plus_party_scaled","3","false","E246","E275","","","","","false","none","basic"
"NPC1052","Lio Reed","simulation_matrix_pool","false","2","story_plus_party_scaled","7","false","E266","E010","","","","","false","none","basic"
"NPC1053","Mira Esh","simulation_matrix_pool","false","2","story_plus_party_scaled","11","false","E001","E030","","","","","false","none","basic"
"NPC1054","Nox Rusk","simulation_matrix_pool","false","3","story_plus_party_scaled","15","false","E021","E050","E079","","","","false","none","basic"
"NPC1055","Oren Voss","simulation_matrix_pool","false","3","story_plus_party_scaled","19","false","E041","E070","E099","","","","false","none","basic"
"NPC1056","Pax Rook","simulation_matrix_pool","false","3","story_plus_party_scaled","15","false","E061","E090","E119","","","","false","none","normal"
"NPC1057","Quin Fenn","simulation_matrix_pool","false","3","story_plus_party_scaled","19","false","E081","E110","E139","","","","false","none","normal"
"NPC1058","Rhea Wren","simulation_matrix_pool","false","3","story_plus_party_scaled","23","false","E101","E130","E159","","","","false","none","normal"
"NPC1059","Senn Pell","simulation_matrix_pool","false","3","story_plus_party_scaled","27","false","E121","E150","E179","","","","false","none","normal"
"NPC1060","Talia Thane","simulation_matrix_pool","false","4","story_plus_party_scaled","31","true","E141","E170","E199","E228","","","false","none","normal"
"NPC1061","Uma Silt","simulation_matrix_pool","false","4","story_plus_party_scaled","35","true","E161","E190","E219","E248","","","false","none","normal"
"NPC1062","Venn Keir","simulation_matrix_pool","false","4","story_plus_party_scaled","39","true","E181","E210","E239","E268","","","false","standard","normal"
"NPC1063","Wren Noct","simulation_matrix_pool","false","4","story_plus_party_scaled","43","true","E201","E230","E259","E003","","","false","standard","normal"
"NPC1064","Xara Arc","simulation_matrix_pool","false","4","story_plus_party_scaled","39","true","E221","E250","E279","E023","","","false","standard","normal"
"NPC1065","Yven Holt","simulation_matrix_pool","false","4","story_plus_party_scaled","43","true","E241","E270","E014","E043","","","false","standard","smart"
"NPC1066","Zale Sol","simulation_matrix_pool","false","4","story_plus_party_scaled","47","true","E261","E005","E034","E063","","","false","standard","smart"
"NPC1067","Ari Maren","simulation_matrix_pool","false","4","story_plus_party_scaled","51","true","E281","E025","E054","E083","","","false","standard","smart"
"NPC1068","Bela Tor","simulation_matrix_pool","false","5","story_plus_party_scaled","55","true","E016","E045","E074","E103","E132","","false","standard","smart"
"NPC1069","Cato Vale","simulation_matrix_pool","false","5","story_plus_party_scaled","59","true","E036","E065","E094","E123","E152","","false","standard","smart"
"NPC1070","Dena Quill","simulation_matrix_pool","false","5","story_plus_party_scaled","63","true","E056","E085","E114","E143","E172","","false","standard","smart"
"NPC1071","Eron Nox","simulation_matrix_pool","false","5","story_plus_party_scaled","67","true","E076","E105","E134","E163","E192","","false","standard","smart"
"NPC1072","Fia Reed","simulation_matrix_pool","false","5","story_plus_party_scaled","63","true","E096","E125","E154","E183","E212","","false","standard","smart"
"NPC1073","Garr Esh","simulation_matrix_pool","false","5","story_plus_party_scaled","67","true","E116","E145","E174","E203","E232","","false","standard","smart"
"NPC1074","Hale Rusk","simulation_matrix_pool","false","5","story_plus_party_scaled","71","true","E136","E165","E194","E223","E252","","false","standard","smart"
"NPC1075","Ira Voss","simulation_matrix_pool","false","6","story_plus_party_scaled","75","true","E156","E185","E214","E243","E272","E016","false","advanced","expert"
"NPC1076","Juno Rook","simulation_matrix_pool","false","6","story_plus_party_scaled","79","true","E176","E205","E234","E263","E007","E036","false","advanced","expert"
"NPC1077","Kira Fenn","simulation_matrix_pool","false","6","story_plus_party_scaled","83","true","E196","E225","E254","E283","E027","E056","false","advanced","expert"
"NPC1078","Lio Wren","simulation_matrix_pool","false","6","story_plus_party_scaled","87","true","E216","E245","E274","E018","E047","E076","false","advanced","expert"
"NPC1079","Mira Pell","simulation_matrix_pool","false","6","story_plus_party_scaled","91","true","E236","E265","E009","E038","E067","E096","false","advanced","expert"
"NPC1080","Nox Thane","simulation_matrix_pool","false","6","story_plus_party_scaled","87","true","E256","E285","E029","E058","E087","E116","false","advanced","expert"
"NPC1081","Oren Silt","simulation_matrix_pool","false","2","story_plus_party_scaled","3","false","E171","E200","","","","","false","none","basic"
"NPC1082","Pax Keir","simulation_matrix_pool","false","2","story_plus_party_scaled","5","false","E191","E220","","","","","false","none","basic"
"NPC1083","Quin Noct","simulation_matrix_pool","false","2","story_plus_party_scaled","9","false","E211","E240","","","","","false","none","basic"
"NPC1084","Rhea Arc","simulation_matrix_pool","false","3","story_plus_party_scaled","13","false","E231","E260","E004","","","","false","none","basic"
"NPC1085","Senn Holt","simulation_matrix_pool","false","3","story_plus_party_scaled","17","false","E251","E280","E024","","","","false","none","basic"
"NPC1086","Talia Sol","simulation_matrix_pool","false","3","story_plus_party_scaled","21","false","E271","E015","E044","","","","false","none","normal"
"NPC1087","Uma Maren","simulation_matrix_pool","false","3","story_plus_party_scaled","25","false","E006","E035","E064","","","","false","none","normal"
"NPC1088","Venn Tor","simulation_matrix_pool","false","3","story_plus_party_scaled","21","false","E026","E055","E084","","","","false","none","normal"
"NPC1089","Wren Vale","simulation_matrix_pool","false","3","story_plus_party_scaled","25","false","E046","E075","E104","","","","false","none","normal"
"NPC1090","Xara Quill","simulation_matrix_pool","false","4","story_plus_party_scaled","29","true","E066","E095","E124","E153","","","false","none","normal"
"NPC1091","Yven Nox","simulation_matrix_pool","false","4","story_plus_party_scaled","33","true","E086","E115","E144","E173","","","false","none","normal"
"NPC1092","Zale Reed","simulation_matrix_pool","false","4","story_plus_party_scaled","37","true","E106","E135","E164","E193","","","false","standard","normal"
"NPC1093","Ari Esh","simulation_matrix_pool","false","4","story_plus_party_scaled","41","true","E126","E155","E184","E213","","","false","standard","normal"
"NPC1094","Bela Rusk","simulation_matrix_pool","false","4","story_plus_party_scaled","45","true","E146","E175","E204","E233","","","false","standard","normal"
"NPC1095","Cato Voss","simulation_matrix_pool","false","4","story_plus_party_scaled","49","true","E166","E195","E224","E253","","","false","standard","smart"
"NPC1096","Dena Rook","simulation_matrix_pool","false","4","story_plus_party_scaled","45","true","E186","E215","E244","E273","","","false","standard","smart"
"NPC1097","Eron Fenn","simulation_matrix_pool","false","4","story_plus_party_scaled","49","true","E206","E235","E264","E008","","","false","standard","smart"
"NPC1098","Fia Wren","simulation_matrix_pool","false","5","story_plus_party_scaled","53","true","E226","E255","E284","E028","E057","","false","standard","smart"
"NPC1099","Garr Pell","simulation_matrix_pool","false","5","story_plus_party_scaled","57","true","E246","E275","E019","E048","E077","","false","standard","smart"
"NPC1100","Hale Thane","simulation_matrix_pool","false","5","story_plus_party_scaled","61","true","E266","E010","E039","E068","E097","","false","standard","smart"
"NPC1101","Ira Silt","simulation_matrix_pool","false","5","story_plus_party_scaled","65","true","E001","E030","E059","E088","E117","","false","standard","smart"
"NPC1102","Juno Keir","simulation_matrix_pool","false","5","story_plus_party_scaled","69","true","E021","E050","E079","E108","E137","","false","standard","smart"
"NPC1103","Kira Noct","simulation_matrix_pool","false","5","story_plus_party_scaled","73","true","E041","E070","E099","E128","E157","","false","standard","smart"
"NPC1104","Lio Arc","simulation_matrix_pool","false","5","story_plus_party_scaled","69","true","E061","E090","E119","E148","E177","","false","standard","smart"
"NPC1105","Mira Holt","simulation_matrix_pool","false","6","story_plus_party_scaled","73","true","E081","E110","E139","E168","E197","E226","false","advanced","expert"
"NPC1106","Nox Sol","simulation_matrix_pool","false","6","story_plus_party_scaled","77","true","E101","E130","E159","E188","E217","E246","false","advanced","expert"
"NPC1107","Oren Maren","simulation_matrix_pool","false","6","story_plus_party_scaled","81","true","E121","E150","E179","E208","E237","E266","false","advanced","expert"
"NPC1108","Pax Tor","simulation_matrix_pool","false","6","story_plus_party_scaled","85","true","E141","E170","E199","E228","E257","E001","false","advanced","expert"
"NPC1109","Quin Vale","simulation_matrix_pool","false","6","story_plus_party_scaled","89","true","E161","E190","E219","E248","E277","E021","false","advanced","expert"
"NPC1110","Rhea Quill","simulation_matrix_pool","false","6","story_plus_party_scaled","93","true","E181","E210","E239","E268","E012","E041","false","advanced","expert"
"NPC1111","Senn Nox","simulation_matrix_pool","false","2","story_plus_party_scaled","7","false","E096","E125","","","","","false","none","basic"
"NPC1112","Talia Reed","simulation_matrix_pool","false","2","story_plus_party_scaled","3","false","E116","E145","","","","","false","none","basic"
"NPC1113","Uma Esh","simulation_matrix_pool","false","2","story_plus_party_scaled","7","false","E136","E165","","","","","false","none","basic"
"NPC1114","Venn Rusk","simulation_matrix_pool","false","3","story_plus_party_scaled","11","false","E156","E185","E214","","","","false","none","basic"
"NPC1115","Wren Voss","simulation_matrix_pool","false","3","story_plus_party_scaled","15","false","E176","E205","E234","","","","false","none","basic"
"NPC1116","Xara Rook","simulation_matrix_pool","false","3","story_plus_party_scaled","19","false","E196","E225","E254","","","","false","none","normal"
"NPC1117","Yven Fenn","simulation_matrix_pool","false","3","story_plus_party_scaled","23","false","E216","E245","E274","","","","false","none","normal"
"NPC1118","Zale Wren","simulation_matrix_pool","false","3","story_plus_party_scaled","27","false","E236","E265","E009","","","","false","none","normal"
"NPC1119","Ari Pell","simulation_matrix_pool","false","3","story_plus_party_scaled","31","false","E256","E285","E029","","","","false","none","normal"
"NPC1120","Bela Thane","simulation_matrix_pool","false","4","story_plus_party_scaled","27","true","E276","E020","E049","E078","","","false","none","normal"
"NPC1121","Cato Silt","simulation_matrix_pool","false","4","story_plus_party_scaled","31","true","E011","E040","E069","E098","","","false","none","normal"
"NPC1122","Dena Keir","simulation_matrix_pool","false","4","story_plus_party_scaled","35","true","E031","E060","E089","E118","","","false","standard","normal"
"NPC1123","Eron Noct","simulation_matrix_pool","false","4","story_plus_party_scaled","39","true","E051","E080","E109","E138","","","false","standard","normal"
"NPC1124","Fia Arc","simulation_matrix_pool","false","4","story_plus_party_scaled","43","true","E071","E100","E129","E158","","","false","standard","normal"
"NPC1125","Garr Holt","simulation_matrix_pool","false","4","story_plus_party_scaled","47","true","E091","E120","E149","E178","","","false","standard","smart"
"NPC1126","Hale Sol","simulation_matrix_pool","false","4","story_plus_party_scaled","51","true","E111","E140","E169","E198","","","false","standard","smart"
"NPC1127","Ira Maren","simulation_matrix_pool","false","4","story_plus_party_scaled","55","true","E131","E160","E189","E218","","","false","standard","smart"
"NPC1128","Juno Tor","simulation_matrix_pool","false","5","story_plus_party_scaled","51","true","E151","E180","E209","E238","E267","","false","standard","smart"
"NPC1129","Kira Vale","simulation_matrix_pool","false","5","story_plus_party_scaled","55","true","E171","E200","E229","E258","E002","","false","standard","smart"
"NPC1130","Lio Quill","simulation_matrix_pool","false","5","story_plus_party_scaled","59","true","E191","E220","E249","E278","E022","","false","standard","smart"
"NPC1131","Mira Nox","simulation_matrix_pool","false","5","story_plus_party_scaled","63","true","E211","E240","E269","E013","E042","","false","standard","smart"
"NPC1132","Nox Reed","simulation_matrix_pool","false","5","story_plus_party_scaled","67","true","E231","E260","E004","E033","E062","","false","standard","smart"
"NPC1133","Oren Esh","simulation_matrix_pool","false","5","story_plus_party_scaled","71","true","E251","E280","E024","E053","E082","","false","standard","smart"
"NPC1134","Pax Rusk","simulation_matrix_pool","false","5","story_plus_party_scaled","75","true","E271","E015","E044","E073","E102","","false","standard","smart"
"NPC1135","Quin Voss","simulation_matrix_pool","false","6","story_plus_party_scaled","79","true","E006","E035","E064","E093","E122","E151","false","advanced","expert"
"NPC1136","Rhea Rook","simulation_matrix_pool","false","6","story_plus_party_scaled","75","true","E026","E055","E084","E113","E142","E171","false","advanced","expert"
"NPC1137","Senn Fenn","simulation_matrix_pool","false","6","story_plus_party_scaled","79","true","E046","E075","E104","E133","E162","E191","false","advanced","expert"
"NPC1138","Talia Wren","simulation_matrix_pool","false","6","story_plus_party_scaled","83","true","E066","E095","E124","E153","E182","E211","false","advanced","expert"
"NPC1139","Uma Pell","simulation_matrix_pool","false","6","story_plus_party_scaled","87","true","E086","E115","E144","E173","E202","E231","false","advanced","expert"
"NPC1140","Venn Thane","simulation_matrix_pool","false","6","story_plus_party_scaled","91","true","E106","E135","E164","E193","E222","E251","false","advanced","expert"
"NPC1141","Wren Silt","simulation_matrix_pool","false","2","story_plus_party_scaled","5","false","E021","E050","","","","","false","none","basic"
"NPC1142","Xara Keir","simulation_matrix_pool","false","2","story_plus_party_scaled","9","false","E041","E070","","","","","false","none","basic"
"NPC1143","Yven Noct","simulation_matrix_pool","false","2","story_plus_party_scaled","13","false","E061","E090","","","","","false","none","basic"
"NPC1144","Zale Arc","simulation_matrix_pool","false","3","story_plus_party_scaled","9","false","E081","E110","E139","","","","false","none","basic"
"NPC1145","Ari Holt","simulation_matrix_pool","false","3","story_plus_party_scaled","13","false","E101","E130","E159","","","","false","none","basic"
"NPC1146","Bela Sol","simulation_matrix_pool","false","3","story_plus_party_scaled","17","false","E121","E150","E179","","","","false","none","normal"
"NPC1147","Cato Maren","simulation_matrix_pool","false","3","story_plus_party_scaled","21","false","E141","E170","E199","","","","false","none","normal"
"NPC1148","Dena Tor","simulation_matrix_pool","false","3","story_plus_party_scaled","25","false","E161","E190","E219","","","","false","none","normal"
"NPC1149","Eron Vale","simulation_matrix_pool","false","3","story_plus_party_scaled","29","false","E181","E210","E239","","","","false","none","normal"
"NPC1150","Fia Quill","simulation_matrix_pool","false","4","story_plus_party_scaled","33","true","E201","E230","E259","E003","","","false","none","normal"
"NPC1151","Garr Nox","simulation_matrix_pool","false","4","story_plus_party_scaled","37","true","E221","E250","E279","E023","","","false","none","normal"
"NPC1152","Hale Reed","simulation_matrix_pool","false","4","story_plus_party_scaled","33","true","E241","E270","E014","E043","","","false","standard","normal"
"NPC1153","Ira Esh","simulation_matrix_pool","false","4","story_plus_party_scaled","37","true","E261","E005","E034","E063","","","false","standard","normal"
"NPC1154","Juno Rusk","simulation_matrix_pool","false","4","story_plus_party_scaled","41","true","E281","E025","E054","E083","","","false","standard","normal"
"NPC1155","Kira Voss","simulation_matrix_pool","false","4","story_plus_party_scaled","45","true","E016","E045","E074","E103","","","false","standard","smart"
"NPC1156","Lio Rook","simulation_matrix_pool","false","4","story_plus_party_scaled","49","true","E036","E065","E094","E123","","","false","standard","smart"
"NPC1157","Mira Fenn","simulation_matrix_pool","false","4","story_plus_party_scaled","53","true","E056","E085","E114","E143","","","false","standard","smart"
"NPC1158","Nox Wren","simulation_matrix_pool","false","5","story_plus_party_scaled","57","true","E076","E105","E134","E163","E192","","false","standard","smart"
"NPC1159","Oren Pell","simulation_matrix_pool","false","5","story_plus_party_scaled","61","true","E096","E125","E154","E183","E212","","false","standard","smart"
"NPC1160","Pax Thane","simulation_matrix_pool","false","5","story_plus_party_scaled","57","true","E116","E145","E174","E203","E232","","false","standard","smart"
"NPC1161","Quin Silt","simulation_matrix_pool","false","5","story_plus_party_scaled","61","true","E136","E165","E194","E223","E252","","false","standard","smart"
"NPC1162","Rhea Keir","simulation_matrix_pool","false","5","story_plus_party_scaled","65","true","E156","E185","E214","E243","E272","","false","standard","smart"
"NPC1163","Senn Noct","simulation_matrix_pool","false","5","story_plus_party_scaled","69","true","E176","E205","E234","E263","E007","","false","standard","smart"
"NPC1164","Talia Arc","simulation_matrix_pool","false","5","story_plus_party_scaled","73","true","E196","E225","E254","E283","E027","","false","standard","smart"
"NPC1165","Uma Holt","simulation_matrix_pool","false","6","story_plus_party_scaled","77","true","E216","E245","E274","E018","E047","E076","false","advanced","expert"
"NPC1166","Venn Sol","simulation_matrix_pool","false","6","story_plus_party_scaled","81","true","E236","E265","E009","E038","E067","E096","false","advanced","expert"
"NPC1167","Wren Maren","simulation_matrix_pool","false","6","story_plus_party_scaled","85","true","E256","E285","E029","E058","E087","E116","false","advanced","expert"
"NPC1168","Xara Tor","simulation_matrix_pool","false","6","story_plus_party_scaled","81","true","E276","E020","E049","E078","E107","E136","false","advanced","expert"
"NPC1169","Yven Vale","simulation_matrix_pool","false","6","story_plus_party_scaled","85","true","E011","E040","E069","E098","E127","E156","false","advanced","expert"
"NPC1170","Zale Quill","simulation_matrix_pool","false","6","story_plus_party_scaled","89","true","E031","E060","E089","E118","E147","E176","false","advanced","expert"
"NPC1171","Ari Nox","simulation_matrix_pool","false","2","story_plus_party_scaled","3","false","E231","E260","","","","","false","none","basic"
"NPC1172","Bela Reed","simulation_matrix_pool","false","2","story_plus_party_scaled","7","false","E251","E280","","","","","false","none","basic"
"NPC1173","Cato Esh","simulation_matrix_pool","false","2","story_plus_party_scaled","11","false","E271","E015","","","","","false","none","basic"
"NPC1174","Dena Rusk","simulation_matrix_pool","false","3","story_plus_party_scaled","15","false","E006","E035","E064","","","","false","none","basic"
"NPC1175","Eron Voss","simulation_matrix_pool","false","3","story_plus_party_scaled","19","false","E026","E055","E084","","","","false","none","basic"
"NPC1176","Fia Rook","simulation_matrix_pool","false","3","story_plus_party_scaled","15","false","E046","E075","E104","","","","false","none","normal"
"NPC1177","Garr Fenn","simulation_matrix_pool","false","3","story_plus_party_scaled","19","false","E066","E095","E124","","","","false","none","normal"
"NPC1178","Hale Wren","simulation_matrix_pool","false","3","story_plus_party_scaled","23","false","E086","E115","E144","","","","false","none","normal"
"NPC1179","Ira Pell","simulation_matrix_pool","false","3","story_plus_party_scaled","27","false","E106","E135","E164","","","","false","none","normal"
"NPC1180","Juno Thane","simulation_matrix_pool","false","4","story_plus_party_scaled","31","true","E126","E155","E184","E213","","","false","none","normal"
"NPC1181","Kira Silt","simulation_matrix_pool","false","4","story_plus_party_scaled","35","true","E146","E175","E204","E233","","","false","none","normal"
"NPC1182","Lio Keir","simulation_matrix_pool","false","4","story_plus_party_scaled","39","true","E166","E195","E224","E253","","","false","standard","normal"
"NPC1183","Mira Noct","simulation_matrix_pool","false","4","story_plus_party_scaled","43","true","E186","E215","E244","E273","","","false","standard","normal"
"NPC1184","Nox Arc","simulation_matrix_pool","false","4","story_plus_party_scaled","39","true","E206","E235","E264","E008","","","false","standard","normal"
"NPC1185","Oren Holt","simulation_matrix_pool","false","4","story_plus_party_scaled","43","true","E226","E255","E284","E028","","","false","standard","smart"
"NPC1186","Pax Sol","simulation_matrix_pool","false","4","story_plus_party_scaled","47","true","E246","E275","E019","E048","","","false","standard","smart"
"NPC1187","Quin Maren","simulation_matrix_pool","false","4","story_plus_party_scaled","51","true","E266","E010","E039","E068","","","false","standard","smart"
"NPC1188","Rhea Tor","simulation_matrix_pool","false","5","story_plus_party_scaled","55","true","E001","E030","E059","E088","E117","","false","standard","smart"
"NPC1189","Senn Vale","simulation_matrix_pool","false","5","story_plus_party_scaled","59","true","E021","E050","E079","E108","E137","","false","standard","smart"
"NPC1190","Talia Quill","simulation_matrix_pool","false","5","story_plus_party_scaled","63","true","E041","E070","E099","E128","E157","","false","standard","smart"
"NPC1191","Uma Nox","simulation_matrix_pool","false","5","story_plus_party_scaled","67","true","E061","E090","E119","E148","E177","","false","standard","smart"
"NPC1192","Venn Reed","simulation_matrix_pool","false","5","story_plus_party_scaled","63","true","E081","E110","E139","E168","E197","","false","standard","smart"
"NPC1193","Wren Esh","simulation_matrix_pool","false","5","story_plus_party_scaled","67","true","E101","E130","E159","E188","E217","","false","standard","smart"
"NPC1194","Xara Rusk","simulation_matrix_pool","false","5","story_plus_party_scaled","71","true","E121","E150","E179","E208","E237","","false","standard","smart"
"NPC1195","Yven Voss","simulation_matrix_pool","false","6","story_plus_party_scaled","75","true","E141","E170","E199","E228","E257","E001","false","advanced","expert"
"NPC1196","Zale Rook","simulation_matrix_pool","false","6","story_plus_party_scaled","79","true","E161","E190","E219","E248","E277","E021","false","advanced","expert"
"NPC1197","Ari Fenn","simulation_matrix_pool","false","6","story_plus_party_scaled","83","true","E181","E210","E239","E268","E012","E041","false","advanced","expert"
"NPC1198","Bela Wren","simulation_matrix_pool","false","6","story_plus_party_scaled","87","true","E201","E230","E259","E003","E032","E061","false","advanced","expert"
"NPC1199","Cato Pell","simulation_matrix_pool","false","6","story_plus_party_scaled","91","true","E221","E250","E279","E023","E052","E081","false","advanced","expert"
"NPC1200","Dena Thane","simulation_matrix_pool","false","6","story_plus_party_scaled","87","true","E241","E270","E014","E043","E072","E101","false","advanced","expert"
"NPC1201","Eron Silt","simulation_matrix_pool","false","2","story_plus_party_scaled","3","false","E156","E185","","","","","false","none","basic"
"NPC1202","Fia Keir","simulation_matrix_pool","false","2","story_plus_party_scaled","5","false","E176","E205","","","","","false","none","basic"
"NPC1203","Garr Noct","simulation_matrix_pool","false","2","story_plus_party_scaled","9","false","E196","E225","","","","","false","none","basic"
"NPC1204","Hale Arc","simulation_matrix_pool","false","3","story_plus_party_scaled","13","false","E216","E245","E274","","","","false","none","basic"
"NPC1205","Ira Holt","simulation_matrix_pool","false","3","story_plus_party_scaled","17","false","E236","E265","E009","","","","false","none","basic"
"NPC1206","Juno Sol","simulation_matrix_pool","false","3","story_plus_party_scaled","21","false","E256","E285","E029","","","","false","none","normal"
"NPC1207","Kira Maren","simulation_matrix_pool","false","3","story_plus_party_scaled","25","false","E276","E020","E049","","","","false","none","normal"
"NPC1208","Lio Tor","simulation_matrix_pool","false","3","story_plus_party_scaled","21","false","E011","E040","E069","","","","false","none","normal"
"NPC1209","Mira Vale","simulation_matrix_pool","false","3","story_plus_party_scaled","25","false","E031","E060","E089","","","","false","none","normal"
"NPC1210","Nox Quill","simulation_matrix_pool","false","4","story_plus_party_scaled","29","true","E051","E080","E109","E138","","","false","none","normal"
"NPC1211","Oren Nox","simulation_matrix_pool","false","4","story_plus_party_scaled","33","true","E071","E100","E129","E158","","","false","none","normal"
"NPC1212","Pax Reed","simulation_matrix_pool","false","4","story_plus_party_scaled","37","true","E091","E120","E149","E178","","","false","standard","normal"
"NPC1213","Quin Esh","simulation_matrix_pool","false","4","story_plus_party_scaled","41","true","E111","E140","E169","E198","","","false","standard","normal"
"NPC1214","Rhea Rusk","simulation_matrix_pool","false","4","story_plus_party_scaled","45","true","E131","E160","E189","E218","","","false","standard","normal"
"NPC1215","Senn Voss","simulation_matrix_pool","false","4","story_plus_party_scaled","49","true","E151","E180","E209","E238","","","false","standard","smart"
"NPC1216","Talia Rook","simulation_matrix_pool","false","4","story_plus_party_scaled","45","true","E171","E200","E229","E258","","","false","standard","smart"
"NPC1217","Uma Fenn","simulation_matrix_pool","false","4","story_plus_party_scaled","49","true","E191","E220","E249","E278","","","false","standard","smart"
"NPC1218","Venn Wren","simulation_matrix_pool","false","5","story_plus_party_scaled","53","true","E211","E240","E269","E013","E042","","false","standard","smart"
"NPC1219","Wren Pell","simulation_matrix_pool","false","5","story_plus_party_scaled","57","true","E231","E260","E004","E033","E062","","false","standard","smart"
"NPC1220","Xara Thane","simulation_matrix_pool","false","5","story_plus_party_scaled","61","true","E251","E280","E024","E053","E082","","false","standard","smart"
"NPC1221","Yven Silt","simulation_matrix_pool","false","5","story_plus_party_scaled","65","true","E271","E015","E044","E073","E102","","false","standard","smart"
"NPC1222","Zale Keir","simulation_matrix_pool","false","5","story_plus_party_scaled","69","true","E006","E035","E064","E093","E122","","false","standard","smart"
"NPC1223","Ari Noct","simulation_matrix_pool","false","5","story_plus_party_scaled","73","true","E026","E055","E084","E113","E142","","false","standard","smart"
"NPC1224","Bela Arc","simulation_matrix_pool","false","5","story_plus_party_scaled","69","true","E046","E075","E104","E133","E162","","false","standard","smart"
"NPC1225","Cato Holt","simulation_matrix_pool","false","6","story_plus_party_scaled","73","true","E066","E095","E124","E153","E182","E211","false","advanced","expert"
"NPC1226","Dena Sol","simulation_matrix_pool","false","6","story_plus_party_scaled","77","true","E086","E115","E144","E173","E202","E231","false","advanced","expert"
"NPC1227","Eron Maren","simulation_matrix_pool","false","6","story_plus_party_scaled","81","true","E106","E135","E164","E193","E222","E251","false","advanced","expert"
"NPC1228","Fia Tor","simulation_matrix_pool","false","6","story_plus_party_scaled","85","true","E126","E155","E184","E213","E242","E271","false","advanced","expert"
"NPC1229","Garr Vale","simulation_matrix_pool","false","6","story_plus_party_scaled","89","true","E146","E175","E204","E233","E262","E006","false","advanced","expert"
"NPC1230","Hale Quill","simulation_matrix_pool","false","6","story_plus_party_scaled","93","true","E166","E195","E224","E253","E282","E026","false","advanced","expert"
"NPC1231","Ira Nox","simulation_matrix_pool","false","2","story_plus_party_scaled","7","false","E081","E110","","","","","false","none","basic"
"NPC1232","Juno Reed","simulation_matrix_pool","false","2","story_plus_party_scaled","3","false","E101","E130","","","","","false","none","basic"
"NPC1233","Kira Esh","simulation_matrix_pool","false","2","story_plus_party_scaled","7","false","E121","E150","","","","","false","none","basic"
"NPC1234","Lio Rusk","simulation_matrix_pool","false","3","story_plus_party_scaled","11","false","E141","E170","E199","","","","false","none","basic"
"NPC1235","Mira Voss","simulation_matrix_pool","false","3","story_plus_party_scaled","15","false","E161","E190","E219","","","","false","none","basic"
"NPC1236","Nox Rook","simulation_matrix_pool","false","3","story_plus_party_scaled","19","false","E181","E210","E239","","","","false","none","normal"
"NPC1237","Oren Fenn","simulation_matrix_pool","false","3","story_plus_party_scaled","23","false","E201","E230","E259","","","","false","none","normal"
"NPC1238","Pax Wren","simulation_matrix_pool","false","3","story_plus_party_scaled","27","false","E221","E250","E279","","","","false","none","normal"
"NPC1239","Quin Pell","simulation_matrix_pool","false","3","story_plus_party_scaled","31","false","E241","E270","E014","","","","false","none","normal"
"NPC1240","Rhea Thane","simulation_matrix_pool","false","4","story_plus_party_scaled","27","true","E261","E005","E034","E063","","","false","none","normal"
"NPC1241","Senn Silt","simulation_matrix_pool","false","4","story_plus_party_scaled","31","true","E281","E025","E054","E083","","","false","none","normal"
"NPC1242","Talia Keir","simulation_matrix_pool","false","4","story_plus_party_scaled","35","true","E016","E045","E074","E103","","","false","standard","normal"
"NPC1243","Uma Noct","simulation_matrix_pool","false","4","story_plus_party_scaled","39","true","E036","E065","E094","E123","","","false","standard","normal"
"NPC1244","Venn Arc","simulation_matrix_pool","false","4","story_plus_party_scaled","43","true","E056","E085","E114","E143","","","false","standard","normal"
"NPC1245","Wren Holt","simulation_matrix_pool","false","4","story_plus_party_scaled","47","true","E076","E105","E134","E163","","","false","standard","smart"
"NPC1246","Xara Sol","simulation_matrix_pool","false","4","story_plus_party_scaled","51","true","E096","E125","E154","E183","","","false","standard","smart"
"NPC1247","Yven Maren","simulation_matrix_pool","false","4","story_plus_party_scaled","55","true","E116","E145","E174","E203","","","false","standard","smart"
"NPC1248","Zale Tor","simulation_matrix_pool","false","5","story_plus_party_scaled","51","true","E136","E165","E194","E223","E252","","false","standard","smart"
"NPC1249","Ari Vale","simulation_matrix_pool","false","5","story_plus_party_scaled","55","true","E156","E185","E214","E243","E272","","false","standard","smart"
"NPC1250","Bela Quill","simulation_matrix_pool","false","5","story_plus_party_scaled","59","true","E176","E205","E234","E263","E007","","false","standard","smart"
"NPC1251","Cato Nox","simulation_matrix_pool","false","5","story_plus_party_scaled","63","true","E196","E225","E254","E283","E027","","false","standard","smart"
"NPC1252","Dena Reed","simulation_matrix_pool","false","5","story_plus_party_scaled","67","true","E216","E245","E274","E018","E047","","false","standard","smart"
"NPC1253","Eron Esh","simulation_matrix_pool","false","5","story_plus_party_scaled","71","true","E236","E265","E009","E038","E067","","false","standard","smart"
"NPC1254","Fia Rusk","simulation_matrix_pool","false","5","story_plus_party_scaled","75","true","E256","E285","E029","E058","E087","","false","standard","smart"
"NPC1255","Garr Voss","simulation_matrix_pool","false","6","story_plus_party_scaled","79","true","E276","E020","E049","E078","E107","E136","false","advanced","expert"
"NPC1256","Hale Rook","simulation_matrix_pool","false","6","story_plus_party_scaled","75","true","E011","E040","E069","E098","E127","E156","false","advanced","expert"
"NPC1257","Ira Fenn","simulation_matrix_pool","false","6","story_plus_party_scaled","79","true","E031","E060","E089","E118","E147","E176","false","advanced","expert"
"NPC1258","Juno Wren","simulation_matrix_pool","false","6","story_plus_party_scaled","83","true","E051","E080","E109","E138","E167","E196","false","advanced","expert"
"NPC1259","Kira Pell","simulation_matrix_pool","false","6","story_plus_party_scaled","87","true","E071","E100","E129","E158","E187","E216","false","advanced","expert"
"NPC1260","Lio Thane","simulation_matrix_pool","false","6","story_plus_party_scaled","91","true","E091","E120","E149","E178","E207","E236","false","advanced","expert"
"NPC1261","Mira Silt","simulation_matrix_pool","false","2","story_plus_party_scaled","5","false","E006","E035","","","","","false","none","basic"
"NPC1262","Nox Keir","simulation_matrix_pool","false","2","story_plus_party_scaled","9","false","E026","E055","","","","","false","none","basic"
"NPC1263","Oren Noct","simulation_matrix_pool","false","2","story_plus_party_scaled","13","false","E046","E075","","","","","false","none","basic"
"NPC1264","Pax Arc","simulation_matrix_pool","false","3","story_plus_party_scaled","9","false","E066","E095","E124","","","","false","none","basic"
"NPC1265","Quin Holt","simulation_matrix_pool","false","3","story_plus_party_scaled","13","false","E086","E115","E144","","","","false","none","basic"
"NPC1266","Rhea Sol","simulation_matrix_pool","false","3","story_plus_party_scaled","17","false","E106","E135","E164","","","","false","none","normal"
"NPC1267","Senn Maren","simulation_matrix_pool","false","3","story_plus_party_scaled","21","false","E126","E155","E184","","","","false","none","normal"
"NPC1268","Talia Tor","simulation_matrix_pool","false","3","story_plus_party_scaled","25","false","E146","E175","E204","","","","false","none","normal"
"NPC1269","Uma Vale","simulation_matrix_pool","false","3","story_plus_party_scaled","29","false","E166","E195","E224","","","","false","none","normal"
"NPC1270","Venn Quill","simulation_matrix_pool","false","4","story_plus_party_scaled","33","true","E186","E215","E244","E273","","","false","none","normal"
"NPC1271","Wren Nox","simulation_matrix_pool","false","4","story_plus_party_scaled","37","true","E206","E235","E264","E008","","","false","none","normal"
"NPC1272","Xara Reed","simulation_matrix_pool","false","4","story_plus_party_scaled","33","true","E226","E255","E284","E028","","","false","standard","normal"
"NPC1273","Yven Esh","simulation_matrix_pool","false","4","story_plus_party_scaled","37","true","E246","E275","E019","E048","","","false","standard","normal"
"NPC1274","Zale Rusk","simulation_matrix_pool","false","4","story_plus_party_scaled","41","true","E266","E010","E039","E068","","","false","standard","normal"
"NPC1275","Ari Voss","simulation_matrix_pool","false","4","story_plus_party_scaled","45","true","E001","E030","E059","E088","","","false","standard","smart"
"NPC1276","Bela Rook","simulation_matrix_pool","false","4","story_plus_party_scaled","49","true","E021","E050","E079","E108","","","false","standard","smart"
"NPC1277","Cato Fenn","simulation_matrix_pool","false","4","story_plus_party_scaled","53","true","E041","E070","E099","E128","","","false","standard","smart"
"NPC1278","Dena Wren","simulation_matrix_pool","false","5","story_plus_party_scaled","57","true","E061","E090","E119","E148","E177","","false","standard","smart"
"NPC1279","Eron Pell","simulation_matrix_pool","false","5","story_plus_party_scaled","61","true","E081","E110","E139","E168","E197","","false","standard","smart"
"NPC1280","Fia Thane","simulation_matrix_pool","false","5","story_plus_party_scaled","57","true","E101","E130","E159","E188","E217","","false","standard","smart"
"NPC1281","Garr Silt","simulation_matrix_pool","false","5","story_plus_party_scaled","61","true","E121","E150","E179","E208","E237","","false","standard","smart"
"NPC1282","Hale Keir","simulation_matrix_pool","false","5","story_plus_party_scaled","65","true","E141","E170","E199","E228","E257","","false","standard","smart"
"NPC1283","Ira Noct","simulation_matrix_pool","false","5","story_plus_party_scaled","69","true","E161","E190","E219","E248","E277","","false","standard","smart"
"NPC1284","Juno Arc","simulation_matrix_pool","false","5","story_plus_party_scaled","73","true","E181","E210","E239","E268","E012","","false","standard","smart"
"NPC1285","Kira Holt","simulation_matrix_pool","false","6","story_plus_party_scaled","77","true","E201","E230","E259","E003","E032","E061","false","advanced","expert"
"NPC1286","Lio Sol","simulation_matrix_pool","false","6","story_plus_party_scaled","81","true","E221","E250","E279","E023","E052","E081","false","advanced","expert"
"NPC1287","Mira Maren","simulation_matrix_pool","false","6","story_plus_party_scaled","85","true","E241","E270","E014","E043","E072","E101","false","advanced","expert"
"NPC1288","Nox Tor","simulation_matrix_pool","false","6","story_plus_party_scaled","81","true","E261","E005","E034","E063","E092","E121","false","advanced","expert"
"NPC1289","Oren Vale","simulation_matrix_pool","false","6","story_plus_party_scaled","85","true","E281","E025","E054","E083","E112","E141","false","advanced","expert"
"NPC1290","Pax Quill","simulation_matrix_pool","false","6","story_plus_party_scaled","89","true","E016","E045","E074","E103","E132","E161","false","advanced","expert"
"NPC1291","Quin Nox","simulation_matrix_pool","false","2","story_plus_party_scaled","3","false","E216","E245","","","","","false","none","basic"
"NPC1292","Rhea Reed","simulation_matrix_pool","false","2","story_plus_party_scaled","7","false","E236","E265","","","","","false","none","basic"
"NPC1293","Senn Esh","simulation_matrix_pool","false","2","story_plus_party_scaled","11","false","E256","E285","","","","","false","none","basic"
"NPC1294","Talia Rusk","simulation_matrix_pool","false","3","story_plus_party_scaled","15","false","E276","E020","E049","","","","false","none","basic"
"NPC1295","Uma Voss","simulation_matrix_pool","false","3","story_plus_party_scaled","19","false","E011","E040","E069","","","","false","none","basic"
"NPC1296","Venn Rook","simulation_matrix_pool","false","3","story_plus_party_scaled","15","false","E031","E060","E089","","","","false","none","normal"
"NPC1297","Wren Fenn","simulation_matrix_pool","false","3","story_plus_party_scaled","19","false","E051","E080","E109","","","","false","none","normal"
"NPC1298","Xara Wren","simulation_matrix_pool","false","3","story_plus_party_scaled","23","false","E071","E100","E129","","","","false","none","normal"
"NPC1299","Yven Pell","simulation_matrix_pool","false","3","story_plus_party_scaled","27","false","E091","E120","E149","","","","false","none","normal"
"NPC1300","Zale Thane","simulation_matrix_pool","false","4","story_plus_party_scaled","31","true","E111","E140","E169","E198","","","false","none","normal"
"NPC1301","Ari Silt","simulation_matrix_pool","false","4","story_plus_party_scaled","35","true","E131","E160","E189","E218","","","false","none","normal"
"NPC1302","Bela Keir","simulation_matrix_pool","false","4","story_plus_party_scaled","39","true","E151","E180","E209","E238","","","false","standard","normal"
"NPC1303","Cato Noct","simulation_matrix_pool","false","4","story_plus_party_scaled","43","true","E171","E200","E229","E258","","","false","standard","normal"
"NPC1304","Dena Arc","simulation_matrix_pool","false","4","story_plus_party_scaled","39","true","E191","E220","E249","E278","","","false","standard","normal"
"NPC1305","Eron Holt","simulation_matrix_pool","false","4","story_plus_party_scaled","43","true","E211","E240","E269","E013","","","false","standard","smart"
"NPC1306","Fia Sol","simulation_matrix_pool","false","4","story_plus_party_scaled","47","true","E231","E260","E004","E033","","","false","standard","smart"
"NPC1307","Garr Maren","simulation_matrix_pool","false","4","story_plus_party_scaled","51","true","E251","E280","E024","E053","","","false","standard","smart"
"NPC1308","Hale Tor","simulation_matrix_pool","false","5","story_plus_party_scaled","55","true","E271","E015","E044","E073","E102","","false","standard","smart"
"NPC1309","Ira Vale","simulation_matrix_pool","false","5","story_plus_party_scaled","59","true","E006","E035","E064","E093","E122","","false","standard","smart"
"NPC1310","Juno Quill","simulation_matrix_pool","false","5","story_plus_party_scaled","63","true","E026","E055","E084","E113","E142","","false","standard","smart"
"NPC1311","Kira Nox","simulation_matrix_pool","false","5","story_plus_party_scaled","67","true","E046","E075","E104","E133","E162","","false","standard","smart"
"NPC1312","Lio Reed","simulation_matrix_pool","false","5","story_plus_party_scaled","63","true","E066","E095","E124","E153","E182","","false","standard","smart"
"NPC1313","Mira Esh","simulation_matrix_pool","false","5","story_plus_party_scaled","67","true","E086","E115","E144","E173","E202","","false","standard","smart"
"NPC1314","Nox Rusk","simulation_matrix_pool","false","5","story_plus_party_scaled","71","true","E106","E135","E164","E193","E222","","false","standard","smart"
"NPC1315","Oren Voss","simulation_matrix_pool","false","6","story_plus_party_scaled","75","true","E126","E155","E184","E213","E242","E271","false","advanced","expert"
"NPC1316","Pax Rook","simulation_matrix_pool","false","6","story_plus_party_scaled","79","true","E146","E175","E204","E233","E262","E006","false","advanced","expert"
"NPC1317","Quin Fenn","simulation_matrix_pool","false","6","story_plus_party_scaled","83","true","E166","E195","E224","E253","E282","E026","false","advanced","expert"
"NPC1318","Rhea Wren","simulation_matrix_pool","false","6","story_plus_party_scaled","87","true","E186","E215","E244","E273","E017","E046","false","advanced","expert"
"NPC1319","Senn Pell","simulation_matrix_pool","false","6","story_plus_party_scaled","91","true","E206","E235","E264","E008","E037","E066","false","advanced","expert"
"NPC1320","Talia Thane","simulation_matrix_pool","false","6","story_plus_party_scaled","87","true","E226","E255","E284","E028","E057","E086","false","advanced","expert"
"NPC1321","Uma Silt","simulation_matrix_pool","false","2","story_plus_party_scaled","3","false","E141","E170","","","","","false","none","basic"
"NPC1322","Venn Keir","simulation_matrix_pool","false","2","story_plus_party_scaled","5","false","E161","E190","","","","","false","none","basic"
"NPC1323","Wren Noct","simulation_matrix_pool","false","2","story_plus_party_scaled","9","false","E181","E210","","","","","false","none","basic"
"NPC1324","Xara Arc","simulation_matrix_pool","false","3","story_plus_party_scaled","13","false","E201","E230","E259","","","","false","none","basic"
"NPC1325","Yven Holt","simulation_matrix_pool","false","3","story_plus_party_scaled","17","false","E221","E250","E279","","","","false","none","basic"
"NPC1326","Zale Sol","simulation_matrix_pool","false","3","story_plus_party_scaled","21","false","E241","E270","E014","","","","false","none","normal"
"NPC1327","Ari Maren","simulation_matrix_pool","false","3","story_plus_party_scaled","25","false","E261","E005","E034","","","","false","none","normal"
"NPC1328","Bela Tor","simulation_matrix_pool","false","3","story_plus_party_scaled","21","false","E281","E025","E054","","","","false","none","normal"
"NPC1329","Cato Vale","simulation_matrix_pool","false","3","story_plus_party_scaled","25","false","E016","E045","E074","","","","false","none","normal"
"NPC1330","Dena Quill","simulation_matrix_pool","false","4","story_plus_party_scaled","29","true","E036","E065","E094","E123","","","false","none","normal"
"NPC1331","Eron Nox","simulation_matrix_pool","false","4","story_plus_party_scaled","33","true","E056","E085","E114","E143","","","false","none","normal"
"NPC1332","Fia Reed","simulation_matrix_pool","false","4","story_plus_party_scaled","37","true","E076","E105","E134","E163","","","false","standard","normal"
"NPC1333","Garr Esh","simulation_matrix_pool","false","4","story_plus_party_scaled","41","true","E096","E125","E154","E183","","","false","standard","normal"
"NPC1334","Hale Rusk","simulation_matrix_pool","false","4","story_plus_party_scaled","45","true","E116","E145","E174","E203","","","false","standard","normal"
"NPC1335","Ira Voss","simulation_matrix_pool","false","4","story_plus_party_scaled","49","true","E136","E165","E194","E223","","","false","standard","smart"
"NPC1336","Juno Rook","simulation_matrix_pool","false","4","story_plus_party_scaled","45","true","E156","E185","E214","E243","","","false","standard","smart"
"NPC1337","Kira Fenn","simulation_matrix_pool","false","4","story_plus_party_scaled","49","true","E176","E205","E234","E263","","","false","standard","smart"
"NPC1338","Lio Wren","simulation_matrix_pool","false","5","story_plus_party_scaled","53","true","E196","E225","E254","E283","E027","","false","standard","smart"
"NPC1339","Mira Pell","simulation_matrix_pool","false","5","story_plus_party_scaled","57","true","E216","E245","E274","E018","E047","","false","standard","smart"
"NPC1340","Nox Thane","simulation_matrix_pool","false","5","story_plus_party_scaled","61","true","E236","E265","E009","E038","E067","","false","standard","smart"
"NPC1341","Oren Silt","simulation_matrix_pool","false","5","story_plus_party_scaled","65","true","E256","E285","E029","E058","E087","","false","standard","smart"
"NPC1342","Pax Keir","simulation_matrix_pool","false","5","story_plus_party_scaled","69","true","E276","E020","E049","E078","E107","","false","standard","smart"
"NPC1343","Quin Noct","simulation_matrix_pool","false","5","story_plus_party_scaled","73","true","E011","E040","E069","E098","E127","","false","standard","smart"
"NPC1344","Rhea Arc","simulation_matrix_pool","false","5","story_plus_party_scaled","69","true","E031","E060","E089","E118","E147","","false","standard","smart"
"NPC1345","Senn Holt","simulation_matrix_pool","false","6","story_plus_party_scaled","73","true","E051","E080","E109","E138","E167","E196","false","advanced","expert"
"NPC1346","Talia Sol","simulation_matrix_pool","false","6","story_plus_party_scaled","77","true","E071","E100","E129","E158","E187","E216","false","advanced","expert"
"NPC1347","Uma Maren","simulation_matrix_pool","false","6","story_plus_party_scaled","81","true","E091","E120","E149","E178","E207","E236","false","advanced","expert"
"NPC1348","Venn Tor","simulation_matrix_pool","false","6","story_plus_party_scaled","85","true","E111","E140","E169","E198","E227","E256","false","advanced","expert"
"NPC1349","Wren Vale","simulation_matrix_pool","false","6","story_plus_party_scaled","89","true","E131","E160","E189","E218","E247","E276","false","advanced","expert"
"NPC1350","Xara Quill","simulation_matrix_pool","false","6","story_plus_party_scaled","93","true","E151","E180","E209","E238","E267","E011","false","advanced","expert"
"NPC1351","Yven Nox","simulation_matrix_pool","false","2","story_plus_party_scaled","7","false","E066","E095","","","","","false","none","basic"
"NPC1352","Zale Reed","simulation_matrix_pool","false","2","story_plus_party_scaled","3","false","E086","E115","","","","","false","none","basic"
"NPC1353","Ari Esh","simulation_matrix_pool","false","2","story_plus_party_scaled","7","false","E106","E135","","","","","false","none","basic"
"NPC1354","Bela Rusk","simulation_matrix_pool","false","3","story_plus_party_scaled","11","false","E126","E155","E184","","","","false","none","basic"
"NPC1355","Cato Voss","simulation_matrix_pool","false","3","story_plus_party_scaled","15","false","E146","E175","E204","","","","false","none","basic"
"NPC1356","Dena Rook","simulation_matrix_pool","false","3","story_plus_party_scaled","19","false","E166","E195","E224","","","","false","none","normal"
"NPC1357","Eron Fenn","simulation_matrix_pool","false","3","story_plus_party_scaled","23","false","E186","E215","E244","","","","false","none","normal"
"NPC1358","Fia Wren","simulation_matrix_pool","false","3","story_plus_party_scaled","27","false","E206","E235","E264","","","","false","none","normal"
"NPC1359","Garr Pell","simulation_matrix_pool","false","3","story_plus_party_scaled","31","false","E226","E255","E284","","","","false","none","normal"
"NPC1360","Hale Thane","simulation_matrix_pool","false","4","story_plus_party_scaled","27","true","E246","E275","E019","E048","","","false","none","normal"
"NPC1361","Ira Silt","simulation_matrix_pool","false","4","story_plus_party_scaled","31","true","E266","E010","E039","E068","","","false","none","normal"
"NPC1362","Juno Keir","simulation_matrix_pool","false","4","story_plus_party_scaled","35","true","E001","E030","E059","E088","","","false","standard","normal"
"NPC1363","Kira Noct","simulation_matrix_pool","false","4","story_plus_party_scaled","39","true","E021","E050","E079","E108","","","false","standard","normal"
"NPC1364","Lio Arc","simulation_matrix_pool","false","4","story_plus_party_scaled","43","true","E041","E070","E099","E128","","","false","standard","normal"
"NPC1365","Mira Holt","simulation_matrix_pool","false","4","story_plus_party_scaled","47","true","E061","E090","E119","E148","","","false","standard","smart"
"NPC1366","Nox Sol","simulation_matrix_pool","false","4","story_plus_party_scaled","51","true","E081","E110","E139","E168","","","false","standard","smart"
"NPC1367","Oren Maren","simulation_matrix_pool","false","4","story_plus_party_scaled","55","true","E101","E130","E159","E188","","","false","standard","smart"
"NPC1368","Pax Tor","simulation_matrix_pool","false","5","story_plus_party_scaled","51","true","E121","E150","E179","E208","E237","","false","standard","smart"
"NPC1369","Quin Vale","simulation_matrix_pool","false","5","story_plus_party_scaled","55","true","E141","E170","E199","E228","E257","","false","standard","smart"
"NPC1370","Rhea Quill","simulation_matrix_pool","false","5","story_plus_party_scaled","59","true","E161","E190","E219","E248","E277","","false","standard","smart"
"NPC1371","Senn Nox","simulation_matrix_pool","false","5","story_plus_party_scaled","63","true","E181","E210","E239","E268","E012","","false","standard","smart"
"NPC1372","Talia Reed","simulation_matrix_pool","false","5","story_plus_party_scaled","67","true","E201","E230","E259","E003","E032","","false","standard","smart"
"NPC1373","Uma Esh","simulation_matrix_pool","false","5","story_plus_party_scaled","71","true","E221","E250","E279","E023","E052","","false","standard","smart"
"NPC1374","Venn Rusk","simulation_matrix_pool","false","5","story_plus_party_scaled","75","true","E241","E270","E014","E043","E072","","false","standard","smart"
"NPC1375","Wren Voss","simulation_matrix_pool","false","6","story_plus_party_scaled","79","true","E261","E005","E034","E063","E092","E121","false","advanced","expert"
"NPC1376","Xara Rook","simulation_matrix_pool","false","6","story_plus_party_scaled","75","true","E281","E025","E054","E083","E112","E141","false","advanced","expert"
"NPC1377","Yven Fenn","simulation_matrix_pool","false","6","story_plus_party_scaled","79","true","E016","E045","E074","E103","E132","E161","false","advanced","expert"
"NPC1378","Zale Wren","simulation_matrix_pool","false","6","story_plus_party_scaled","83","true","E036","E065","E094","E123","E152","E181","false","advanced","expert"
"NPC1379","Ari Pell","simulation_matrix_pool","false","6","story_plus_party_scaled","87","true","E056","E085","E114","E143","E172","E201","false","advanced","expert"
"NPC1380","Bela Thane","simulation_matrix_pool","false","6","story_plus_party_scaled","91","true","E076","E105","E134","E163","E192","E221","false","advanced","expert"
"NPC1381","Cato Silt","simulation_matrix_pool","false","2","story_plus_party_scaled","5","false","E276","E020","","","","","false","none","basic"
"NPC1382","Dena Keir","simulation_matrix_pool","false","2","story_plus_party_scaled","9","false","E011","E040","","","","","false","none","basic"
"NPC1383","Eron Noct","simulation_matrix_pool","false","2","story_plus_party_scaled","13","false","E031","E060","","","","","false","none","basic"
"NPC1384","Fia Arc","simulation_matrix_pool","false","3","story_plus_party_scaled","9","false","E051","E080","E109","","","","false","none","basic"
"NPC1385","Garr Holt","simulation_matrix_pool","false","3","story_plus_party_scaled","13","false","E071","E100","E129","","","","false","none","basic"
"NPC1386","Hale Sol","simulation_matrix_pool","false","3","story_plus_party_scaled","17","false","E091","E120","E149","","","","false","none","normal"
"NPC1387","Ira Maren","simulation_matrix_pool","false","3","story_plus_party_scaled","21","false","E111","E140","E169","","","","false","none","normal"
"NPC1388","Juno Tor","simulation_matrix_pool","false","3","story_plus_party_scaled","25","false","E131","E160","E189","","","","false","none","normal"
"NPC1389","Kira Vale","simulation_matrix_pool","false","3","story_plus_party_scaled","29","false","E151","E180","E209","","","","false","none","normal"
"NPC1390","Lio Quill","simulation_matrix_pool","false","4","story_plus_party_scaled","33","true","E171","E200","E229","E258","","","false","none","normal"
"NPC1391","Mira Nox","simulation_matrix_pool","false","4","story_plus_party_scaled","37","true","E191","E220","E249","E278","","","false","none","normal"
"NPC1392","Nox Reed","simulation_matrix_pool","false","4","story_plus_party_scaled","33","true","E211","E240","E269","E013","","","false","standard","normal"
"NPC1393","Oren Esh","simulation_matrix_pool","false","4","story_plus_party_scaled","37","true","E231","E260","E004","E033","","","false","standard","normal"
"NPC1394","Pax Rusk","simulation_matrix_pool","false","4","story_plus_party_scaled","41","true","E251","E280","E024","E053","","","false","standard","normal"
"NPC1395","Quin Voss","simulation_matrix_pool","false","4","story_plus_party_scaled","45","true","E271","E015","E044","E073","","","false","standard","smart"
"NPC1396","Rhea Rook","simulation_matrix_pool","false","4","story_plus_party_scaled","49","true","E006","E035","E064","E093","","","false","standard","smart"
"NPC1397","Senn Fenn","simulation_matrix_pool","false","4","story_plus_party_scaled","53","true","E026","E055","E084","E113","","","false","standard","smart"
"NPC1398","Talia Wren","simulation_matrix_pool","false","5","story_plus_party_scaled","57","true","E046","E075","E104","E133","E162","","false","standard","smart"
"NPC1399","Uma Pell","simulation_matrix_pool","false","5","story_plus_party_scaled","61","true","E066","E095","E124","E153","E182","","false","standard","smart"
"NPC1400","Venn Thane","simulation_matrix_pool","false","5","story_plus_party_scaled","57","true","E086","E115","E144","E173","E202","","false","standard","smart"
"NPC1401","Wren Silt","simulation_matrix_pool","false","5","story_plus_party_scaled","61","true","E106","E135","E164","E193","E222","","false","standard","smart"
"NPC1402","Xara Keir","simulation_matrix_pool","false","5","story_plus_party_scaled","65","true","E126","E155","E184","E213","E242","","false","standard","smart"
"NPC1403","Yven Noct","simulation_matrix_pool","false","5","story_plus_party_scaled","69","true","E146","E175","E204","E233","E262","","false","standard","smart"
"NPC1404","Zale Arc","simulation_matrix_pool","false","5","story_plus_party_scaled","73","true","E166","E195","E224","E253","E282","","false","standard","smart"
"NPC1405","Ari Holt","simulation_matrix_pool","false","6","story_plus_party_scaled","77","true","E186","E215","E244","E273","E017","E046","false","advanced","expert"
"NPC1406","Bela Sol","simulation_matrix_pool","false","6","story_plus_party_scaled","81","true","E206","E235","E264","E008","E037","E066","false","advanced","expert"
"NPC1407","Cato Maren","simulation_matrix_pool","false","6","story_plus_party_scaled","85","true","E226","E255","E284","E028","E057","E086","false","advanced","expert"
"NPC1408","Dena Tor","simulation_matrix_pool","false","6","story_plus_party_scaled","81","true","E246","E275","E019","E048","E077","E106","false","advanced","expert"
"NPC1409","Eron Vale","simulation_matrix_pool","false","6","story_plus_party_scaled","85","true","E266","E010","E039","E068","E097","E126","false","advanced","expert"
"NPC1410","Fia Quill","simulation_matrix_pool","false","6","story_plus_party_scaled","89","true","E001","E030","E059","E088","E117","E146","false","advanced","expert"
"NPC1411","Garr Nox","simulation_matrix_pool","false","2","story_plus_party_scaled","3","false","E201","E230","","","","","false","none","basic"
"NPC1412","Hale Reed","simulation_matrix_pool","false","2","story_plus_party_scaled","7","false","E221","E250","","","","","false","none","basic"
"NPC1413","Ira Esh","simulation_matrix_pool","false","2","story_plus_party_scaled","11","false","E241","E270","","","","","false","none","basic"
"NPC1414","Juno Rusk","simulation_matrix_pool","false","3","story_plus_party_scaled","15","false","E261","E005","E034","","","","false","none","basic"
"NPC1415","Kira Voss","simulation_matrix_pool","false","3","story_plus_party_scaled","19","false","E281","E025","E054","","","","false","none","basic"
"NPC1416","Lio Rook","simulation_matrix_pool","false","3","story_plus_party_scaled","15","false","E016","E045","E074","","","","false","none","normal"
"NPC1417","Mira Fenn","simulation_matrix_pool","false","3","story_plus_party_scaled","19","false","E036","E065","E094","","","","false","none","normal"
"NPC1418","Nox Wren","simulation_matrix_pool","false","3","story_plus_party_scaled","23","false","E056","E085","E114","","","","false","none","normal"
"NPC1419","Oren Pell","simulation_matrix_pool","false","3","story_plus_party_scaled","27","false","E076","E105","E134","","","","false","none","normal"
"NPC1420","Pax Thane","simulation_matrix_pool","false","4","story_plus_party_scaled","31","true","E096","E125","E154","E183","","","false","none","normal"
"NPC1421","Quin Silt","simulation_matrix_pool","false","4","story_plus_party_scaled","35","true","E116","E145","E174","E203","","","false","none","normal"
"NPC1422","Rhea Keir","simulation_matrix_pool","false","4","story_plus_party_scaled","39","true","E136","E165","E194","E223","","","false","standard","normal"
"NPC1423","Senn Noct","simulation_matrix_pool","false","4","story_plus_party_scaled","43","true","E156","E185","E214","E243","","","false","standard","normal"
"NPC1424","Talia Arc","simulation_matrix_pool","false","4","story_plus_party_scaled","39","true","E176","E205","E234","E263","","","false","standard","normal"
"NPC1425","Uma Holt","simulation_matrix_pool","false","4","story_plus_party_scaled","43","true","E196","E225","E254","E283","","","false","standard","smart"
"NPC1426","Venn Sol","simulation_matrix_pool","false","4","story_plus_party_scaled","47","true","E216","E245","E274","E018","","","false","standard","smart"
"NPC1427","Wren Maren","simulation_matrix_pool","false","4","story_plus_party_scaled","51","true","E236","E265","E009","E038","","","false","standard","smart"
"NPC1428","Xara Tor","simulation_matrix_pool","false","5","story_plus_party_scaled","55","true","E256","E285","E029","E058","E087","","false","standard","smart"
"NPC1429","Yven Vale","simulation_matrix_pool","false","5","story_plus_party_scaled","59","true","E276","E020","E049","E078","E107","","false","standard","smart"
"NPC1430","Zale Quill","simulation_matrix_pool","false","5","story_plus_party_scaled","63","true","E011","E040","E069","E098","E127","","false","standard","smart"
"NPC1431","Ari Nox","simulation_matrix_pool","false","5","story_plus_party_scaled","67","true","E031","E060","E089","E118","E147","","false","standard","smart"
"NPC1432","Bela Reed","simulation_matrix_pool","false","5","story_plus_party_scaled","63","true","E051","E080","E109","E138","E167","","false","standard","smart"
"NPC1433","Cato Esh","simulation_matrix_pool","false","5","story_plus_party_scaled","67","true","E071","E100","E129","E158","E187","","false","standard","smart"
"NPC1434","Dena Rusk","simulation_matrix_pool","false","5","story_plus_party_scaled","71","true","E091","E120","E149","E178","E207","","false","standard","smart"
"NPC1435","Eron Voss","simulation_matrix_pool","false","6","story_plus_party_scaled","75","true","E111","E140","E169","E198","E227","E256","false","advanced","expert"
"NPC1436","Fia Rook","simulation_matrix_pool","false","6","story_plus_party_scaled","79","true","E131","E160","E189","E218","E247","E276","false","advanced","expert"
"NPC1437","Garr Fenn","simulation_matrix_pool","false","6","story_plus_party_scaled","83","true","E151","E180","E209","E238","E267","E011","false","advanced","expert"
"NPC1438","Hale Wren","simulation_matrix_pool","false","6","story_plus_party_scaled","87","true","E171","E200","E229","E258","E002","E031","false","advanced","expert"
"NPC1439","Ira Pell","simulation_matrix_pool","false","6","story_plus_party_scaled","91","true","E191","E220","E249","E278","E022","E051","false","advanced","expert"
"NPC1440","Juno Thane","simulation_matrix_pool","false","6","story_plus_party_scaled","87","true","E211","E240","E269","E013","E042","E071","false","advanced","expert"
"NPC1441","Kira Silt","simulation_matrix_pool","false","2","story_plus_party_scaled","3","false","E126","E155","","","","","false","none","basic"
"NPC1442","Lio Keir","simulation_matrix_pool","false","2","story_plus_party_scaled","5","false","E146","E175","","","","","false","none","basic"
"NPC1443","Mira Noct","simulation_matrix_pool","false","2","story_plus_party_scaled","9","false","E166","E195","","","","","false","none","basic"
"NPC1444","Nox Arc","simulation_matrix_pool","false","3","story_plus_party_scaled","13","false","E186","E215","E244","","","","false","none","basic"
"NPC1445","Oren Holt","simulation_matrix_pool","false","3","story_plus_party_scaled","17","false","E206","E235","E264","","","","false","none","basic"
"NPC1446","Pax Sol","simulation_matrix_pool","false","3","story_plus_party_scaled","21","false","E226","E255","E284","","","","false","none","normal"
"NPC1447","Quin Maren","simulation_matrix_pool","false","3","story_plus_party_scaled","25","false","E246","E275","E019","","","","false","none","normal"
"NPC1448","Rhea Tor","simulation_matrix_pool","false","3","story_plus_party_scaled","21","false","E266","E010","E039","","","","false","none","normal"
"NPC1449","Senn Vale","simulation_matrix_pool","false","3","story_plus_party_scaled","25","false","E001","E030","E059","","","","false","none","normal"
"NPC1450","Talia Quill","simulation_matrix_pool","false","4","story_plus_party_scaled","29","true","E021","E050","E079","E108","","","false","none","normal"
"NPC1451","Uma Nox","simulation_matrix_pool","false","4","story_plus_party_scaled","33","true","E041","E070","E099","E128","","","false","none","normal"
"NPC1452","Venn Reed","simulation_matrix_pool","false","4","story_plus_party_scaled","37","true","E061","E090","E119","E148","","","false","standard","normal"
"NPC1453","Wren Esh","simulation_matrix_pool","false","4","story_plus_party_scaled","41","true","E081","E110","E139","E168","","","false","standard","normal"
"NPC1454","Xara Rusk","simulation_matrix_pool","false","4","story_plus_party_scaled","45","true","E101","E130","E159","E188","","","false","standard","normal"
"NPC1455","Yven Voss","simulation_matrix_pool","false","4","story_plus_party_scaled","49","true","E121","E150","E179","E208","","","false","standard","smart"
"NPC1456","Zale Rook","simulation_matrix_pool","false","4","story_plus_party_scaled","45","true","E141","E170","E199","E228","","","false","standard","smart"
"NPC1457","Ari Fenn","simulation_matrix_pool","false","4","story_plus_party_scaled","49","true","E161","E190","E219","E248","","","false","standard","smart"
"NPC1458","Bela Wren","simulation_matrix_pool","false","5","story_plus_party_scaled","53","true","E181","E210","E239","E268","E012","","false","standard","smart"
"NPC1459","Cato Pell","simulation_matrix_pool","false","5","story_plus_party_scaled","57","true","E201","E230","E259","E003","E032","","false","standard","smart"
"NPC1460","Dena Thane","simulation_matrix_pool","false","5","story_plus_party_scaled","61","true","E221","E250","E279","E023","E052","","false","standard","smart"
"NPC1461","Eron Silt","simulation_matrix_pool","false","5","story_plus_party_scaled","65","true","E241","E270","E014","E043","E072","","false","standard","smart"
"NPC1462","Fia Keir","simulation_matrix_pool","false","5","story_plus_party_scaled","69","true","E261","E005","E034","E063","E092","","false","standard","smart"
"NPC1463","Garr Noct","simulation_matrix_pool","false","5","story_plus_party_scaled","73","true","E281","E025","E054","E083","E112","","false","standard","smart"
"NPC1464","Hale Arc","simulation_matrix_pool","false","5","story_plus_party_scaled","69","true","E016","E045","E074","E103","E132","","false","standard","smart"
"NPC1465","Ira Holt","simulation_matrix_pool","false","6","story_plus_party_scaled","73","true","E036","E065","E094","E123","E152","E181","false","advanced","expert"
"NPC1466","Juno Sol","simulation_matrix_pool","false","6","story_plus_party_scaled","77","true","E056","E085","E114","E143","E172","E201","false","advanced","expert"
"NPC1467","Kira Maren","simulation_matrix_pool","false","6","story_plus_party_scaled","81","true","E076","E105","E134","E163","E192","E221","false","advanced","expert"
"NPC1468","Lio Tor","simulation_matrix_pool","false","6","story_plus_party_scaled","85","true","E096","E125","E154","E183","E212","E241","false","advanced","expert"
"NPC1469","Mira Vale","simulation_matrix_pool","false","6","story_plus_party_scaled","89","true","E116","E145","E174","E203","E232","E261","false","advanced","expert"
"NPC1470","Nox Quill","simulation_matrix_pool","false","6","story_plus_party_scaled","93","true","E136","E165","E194","E223","E252","E281","false","advanced","expert"
"NPC1471","Oren Nox","simulation_matrix_pool","false","2","story_plus_party_scaled","7","false","E051","E080","","","","","false","none","basic"
"NPC1472","Pax Reed","simulation_matrix_pool","false","2","story_plus_party_scaled","3","false","E071","E100","","","","","false","none","basic"
"NPC1473","Quin Esh","simulation_matrix_pool","false","2","story_plus_party_scaled","7","false","E091","E120","","","","","false","none","basic"
"NPC1474","Rhea Rusk","simulation_matrix_pool","false","3","story_plus_party_scaled","11","false","E111","E140","E169","","","","false","none","basic"
"NPC1475","Senn Voss","simulation_matrix_pool","false","3","story_plus_party_scaled","15","false","E131","E160","E189","","","","false","none","basic"
"NPC1476","Talia Rook","simulation_matrix_pool","false","3","story_plus_party_scaled","19","false","E151","E180","E209","","","","false","none","normal"
"NPC1477","Uma Fenn","simulation_matrix_pool","false","3","story_plus_party_scaled","23","false","E171","E200","E229","","","","false","none","normal"
"NPC1478","Venn Wren","simulation_matrix_pool","false","3","story_plus_party_scaled","27","false","E191","E220","E249","","","","false","none","normal"
"NPC1479","Wren Pell","simulation_matrix_pool","false","3","story_plus_party_scaled","31","false","E211","E240","E269","","","","false","none","normal"
"NPC1480","Xara Thane","simulation_matrix_pool","false","4","story_plus_party_scaled","27","true","E231","E260","E004","E033","","","false","none","normal"
"NPC1481","Yven Silt","simulation_matrix_pool","false","4","story_plus_party_scaled","31","true","E251","E280","E024","E053","","","false","none","normal"
"NPC1482","Zale Keir","simulation_matrix_pool","false","4","story_plus_party_scaled","35","true","E271","E015","E044","E073","","","false","standard","normal"
"NPC1483","Ari Noct","simulation_matrix_pool","false","4","story_plus_party_scaled","39","true","E006","E035","E064","E093","","","false","standard","normal"
"NPC1484","Bela Arc","simulation_matrix_pool","false","4","story_plus_party_scaled","43","true","E026","E055","E084","E113","","","false","standard","normal"
"NPC1485","Cato Holt","simulation_matrix_pool","false","4","story_plus_party_scaled","47","true","E046","E075","E104","E133","","","false","standard","smart"
"NPC1486","Dena Sol","simulation_matrix_pool","false","4","story_plus_party_scaled","51","true","E066","E095","E124","E153","","","false","standard","smart"
"NPC1487","Eron Maren","simulation_matrix_pool","false","4","story_plus_party_scaled","55","true","E086","E115","E144","E173","","","false","standard","smart"
"NPC1488","Fia Tor","simulation_matrix_pool","false","5","story_plus_party_scaled","51","true","E106","E135","E164","E193","E222","","false","standard","smart"
"NPC1489","Garr Vale","simulation_matrix_pool","false","5","story_plus_party_scaled","55","true","E126","E155","E184","E213","E242","","false","standard","smart"
"NPC1490","Hale Quill","simulation_matrix_pool","false","5","story_plus_party_scaled","59","true","E146","E175","E204","E233","E262","","false","standard","smart"
"NPC1491","Ira Nox","simulation_matrix_pool","false","5","story_plus_party_scaled","63","true","E166","E195","E224","E253","E282","","false","standard","smart"
"NPC1492","Juno Reed","simulation_matrix_pool","false","5","story_plus_party_scaled","67","true","E186","E215","E244","E273","E017","","false","standard","smart"
"NPC1493","Kira Esh","simulation_matrix_pool","false","5","story_plus_party_scaled","71","true","E206","E235","E264","E008","E037","","false","standard","smart"
"NPC1494","Lio Rusk","simulation_matrix_pool","false","5","story_plus_party_scaled","75","true","E226","E255","E284","E028","E057","","false","standard","smart"
"NPC1495","Mira Voss","simulation_matrix_pool","false","6","story_plus_party_scaled","79","true","E246","E275","E019","E048","E077","E106","false","advanced","expert"
"NPC1496","Nox Rook","simulation_matrix_pool","false","6","story_plus_party_scaled","75","true","E266","E010","E039","E068","E097","E126","false","advanced","expert"
"NPC1497","Oren Fenn","simulation_matrix_pool","false","6","story_plus_party_scaled","79","true","E001","E030","E059","E088","E117","E146","false","advanced","expert"
"NPC1498","Pax Wren","simulation_matrix_pool","false","6","story_plus_party_scaled","83","true","E021","E050","E079","E108","E137","E166","false","advanced","expert"
"NPC1499","Quin Pell","simulation_matrix_pool","false","6","story_plus_party_scaled","87","true","E041","E070","E099","E128","E157","E186","false","advanced","expert"
"NPC1500","Rhea Thane","simulation_matrix_pool","false","6","story_plus_party_scaled","91","true","E061","E090","E119","E148","E177","E206","false","advanced","expert"
"NPC1501","Senn Silt","simulation_matrix_pool","false","2","story_plus_party_scaled","5","false","E261","E005","","","","","false","none","basic"
"NPC1502","Talia Keir","simulation_matrix_pool","false","2","story_plus_party_scaled","9","false","E281","E025","","","","","false","none","basic"
"NPC1503","Uma Noct","simulation_matrix_pool","false","2","story_plus_party_scaled","13","false","E016","E045","","","","","false","none","basic"
"NPC1504","Venn Arc","simulation_matrix_pool","false","3","story_plus_party_scaled","9","false","E036","E065","E094","","","","false","none","basic"
"NPC1505","Wren Holt","simulation_matrix_pool","false","3","story_plus_party_scaled","13","false","E056","E085","E114","","","","false","none","basic"
"NPC1506","Xara Sol","simulation_matrix_pool","false","3","story_plus_party_scaled","17","false","E076","E105","E134","","","","false","none","normal"
"NPC1507","Yven Maren","simulation_matrix_pool","false","3","story_plus_party_scaled","21","false","E096","E125","E154","","","","false","none","normal"
"NPC1508","Zale Tor","simulation_matrix_pool","false","3","story_plus_party_scaled","25","false","E116","E145","E174","","","","false","none","normal"
"NPC1509","Ari Vale","simulation_matrix_pool","false","3","story_plus_party_scaled","29","false","E136","E165","E194","","","","false","none","normal"
"NPC1510","Bela Quill","simulation_matrix_pool","false","4","story_plus_party_scaled","33","true","E156","E185","E214","E243","","","false","none","normal"
"NPC1511","Cato Nox","simulation_matrix_pool","false","4","story_plus_party_scaled","37","true","E176","E205","E234","E263","","","false","none","normal"
"NPC1512","Dena Reed","simulation_matrix_pool","false","4","story_plus_party_scaled","33","true","E196","E225","E254","E283","","","false","standard","normal"
"NPC1513","Eron Esh","simulation_matrix_pool","false","4","story_plus_party_scaled","37","true","E216","E245","E274","E018","","","false","standard","normal"
"NPC1514","Fia Rusk","simulation_matrix_pool","false","4","story_plus_party_scaled","41","true","E236","E265","E009","E038","","","false","standard","normal"
"NPC1515","Garr Voss","simulation_matrix_pool","false","4","story_plus_party_scaled","45","true","E256","E285","E029","E058","","","false","standard","smart"
"NPC1516","Hale Rook","simulation_matrix_pool","false","4","story_plus_party_scaled","49","true","E276","E020","E049","E078","","","false","standard","smart"
"NPC1517","Ira Fenn","simulation_matrix_pool","false","4","story_plus_party_scaled","53","true","E011","E040","E069","E098","","","false","standard","smart"
"NPC1518","Juno Wren","simulation_matrix_pool","false","5","story_plus_party_scaled","57","true","E031","E060","E089","E118","E147","","false","standard","smart"
"NPC1519","Kira Pell","simulation_matrix_pool","false","5","story_plus_party_scaled","61","true","E051","E080","E109","E138","E167","","false","standard","smart"
"NPC1520","Lio Thane","simulation_matrix_pool","false","5","story_plus_party_scaled","57","true","E071","E100","E129","E158","E187","","false","standard","smart"
"NPC1521","Mira Silt","simulation_matrix_pool","false","5","story_plus_party_scaled","61","true","E091","E120","E149","E178","E207","","false","standard","smart"
"NPC1522","Nox Keir","simulation_matrix_pool","false","5","story_plus_party_scaled","65","true","E111","E140","E169","E198","E227","","false","standard","smart"
"NPC1523","Oren Noct","simulation_matrix_pool","false","5","story_plus_party_scaled","69","true","E131","E160","E189","E218","E247","","false","standard","smart"
"NPC1524","Pax Arc","simulation_matrix_pool","false","5","story_plus_party_scaled","73","true","E151","E180","E209","E238","E267","","false","standard","smart"
"NPC1525","Quin Holt","simulation_matrix_pool","false","6","story_plus_party_scaled","77","true","E171","E200","E229","E258","E002","E031","false","advanced","expert"
"NPC1526","Rhea Sol","simulation_matrix_pool","false","6","story_plus_party_scaled","81","true","E191","E220","E249","E278","E022","E051","false","advanced","expert"
"NPC1527","Senn Maren","simulation_matrix_pool","false","6","story_plus_party_scaled","85","true","E211","E240","E269","E013","E042","E071","false","advanced","expert"
"NPC1528","Talia Tor","simulation_matrix_pool","false","6","story_plus_party_scaled","81","true","E231","E260","E004","E033","E062","E091","false","advanced","expert"
"NPC1529","Uma Vale","simulation_matrix_pool","false","6","story_plus_party_scaled","85","true","E251","E280","E024","E053","E082","E111","false","advanced","expert"
"NPC1530","Venn Quill","simulation_matrix_pool","false","6","story_plus_party_scaled","89","true","E271","E015","E044","E073","E102","E131","false","advanced","expert"
"NPC1531","Wren Nox","simulation_matrix_pool","false","2","story_plus_party_scaled","3","false","E186","E215","","","","","false","none","basic"
"NPC1532","Xara Reed","simulation_matrix_pool","false","2","story_plus_party_scaled","7","false","E206","E235","","","","","false","none","basic"
"NPC1533","Yven Esh","simulation_matrix_pool","false","2","story_plus_party_scaled","11","false","E226","E255","","","","","false","none","basic"
"NPC1534","Zale Rusk","simulation_matrix_pool","false","3","story_plus_party_scaled","15","false","E246","E275","E019","","","","false","none","basic"
"NPC1535","Ari Voss","simulation_matrix_pool","false","3","story_plus_party_scaled","19","false","E266","E010","E039","","","","false","none","basic"
"NPC1536","Bela Rook","simulation_matrix_pool","false","3","story_plus_party_scaled","15","false","E001","E030","E059","","","","false","none","normal"
"NPC1537","Cato Fenn","simulation_matrix_pool","false","3","story_plus_party_scaled","19","false","E021","E050","E079","","","","false","none","normal"
"NPC1538","Dena Wren","simulation_matrix_pool","false","3","story_plus_party_scaled","23","false","E041","E070","E099","","","","false","none","normal"
"NPC1539","Eron Pell","simulation_matrix_pool","false","3","story_plus_party_scaled","27","false","E061","E090","E119","","","","false","none","normal"
"NPC1540","Fia Thane","simulation_matrix_pool","false","4","story_plus_party_scaled","31","true","E081","E110","E139","E168","","","false","none","normal"
"NPC1541","Garr Silt","simulation_matrix_pool","false","4","story_plus_party_scaled","35","true","E101","E130","E159","E188","","","false","none","normal"
"NPC1542","Hale Keir","simulation_matrix_pool","false","4","story_plus_party_scaled","39","true","E121","E150","E179","E208","","","false","standard","normal"
"NPC1543","Ira Noct","simulation_matrix_pool","false","4","story_plus_party_scaled","43","true","E141","E170","E199","E228","","","false","standard","normal"
"NPC1544","Juno Arc","simulation_matrix_pool","false","4","story_plus_party_scaled","39","true","E161","E190","E219","E248","","","false","standard","normal"
"NPC1545","Kira Holt","simulation_matrix_pool","false","4","story_plus_party_scaled","43","true","E181","E210","E239","E268","","","false","standard","smart"
"NPC1546","Lio Sol","simulation_matrix_pool","false","4","story_plus_party_scaled","47","true","E201","E230","E259","E003","","","false","standard","smart"
"NPC1547","Mira Maren","simulation_matrix_pool","false","4","story_plus_party_scaled","51","true","E221","E250","E279","E023","","","false","standard","smart"
"NPC1548","Nox Tor","simulation_matrix_pool","false","5","story_plus_party_scaled","55","true","E241","E270","E014","E043","E072","","false","standard","smart"
"NPC1549","Oren Vale","simulation_matrix_pool","false","5","story_plus_party_scaled","59","true","E261","E005","E034","E063","E092","","false","standard","smart"
"NPC1550","Pax Quill","simulation_matrix_pool","false","5","story_plus_party_scaled","63","true","E281","E025","E054","E083","E112","","false","standard","smart"
"NPC1551","Quin Nox","simulation_matrix_pool","false","5","story_plus_party_scaled","67","true","E016","E045","E074","E103","E132","","false","standard","smart"
"NPC1552","Rhea Reed","simulation_matrix_pool","false","5","story_plus_party_scaled","63","true","E036","E065","E094","E123","E152","","false","standard","smart"
"NPC1553","Senn Esh","simulation_matrix_pool","false","5","story_plus_party_scaled","67","true","E056","E085","E114","E143","E172","","false","standard","smart"
"NPC1554","Talia Rusk","simulation_matrix_pool","false","5","story_plus_party_scaled","71","true","E076","E105","E134","E163","E192","","false","standard","smart"
"NPC1555","Uma Voss","simulation_matrix_pool","false","6","story_plus_party_scaled","75","true","E096","E125","E154","E183","E212","E241","false","advanced","expert"
"NPC1556","Venn Rook","simulation_matrix_pool","false","6","story_plus_party_scaled","79","true","E116","E145","E174","E203","E232","E261","false","advanced","expert"
"NPC1557","Wren Fenn","simulation_matrix_pool","false","6","story_plus_party_scaled","83","true","E136","E165","E194","E223","E252","E281","false","advanced","expert"
"NPC1558","Xara Wren","simulation_matrix_pool","false","6","story_plus_party_scaled","87","true","E156","E185","E214","E243","E272","E016","false","advanced","expert"
"NPC1559","Yven Pell","simulation_matrix_pool","false","6","story_plus_party_scaled","91","true","E176","E205","E234","E263","E007","E036","false","advanced","expert"
"NPC1560","Zale Thane","simulation_matrix_pool","false","6","story_plus_party_scaled","87","true","E196","E225","E254","E283","E027","E056","false","advanced","expert"
"NPC1561","Ari Silt","simulation_matrix_pool","false","2","story_plus_party_scaled","3","false","E111","E140","","","","","false","none","basic"
"NPC1562","Bela Keir","simulation_matrix_pool","false","2","story_plus_party_scaled","5","false","E131","E160","","","","","false","none","basic"
"NPC1563","Cato Noct","simulation_matrix_pool","false","2","story_plus_party_scaled","9","false","E151","E180","","","","","false","none","basic"
"NPC1564","Dena Arc","simulation_matrix_pool","false","3","story_plus_party_scaled","13","false","E171","E200","E229","","","","false","none","basic"
"NPC1565","Eron Holt","simulation_matrix_pool","false","3","story_plus_party_scaled","17","false","E191","E220","E249","","","","false","none","basic"
"NPC1566","Fia Sol","simulation_matrix_pool","false","3","story_plus_party_scaled","21","false","E211","E240","E269","","","","false","none","normal"
"NPC1567","Garr Maren","simulation_matrix_pool","false","3","story_plus_party_scaled","25","false","E231","E260","E004","","","","false","none","normal"
"NPC1568","Hale Tor","simulation_matrix_pool","false","3","story_plus_party_scaled","21","false","E251","E280","E024","","","","false","none","normal"
"NPC1569","Ira Vale","simulation_matrix_pool","false","3","story_plus_party_scaled","25","false","E271","E015","E044","","","","false","none","normal"
"NPC1570","Juno Quill","simulation_matrix_pool","false","4","story_plus_party_scaled","29","true","E006","E035","E064","E093","","","false","none","normal"
"NPC1571","Kira Nox","simulation_matrix_pool","false","4","story_plus_party_scaled","33","true","E026","E055","E084","E113","","","false","none","normal"
"NPC1572","Lio Reed","simulation_matrix_pool","false","4","story_plus_party_scaled","37","true","E046","E075","E104","E133","","","false","standard","normal"
"NPC1573","Mira Esh","simulation_matrix_pool","false","4","story_plus_party_scaled","41","true","E066","E095","E124","E153","","","false","standard","normal"
"NPC1574","Nox Rusk","simulation_matrix_pool","false","4","story_plus_party_scaled","45","true","E086","E115","E144","E173","","","false","standard","normal"
"NPC1575","Oren Voss","simulation_matrix_pool","false","4","story_plus_party_scaled","49","true","E106","E135","E164","E193","","","false","standard","smart"
"NPC1576","Pax Rook","simulation_matrix_pool","false","4","story_plus_party_scaled","45","true","E126","E155","E184","E213","","","false","standard","smart"
"NPC1577","Quin Fenn","simulation_matrix_pool","false","4","story_plus_party_scaled","49","true","E146","E175","E204","E233","","","false","standard","smart"
"NPC1578","Rhea Wren","simulation_matrix_pool","false","5","story_plus_party_scaled","53","true","E166","E195","E224","E253","E282","","false","standard","smart"
"NPC1579","Senn Pell","simulation_matrix_pool","false","5","story_plus_party_scaled","57","true","E186","E215","E244","E273","E017","","false","standard","smart"
"NPC1580","Talia Thane","simulation_matrix_pool","false","5","story_plus_party_scaled","61","true","E206","E235","E264","E008","E037","","false","standard","smart"
"NPC1581","Uma Silt","simulation_matrix_pool","false","5","story_plus_party_scaled","65","true","E226","E255","E284","E028","E057","","false","standard","smart"
"NPC1582","Venn Keir","simulation_matrix_pool","false","5","story_plus_party_scaled","69","true","E246","E275","E019","E048","E077","","false","standard","smart"
"NPC1583","Wren Noct","simulation_matrix_pool","false","5","story_plus_party_scaled","73","true","E266","E010","E039","E068","E097","","false","standard","smart"
"NPC1584","Xara Arc","simulation_matrix_pool","false","5","story_plus_party_scaled","69","true","E001","E030","E059","E088","E117","","false","standard","smart"
"NPC1585","Yven Holt","simulation_matrix_pool","false","6","story_plus_party_scaled","73","true","E021","E050","E079","E108","E137","E166","false","advanced","expert"
"NPC1586","Zale Sol","simulation_matrix_pool","false","6","story_plus_party_scaled","77","true","E041","E070","E099","E128","E157","E186","false","advanced","expert"
"NPC1587","Ari Maren","simulation_matrix_pool","false","6","story_plus_party_scaled","81","true","E061","E090","E119","E148","E177","E206","false","advanced","expert"
"NPC1588","Bela Tor","simulation_matrix_pool","false","6","story_plus_party_scaled","85","true","E081","E110","E139","E168","E197","E226","false","advanced","expert"
"NPC1589","Cato Vale","simulation_matrix_pool","false","6","story_plus_party_scaled","89","true","E101","E130","E159","E188","E217","E246","false","advanced","expert"
"NPC1590","Dena Quill","simulation_matrix_pool","false","6","story_plus_party_scaled","93","true","E121","E150","E179","E208","E237","E266","false","advanced","expert"
"NPC1591","Eron Nox","simulation_matrix_pool","false","2","story_plus_party_scaled","7","false","E036","E065","","","","","false","none","basic"
"NPC1592","Fia Reed","simulation_matrix_pool","false","2","story_plus_party_scaled","3","false","E056","E085","","","","","false","none","basic"
"NPC1593","Garr Esh","simulation_matrix_pool","false","2","story_plus_party_scaled","7","false","E076","E105","","","","","false","none","basic"
"NPC1594","Hale Rusk","simulation_matrix_pool","false","3","story_plus_party_scaled","11","false","E096","E125","E154","","","","false","none","basic"
"NPC1595","Ira Voss","simulation_matrix_pool","false","3","story_plus_party_scaled","15","false","E116","E145","E174","","","","false","none","basic"
"NPC1596","Juno Rook","simulation_matrix_pool","false","3","story_plus_party_scaled","19","false","E136","E165","E194","","","","false","none","normal"
"NPC1597","Kira Fenn","simulation_matrix_pool","false","3","story_plus_party_scaled","23","false","E156","E185","E214","","","","false","none","normal"
"NPC1598","Lio Wren","simulation_matrix_pool","false","3","story_plus_party_scaled","27","false","E176","E205","E234","","","","false","none","normal"
"NPC1599","Mira Pell","simulation_matrix_pool","false","3","story_plus_party_scaled","31","false","E196","E225","E254","","","","false","none","normal"
"NPC1600","Nox Thane","simulation_matrix_pool","false","4","story_plus_party_scaled","27","true","E216","E245","E274","E018","","","false","none","normal"
"NPC1601","Oren Silt","simulation_matrix_pool","false","4","postgame_scaled","31","true","E236","E265","E009","E038","","","false","none","normal"
"NPC1602","Pax Keir","simulation_matrix_pool","false","4","postgame_scaled","35","true","E256","E285","E029","E058","","","false","standard","normal"
"NPC1603","Quin Noct","simulation_matrix_pool","false","4","postgame_scaled","39","true","E276","E020","E049","E078","","","false","standard","normal"
"NPC1604","Rhea Arc","simulation_matrix_pool","false","4","postgame_scaled","43","true","E011","E040","E069","E098","","","false","standard","normal"
"NPC1605","Senn Holt","simulation_matrix_pool","false","4","postgame_scaled","47","true","E031","E060","E089","E118","","","false","standard","smart"
"NPC1606","Talia Sol","simulation_matrix_pool","false","4","postgame_scaled","51","true","E051","E080","E109","E138","","","false","standard","smart"
"NPC1607","Uma Maren","simulation_matrix_pool","false","4","postgame_scaled","55","true","E071","E100","E129","E158","","","false","standard","smart"
"NPC1608","Venn Tor","simulation_matrix_pool","false","5","postgame_scaled","51","true","E091","E120","E149","E178","E207","","false","standard","smart"
"NPC1609","Wren Vale","simulation_matrix_pool","false","5","postgame_scaled","55","true","E111","E140","E169","E198","E227","","false","standard","smart"
"NPC1610","Xara Quill","simulation_matrix_pool","false","5","postgame_scaled","59","true","E131","E160","E189","E218","E247","","false","standard","smart"
"NPC1611","Yven Nox","simulation_matrix_pool","false","5","postgame_scaled","63","true","E151","E180","E209","E238","E267","","false","standard","smart"
"NPC1612","Zale Reed","simulation_matrix_pool","false","5","postgame_scaled","67","true","E171","E200","E229","E258","E002","","false","standard","smart"
"NPC1613","Ari Esh","simulation_matrix_pool","false","5","postgame_scaled","71","true","E191","E220","E249","E278","E022","","false","standard","smart"
"NPC1614","Bela Rusk","simulation_matrix_pool","false","5","postgame_scaled","75","true","E211","E240","E269","E013","E042","","false","standard","smart"
"NPC1615","Cato Voss","simulation_matrix_pool","false","6","postgame_scaled","79","true","E231","E260","E004","E033","E062","E091","false","advanced","expert"
"NPC1616","Dena Rook","simulation_matrix_pool","false","6","postgame_scaled","75","true","E251","E280","E024","E053","E082","E111","false","advanced","expert"
"NPC1617","Eron Fenn","simulation_matrix_pool","false","6","postgame_scaled","79","true","E271","E015","E044","E073","E102","E131","false","advanced","expert"
"NPC1618","Fia Wren","simulation_matrix_pool","false","6","postgame_scaled","83","true","E006","E035","E064","E093","E122","E151","false","advanced","expert"
"NPC1619","Garr Pell","simulation_matrix_pool","false","6","postgame_scaled","87","true","E026","E055","E084","E113","E142","E171","false","advanced","expert"
"NPC1620","Hale Thane","simulation_matrix_pool","false","6","postgame_scaled","91","true","E046","E075","E104","E133","E162","E191","false","advanced","expert"
"NPC1621","Ira Silt","simulation_matrix_pool","false","2","postgame_scaled","5","false","E246","E275","","","","","false","none","basic"
"NPC1622","Juno Keir","simulation_matrix_pool","false","2","postgame_scaled","9","false","E266","E010","","","","","false","none","basic"
"NPC1623","Kira Noct","simulation_matrix_pool","false","2","postgame_scaled","13","false","E001","E030","","","","","false","none","basic"
"NPC1624","Lio Arc","simulation_matrix_pool","false","3","postgame_scaled","9","false","E021","E050","E079","","","","false","none","basic"
"NPC1625","Mira Holt","simulation_matrix_pool","false","3","postgame_scaled","13","false","E041","E070","E099","","","","false","none","basic"
"NPC1626","Nox Sol","simulation_matrix_pool","false","3","postgame_scaled","17","false","E061","E090","E119","","","","false","none","normal"
"NPC1627","Oren Maren","simulation_matrix_pool","false","3","postgame_scaled","21","false","E081","E110","E139","","","","false","none","normal"
"NPC1628","Pax Tor","simulation_matrix_pool","false","3","postgame_scaled","25","false","E101","E130","E159","","","","false","none","normal"
"NPC1629","Quin Vale","simulation_matrix_pool","false","3","postgame_scaled","29","false","E121","E150","E179","","","","false","none","normal"
"NPC1630","Rhea Quill","simulation_matrix_pool","false","4","postgame_scaled","33","true","E141","E170","E199","E228","","","false","none","normal"
"NPC1631","Senn Nox","simulation_matrix_pool","false","4","postgame_scaled","37","true","E161","E190","E219","E248","","","false","none","normal"
"NPC1632","Talia Reed","simulation_matrix_pool","false","4","postgame_scaled","33","true","E181","E210","E239","E268","","","false","standard","normal"
"NPC1633","Uma Esh","simulation_matrix_pool","false","4","postgame_scaled","37","true","E201","E230","E259","E003","","","false","standard","normal"
"NPC1634","Venn Rusk","simulation_matrix_pool","false","4","postgame_scaled","41","true","E221","E250","E279","E023","","","false","standard","normal"
"NPC1635","Wren Voss","simulation_matrix_pool","false","4","postgame_scaled","45","true","E241","E270","E014","E043","","","false","standard","smart"
"NPC1636","Xara Rook","simulation_matrix_pool","false","4","postgame_scaled","49","true","E261","E005","E034","E063","","","false","standard","smart"
"NPC1637","Yven Fenn","simulation_matrix_pool","false","4","postgame_scaled","53","true","E281","E025","E054","E083","","","false","standard","smart"
"NPC1638","Zale Wren","simulation_matrix_pool","false","5","postgame_scaled","57","true","E016","E045","E074","E103","E132","","false","standard","smart"
"NPC1639","Ari Pell","simulation_matrix_pool","false","5","postgame_scaled","61","true","E036","E065","E094","E123","E152","","false","standard","smart"
"NPC1640","Bela Thane","simulation_matrix_pool","false","5","postgame_scaled","57","true","E056","E085","E114","E143","E172","","false","standard","smart"
"NPC1641","Cato Silt","simulation_matrix_pool","false","5","postgame_scaled","61","true","E076","E105","E134","E163","E192","","false","standard","smart"
"NPC1642","Dena Keir","simulation_matrix_pool","false","5","postgame_scaled","65","true","E096","E125","E154","E183","E212","","false","standard","smart"
"NPC1643","Eron Noct","simulation_matrix_pool","false","5","postgame_scaled","69","true","E116","E145","E174","E203","E232","","false","standard","smart"
"NPC1644","Fia Arc","simulation_matrix_pool","false","5","postgame_scaled","73","true","E136","E165","E194","E223","E252","","false","standard","smart"
"NPC1645","Garr Holt","simulation_matrix_pool","false","6","postgame_scaled","77","true","E156","E185","E214","E243","E272","E016","false","advanced","expert"
"NPC1646","Hale Sol","simulation_matrix_pool","false","6","postgame_scaled","81","true","E176","E205","E234","E263","E007","E036","false","advanced","expert"
"NPC1647","Ira Maren","simulation_matrix_pool","false","6","postgame_scaled","85","true","E196","E225","E254","E283","E027","E056","false","advanced","expert"
"NPC1648","Juno Tor","simulation_matrix_pool","false","6","postgame_scaled","81","true","E216","E245","E274","E018","E047","E076","false","advanced","expert"
"NPC1649","Kira Vale","simulation_matrix_pool","false","6","postgame_scaled","85","true","E236","E265","E009","E038","E067","E096","false","advanced","expert"
"NPC1650","Lio Quill","simulation_matrix_pool","false","6","postgame_scaled","89","true","E256","E285","E029","E058","E087","E116","false","advanced","expert"
"NPC1651","Mira Nox","simulation_matrix_pool","false","2","postgame_scaled","3","false","E171","E200","","","","","false","none","basic"
"NPC1652","Nox Reed","simulation_matrix_pool","false","2","postgame_scaled","7","false","E191","E220","","","","","false","none","basic"
"NPC1653","Oren Esh","simulation_matrix_pool","false","2","postgame_scaled","11","false","E211","E240","","","","","false","none","basic"
"NPC1654","Pax Rusk","simulation_matrix_pool","false","3","postgame_scaled","15","false","E231","E260","E004","","","","false","none","basic"
"NPC1655","Quin Voss","simulation_matrix_pool","false","3","postgame_scaled","19","false","E251","E280","E024","","","","false","none","basic"
"NPC1656","Rhea Rook","simulation_matrix_pool","false","3","postgame_scaled","15","false","E271","E015","E044","","","","false","none","normal"
"NPC1657","Senn Fenn","simulation_matrix_pool","false","3","postgame_scaled","19","false","E006","E035","E064","","","","false","none","normal"
"NPC1658","Talia Wren","simulation_matrix_pool","false","3","postgame_scaled","23","false","E026","E055","E084","","","","false","none","normal"
"NPC1659","Uma Pell","simulation_matrix_pool","false","3","postgame_scaled","27","false","E046","E075","E104","","","","false","none","normal"
"NPC1660","Venn Thane","simulation_matrix_pool","false","4","postgame_scaled","31","true","E066","E095","E124","E153","","","false","none","normal"
"NPC1661","Wren Silt","simulation_matrix_pool","false","4","postgame_scaled","35","true","E086","E115","E144","E173","","","false","none","normal"
"NPC1662","Xara Keir","simulation_matrix_pool","false","4","postgame_scaled","39","true","E106","E135","E164","E193","","","false","standard","normal"
"NPC1663","Yven Noct","simulation_matrix_pool","false","4","postgame_scaled","43","true","E126","E155","E184","E213","","","false","standard","normal"
"NPC1664","Zale Arc","simulation_matrix_pool","false","4","postgame_scaled","39","true","E146","E175","E204","E233","","","false","standard","normal"
"NPC1665","Ari Holt","simulation_matrix_pool","false","4","postgame_scaled","43","true","E166","E195","E224","E253","","","false","standard","smart"
"NPC1666","Bela Sol","simulation_matrix_pool","false","4","postgame_scaled","47","true","E186","E215","E244","E273","","","false","standard","smart"
"NPC1667","Cato Maren","simulation_matrix_pool","false","4","postgame_scaled","51","true","E206","E235","E264","E008","","","false","standard","smart"
"NPC1668","Dena Tor","simulation_matrix_pool","false","5","postgame_scaled","55","true","E226","E255","E284","E028","E057","","false","standard","smart"
"NPC1669","Eron Vale","simulation_matrix_pool","false","5","postgame_scaled","59","true","E246","E275","E019","E048","E077","","false","standard","smart"
"NPC1670","Fia Quill","simulation_matrix_pool","false","5","postgame_scaled","63","true","E266","E010","E039","E068","E097","","false","standard","smart"
"NPC1671","Garr Nox","simulation_matrix_pool","false","5","postgame_scaled","67","true","E001","E030","E059","E088","E117","","false","standard","smart"
"NPC1672","Hale Reed","simulation_matrix_pool","false","5","postgame_scaled","63","true","E021","E050","E079","E108","E137","","false","standard","smart"
"NPC1673","Ira Esh","simulation_matrix_pool","false","5","postgame_scaled","67","true","E041","E070","E099","E128","E157","","false","standard","smart"
"NPC1674","Juno Rusk","simulation_matrix_pool","false","5","postgame_scaled","71","true","E061","E090","E119","E148","E177","","false","standard","smart"
"NPC1675","Kira Voss","simulation_matrix_pool","false","6","postgame_scaled","75","true","E081","E110","E139","E168","E197","E226","false","advanced","expert"
"NPC1676","Lio Rook","simulation_matrix_pool","false","6","postgame_scaled","79","true","E101","E130","E159","E188","E217","E246","false","advanced","expert"
"NPC1677","Mira Fenn","simulation_matrix_pool","false","6","postgame_scaled","83","true","E121","E150","E179","E208","E237","E266","false","advanced","expert"
"NPC1678","Nox Wren","simulation_matrix_pool","false","6","postgame_scaled","87","true","E141","E170","E199","E228","E257","E001","false","advanced","expert"
"NPC1679","Oren Pell","simulation_matrix_pool","false","6","postgame_scaled","91","true","E161","E190","E219","E248","E277","E021","false","advanced","expert"
"NPC1680","Pax Thane","simulation_matrix_pool","false","6","postgame_scaled","87","true","E181","E210","E239","E268","E012","E041","false","advanced","expert"
"NPC1681","Quin Silt","simulation_matrix_pool","false","2","postgame_scaled","3","false","E096","E125","","","","","false","none","basic"
"NPC1682","Rhea Keir","simulation_matrix_pool","false","2","postgame_scaled","5","false","E116","E145","","","","","false","none","basic"
"NPC1683","Senn Noct","simulation_matrix_pool","false","2","postgame_scaled","9","false","E136","E165","","","","","false","none","basic"
"NPC1684","Talia Arc","simulation_matrix_pool","false","3","postgame_scaled","13","false","E156","E185","E214","","","","false","none","basic"
"NPC1685","Uma Holt","simulation_matrix_pool","false","3","postgame_scaled","17","false","E176","E205","E234","","","","false","none","basic"
"NPC1686","Venn Sol","simulation_matrix_pool","false","3","postgame_scaled","21","false","E196","E225","E254","","","","false","none","normal"
"NPC1687","Wren Maren","simulation_matrix_pool","false","3","postgame_scaled","25","false","E216","E245","E274","","","","false","none","normal"
"NPC1688","Xara Tor","simulation_matrix_pool","false","3","postgame_scaled","21","false","E236","E265","E009","","","","false","none","normal"
"NPC1689","Yven Vale","simulation_matrix_pool","false","3","postgame_scaled","25","false","E256","E285","E029","","","","false","none","normal"
"NPC1690","Zale Quill","simulation_matrix_pool","false","4","postgame_scaled","29","true","E276","E020","E049","E078","","","false","none","normal"
"NPC1691","Ari Nox","simulation_matrix_pool","false","4","postgame_scaled","33","true","E011","E040","E069","E098","","","false","none","normal"
"NPC1692","Bela Reed","simulation_matrix_pool","false","4","postgame_scaled","37","true","E031","E060","E089","E118","","","false","standard","normal"
"NPC1693","Cato Esh","simulation_matrix_pool","false","4","postgame_scaled","41","true","E051","E080","E109","E138","","","false","standard","normal"
"NPC1694","Dena Rusk","simulation_matrix_pool","false","4","postgame_scaled","45","true","E071","E100","E129","E158","","","false","standard","normal"
"NPC1695","Eron Voss","simulation_matrix_pool","false","4","postgame_scaled","49","true","E091","E120","E149","E178","","","false","standard","smart"
"NPC1696","Fia Rook","simulation_matrix_pool","false","4","postgame_scaled","45","true","E111","E140","E169","E198","","","false","standard","smart"
"NPC1697","Garr Fenn","simulation_matrix_pool","false","4","postgame_scaled","49","true","E131","E160","E189","E218","","","false","standard","smart"
"NPC1698","Hale Wren","simulation_matrix_pool","false","5","postgame_scaled","53","true","E151","E180","E209","E238","E267","","false","standard","smart"
"NPC1699","Ira Pell","simulation_matrix_pool","false","5","postgame_scaled","57","true","E171","E200","E229","E258","E002","","false","standard","smart"
"NPC1700","Juno Thane","simulation_matrix_pool","false","5","postgame_scaled","61","true","E191","E220","E249","E278","E022","","false","standard","smart"
"NPC1701","Kira Silt","simulation_matrix_pool","false","5","postgame_scaled","65","true","E211","E240","E269","E013","E042","","false","standard","smart"
"NPC1702","Lio Keir","simulation_matrix_pool","false","5","postgame_scaled","69","true","E231","E260","E004","E033","E062","","false","standard","smart"
"NPC1703","Mira Noct","simulation_matrix_pool","false","5","postgame_scaled","73","true","E251","E280","E024","E053","E082","","false","standard","smart"
"NPC1704","Nox Arc","simulation_matrix_pool","false","5","postgame_scaled","69","true","E271","E015","E044","E073","E102","","false","standard","smart"
"NPC1705","Oren Holt","simulation_matrix_pool","false","6","postgame_scaled","73","true","E006","E035","E064","E093","E122","E151","false","advanced","expert"
"NPC1706","Pax Sol","simulation_matrix_pool","false","6","postgame_scaled","77","true","E026","E055","E084","E113","E142","E171","false","advanced","expert"
"NPC1707","Quin Maren","simulation_matrix_pool","false","6","postgame_scaled","81","true","E046","E075","E104","E133","E162","E191","false","advanced","expert"
"NPC1708","Rhea Tor","simulation_matrix_pool","false","6","postgame_scaled","85","true","E066","E095","E124","E153","E182","E211","false","advanced","expert"
"NPC1709","Senn Vale","simulation_matrix_pool","false","6","postgame_scaled","89","true","E086","E115","E144","E173","E202","E231","false","advanced","expert"
"NPC1710","Talia Quill","simulation_matrix_pool","false","6","postgame_scaled","93","true","E106","E135","E164","E193","E222","E251","false","advanced","expert"
"NPC1711","Uma Nox","simulation_matrix_pool","false","2","postgame_scaled","7","false","E021","E050","","","","","false","none","basic"
"NPC1712","Venn Reed","simulation_matrix_pool","false","2","postgame_scaled","3","false","E041","E070","","","","","false","none","basic"
"NPC1713","Wren Esh","simulation_matrix_pool","false","2","postgame_scaled","7","false","E061","E090","","","","","false","none","basic"
"NPC1714","Xara Rusk","simulation_matrix_pool","false","3","postgame_scaled","11","false","E081","E110","E139","","","","false","none","basic"
"NPC1715","Yven Voss","simulation_matrix_pool","false","3","postgame_scaled","15","false","E101","E130","E159","","","","false","none","basic"
"NPC1716","Zale Rook","simulation_matrix_pool","false","3","postgame_scaled","19","false","E121","E150","E179","","","","false","none","normal"
"NPC1717","Ari Fenn","simulation_matrix_pool","false","3","postgame_scaled","23","false","E141","E170","E199","","","","false","none","normal"
"NPC1718","Bela Wren","simulation_matrix_pool","false","3","postgame_scaled","27","false","E161","E190","E219","","","","false","none","normal"
"NPC1719","Cato Pell","simulation_matrix_pool","false","3","postgame_scaled","31","false","E181","E210","E239","","","","false","none","normal"
"NPC1720","Dena Thane","simulation_matrix_pool","false","4","postgame_scaled","27","true","E201","E230","E259","E003","","","false","none","normal"
"NPC1721","Eron Silt","simulation_matrix_pool","false","4","postgame_scaled","31","true","E221","E250","E279","E023","","","false","none","normal"
"NPC1722","Fia Keir","simulation_matrix_pool","false","4","postgame_scaled","35","true","E241","E270","E014","E043","","","false","standard","normal"
"NPC1723","Garr Noct","simulation_matrix_pool","false","4","postgame_scaled","39","true","E261","E005","E034","E063","","","false","standard","normal"
"NPC1724","Hale Arc","simulation_matrix_pool","false","4","postgame_scaled","43","true","E281","E025","E054","E083","","","false","standard","normal"
"NPC1725","Ira Holt","simulation_matrix_pool","false","4","postgame_scaled","47","true","E016","E045","E074","E103","","","false","standard","smart"
"NPC1726","Juno Sol","simulation_matrix_pool","false","4","postgame_scaled","51","true","E036","E065","E094","E123","","","false","standard","smart"
"NPC1727","Kira Maren","simulation_matrix_pool","false","4","postgame_scaled","55","true","E056","E085","E114","E143","","","false","standard","smart"
"NPC1728","Lio Tor","simulation_matrix_pool","false","5","postgame_scaled","51","true","E076","E105","E134","E163","E192","","false","standard","smart"
"NPC1729","Mira Vale","simulation_matrix_pool","false","5","postgame_scaled","55","true","E096","E125","E154","E183","E212","","false","standard","smart"
"NPC1730","Nox Quill","simulation_matrix_pool","false","5","postgame_scaled","59","true","E116","E145","E174","E203","E232","","false","standard","smart"
"NPC1731","Oren Nox","simulation_matrix_pool","false","5","postgame_scaled","63","true","E136","E165","E194","E223","E252","","false","standard","smart"
"NPC1732","Pax Reed","simulation_matrix_pool","false","5","postgame_scaled","67","true","E156","E185","E214","E243","E272","","false","standard","smart"
"NPC1733","Quin Esh","simulation_matrix_pool","false","5","postgame_scaled","71","true","E176","E205","E234","E263","E007","","false","standard","smart"
"NPC1734","Rhea Rusk","simulation_matrix_pool","false","5","postgame_scaled","75","true","E196","E225","E254","E283","E027","","false","standard","smart"
"NPC1735","Senn Voss","simulation_matrix_pool","false","6","postgame_scaled","79","true","E216","E245","E274","E018","E047","E076","false","advanced","expert"
"NPC1736","Talia Rook","simulation_matrix_pool","false","6","postgame_scaled","75","true","E236","E265","E009","E038","E067","E096","false","advanced","expert"
"NPC1737","Uma Fenn","simulation_matrix_pool","false","6","postgame_scaled","79","true","E256","E285","E029","E058","E087","E116","false","advanced","expert"
"NPC1738","Venn Wren","simulation_matrix_pool","false","6","postgame_scaled","83","true","E276","E020","E049","E078","E107","E136","false","advanced","expert"
"NPC1739","Wren Pell","simulation_matrix_pool","false","6","postgame_scaled","87","true","E011","E040","E069","E098","E127","E156","false","advanced","expert"
"NPC1740","Xara Thane","simulation_matrix_pool","false","6","postgame_scaled","91","true","E031","E060","E089","E118","E147","E176","false","advanced","expert"
"NPC1741","Yven Silt","simulation_matrix_pool","false","2","postgame_scaled","5","false","E231","E260","","","","","false","none","basic"
"NPC1742","Zale Keir","simulation_matrix_pool","false","2","postgame_scaled","9","false","E251","E280","","","","","false","none","basic"
"NPC1743","Ari Noct","simulation_matrix_pool","false","2","postgame_scaled","13","false","E271","E015","","","","","false","none","basic"
"NPC1744","Bela Arc","simulation_matrix_pool","false","3","postgame_scaled","9","false","E006","E035","E064","","","","false","none","basic"
"NPC1745","Cato Holt","simulation_matrix_pool","false","3","postgame_scaled","13","false","E026","E055","E084","","","","false","none","basic"
"NPC1746","Dena Sol","simulation_matrix_pool","false","3","postgame_scaled","17","false","E046","E075","E104","","","","false","none","normal"
"NPC1747","Eron Maren","simulation_matrix_pool","false","3","postgame_scaled","21","false","E066","E095","E124","","","","false","none","normal"
"NPC1748","Fia Tor","simulation_matrix_pool","false","3","postgame_scaled","25","false","E086","E115","E144","","","","false","none","normal"
"NPC1749","Garr Vale","simulation_matrix_pool","false","3","postgame_scaled","29","false","E106","E135","E164","","","","false","none","normal"
"NPC1750","Hale Quill","simulation_matrix_pool","false","4","postgame_scaled","33","true","E126","E155","E184","E213","","","false","none","normal"
"NPC1751","Ira Nox","simulation_matrix_pool","false","4","postgame_scaled","37","true","E146","E175","E204","E233","","","false","none","normal"
"NPC1752","Juno Reed","simulation_matrix_pool","false","4","postgame_scaled","33","true","E166","E195","E224","E253","","","false","standard","normal"
"NPC1753","Kira Esh","simulation_matrix_pool","false","4","postgame_scaled","37","true","E186","E215","E244","E273","","","false","standard","normal"
"NPC1754","Lio Rusk","simulation_matrix_pool","false","4","postgame_scaled","41","true","E206","E235","E264","E008","","","false","standard","normal"
"NPC1755","Mira Voss","simulation_matrix_pool","false","4","postgame_scaled","45","true","E226","E255","E284","E028","","","false","standard","smart"
"NPC1756","Nox Rook","simulation_matrix_pool","false","4","postgame_scaled","49","true","E246","E275","E019","E048","","","false","standard","smart"
"NPC1757","Oren Fenn","simulation_matrix_pool","false","4","postgame_scaled","53","true","E266","E010","E039","E068","","","false","standard","smart"
"NPC1758","Pax Wren","simulation_matrix_pool","false","5","postgame_scaled","57","true","E001","E030","E059","E088","E117","","false","standard","smart"
"NPC1759","Quin Pell","simulation_matrix_pool","false","5","postgame_scaled","61","true","E021","E050","E079","E108","E137","","false","standard","smart"
"NPC1760","Rhea Thane","simulation_matrix_pool","false","5","postgame_scaled","57","true","E041","E070","E099","E128","E157","","false","standard","smart"
"NPC1761","Senn Silt","simulation_matrix_pool","false","5","postgame_scaled","61","true","E061","E090","E119","E148","E177","","false","standard","smart"
"NPC1762","Talia Keir","simulation_matrix_pool","false","5","postgame_scaled","65","true","E081","E110","E139","E168","E197","","false","standard","smart"
"NPC1763","Uma Noct","simulation_matrix_pool","false","5","postgame_scaled","69","true","E101","E130","E159","E188","E217","","false","standard","smart"
"NPC1764","Venn Arc","simulation_matrix_pool","false","5","postgame_scaled","73","true","E121","E150","E179","E208","E237","","false","standard","smart"
"NPC1765","Wren Holt","simulation_matrix_pool","false","6","postgame_scaled","77","true","E141","E170","E199","E228","E257","E001","false","advanced","expert"
"NPC1766","Xara Sol","simulation_matrix_pool","false","6","postgame_scaled","81","true","E161","E190","E219","E248","E277","E021","false","advanced","expert"
"NPC1767","Yven Maren","simulation_matrix_pool","false","6","postgame_scaled","85","true","E181","E210","E239","E268","E012","E041","false","advanced","expert"
"NPC1768","Zale Tor","simulation_matrix_pool","false","6","postgame_scaled","81","true","E201","E230","E259","E003","E032","E061","false","advanced","expert"
"NPC1769","Ari Vale","simulation_matrix_pool","false","6","postgame_scaled","85","true","E221","E250","E279","E023","E052","E081","false","advanced","expert"
"NPC1770","Bela Quill","simulation_matrix_pool","false","6","postgame_scaled","89","true","E241","E270","E014","E043","E072","E101","false","advanced","expert"
"NPC1771","Cato Nox","simulation_matrix_pool","false","2","postgame_scaled","3","false","E156","E185","","","","","false","none","basic"
"NPC1772","Dena Reed","simulation_matrix_pool","false","2","postgame_scaled","7","false","E176","E205","","","","","false","none","basic"
"NPC1773","Eron Esh","simulation_matrix_pool","false","2","postgame_scaled","11","false","E196","E225","","","","","false","none","basic"
"NPC1774","Fia Rusk","simulation_matrix_pool","false","3","postgame_scaled","15","false","E216","E245","E274","","","","false","none","basic"
"NPC1775","Garr Voss","simulation_matrix_pool","false","3","postgame_scaled","19","false","E236","E265","E009","","","","false","none","basic"
"NPC1776","Hale Rook","simulation_matrix_pool","false","3","postgame_scaled","15","false","E256","E285","E029","","","","false","none","normal"
"NPC1777","Ira Fenn","simulation_matrix_pool","false","3","postgame_scaled","19","false","E276","E020","E049","","","","false","none","normal"
"NPC1778","Juno Wren","simulation_matrix_pool","false","3","postgame_scaled","23","false","E011","E040","E069","","","","false","none","normal"
"NPC1779","Kira Pell","simulation_matrix_pool","false","3","postgame_scaled","27","false","E031","E060","E089","","","","false","none","normal"
"NPC1780","Lio Thane","simulation_matrix_pool","false","4","postgame_scaled","31","true","E051","E080","E109","E138","","","false","none","normal"
"NPC1781","Mira Silt","simulation_matrix_pool","false","4","postgame_scaled","35","true","E071","E100","E129","E158","","","false","none","normal"
"NPC1782","Nox Keir","simulation_matrix_pool","false","4","postgame_scaled","39","true","E091","E120","E149","E178","","","false","standard","normal"
"NPC1783","Oren Noct","simulation_matrix_pool","false","4","postgame_scaled","43","true","E111","E140","E169","E198","","","false","standard","normal"
"NPC1784","Pax Arc","simulation_matrix_pool","false","4","postgame_scaled","39","true","E131","E160","E189","E218","","","false","standard","normal"
"NPC1785","Quin Holt","simulation_matrix_pool","false","4","postgame_scaled","43","true","E151","E180","E209","E238","","","false","standard","smart"
"NPC1786","Rhea Sol","simulation_matrix_pool","false","4","postgame_scaled","47","true","E171","E200","E229","E258","","","false","standard","smart"
"NPC1787","Senn Maren","simulation_matrix_pool","false","4","postgame_scaled","51","true","E191","E220","E249","E278","","","false","standard","smart"
"NPC1788","Talia Tor","simulation_matrix_pool","false","5","postgame_scaled","55","true","E211","E240","E269","E013","E042","","false","standard","smart"
"NPC1789","Uma Vale","simulation_matrix_pool","false","5","postgame_scaled","59","true","E231","E260","E004","E033","E062","","false","standard","smart"
"NPC1790","Venn Quill","simulation_matrix_pool","false","5","postgame_scaled","63","true","E251","E280","E024","E053","E082","","false","standard","smart"
"NPC1791","Wren Nox","simulation_matrix_pool","false","5","postgame_scaled","67","true","E271","E015","E044","E073","E102","","false","standard","smart"
"NPC1792","Xara Reed","simulation_matrix_pool","false","5","postgame_scaled","63","true","E006","E035","E064","E093","E122","","false","standard","smart"
"NPC1793","Yven Esh","simulation_matrix_pool","false","5","postgame_scaled","67","true","E026","E055","E084","E113","E142","","false","standard","smart"
"NPC1794","Zale Rusk","simulation_matrix_pool","false","5","postgame_scaled","71","true","E046","E075","E104","E133","E162","","false","standard","smart"
"NPC1795","Ari Voss","simulation_matrix_pool","false","6","postgame_scaled","75","true","E066","E095","E124","E153","E182","E211","false","advanced","expert"
"NPC1796","Bela Rook","simulation_matrix_pool","false","6","postgame_scaled","79","true","E086","E115","E144","E173","E202","E231","false","advanced","expert"
"NPC1797","Cato Fenn","simulation_matrix_pool","false","6","postgame_scaled","83","true","E106","E135","E164","E193","E222","E251","false","advanced","expert"
"NPC1798","Dena Wren","simulation_matrix_pool","false","6","postgame_scaled","87","true","E126","E155","E184","E213","E242","E271","false","advanced","expert"
"NPC1799","Eron Pell","simulation_matrix_pool","false","6","postgame_scaled","91","true","E146","E175","E204","E233","E262","E006","false","advanced","expert"
"NPC1800","Fia Thane","simulation_matrix_pool","false","6","postgame_scaled","87","true","E166","E195","E224","E253","E282","E026","false","advanced","expert"
"NPC1801","Garr Silt","simulation_matrix_pool","false","2","postgame_scaled","3","false","E081","E110","","","","","false","none","basic"
"NPC1802","Hale Keir","simulation_matrix_pool","false","2","postgame_scaled","5","false","E101","E130","","","","","false","none","basic"
"NPC1803","Ira Noct","simulation_matrix_pool","false","2","postgame_scaled","9","false","E121","E150","","","","","false","none","basic"
"NPC1804","Juno Arc","simulation_matrix_pool","false","3","postgame_scaled","13","false","E141","E170","E199","","","","false","none","basic"
"NPC1805","Kira Holt","simulation_matrix_pool","false","3","postgame_scaled","17","false","E161","E190","E219","","","","false","none","basic"
"NPC1806","Lio Sol","simulation_matrix_pool","false","3","postgame_scaled","21","false","E181","E210","E239","","","","false","none","normal"
"NPC1807","Mira Maren","simulation_matrix_pool","false","3","postgame_scaled","25","false","E201","E230","E259","","","","false","none","normal"
"NPC1808","Nox Tor","simulation_matrix_pool","false","3","postgame_scaled","21","false","E221","E250","E279","","","","false","none","normal"
"NPC1809","Oren Vale","simulation_matrix_pool","false","3","postgame_scaled","25","false","E241","E270","E014","","","","false","none","normal"
"NPC1810","Pax Quill","simulation_matrix_pool","false","4","postgame_scaled","29","true","E261","E005","E034","E063","","","false","none","normal"
"NPC1811","Quin Nox","simulation_matrix_pool","false","4","postgame_scaled","33","true","E281","E025","E054","E083","","","false","none","normal"
"NPC1812","Rhea Reed","simulation_matrix_pool","false","4","postgame_scaled","37","true","E016","E045","E074","E103","","","false","standard","normal"
"NPC1813","Senn Esh","simulation_matrix_pool","false","4","postgame_scaled","41","true","E036","E065","E094","E123","","","false","standard","normal"
"NPC1814","Talia Rusk","simulation_matrix_pool","false","4","postgame_scaled","45","true","E056","E085","E114","E143","","","false","standard","normal"
"NPC1815","Uma Voss","simulation_matrix_pool","false","4","postgame_scaled","49","true","E076","E105","E134","E163","","","false","standard","smart"
"NPC1816","Venn Rook","simulation_matrix_pool","false","4","postgame_scaled","45","true","E096","E125","E154","E183","","","false","standard","smart"
"NPC1817","Wren Fenn","simulation_matrix_pool","false","4","postgame_scaled","49","true","E116","E145","E174","E203","","","false","standard","smart"
"NPC1818","Xara Wren","simulation_matrix_pool","false","5","postgame_scaled","53","true","E136","E165","E194","E223","E252","","false","standard","smart"
"NPC1819","Yven Pell","simulation_matrix_pool","false","5","postgame_scaled","57","true","E156","E185","E214","E243","E272","","false","standard","smart"
"NPC1820","Zale Thane","simulation_matrix_pool","false","5","postgame_scaled","61","true","E176","E205","E234","E263","E007","","false","standard","smart"
"NPC1821","Ari Silt","simulation_matrix_pool","false","5","postgame_scaled","65","true","E196","E225","E254","E283","E027","","false","standard","smart"
"NPC1822","Bela Keir","simulation_matrix_pool","false","5","postgame_scaled","69","true","E216","E245","E274","E018","E047","","false","standard","smart"
"NPC1823","Cato Noct","simulation_matrix_pool","false","5","postgame_scaled","73","true","E236","E265","E009","E038","E067","","false","standard","smart"
"NPC1824","Dena Arc","simulation_matrix_pool","false","5","postgame_scaled","69","true","E256","E285","E029","E058","E087","","false","standard","smart"
"NPC1825","Eron Holt","simulation_matrix_pool","false","6","postgame_scaled","73","true","E276","E020","E049","E078","E107","E136","false","advanced","expert"
"NPC1826","Fia Sol","simulation_matrix_pool","false","6","postgame_scaled","77","true","E011","E040","E069","E098","E127","E156","false","advanced","expert"
"NPC1827","Garr Maren","simulation_matrix_pool","false","6","postgame_scaled","81","true","E031","E060","E089","E118","E147","E176","false","advanced","expert"
"NPC1828","Hale Tor","simulation_matrix_pool","false","6","postgame_scaled","85","true","E051","E080","E109","E138","E167","E196","false","advanced","expert"
"NPC1829","Ira Vale","simulation_matrix_pool","false","6","postgame_scaled","89","true","E071","E100","E129","E158","E187","E216","false","advanced","expert"
"NPC1830","Juno Quill","simulation_matrix_pool","false","6","postgame_scaled","93","true","E091","E120","E149","E178","E207","E236","false","advanced","expert"
"NPC1831","Kira Nox","simulation_matrix_pool","false","2","postgame_scaled","7","false","E006","E035","","","","","false","none","basic"
"NPC1832","Lio Reed","simulation_matrix_pool","false","2","postgame_scaled","3","false","E026","E055","","","","","false","none","basic"
"NPC1833","Mira Esh","simulation_matrix_pool","false","2","postgame_scaled","7","false","E046","E075","","","","","false","none","basic"
"NPC1834","Nox Rusk","simulation_matrix_pool","false","3","postgame_scaled","11","false","E066","E095","E124","","","","false","none","basic"
"NPC1835","Oren Voss","simulation_matrix_pool","false","3","postgame_scaled","15","false","E086","E115","E144","","","","false","none","basic"
"NPC1836","Pax Rook","simulation_matrix_pool","false","3","postgame_scaled","19","false","E106","E135","E164","","","","false","none","normal"
"NPC1837","Quin Fenn","simulation_matrix_pool","false","3","postgame_scaled","23","false","E126","E155","E184","","","","false","none","normal"
"NPC1838","Rhea Wren","simulation_matrix_pool","false","3","postgame_scaled","27","false","E146","E175","E204","","","","false","none","normal"
"NPC1839","Senn Pell","simulation_matrix_pool","false","3","postgame_scaled","31","false","E166","E195","E224","","","","false","none","normal"
"NPC1840","Talia Thane","simulation_matrix_pool","false","4","postgame_scaled","27","true","E186","E215","E244","E273","","","false","none","normal"
"NPC1841","Uma Silt","simulation_matrix_pool","false","4","postgame_scaled","31","true","E206","E235","E264","E008","","","false","none","normal"
"NPC1842","Venn Keir","simulation_matrix_pool","false","4","postgame_scaled","35","true","E226","E255","E284","E028","","","false","standard","normal"
"NPC1843","Wren Noct","simulation_matrix_pool","false","4","postgame_scaled","39","true","E246","E275","E019","E048","","","false","standard","normal"
"NPC1844","Xara Arc","simulation_matrix_pool","false","4","postgame_scaled","43","true","E266","E010","E039","E068","","","false","standard","normal"
"NPC1845","Yven Holt","simulation_matrix_pool","false","4","postgame_scaled","47","true","E001","E030","E059","E088","","","false","standard","smart"
"NPC1846","Zale Sol","simulation_matrix_pool","false","4","postgame_scaled","51","true","E021","E050","E079","E108","","","false","standard","smart"
"NPC1847","Ari Maren","simulation_matrix_pool","false","4","postgame_scaled","55","true","E041","E070","E099","E128","","","false","standard","smart"
"NPC1848","Bela Tor","simulation_matrix_pool","false","5","postgame_scaled","51","true","E061","E090","E119","E148","E177","","false","standard","smart"
"NPC1849","Cato Vale","simulation_matrix_pool","false","5","postgame_scaled","55","true","E081","E110","E139","E168","E197","","false","standard","smart"
"NPC1850","Dena Quill","simulation_matrix_pool","false","5","postgame_scaled","59","true","E101","E130","E159","E188","E217","","false","standard","smart"
"NPC1851","Eron Nox","simulation_matrix_pool","false","5","postgame_scaled","63","true","E121","E150","E179","E208","E237","","false","standard","smart"
"NPC1852","Fia Reed","simulation_matrix_pool","false","5","postgame_scaled","67","true","E141","E170","E199","E228","E257","","false","standard","smart"
"NPC1853","Garr Esh","simulation_matrix_pool","false","5","postgame_scaled","71","true","E161","E190","E219","E248","E277","","false","standard","smart"
"NPC1854","Hale Rusk","simulation_matrix_pool","false","5","postgame_scaled","75","true","E181","E210","E239","E268","E012","","false","standard","smart"
"NPC1855","Ira Voss","simulation_matrix_pool","false","6","postgame_scaled","79","true","E201","E230","E259","E003","E032","E061","false","advanced","expert"
"NPC1856","Juno Rook","simulation_matrix_pool","false","6","postgame_scaled","75","true","E221","E250","E279","E023","E052","E081","false","advanced","expert"
"NPC1857","Kira Fenn","simulation_matrix_pool","false","6","postgame_scaled","79","true","E241","E270","E014","E043","E072","E101","false","advanced","expert"
"NPC1858","Lio Wren","simulation_matrix_pool","false","6","postgame_scaled","83","true","E261","E005","E034","E063","E092","E121","false","advanced","expert"
"NPC1859","Mira Pell","simulation_matrix_pool","false","6","postgame_scaled","87","true","E281","E025","E054","E083","E112","E141","false","advanced","expert"
"NPC1860","Nox Thane","simulation_matrix_pool","false","6","postgame_scaled","91","true","E016","E045","E074","E103","E132","E161","false","advanced","expert"
"NPC1861","Oren Silt","simulation_matrix_pool","false","2","postgame_scaled","5","false","E216","E245","","","","","false","none","basic"
"NPC1862","Pax Keir","simulation_matrix_pool","false","2","postgame_scaled","9","false","E236","E265","","","","","false","none","basic"
"NPC1863","Quin Noct","simulation_matrix_pool","false","2","postgame_scaled","13","false","E256","E285","","","","","false","none","basic"
"NPC1864","Rhea Arc","simulation_matrix_pool","false","3","postgame_scaled","9","false","E276","E020","E049","","","","false","none","basic"
"NPC1865","Senn Holt","simulation_matrix_pool","false","3","postgame_scaled","13","false","E011","E040","E069","","","","false","none","basic"
"NPC1866","Talia Sol","simulation_matrix_pool","false","3","postgame_scaled","17","false","E031","E060","E089","","","","false","none","normal"
"NPC1867","Uma Maren","simulation_matrix_pool","false","3","postgame_scaled","21","false","E051","E080","E109","","","","false","none","normal"
"NPC1868","Venn Tor","simulation_matrix_pool","false","3","postgame_scaled","25","false","E071","E100","E129","","","","false","none","normal"
"NPC1869","Wren Vale","simulation_matrix_pool","false","3","postgame_scaled","29","false","E091","E120","E149","","","","false","none","normal"
"NPC1870","Xara Quill","simulation_matrix_pool","false","4","postgame_scaled","33","true","E111","E140","E169","E198","","","false","none","normal"
"NPC1871","Yven Nox","simulation_matrix_pool","false","4","postgame_scaled","37","true","E131","E160","E189","E218","","","false","none","normal"
"NPC1872","Zale Reed","simulation_matrix_pool","false","4","postgame_scaled","33","true","E151","E180","E209","E238","","","false","standard","normal"
"NPC1873","Ari Esh","simulation_matrix_pool","false","4","postgame_scaled","37","true","E171","E200","E229","E258","","","false","standard","normal"
"NPC1874","Bela Rusk","simulation_matrix_pool","false","4","postgame_scaled","41","true","E191","E220","E249","E278","","","false","standard","normal"
"NPC1875","Cato Voss","simulation_matrix_pool","false","4","postgame_scaled","45","true","E211","E240","E269","E013","","","false","standard","smart"
"NPC1876","Dena Rook","simulation_matrix_pool","false","4","postgame_scaled","49","true","E231","E260","E004","E033","","","false","standard","smart"
"NPC1877","Eron Fenn","simulation_matrix_pool","false","4","postgame_scaled","53","true","E251","E280","E024","E053","","","false","standard","smart"
"NPC1878","Fia Wren","simulation_matrix_pool","false","5","postgame_scaled","57","true","E271","E015","E044","E073","E102","","false","standard","smart"
"NPC1879","Garr Pell","simulation_matrix_pool","false","5","postgame_scaled","61","true","E006","E035","E064","E093","E122","","false","standard","smart"
"NPC1880","Hale Thane","simulation_matrix_pool","false","5","postgame_scaled","57","true","E026","E055","E084","E113","E142","","false","standard","smart"
"NPC1881","Ira Silt","simulation_matrix_pool","false","5","postgame_scaled","61","true","E046","E075","E104","E133","E162","","false","standard","smart"
"NPC1882","Juno Keir","simulation_matrix_pool","false","5","postgame_scaled","65","true","E066","E095","E124","E153","E182","","false","standard","smart"
"NPC1883","Kira Noct","simulation_matrix_pool","false","5","postgame_scaled","69","true","E086","E115","E144","E173","E202","","false","standard","smart"
"NPC1884","Lio Arc","simulation_matrix_pool","false","5","postgame_scaled","73","true","E106","E135","E164","E193","E222","","false","standard","smart"
"NPC1885","Mira Holt","simulation_matrix_pool","false","6","postgame_scaled","77","true","E126","E155","E184","E213","E242","E271","false","advanced","expert"
"NPC1886","Nox Sol","simulation_matrix_pool","false","6","postgame_scaled","81","true","E146","E175","E204","E233","E262","E006","false","advanced","expert"
"NPC1887","Oren Maren","simulation_matrix_pool","false","6","postgame_scaled","85","true","E166","E195","E224","E253","E282","E026","false","advanced","expert"
"NPC1888","Pax Tor","simulation_matrix_pool","false","6","postgame_scaled","81","true","E186","E215","E244","E273","E017","E046","false","advanced","expert"
"NPC1889","Quin Vale","simulation_matrix_pool","false","6","postgame_scaled","85","true","E206","E235","E264","E008","E037","E066","false","advanced","expert"
"NPC1890","Rhea Quill","simulation_matrix_pool","false","6","postgame_scaled","89","true","E226","E255","E284","E028","E057","E086","false","advanced","expert"
"NPC1891","Senn Nox","simulation_matrix_pool","false","2","postgame_scaled","3","false","E141","E170","","","","","false","none","basic"
"NPC1892","Talia Reed","simulation_matrix_pool","false","2","postgame_scaled","7","false","E161","E190","","","","","false","none","basic"
"NPC1893","Uma Esh","simulation_matrix_pool","false","2","postgame_scaled","11","false","E181","E210","","","","","false","none","basic"
"NPC1894","Venn Rusk","simulation_matrix_pool","false","3","postgame_scaled","15","false","E201","E230","E259","","","","false","none","basic"
"NPC1895","Wren Voss","simulation_matrix_pool","false","3","postgame_scaled","19","false","E221","E250","E279","","","","false","none","basic"
"NPC1896","Xara Rook","simulation_matrix_pool","false","3","postgame_scaled","15","false","E241","E270","E014","","","","false","none","normal"
"NPC1897","Yven Fenn","simulation_matrix_pool","false","3","postgame_scaled","19","false","E261","E005","E034","","","","false","none","normal"
"NPC1898","Zale Wren","simulation_matrix_pool","false","3","postgame_scaled","23","false","E281","E025","E054","","","","false","none","normal"
"NPC1899","Ari Pell","simulation_matrix_pool","false","3","postgame_scaled","27","false","E016","E045","E074","","","","false","none","normal"
"NPC1900","Bela Thane","simulation_matrix_pool","false","4","postgame_scaled","31","true","E036","E065","E094","E123","","","false","none","normal"
"NPC1901","Cato Silt","simulation_matrix_pool","false","4","postgame_scaled","35","true","E056","E085","E114","E143","","","false","none","normal"
"NPC1902","Dena Keir","simulation_matrix_pool","false","4","postgame_scaled","39","true","E076","E105","E134","E163","","","false","standard","normal"
"NPC1903","Eron Noct","simulation_matrix_pool","false","4","postgame_scaled","43","true","E096","E125","E154","E183","","","false","standard","normal"
"NPC1904","Fia Arc","simulation_matrix_pool","false","4","postgame_scaled","39","true","E116","E145","E174","E203","","","false","standard","normal"
"NPC1905","Garr Holt","simulation_matrix_pool","false","4","postgame_scaled","43","true","E136","E165","E194","E223","","","false","standard","smart"
"NPC1906","Hale Sol","simulation_matrix_pool","false","4","postgame_scaled","47","true","E156","E185","E214","E243","","","false","standard","smart"
"NPC1907","Ira Maren","simulation_matrix_pool","false","4","postgame_scaled","51","true","E176","E205","E234","E263","","","false","standard","smart"
"NPC1908","Juno Tor","simulation_matrix_pool","false","5","postgame_scaled","55","true","E196","E225","E254","E283","E027","","false","standard","smart"
"NPC1909","Kira Vale","simulation_matrix_pool","false","5","postgame_scaled","59","true","E216","E245","E274","E018","E047","","false","standard","smart"
"NPC1910","Lio Quill","simulation_matrix_pool","false","5","postgame_scaled","63","true","E236","E265","E009","E038","E067","","false","standard","smart"
"NPC1911","Mira Nox","simulation_matrix_pool","false","5","postgame_scaled","67","true","E256","E285","E029","E058","E087","","false","standard","smart"
"NPC1912","Nox Reed","simulation_matrix_pool","false","5","postgame_scaled","63","true","E276","E020","E049","E078","E107","","false","standard","smart"
"NPC1913","Oren Esh","simulation_matrix_pool","false","5","postgame_scaled","67","true","E011","E040","E069","E098","E127","","false","standard","smart"
"NPC1914","Pax Rusk","simulation_matrix_pool","false","5","postgame_scaled","71","true","E031","E060","E089","E118","E147","","false","standard","smart"
"NPC1915","Quin Voss","simulation_matrix_pool","false","6","postgame_scaled","75","true","E051","E080","E109","E138","E167","E196","false","advanced","expert"
"NPC1916","Rhea Rook","simulation_matrix_pool","false","6","postgame_scaled","79","true","E071","E100","E129","E158","E187","E216","false","advanced","expert"
"NPC1917","Senn Fenn","simulation_matrix_pool","false","6","postgame_scaled","83","true","E091","E120","E149","E178","E207","E236","false","advanced","expert"
"NPC1918","Talia Wren","simulation_matrix_pool","false","6","postgame_scaled","87","true","E111","E140","E169","E198","E227","E256","false","advanced","expert"
"NPC1919","Uma Pell","simulation_matrix_pool","false","6","postgame_scaled","91","true","E131","E160","E189","E218","E247","E276","false","advanced","expert"
"NPC1920","Venn Thane","simulation_matrix_pool","false","6","postgame_scaled","87","true","E151","E180","E209","E238","E267","E011","false","advanced","expert"
"NPC1921","Wren Silt","simulation_matrix_pool","false","2","postgame_scaled","3","false","E066","E095","","","","","false","none","basic"
"NPC1922","Xara Keir","simulation_matrix_pool","false","2","postgame_scaled","5","false","E086","E115","","","","","false","none","basic"
"NPC1923","Yven Noct","simulation_matrix_pool","false","2","postgame_scaled","9","false","E106","E135","","","","","false","none","basic"
"NPC1924","Zale Arc","simulation_matrix_pool","false","3","postgame_scaled","13","false","E126","E155","E184","","","","false","none","basic"
"NPC1925","Ari Holt","simulation_matrix_pool","false","3","postgame_scaled","17","false","E146","E175","E204","","","","false","none","basic"
"NPC1926","Bela Sol","simulation_matrix_pool","false","3","postgame_scaled","21","false","E166","E195","E224","","","","false","none","normal"
"NPC1927","Cato Maren","simulation_matrix_pool","false","3","postgame_scaled","25","false","E186","E215","E244","","","","false","none","normal"
"NPC1928","Dena Tor","simulation_matrix_pool","false","3","postgame_scaled","21","false","E206","E235","E264","","","","false","none","normal"
"NPC1929","Eron Vale","simulation_matrix_pool","false","3","postgame_scaled","25","false","E226","E255","E284","","","","false","none","normal"
"NPC1930","Fia Quill","simulation_matrix_pool","false","4","postgame_scaled","29","true","E246","E275","E019","E048","","","false","none","normal"
"NPC1931","Garr Nox","simulation_matrix_pool","false","4","postgame_scaled","33","true","E266","E010","E039","E068","","","false","none","normal"
"NPC1932","Hale Reed","simulation_matrix_pool","false","4","postgame_scaled","37","true","E001","E030","E059","E088","","","false","standard","normal"
"NPC1933","Ira Esh","simulation_matrix_pool","false","4","postgame_scaled","41","true","E021","E050","E079","E108","","","false","standard","normal"
"NPC1934","Juno Rusk","simulation_matrix_pool","false","4","postgame_scaled","45","true","E041","E070","E099","E128","","","false","standard","normal"
"NPC1935","Kira Voss","simulation_matrix_pool","false","4","postgame_scaled","49","true","E061","E090","E119","E148","","","false","standard","smart"
"NPC1936","Lio Rook","simulation_matrix_pool","false","4","postgame_scaled","45","true","E081","E110","E139","E168","","","false","standard","smart"
"NPC1937","Mira Fenn","simulation_matrix_pool","false","4","postgame_scaled","49","true","E101","E130","E159","E188","","","false","standard","smart"
"NPC1938","Nox Wren","simulation_matrix_pool","false","5","postgame_scaled","53","true","E121","E150","E179","E208","E237","","false","standard","smart"
"NPC1939","Oren Pell","simulation_matrix_pool","false","5","postgame_scaled","57","true","E141","E170","E199","E228","E257","","false","standard","smart"
"NPC1940","Pax Thane","simulation_matrix_pool","false","5","postgame_scaled","61","true","E161","E190","E219","E248","E277","","false","standard","smart"
"NPC1941","Quin Silt","simulation_matrix_pool","false","5","postgame_scaled","65","true","E181","E210","E239","E268","E012","","false","standard","smart"
"NPC1942","Rhea Keir","simulation_matrix_pool","false","5","postgame_scaled","69","true","E201","E230","E259","E003","E032","","false","standard","smart"
"NPC1943","Senn Noct","simulation_matrix_pool","false","5","postgame_scaled","73","true","E221","E250","E279","E023","E052","","false","standard","smart"
"NPC1944","Talia Arc","simulation_matrix_pool","false","5","postgame_scaled","69","true","E241","E270","E014","E043","E072","","false","standard","smart"
"NPC1945","Uma Holt","simulation_matrix_pool","false","6","postgame_scaled","73","true","E261","E005","E034","E063","E092","E121","false","advanced","expert"
"NPC1946","Venn Sol","simulation_matrix_pool","false","6","postgame_scaled","77","true","E281","E025","E054","E083","E112","E141","false","advanced","expert"
"NPC1947","Wren Maren","simulation_matrix_pool","false","6","postgame_scaled","81","true","E016","E045","E074","E103","E132","E161","false","advanced","expert"
"NPC1948","Xara Tor","simulation_matrix_pool","false","6","postgame_scaled","85","true","E036","E065","E094","E123","E152","E181","false","advanced","expert"
"NPC1949","Yven Vale","simulation_matrix_pool","false","6","postgame_scaled","89","true","E056","E085","E114","E143","E172","E201","false","advanced","expert"
"NPC1950","Zale Quill","simulation_matrix_pool","false","6","postgame_scaled","93","true","E076","E105","E134","E163","E192","E221","false","advanced","expert"
"NPC1951","Ari Nox","simulation_matrix_pool","false","2","postgame_scaled","7","false","E276","E020","","","","","false","none","basic"
"NPC1952","Bela Reed","simulation_matrix_pool","false","2","postgame_scaled","3","false","E011","E040","","","","","false","none","basic"
"NPC1953","Cato Esh","simulation_matrix_pool","false","2","postgame_scaled","7","false","E031","E060","","","","","false","none","basic"
"NPC1954","Dena Rusk","simulation_matrix_pool","false","3","postgame_scaled","11","false","E051","E080","E109","","","","false","none","basic"
"NPC1955","Eron Voss","simulation_matrix_pool","false","3","postgame_scaled","15","false","E071","E100","E129","","","","false","none","basic"
"NPC1956","Fia Rook","simulation_matrix_pool","false","3","postgame_scaled","19","false","E091","E120","E149","","","","false","none","normal"
"NPC1957","Garr Fenn","simulation_matrix_pool","false","3","postgame_scaled","23","false","E111","E140","E169","","","","false","none","normal"
"NPC1958","Hale Wren","simulation_matrix_pool","false","3","postgame_scaled","27","false","E131","E160","E189","","","","false","none","normal"
"NPC1959","Ira Pell","simulation_matrix_pool","false","3","postgame_scaled","31","false","E151","E180","E209","","","","false","none","normal"
"NPC1960","Juno Thane","simulation_matrix_pool","false","4","postgame_scaled","27","true","E171","E200","E229","E258","","","false","none","normal"
"NPC1961","Kira Silt","simulation_matrix_pool","false","4","postgame_scaled","31","true","E191","E220","E249","E278","","","false","none","normal"
"NPC1962","Lio Keir","simulation_matrix_pool","false","4","postgame_scaled","35","true","E211","E240","E269","E013","","","false","standard","normal"
"NPC1963","Mira Noct","simulation_matrix_pool","false","4","postgame_scaled","39","true","E231","E260","E004","E033","","","false","standard","normal"
"NPC1964","Nox Arc","simulation_matrix_pool","false","4","postgame_scaled","43","true","E251","E280","E024","E053","","","false","standard","normal"
"NPC1965","Oren Holt","simulation_matrix_pool","false","4","postgame_scaled","47","true","E271","E015","E044","E073","","","false","standard","smart"
"NPC1966","Pax Sol","simulation_matrix_pool","false","4","postgame_scaled","51","true","E006","E035","E064","E093","","","false","standard","smart"
"NPC1967","Quin Maren","simulation_matrix_pool","false","4","postgame_scaled","55","true","E026","E055","E084","E113","","","false","standard","smart"
"NPC1968","Rhea Tor","simulation_matrix_pool","false","5","postgame_scaled","51","true","E046","E075","E104","E133","E162","","false","standard","smart"
"NPC1969","Senn Vale","simulation_matrix_pool","false","5","postgame_scaled","55","true","E066","E095","E124","E153","E182","","false","standard","smart"
"NPC1970","Talia Quill","simulation_matrix_pool","false","5","postgame_scaled","59","true","E086","E115","E144","E173","E202","","false","standard","smart"
"NPC1971","Uma Nox","simulation_matrix_pool","false","5","postgame_scaled","63","true","E106","E135","E164","E193","E222","","false","standard","smart"
"NPC1972","Venn Reed","simulation_matrix_pool","false","5","postgame_scaled","67","true","E126","E155","E184","E213","E242","","false","standard","smart"
"NPC1973","Wren Esh","simulation_matrix_pool","false","5","postgame_scaled","71","true","E146","E175","E204","E233","E262","","false","standard","smart"
"NPC1974","Xara Rusk","simulation_matrix_pool","false","5","postgame_scaled","75","true","E166","E195","E224","E253","E282","","false","standard","smart"
"NPC1975","Yven Voss","simulation_matrix_pool","false","6","postgame_scaled","79","true","E186","E215","E244","E273","E017","E046","false","advanced","expert"
"NPC1976","Zale Rook","simulation_matrix_pool","false","6","postgame_scaled","75","true","E206","E235","E264","E008","E037","E066","false","advanced","expert"
"NPC1977","Ari Fenn","simulation_matrix_pool","false","6","postgame_scaled","79","true","E226","E255","E284","E028","E057","E086","false","advanced","expert"
"NPC1978","Bela Wren","simulation_matrix_pool","false","6","postgame_scaled","83","true","E246","E275","E019","E048","E077","E106","false","advanced","expert"
"NPC1979","Cato Pell","simulation_matrix_pool","false","6","postgame_scaled","87","true","E266","E010","E039","E068","E097","E126","false","advanced","expert"
"NPC1980","Dena Thane","simulation_matrix_pool","false","6","postgame_scaled","91","true","E001","E030","E059","E088","E117","E146","false","advanced","expert"
"NPC1981","Eron Silt","simulation_matrix_pool","false","2","postgame_scaled","5","false","E201","E230","","","","","false","none","basic"
"NPC1982","Fia Keir","simulation_matrix_pool","false","2","postgame_scaled","9","false","E221","E250","","","","","false","none","basic"
"NPC1983","Garr Noct","simulation_matrix_pool","false","2","postgame_scaled","13","false","E241","E270","","","","","false","none","basic"
"NPC1984","Hale Arc","simulation_matrix_pool","false","3","postgame_scaled","9","false","E261","E005","E034","","","","false","none","basic"
"NPC1985","Ira Holt","simulation_matrix_pool","false","3","postgame_scaled","13","false","E281","E025","E054","","","","false","none","basic"
"NPC1986","Juno Sol","simulation_matrix_pool","false","3","postgame_scaled","17","false","E016","E045","E074","","","","false","none","normal"
"NPC1987","Kira Maren","simulation_matrix_pool","false","3","postgame_scaled","21","false","E036","E065","E094","","","","false","none","normal"
"NPC1988","Lio Tor","simulation_matrix_pool","false","3","postgame_scaled","25","false","E056","E085","E114","","","","false","none","normal"
"NPC1989","Mira Vale","simulation_matrix_pool","false","3","postgame_scaled","29","false","E076","E105","E134","","","","false","none","normal"
"NPC1990","Nox Quill","simulation_matrix_pool","false","4","postgame_scaled","33","true","E096","E125","E154","E183","","","false","none","normal"
"NPC1991","Oren Nox","simulation_matrix_pool","false","4","postgame_scaled","37","true","E116","E145","E174","E203","","","false","none","normal"
"NPC1992","Pax Reed","simulation_matrix_pool","false","4","postgame_scaled","33","true","E136","E165","E194","E223","","","false","standard","normal"
"NPC1993","Quin Esh","simulation_matrix_pool","false","4","postgame_scaled","37","true","E156","E185","E214","E243","","","false","standard","normal"
"NPC1994","Rhea Rusk","simulation_matrix_pool","false","4","postgame_scaled","41","true","E176","E205","E234","E263","","","false","standard","normal"
"NPC1995","Senn Voss","simulation_matrix_pool","false","4","postgame_scaled","45","true","E196","E225","E254","E283","","","false","standard","smart"
"NPC1996","Talia Rook","simulation_matrix_pool","false","4","postgame_scaled","49","true","E216","E245","E274","E018","","","false","standard","smart"
"NPC1997","Uma Fenn","simulation_matrix_pool","false","4","postgame_scaled","53","true","E236","E265","E009","E038","","","false","standard","smart"
"NPC1998","Venn Wren","simulation_matrix_pool","false","5","postgame_scaled","57","true","E256","E285","E029","E058","E087","","false","standard","smart"
"NPC1999","Wren Pell","simulation_matrix_pool","false","5","postgame_scaled","61","true","E276","E020","E049","E078","E107","","false","standard","smart"
"NPC2000","Xara Thane","simulation_matrix_pool","false","5","postgame_scaled","57","true","E011","E040","E069","E098","E127","","false","standard","smart"
