"id","name","archetype","home_city","level_policy","team_theme","starts_battle","reward_marks","dialogue_key","world_role","placed_in_world","placement_kind","can_have_legendary"
"NPC0001","Ari Silt","route_binder","city_01","fixed_first_clear","ember","talk_to_battle","67","dlg_npc0001","fixed_world_battle","true","route_city_dungeon","false"
"NPC0002","Bela Keir","city_binder","city_02","fixed_first_clear","tide","talk_to_battle","84","dlg_npc0002","fixed_world_battle","true","route_city_dungeon","false"
"NPC0003","Cato Noct","arena_apprentice","city_03","fixed_first_clear","verdance","talk_to_battle","101","dlg_npc0003","fixed_world_battle","true","route_city_dungeon","false"
"NPC0004","Dena Arc","veyr_scout","city_04","fixed_first_clear","stone","talk_to_battle","118","dlg_npc0004","fixed_world_battle","true","route_city_dungeon","false"
"NPC0005","Eron Holt","relic_hunter","city_05","fixed_first_clear","gale","talk_to_battle","135","dlg_npc0005","fixed_world_battle","true","route_city_dungeon","false"
"NPC0006","Fia Sol","prism_student","city_06","fixed_first_clear","spark","talk_to_battle","152","dlg_npc0006","fixed_world_battle","true","route_city_dungeon","false"
"NPC0007","Garr Maren","field_medic","city_07","fixed_first_clear","frost","talk_to_battle","169","dlg_npc0007","fixed_world_battle","true","route_city_dungeon","false"
"NPC0008","Hale Tor","storm_sailor","city_08","fixed_first_clear","metal","talk_to_battle","186","dlg_npc0008","fixed_world_battle","true","route_city_dungeon","false"
"NPC0009","Ira Vale","archive_duelist","city_09","fixed_first_clear","shade","talk_to_battle","203","dlg_npc0009","fixed_world_battle","true","route_city_dungeon","false"
"NPC0010","Juno Quill","postgame_master","city_10","fixed_first_clear","radiant","talk_to_battle","220","dlg_npc0010","fixed_world_battle","true","route_city_dungeon","false"
"NPC0011","Kira Nox","route_binder","city_11","fixed_first_clear","mind","talk_to_battle","237","dlg_npc0011","fixed_world_battle","true","route_city_dungeon","false"
"NPC0012","Lio Reed","city_binder","city_12","fixed_first_clear","echo","talk_to_battle","254","dlg_npc0012","fixed_world_battle","true","route_city_dungeon","false"
"NPC0013","Mira Esh","arena_apprentice","city_13","fixed_first_clear","radiant","talk_to_battle","271","dlg_npc0013","fixed_world_battle","true","route_city_dungeon","false"
"NPC0014","Nox Rusk","veyr_scout","city_14","fixed_first_clear","ember","talk_to_battle","288","dlg_npc0014","fixed_world_battle","true","route_city_dungeon","false"
"NPC0015","Oren Voss","relic_hunter","city_15","fixed_first_clear","tide","talk_to_battle","305","dlg_npc0015","fixed_world_battle","true","route_city_dungeon","false"
"NPC0016","Pax Rook","prism_student","city_16","fixed_first_clear","verdance","talk_to_battle","322","dlg_npc0016","fixed_world_battle","true","route_city_dungeon","false"
"NPC0017","Quin Fenn","field_medic","city_17","fixed_first_clear","stone","talk_to_battle","339","dlg_npc0017","fixed_world_battle","true","route_city_dungeon","false"
"NPC0018","Rhea Wren","storm_sailor","city_18","fixed_first_clear","gale","talk_to_battle","356","dlg_npc0018","fixed_world_battle","true","route_city_dungeon","false"
"NPC0019","Senn Pell","archive_duelist","city_19","fixed_first_clear","spark","talk_to_battle","373","dlg_npc0019","fixed_world_battle","true","route_city_dungeon","false"
"NPC0020","Talia Thane","postgame_master","city_20","fixed_first_clear","frost","talk_to_battle","390","dlg_npc0020","fixed_world_battle","true","route_city_dungeon","false"
"NPC0021","Uma Silt","route_binder","city_21","fixed_first_clear","metal","talk_to_battle","407","dlg_npc0021","fixed_world_battle","true","route_city_dungeon","false"
"NPC0022","Venn Keir","city_binder","city_22","fixed_first_clear","shade","talk_to_battle","424","dlg_npc0022","fixed_world_battle","true","route_city_dungeon","false"
"NPC0023","Wren Noct","arena_apprentice","city_23","fixed_first_clear","radiant","talk_to_battle","441","dlg_npc0023","fixed_world_battle","true","route_city_dungeon","false"
"NPC0024","Xara Arc","veyr_scout","city_24","fixed_first_clear","mind","talk_to_battle","458","dlg_npc0024","fixed_world_battle","true","route_city_dungeon","false"
"NPC0025","Yven Holt","relic_hunter","city_25","fixed_first_clear","echo","talk_to_battle","475","dlg_npc0025","fixed_world_battle","true","route_city_dungeon","false"
"NPC0026","Zale Sol","prism_student","city_26","fixed_first_clear","mind","talk_to_battle","492","dlg_npc0026","fixed_world_battle","true","route_city_dungeon","false"
"NPC0027","Ari Maren","field_medic","city_27","fixed_first_clear","ember","talk_to_battle","509","dlg_npc0027","fixed_world_battle","true","route_city_dungeon","false"
"NPC0028","Bela Tor","storm_sailor","city_28","fixed_first_clear","tide","talk_to_battle","526","dlg_npc0028","fixed_world_battle","true","route_city_dungeon","false"
"NPC0029","Cato Vale","archive_duelist","city_29","fixed_first_clear","verdance","talk_to_battle","543","dlg_npc0029","fixed_world_battle","true","route_city_dungeon","false"
"NPC0030","Dena Quill","postgame_master","city_30","fixed_first_clear","stone","talk_to_battle","560","dlg_npc0030","fixed_world_battle","true","route_city_dungeon","false"
"NPC0031","Eron Nox","route_binder","city_01","fixed_first_clear","gale","talk_to_battle","577","dlg_npc0031","fixed_world_battle","true","route_city_dungeon","false"
"NPC0032","Fia Reed","city_binder","city_02","fixed_first_clear","spark","talk_to_battle","594","dlg_npc0032","fixed_world_battle","true","route_city_dungeon","false"
"NPC0033","Garr Esh","arena_apprentice","city_03","fixed_first_clear","frost","talk_to_battle","611","dlg_npc0033","fixed_world_battle","true","route_city_dungeon","false"
"NPC0034","Hale Rusk","veyr_scout","city_04","fixed_first_clear","metal","talk_to_battle","628","dlg_npc0034","fixed_world_battle","true","route_city_dungeon","false"
"NPC0035","Ira Voss","relic_hunter","city_05","fixed_first_clear","shade","talk_to_battle","645","dlg_npc0035","fixed_world_battle","true","route_city_dungeon","false"
"NPC0036","Juno Rook","prism_student","city_06","fixed_first_clear","radiant","talk_to_battle","662","dlg_npc0036","fixed_world_battle","true","route_city_dungeon","false"
"NPC0037","Kira Fenn","field_medic","city_07","fixed_first_clear","mind","talk_to_battle","679","dlg_npc0037","fixed_world_battle","true","route_city_dungeon","false"
"NPC0038","Lio Wren","storm_sailor","city_08","fixed_first_clear","echo","talk_to_battle","696","dlg_npc0038","fixed_world_battle","true","route_city_dungeon","false"
"NPC0039","Mira Pell","archive_duelist","city_09","fixed_first_clear","echo","talk_to_battle","713","dlg_npc0039","fixed_world_battle","true","route_city_dungeon","false"
"NPC0040","Nox Thane","postgame_master","city_10","fixed_first_clear","ember","talk_to_battle","730","dlg_npc0040","fixed_world_battle","true","route_city_dungeon","false"
"NPC0041","Oren Silt","route_binder","city_11","fixed_first_clear","tide","talk_to_battle","747","dlg_npc0041","fixed_world_battle","true","route_city_dungeon","false"
"NPC0042","Pax Keir","city_binder","city_12","fixed_first_clear","verdance","talk_to_battle","764","dlg_npc0042","fixed_world_battle","true","route_city_dungeon","false"
"NPC0043","Quin Noct","arena_apprentice","city_13","fixed_first_clear","stone","talk_to_battle","781","dlg_npc0043","fixed_world_battle","true","route_city_dungeon","false"
"NPC0044","Rhea Arc","veyr_scout","city_14","fixed_first_clear","gale","talk_to_battle","798","dlg_npc0044","fixed_world_battle","true","route_city_dungeon","false"
"NPC0045","Senn Holt","relic_hunter","city_15","fixed_first_clear","spark","talk_to_battle","815","dlg_npc0045","fixed_world_battle","true","route_city_dungeon","false"
"NPC0046","Talia Sol","prism_student","city_16","fixed_first_clear","frost","talk_to_battle","832","dlg_npc0046","fixed_world_battle","true","route_city_dungeon","false"
"NPC0047","Uma Maren","field_medic","city_17","fixed_first_clear","metal","talk_to_battle","849","dlg_npc0047","fixed_world_battle","true","route_city_dungeon","false"
"NPC0048","Venn Tor","storm_sailor","city_18","fixed_first_clear","shade","talk_to_battle","866","dlg_npc0048","fixed_world_battle","true","route_city_dungeon","false"
"NPC0049","Wren Vale","archive_duelist","city_19","fixed_first_clear","radiant","talk_to_battle","883","dlg_npc0049","fixed_world_battle","true","route_city_dungeon","false"
"NPC0050","Xara Quill","postgame_master","city_20","fixed_first_clear","mind","talk_to_battle","900","dlg_npc0050","fixed_world_battle","true","route_city_dungeon","false"
"NPC0051","Yven Nox","route_binder","city_21","fixed_first_clear","echo","talk_to_battle","917","dlg_npc0051","fixed_world_battle","true","route_city_dungeon","false"
"NPC0052","Zale Reed","city_binder","city_22","fixed_first_clear","shade","talk_to_battle","934","dlg_npc0052","fixed_world_battle","true","route_city_dungeon","false"
"NPC0053","Ari Esh","arena_apprentice","city_23","fixed_first_clear","ember","talk_to_battle","951","dlg_npc0053","fixed_world_battle","true","route_city_dungeon","false"
"NPC0054","Bela Rusk","veyr_scout","city_24","fixed_first_clear","tide","talk_to_battle","968","dlg_npc0054","fixed_world_battle","true","route_city_dungeon","false"
"NPC0055","Cato Voss","relic_hunter","city_25","fixed_first_clear","verdance","talk_to_battle","985","dlg_npc0055","fixed_world_battle","true","route_city_dungeon","false"
"NPC0056","Dena Rook","prism_student","city_26","fixed_first_clear","stone","talk_to_battle","1002","dlg_npc0056","fixed_world_battle","true","route_city_dungeon","false"
"NPC0057","Eron Fenn","field_medic","city_27","fixed_first_clear","gale","talk_to_battle","1019","dlg_npc0057","fixed_world_battle","true","route_city_dungeon","false"
"NPC0058","Fia Wren","storm_sailor","city_28","fixed_first_clear","spark","talk_to_battle","1036","dlg_npc0058","fixed_world_battle","true","route_city_dungeon","false"
"NPC0059","Garr Pell","archive_duelist","city_29","fixed_first_clear","frost","talk_to_battle","1053","dlg_npc0059","fixed_world_battle","true","route_city_dungeon","false"
"NPC0060","Hale Thane","postgame_master","city_30","fixed_first_clear","metal","talk_to_battle","1070","dlg_npc0060","fixed_world_battle","true","route_city_dungeon","false"
"NPC0061","Ira Silt","route_binder","city_01","fixed_first_clear","shade","talk_to_battle","1087","dlg_npc0061","fixed_world_battle","true","route_city_dungeon","false"
"NPC0062","Juno Keir","city_binder","city_02","fixed_first_clear","radiant","talk_to_battle","1104","dlg_npc0062","fixed_world_battle","true","route_city_dungeon","false"
"NPC0063","Kira Noct","arena_apprentice","city_03","fixed_first_clear","mind","talk_to_battle","1121","dlg_npc0063","fixed_world_battle","true","route_city_dungeon","false"
"NPC0064","Lio Arc","veyr_scout","city_04","fixed_first_clear","echo","talk_to_battle","1138","dlg_npc0064","fixed_world_battle","true","route_city_dungeon","false"
"NPC0065","Mira Holt","relic_hunter","city_05","fixed_first_clear","radiant","talk_to_battle","1155","dlg_npc0065","fixed_world_battle","true","route_city_dungeon","false"
"NPC0066","Nox Sol","prism_student","city_06","fixed_first_clear","ember","talk_to_battle","1172","dlg_npc0066","fixed_world_battle","true","route_city_dungeon","false"
"NPC0067","Oren Maren","field_medic","city_07","fixed_first_clear","tide","talk_to_battle","1189","dlg_npc0067","fixed_world_battle","true","route_city_dungeon","false"
"NPC0068","Pax Tor","storm_sailor","city_08","fixed_first_clear","verdance","talk_to_battle","1206","dlg_npc0068","fixed_world_battle","true","route_city_dungeon","false"
"NPC0069","Quin Vale","archive_duelist","city_09","fixed_first_clear","stone","talk_to_battle","1223","dlg_npc0069","fixed_world_battle","true","route_city_dungeon","false"
"NPC0070","Rhea Quill","postgame_master","city_10","fixed_first_clear","gale","talk_to_battle","1240","dlg_npc0070","fixed_world_battle","true","route_city_dungeon","false"
"NPC0071","Senn Nox","route_binder","city_11","fixed_first_clear","spark","talk_to_battle","1257","dlg_npc0071","fixed_world_battle","true","route_city_dungeon","false"
"NPC0072","Talia Reed","city_binder","city_12","fixed_first_clear","frost","talk_to_battle","1274","dlg_npc0072","fixed_world_battle","true","route_city_dungeon","false"
"NPC0073","Uma Esh","arena_apprentice","city_13","fixed_first_clear","metal","talk_to_battle","1291","dlg_npc0073","fixed_world_battle","true","route_city_dungeon","false"
"NPC0074","Venn Rusk","veyr_scout","city_14","fixed_first_clear","shade","talk_to_battle","1308","dlg_npc0074","fixed_world_battle","true","route_city_dungeon","false"
"NPC0075","Wren Voss","relic_hunter","city_15","fixed_first_clear","radiant","talk_to_battle","1325","dlg_npc0075","fixed_world_battle","true","route_city_dungeon","false"
"NPC0076","Xara Rook","prism_student","city_16","fixed_first_clear","mind","talk_to_battle","1342","dlg_npc0076","fixed_world_battle","true","route_city_dungeon","false"
"NPC0077","Yven Fenn","field_medic","city_17","fixed_first_clear","echo","talk_to_battle","1359","dlg_npc0077","fixed_world_battle","true","route_city_dungeon","false"
"NPC0078","Zale Wren","storm_sailor","city_18","fixed_first_clear","mind","talk_to_battle","1376","dlg_npc0078","fixed_world_battle","true","route_city_dungeon","false"
"NPC0079","Ari Pell","archive_duelist","city_19","fixed_first_clear","ember","talk_to_battle","1393","dlg_npc0079","fixed_world_battle","true","route_city_dungeon","false"
"NPC0080","Bela Thane","postgame_master","city_20","fixed_first_clear","tide","talk_to_battle","1410","dlg_npc0080","fixed_world_battle","true","route_city_dungeon","false"
"NPC0081","Cato Silt","route_binder","city_21","fixed_first_clear","verdance","talk_to_battle","1427","dlg_npc0081","fixed_world_battle","true","route_city_dungeon","false"
"NPC0082","Dena Keir","city_binder","city_22","fixed_first_clear","stone","talk_to_battle","1444","dlg_npc0082","fixed_world_battle","true","route_city_dungeon","false"
"NPC0083","Eron Noct","arena_apprentice","city_23","fixed_first_clear","gale","talk_to_battle","1461","dlg_npc0083","fixed_world_battle","true","route_city_dungeon","false"
"NPC0084","Fia Arc","veyr_scout","city_24","fixed_first_clear","spark","talk_to_battle","1478","dlg_npc0084","fixed_world_battle","true","route_city_dungeon","false"
"NPC0085","Garr Holt","relic_hunter","city_25","fixed_first_clear","frost","talk_to_battle","1495","dlg_npc0085","fixed_world_battle","true","route_city_dungeon","false"
"NPC0086","Hale Sol","prism_student","city_26","fixed_first_clear","metal","talk_to_battle","1512","dlg_npc0086","fixed_world_battle","true","route_city_dungeon","false"
"NPC0087","Ira Maren","field_medic","city_27","fixed_first_clear","shade","talk_to_battle","1529","dlg_npc0087","fixed_world_battle","true","route_city_dungeon","false"
"NPC0088","Juno Tor","storm_sailor","city_28","fixed_first_clear","radiant","talk_to_battle","1546","dlg_npc0088","fixed_world_battle","true","route_city_dungeon","false"
"NPC0089","Kira Vale","archive_duelist","city_29","fixed_first_clear","mind","talk_to_battle","1563","dlg_npc0089","fixed_world_battle","true","route_city_dungeon","false"
"NPC0090","Lio Quill","postgame_master","city_30","fixed_first_clear","echo","talk_to_battle","1580","dlg_npc0090","fixed_world_battle","true","route_city_dungeon","false"
"NPC0091","Mira Nox","route_binder","city_01","fixed_first_clear","echo","talk_to_battle","1597","dlg_npc0091","fixed_world_battle","true","route_city_dungeon","false"
"NPC0092","Nox Reed","city_binder","city_02","fixed_first_clear","ember","talk_to_battle","1614","dlg_npc0092","fixed_world_battle","true","route_city_dungeon","false"
"NPC0093","Oren Esh","arena_apprentice","city_03","fixed_first_clear","tide","talk_to_battle","1631","dlg_npc0093","fixed_world_battle","true","route_city_dungeon","false"
"NPC0094","Pax Rusk","veyr_scout","city_04","fixed_first_clear","verdance","talk_to_battle","1648","dlg_npc0094","fixed_world_battle","true","route_city_dungeon","false"
"NPC0095","Quin Voss","relic_hunter","city_05","fixed_first_clear","stone","talk_to_battle","1665","dlg_npc0095","fixed_world_battle","true","route_city_dungeon","false"
"NPC0096","Rhea Rook","prism_student","city_06","fixed_first_clear","gale","talk_to_battle","1682","dlg_npc0096","fixed_world_battle","true","route_city_dungeon","false"
"NPC0097","Senn Fenn","field_medic","city_07","fixed_first_clear","spark","talk_to_battle","1699","dlg_npc0097","fixed_world_battle","true","route_city_dungeon","false"
"NPC0098","Talia Wren","storm_sailor","city_08","fixed_first_clear","frost","talk_to_battle","1716","dlg_npc0098","fixed_world_battle","true","route_city_dungeon","false"
"NPC0099","Uma Pell","archive_duelist","city_09","fixed_first_clear","metal","talk_to_battle","1733","dlg_npc0099","fixed_world_battle","true","route_city_dungeon","false"
"NPC0100","Venn Thane","postgame_master","city_10","fixed_first_clear","shade","talk_to_battle","1750","dlg_npc0100","fixed_world_battle","true","route_city_dungeon","false"
"NPC0101","Wren Silt","route_binder","city_11","fixed_first_clear","radiant","talk_to_battle","1767","dlg_npc0101","fixed_world_battle","true","route_city_dungeon","false"
"NPC0102","Xara Keir","city_binder","city_12","fixed_first_clear","mind","talk_to_battle","1784","dlg_npc0102","fixed_world_battle","true","route_city_dungeon","false"
"NPC0103","Yven Noct","arena_apprentice","city_13","fixed_first_clear","echo","talk_to_battle","1801","dlg_npc0103","fixed_world_battle","true","route_city_dungeon","false"
"NPC0104","Zale Arc","veyr_scout","city_14","fixed_first_clear","shade","talk_to_battle","1818","dlg_npc0104","fixed_world_battle","true","route_city_dungeon","false"
"NPC0105","Ari Holt","relic_hunter","city_15","fixed_first_clear","ember","talk_to_battle","1835","dlg_npc0105","fixed_world_battle","true","route_city_dungeon","false"
"NPC0106","Bela Sol","prism_student","city_16","fixed_first_clear","tide","talk_to_battle","1852","dlg_npc0106","fixed_world_battle","true","route_city_dungeon","false"
"NPC0107","Cato Maren","field_medic","city_17","fixed_first_clear","verdance","talk_to_battle","1869","dlg_npc0107","fixed_world_battle","true","route_city_dungeon","false"
"NPC0108","Dena Tor","storm_sailor","city_18","fixed_first_clear","stone","talk_to_battle","1886","dlg_npc0108","fixed_world_battle","true","route_city_dungeon","false"
"NPC0109","Eron Vale","archive_duelist","city_19","fixed_first_clear","gale","talk_to_battle","1903","dlg_npc0109","fixed_world_battle","true","route_city_dungeon","false"
"NPC0110","Fia Quill","postgame_master","city_20","fixed_first_clear","spark","talk_to_battle","1920","dlg_npc0110","fixed_world_battle","true","route_city_dungeon","false"
"NPC0111","Garr Nox","route_binder","city_21","fixed_first_clear","frost","talk_to_battle","1937","dlg_npc0111","fixed_world_battle","true","route_city_dungeon","false"
"NPC0112","Hale Reed","city_binder","city_22","fixed_first_clear","metal","talk_to_battle","1954","dlg_npc0112","fixed_world_battle","true","route_city_dungeon","false"
"NPC0113","Ira Esh","arena_apprentice","city_23","fixed_first_clear","shade","talk_to_battle","1971","dlg_npc0113","fixed_world_battle","true","route_city_dungeon","false"
"NPC0114","Juno Rusk","veyr_scout","city_24","fixed_first_clear","radiant","talk_to_battle","1988","dlg_npc0114","fixed_world_battle","true","route_city_dungeon","false"
"NPC0115","Kira Voss","relic_hunter","city_25","fixed_first_clear","mind","talk_to_battle","2005","dlg_npc0115","fixed_world_battle","true","route_city_dungeon","false"
"NPC0116","Lio Rook","prism_student","city_26","fixed_first_clear","echo","talk_to_battle","2022","dlg_npc0116","fixed_world_battle","true","route_city_dungeon","false"
"NPC0117","Mira Fenn","field_medic","city_27","fixed_first_clear","radiant","talk_to_battle","2039","dlg_npc0117","fixed_world_battle","true","route_city_dungeon","false"
"NPC0118","Nox Wren","storm_sailor","city_28","fixed_first_clear","ember","talk_to_battle","2056","dlg_npc0118","fixed_world_battle","true","route_city_dungeon","false"
"NPC0119","Oren Pell","archive_duelist","city_29","fixed_first_clear","tide","talk_to_battle","2073","dlg_npc0119","fixed_world_battle","true","route_city_dungeon","false"
"NPC0120","Pax Thane","postgame_master","city_30","fixed_first_clear","verdance","talk_to_battle","2090","dlg_npc0120","fixed_world_battle","true","route_city_dungeon","false"
"NPC0121","Quin Silt","route_binder","city_01","fixed_first_clear","stone","talk_to_battle","2107","dlg_npc0121","fixed_world_battle","true","route_city_dungeon","false"
"NPC0122","Rhea Keir","city_binder","city_02","fixed_first_clear","gale","talk_to_battle","2124","dlg_npc0122","fixed_world_battle","true","route_city_dungeon","false"
"NPC0123","Senn Noct","arena_apprentice","city_03","fixed_first_clear","spark","talk_to_battle","2141","dlg_npc0123","fixed_world_battle","true","route_city_dungeon","false"
"NPC0124","Talia Arc","veyr_scout","city_04","fixed_first_clear","frost","talk_to_battle","2158","dlg_npc0124","fixed_world_battle","true","route_city_dungeon","false"
"NPC0125","Uma Holt","relic_hunter","city_05","fixed_first_clear","metal","talk_to_battle","2175","dlg_npc0125","fixed_world_battle","true","route_city_dungeon","false"
"NPC0126","Venn Sol","prism_student","city_06","fixed_first_clear","shade","talk_to_battle","2192","dlg_npc0126","fixed_world_battle","true","route_city_dungeon","false"
"NPC0127","Wren Maren","field_medic","city_07","fixed_first_clear","radiant","talk_to_battle","2209","dlg_npc0127","fixed_world_battle","true","route_city_dungeon","false"
"NPC0128","Xara Tor","storm_sailor","city_08","fixed_first_clear","mind","talk_to_battle","2226","dlg_npc0128","fixed_world_battle","true","route_city_dungeon","false"
"NPC0129","Yven Vale","archive_duelist","city_09","fixed_first_clear","echo","talk_to_battle","2243","dlg_npc0129","fixed_world_battle","true","route_city_dungeon","false"
"NPC0130","Zale Quill","postgame_master","city_10","fixed_first_clear","mind","talk_to_battle","2260","dlg_npc0130","fixed_world_battle","true","route_city_dungeon","false"
"NPC0131","Ari Nox","route_binder","city_11","fixed_first_clear","ember","talk_to_battle","2277","dlg_npc0131","fixed_world_battle","true","route_city_dungeon","false"
"NPC0132","Bela Reed","city_binder","city_12","fixed_first_clear","tide","talk_to_battle","2294","dlg_npc0132","fixed_world_battle","true","route_city_dungeon","false"
"NPC0133","Cato Esh","arena_apprentice","city_13","fixed_first_clear","verdance","talk_to_battle","2311","dlg_npc0133","fixed_world_battle","true","route_city_dungeon","false"
"NPC0134","Dena Rusk","veyr_scout","city_14","fixed_first_clear","stone","talk_to_battle","2328","dlg_npc0134","fixed_world_battle","true","route_city_dungeon","false"
"NPC0135","Eron Voss","relic_hunter","city_15","fixed_first_clear","gale","talk_to_battle","2345","dlg_npc0135","fixed_world_battle","true","route_city_dungeon","false"
"NPC0136","Fia Rook","prism_student","city_16","fixed_first_clear","spark","talk_to_battle","2362","dlg_npc0136","fixed_world_battle","true","route_city_dungeon","false"
"NPC0137","Garr Fenn","field_medic","city_17","fixed_first_clear","frost","talk_to_battle","2379","dlg_npc0137","fixed_world_battle","true","route_city_dungeon","false"
"NPC0138","Hale Wren","storm_sailor","city_18","fixed_first_clear","metal","talk_to_battle","2396","dlg_npc0138","fixed_world_battle","true","route_city_dungeon","false"
"NPC0139","Ira Pell","archive_duelist","city_19","fixed_first_clear","shade","talk_to_battle","2413","dlg_npc0139","fixed_world_battle","true","route_city_dungeon","false"
"NPC0140","Juno Thane","postgame_master","city_20","fixed_first_clear","radiant","talk_to_battle","2430","dlg_npc0140","fixed_world_battle","true","route_city_dungeon","false"
"NPC0141","Kira Silt","route_binder","city_21","fixed_first_clear","mind","talk_to_battle","2447","dlg_npc0141","fixed_world_battle","true","route_city_dungeon","false"
"NPC0142","Lio Keir","city_binder","city_22","fixed_first_clear","echo","talk_to_battle","2464","dlg_npc0142","fixed_world_battle","true","route_city_dungeon","false"
"NPC0143","Mira Noct","arena_apprentice","city_23","fixed_first_clear","echo","talk_to_battle","2481","dlg_npc0143","fixed_world_battle","true","route_city_dungeon","false"
"NPC0144","Nox Arc","veyr_scout","city_24","fixed_first_clear","ember","talk_to_battle","2498","dlg_npc0144","fixed_world_battle","true","route_city_dungeon","false"
"NPC0145","Oren Holt","relic_hunter","city_25","fixed_first_clear","tide","talk_to_battle","2515","dlg_npc0145","fixed_world_battle","true","route_city_dungeon","false"
"NPC0146","Pax Sol","prism_student","city_26","fixed_first_clear","verdance","talk_to_battle","2532","dlg_npc0146","fixed_world_battle","true","route_city_dungeon","false"
"NPC0147","Quin Maren","field_medic","city_27","fixed_first_clear","stone","talk_to_battle","2549","dlg_npc0147","fixed_world_battle","true","route_city_dungeon","false"
"NPC0148","Rhea Tor","storm_sailor","city_28","fixed_first_clear","gale","talk_to_battle","66","dlg_npc0148","fixed_world_battle","true","route_city_dungeon","false"
"NPC0149","Senn Vale","archive_duelist","city_29","fixed_first_clear","spark","talk_to_battle","83","dlg_npc0149","fixed_world_battle","true","route_city_dungeon","false"
"NPC0150","Talia Quill","postgame_master","city_30","fixed_first_clear","frost","talk_to_battle","100","dlg_npc0150","fixed_world_battle","true","route_city_dungeon","false"
"NPC0151","Uma Nox","route_binder","city_01","fixed_first_clear","metal","talk_to_battle","117","dlg_npc0151","fixed_world_battle","true","route_city_dungeon","false"
"NPC0152","Venn Reed","city_binder","city_02","fixed_first_clear","shade","talk_to_battle","134","dlg_npc0152","fixed_world_battle","true","route_city_dungeon","false"
"NPC0153","Wren Esh","arena_apprentice","city_03","fixed_first_clear","radiant","talk_to_battle","151","dlg_npc0153","fixed_world_battle","true","route_city_dungeon","false"
"NPC0154","Xara Rusk","veyr_scout","city_04","fixed_first_clear","mind","talk_to_battle","168","dlg_npc0154","fixed_world_battle","true","route_city_dungeon","false"
"NPC0155","Yven Voss","relic_hunter","city_05","fixed_first_clear","echo","talk_to_battle","185","dlg_npc0155","fixed_world_battle","true","route_city_dungeon","false"
"NPC0156","Zale Rook","prism_student","city_06","fixed_first_clear","shade","talk_to_battle","202","dlg_npc0156","fixed_world_battle","true","route_city_dungeon","false"
"NPC0157","Ari Fenn","field_medic","city_07","fixed_first_clear","ember","talk_to_battle","219","dlg_npc0157","fixed_world_battle","true","route_city_dungeon","false"
"NPC0158","Bela Wren","storm_sailor","city_08","fixed_first_clear","tide","talk_to_battle","236","dlg_npc0158","fixed_world_battle","true","route_city_dungeon","false"
"NPC0159","Cato Pell","archive_duelist","city_09","fixed_first_clear","verdance","talk_to_battle","253","dlg_npc0159","fixed_world_battle","true","route_city_dungeon","false"
"NPC0160","Dena Thane","postgame_master","city_10","fixed_first_clear","stone","talk_to_battle","270","dlg_npc0160","fixed_world_battle","true","route_city_dungeon","false"
"NPC0161","Eron Silt","route_binder","city_11","fixed_first_clear","gale","talk_to_battle","287","dlg_npc0161","fixed_world_battle","true","route_city_dungeon","false"
"NPC0162","Fia Keir","city_binder","city_12","fixed_first_clear","spark","talk_to_battle","304","dlg_npc0162","fixed_world_battle","true","route_city_dungeon","false"
"NPC0163","Garr Noct","arena_apprentice","city_13","fixed_first_clear","frost","talk_to_battle","321","dlg_npc0163","fixed_world_battle","true","route_city_dungeon","false"
"NPC0164","Hale Arc","veyr_scout","city_14","fixed_first_clear","metal","talk_to_battle","338","dlg_npc0164","fixed_world_battle","true","route_city_dungeon","false"
"NPC0165","Ira Holt","relic_hunter","city_15","fixed_first_clear","shade","talk_to_battle","355","dlg_npc0165","fixed_world_battle","true","route_city_dungeon","false"
"NPC0166","Juno Sol","prism_student","city_16","fixed_first_clear","radiant","talk_to_battle","372","dlg_npc0166","fixed_world_battle","true","route_city_dungeon","false"
"NPC0167","Kira Maren","field_medic","city_17","fixed_first_clear","mind","talk_to_battle","389","dlg_npc0167","fixed_world_battle","true","route_city_dungeon","false"
"NPC0168","Lio Tor","storm_sailor","city_18","fixed_first_clear","echo","talk_to_battle","406","dlg_npc0168","fixed_world_battle","true","route_city_dungeon","false"
"NPC0169","Mira Vale","archive_duelist","city_19","fixed_first_clear","radiant","talk_to_battle","423","dlg_npc0169","fixed_world_battle","true","route_city_dungeon","false"
"NPC0170","Nox Quill","postgame_master","city_20","fixed_first_clear","ember","talk_to_battle","440","dlg_npc0170","fixed_world_battle","true","route_city_dungeon","false"
"NPC0171","Oren Nox","route_binder","city_21","fixed_first_clear","tide","talk_to_battle","457","dlg_npc0171","fixed_world_battle","true","route_city_dungeon","false"
"NPC0172","Pax Reed","city_binder","city_22","fixed_first_clear","verdance","talk_to_battle","474","dlg_npc0172","fixed_world_battle","true","route_city_dungeon","false"
"NPC0173","Quin Esh","arena_apprentice","city_23","fixed_first_clear","stone","talk_to_battle","491","dlg_npc0173","fixed_world_battle","true","route_city_dungeon","false"
"NPC0174","Rhea Rusk","veyr_scout","city_24","fixed_first_clear","gale","talk_to_battle","508","dlg_npc0174","fixed_world_battle","true","route_city_dungeon","false"
"NPC0175","Senn Voss","relic_hunter","city_25","fixed_first_clear","spark","talk_to_battle","525","dlg_npc0175","fixed_world_battle","true","route_city_dungeon","false"
"NPC0176","Talia Rook","prism_student","city_26","fixed_first_clear","frost","talk_to_battle","542","dlg_npc0176","fixed_world_battle","true","route_city_dungeon","false"
"NPC0177","Uma Fenn","field_medic","city_27","fixed_first_clear","metal","talk_to_battle","559","dlg_npc0177","fixed_world_battle","true","route_city_dungeon","false"
"NPC0178","Venn Wren","storm_sailor","city_28","fixed_first_clear","shade","talk_to_battle","576","dlg_npc0178","fixed_world_battle","true","route_city_dungeon","false"
"NPC0179","Wren Pell","archive_duelist","city_29","fixed_first_clear","radiant","talk_to_battle","593","dlg_npc0179","fixed_world_battle","true","route_city_dungeon","false"
"NPC0180","Xara Thane","postgame_master","city_30","fixed_first_clear","mind","talk_to_battle","610","dlg_npc0180","fixed_world_battle","true","route_city_dungeon","false"
"NPC0181","Yven Silt","route_binder","city_01","fixed_first_clear","echo","talk_to_battle","627","dlg_npc0181","fixed_world_battle","true","route_city_dungeon","false"
"NPC0182","Zale Keir","city_binder","city_02","fixed_first_clear","mind","talk_to_battle","644","dlg_npc0182","fixed_world_battle","true","route_city_dungeon","false"
"NPC0183","Ari Noct","arena_apprentice","city_03","fixed_first_clear","ember","talk_to_battle","661","dlg_npc0183","fixed_world_battle","true","route_city_dungeon","false"
"NPC0184","Bela Arc","veyr_scout","city_04","fixed_first_clear","tide","talk_to_battle","678","dlg_npc0184","fixed_world_battle","true","route_city_dungeon","false"
"NPC0185","Cato Holt","relic_hunter","city_05","fixed_first_clear","verdance","talk_to_battle","695","dlg_npc0185","fixed_world_battle","true","route_city_dungeon","false"
"NPC0186","Dena Sol","prism_student","city_06","fixed_first_clear","stone","talk_to_battle","712","dlg_npc0186","fixed_world_battle","true","route_city_dungeon","false"
"NPC0187","Eron Maren","field_medic","city_07","fixed_first_clear","gale","talk_to_battle","729","dlg_npc0187","fixed_world_battle","true","route_city_dungeon","false"
"NPC0188","Fia Tor","storm_sailor","city_08","fixed_first_clear","spark","talk_to_battle","746","dlg_npc0188","fixed_world_battle","true","route_city_dungeon","false"
"NPC0189","Garr Vale","archive_duelist","city_09","fixed_first_clear","frost","talk_to_battle","763","dlg_npc0189","fixed_world_battle","true","route_city_dungeon","false"
"NPC0190","Hale Quill","postgame_master","city_10","fixed_first_clear","metal","talk_to_battle","780","dlg_npc0190","fixed_world_battle","true","route_city_dungeon","false"
"NPC0191","Ira Nox","route_binder","city_11","fixed_first_clear","shade","talk_to_battle","797","dlg_npc0191","fixed_world_battle","true","route_city_dungeon","false"
"NPC0192","Juno Reed","city_binder","city_12","fixed_first_clear","radiant","talk_to_battle","814","dlg_npc0192","fixed_world_battle","true","route_city_dungeon","false"
"NPC0193","Kira Esh","arena_apprentice","city_13","fixed_first_clear","mind","talk_to_battle","831","dlg_npc0193","fixed_world_battle","true","route_city_dungeon","false"
"NPC0194","Lio Rusk","veyr_scout","city_14","fixed_first_clear","echo","talk_to_battle","848","dlg_npc0194","fixed_world_battle","true","route_city_dungeon","false"
"NPC0195","Mira Voss","relic_hunter","city_15","fixed_first_clear","echo","talk_to_battle","865","dlg_npc0195","fixed_world_battle","true","route_city_dungeon","false"
"NPC0196","Nox Rook","prism_student","city_16","fixed_first_clear","ember","talk_to_battle","882","dlg_npc0196","fixed_world_battle","true","route_city_dungeon","false"
"NPC0197","Oren Fenn","field_medic","city_17","fixed_first_clear","tide","talk_to_battle","899","dlg_npc0197","fixed_world_battle","true","route_city_dungeon","false"
"NPC0198","Pax Wren","storm_sailor","city_18","fixed_first_clear","verdance","talk_to_battle","916","dlg_npc0198","fixed_world_battle","true","route_city_dungeon","false"
"NPC0199","Quin Pell","archive_duelist","city_19","fixed_first_clear","stone","talk_to_battle","933","dlg_npc0199","fixed_world_battle","true","route_city_dungeon","false"
"NPC0200","Rhea Thane","postgame_master","city_20","fixed_first_clear","gale","talk_to_battle","950","dlg_npc0200","fixed_world_battle","true","route_city_dungeon","false"
"NPC0201","Senn Silt","route_binder","city_21","fixed_first_clear","spark","talk_to_battle","967","dlg_npc0201","fixed_world_battle","true","route_city_dungeon","false"
"NPC0202","Talia Keir","city_binder","city_22","fixed_first_clear","frost","talk_to_battle","984","dlg_npc0202","fixed_world_battle","true","route_city_dungeon","false"
"NPC0203","Uma Noct","arena_apprentice","city_23","fixed_first_clear","metal","talk_to_battle","1001","dlg_npc0203","fixed_world_battle","true","route_city_dungeon","false"
"NPC0204","Venn Arc","veyr_scout","city_24","fixed_first_clear","shade","talk_to_battle","1018","dlg_npc0204","fixed_world_battle","true","route_city_dungeon","false"
"NPC0205","Wren Holt","relic_hunter","city_25","fixed_first_clear","radiant","talk_to_battle","1035","dlg_npc0205","fixed_world_battle","true","route_city_dungeon","false"
"NPC0206","Xara Sol","prism_student","city_26","fixed_first_clear","mind","talk_to_battle","1052","dlg_npc0206","fixed_world_battle","true","route_city_dungeon","false"
"NPC0207","Yven Maren","field_medic","city_27","fixed_first_clear","echo","talk_to_battle","1069","dlg_npc0207","fixed_world_battle","true","route_city_dungeon","false"
"NPC0208","Zale Tor","storm_sailor","city_28","fixed_first_clear","shade","talk_to_battle","1086","dlg_npc0208","fixed_world_battle","true","route_city_dungeon","false"
"NPC0209","Ari Vale","archive_duelist","city_29","fixed_first_clear","ember","talk_to_battle","1103","dlg_npc0209","fixed_world_battle","true","route_city_dungeon","false"
"NPC0210","Bela Quill","postgame_master","city_30","fixed_first_clear","tide","talk_to_battle","1120","dlg_npc0210","fixed_world_battle","true","route_city_dungeon","false"
"NPC0211","Cato Nox","route_binder","city_01","fixed_first_clear","verdance","talk_to_battle","1137","dlg_npc0211","fixed_world_battle","true","route_city_dungeon","false"
"NPC0212","Dena Reed","city_binder","city_02","fixed_first_clear","stone","talk_to_battle","1154","dlg_npc0212","fixed_world_battle","true","route_city_dungeon","false"
"NPC0213","Eron Esh","arena_apprentice","city_03","fixed_first_clear","gale","talk_to_battle","1171","dlg_npc0213","fixed_world_battle","true","route_city_dungeon","false"
"NPC0214","Fia Rusk","veyr_scout","city_04","fixed_first_clear","spark","talk_to_battle","1188","dlg_npc0214","fixed_world_battle","true","route_city_dungeon","false"
"NPC0215","Garr Voss","relic_hunter","city_05","fixed_first_clear","frost","talk_to_battle","1205","dlg_npc0215","fixed_world_battle","true","route_city_dungeon","false"
"NPC0216","Hale Rook","prism_student","city_06","fixed_first_clear","metal","talk_to_battle","1222","dlg_npc0216","fixed_world_battle","true","route_city_dungeon","false"
"NPC0217","Ira Fenn","field_medic","city_07","fixed_first_clear","shade","talk_to_battle","1239","dlg_npc0217","fixed_world_battle","true","route_city_dungeon","false"
"NPC0218","Juno Wren","storm_sailor","city_08","fixed_first_clear","radiant","talk_to_battle","1256","dlg_npc0218","fixed_world_battle","true","route_city_dungeon","false"
"NPC0219","Kira Pell","archive_duelist","city_09","fixed_first_clear","mind","talk_to_battle","1273","dlg_npc0219","fixed_world_battle","true","route_city_dungeon","false"
"NPC0220","Lio Thane","postgame_master","city_10","fixed_first_clear","echo","talk_to_battle","1290","dlg_npc0220","fixed_world_battle","true","route_city_dungeon","false"
"NPC0221","Mira Silt","route_binder","city_11","fixed_first_clear","radiant","talk_to_battle","1307","dlg_npc0221","fixed_world_battle","true","route_city_dungeon","false"
"NPC0222","Nox Keir","city_binder","city_12","fixed_first_clear","ember","talk_to_battle","1324","dlg_npc0222","fixed_world_battle","true","route_city_dungeon","false"
"NPC0223","Oren Noct","arena_apprentice","city_13","fixed_first_clear","tide","talk_to_battle","1341","dlg_npc0223","fixed_world_battle","true","route_city_dungeon","false"
"NPC0224","Pax Arc","veyr_scout","city_14","fixed_first_clear","verdance","talk_to_battle","1358","dlg_npc0224","fixed_world_battle","true","route_city_dungeon","false"
"NPC0225","Quin Holt","relic_hunter","city_15","fixed_first_clear","stone","talk_to_battle","1375","dlg_npc0225","fixed_world_battle","true","route_city_dungeon","false"
"NPC0226","Rhea Sol","prism_student","city_16","fixed_first_clear","gale","talk_to_battle","1392","dlg_npc0226","fixed_world_battle","true","route_city_dungeon","false"
"NPC0227","Senn Maren","field_medic","city_17","fixed_first_clear","spark","talk_to_battle","1409","dlg_npc0227","fixed_world_battle","true","route_city_dungeon","false"
"NPC0228","Talia Tor","storm_sailor","city_18","fixed_first_clear","frost","talk_to_battle","1426","dlg_npc0228","fixed_world_battle","true","route_city_dungeon","false"
"NPC0229","Uma Vale","archive_duelist","city_19","fixed_first_clear","metal","talk_to_battle","1443","dlg_npc0229","fixed_world_battle","true","route_city_dungeon","false"
"NPC0230","Venn Quill","postgame_master","city_20","fixed_first_clear","shade","talk_to_battle","1460","dlg_npc0230","fixed_world_battle","true","route_city_dungeon","false"
"NPC0231","Wren Nox","route_binder","city_21","fixed_first_clear","radiant","talk_to_battle","1477","dlg_npc0231","fixed_world_battle","true","route_city_dungeon","false"
"NPC0232","Xara Reed","city_binder","city_22","fixed_first_clear","mind","talk_to_battle","1494","dlg_npc0232","fixed_world_battle","true","route_city_dungeon","false"
"NPC0233","Yven Esh","arena_apprentice","city_23","fixed_first_clear","echo","talk_to_battle","1511","dlg_npc0233","fixed_world_battle","true","route_city_dungeon","false"
"NPC0234","Zale Rusk","veyr_scout","city_24","fixed_first_clear","mind","talk_to_battle","1528","dlg_npc0234","fixed_world_battle","true","route_city_dungeon","false"
"NPC0235","Ari Voss","relic_hunter","city_25","fixed_first_clear","ember","talk_to_battle","1545","dlg_npc0235","fixed_world_battle","true","route_city_dungeon","false"
"NPC0236","Bela Rook","prism_student","city_26","fixed_first_clear","tide","talk_to_battle","1562","dlg_npc0236","fixed_world_battle","true","route_city_dungeon","false"
"NPC0237","Cato Fenn","field_medic","city_27","fixed_first_clear","verdance","talk_to_battle","1579","dlg_npc0237","fixed_world_battle","true","route_city_dungeon","false"
"NPC0238","Dena Wren","storm_sailor","city_28","fixed_first_clear","stone","talk_to_battle","1596","dlg_npc0238","fixed_world_battle","true","route_city_dungeon","false"
"NPC0239","Eron Pell","archive_duelist","city_29","fixed_first_clear","gale","talk_to_battle","1613","dlg_npc0239","fixed_world_battle","true","route_city_dungeon","false"
"NPC0240","Fia Thane","postgame_master","city_30","fixed_first_clear","spark","talk_to_battle","1630","dlg_npc0240","fixed_world_battle","true","route_city_dungeon","false"
"NPC0241","Garr Silt","route_binder","city_01","fixed_first_clear","frost","talk_to_battle","1647","dlg_npc0241","fixed_world_battle","true","route_city_dungeon","false"
"NPC0242","Hale Keir","city_binder","city_02","fixed_first_clear","metal","talk_to_battle","1664","dlg_npc0242","fixed_world_battle","true","route_city_dungeon","false"
"NPC0243","Ira Noct","arena_apprentice","city_03","fixed_first_clear","shade","talk_to_battle","1681","dlg_npc0243","fixed_world_battle","true","route_city_dungeon","false"
"NPC0244","Juno Arc","veyr_scout","city_04","fixed_first_clear","radiant","talk_to_battle","1698","dlg_npc0244","fixed_world_battle","true","route_city_dungeon","false"
"NPC0245","Kira Holt","relic_hunter","city_05","fixed_first_clear","mind","talk_to_battle","1715","dlg_npc0245","fixed_world_battle","true","route_city_dungeon","false"
"NPC0246","Lio Sol","prism_student","city_06","fixed_first_clear","echo","talk_to_battle","1732","dlg_npc0246","fixed_world_battle","true","route_city_dungeon","false"
"NPC0247","Mira Maren","field_medic","city_07","fixed_first_clear","echo","talk_to_battle","1749","dlg_npc0247","fixed_world_battle","true","route_city_dungeon","false"
"NPC0248","Nox Tor","storm_sailor","city_08","fixed_first_clear","ember","talk_to_battle","1766","dlg_npc0248","fixed_world_battle","true","route_city_dungeon","false"
"NPC0249","Oren Vale","archive_duelist","city_09","fixed_first_clear","tide","talk_to_battle","1783","dlg_npc0249","fixed_world_battle","true","route_city_dungeon","false"
"NPC0250","Pax Quill","postgame_master","city_10","fixed_first_clear","verdance","talk_to_battle","1800","dlg_npc0250","fixed_world_battle","true","route_city_dungeon","false"
"NPC0251","Quin Nox","route_binder","city_11","fixed_first_clear","stone","talk_to_battle","1817","dlg_npc0251","fixed_world_battle","true","route_city_dungeon","false"
"NPC0252","Rhea Reed","city_binder","city_12","fixed_first_clear","gale","talk_to_battle","1834","dlg_npc0252","fixed_world_battle","true","route_city_dungeon","false"
"NPC0253","Senn Esh","arena_apprentice","city_13","fixed_first_clear","spark","talk_to_battle","1851","dlg_npc0253","fixed_world_battle","true","route_city_dungeon","false"
"NPC0254","Talia Rusk","veyr_scout","city_14","fixed_first_clear","frost","talk_to_battle","1868","dlg_npc0254","fixed_world_battle","true","route_city_dungeon","false"
"NPC0255","Uma Voss","relic_hunter","city_15","fixed_first_clear","metal","talk_to_battle","1885","dlg_npc0255","fixed_world_battle","true","route_city_dungeon","false"
"NPC0256","Venn Rook","prism_student","city_16","fixed_first_clear","shade","talk_to_battle","1902","dlg_npc0256","fixed_world_battle","true","route_city_dungeon","false"
"NPC0257","Wren Fenn","field_medic","city_17","fixed_first_clear","radiant","talk_to_battle","1919","dlg_npc0257","fixed_world_battle","true","route_city_dungeon","false"
"NPC0258","Xara Wren","storm_sailor","city_18","fixed_first_clear","mind","talk_to_battle","1936","dlg_npc0258","fixed_world_battle","true","route_city_dungeon","false"
"NPC0259","Yven Pell","archive_duelist","city_19","fixed_first_clear","echo","talk_to_battle","1953","dlg_npc0259","fixed_world_battle","true","route_city_dungeon","false"
"NPC0260","Zale Thane","postgame_master","city_20","fixed_first_clear","shade","talk_to_battle","1970","dlg_npc0260","fixed_world_battle","true","route_city_dungeon","false"
"NPC0261","Ari Silt","route_binder","city_21","fixed_first_clear","ember","talk_to_battle","1987","dlg_npc0261","fixed_world_battle","true","route_city_dungeon","false"
"NPC0262","Bela Keir","city_binder","city_22","fixed_first_clear","tide","talk_to_battle","2004","dlg_npc0262","fixed_world_battle","true","route_city_dungeon","false"
"NPC0263","Cato Noct","arena_apprentice","city_23","fixed_first_clear","verdance","talk_to_battle","2021","dlg_npc0263","fixed_world_battle","true","route_city_dungeon","false"
"NPC0264","Dena Arc","veyr_scout","city_24","fixed_first_clear","stone","talk_to_battle","2038","dlg_npc0264","fixed_world_battle","true","route_city_dungeon","false"
"NPC0265","Eron Holt","relic_hunter","city_25","fixed_first_clear","gale","talk_to_battle","2055","dlg_npc0265","fixed_world_battle","true","route_city_dungeon","false"
"NPC0266","Fia Sol","prism_student","city_26","fixed_first_clear","spark","talk_to_battle","2072","dlg_npc0266","fixed_world_battle","true","route_city_dungeon","false"
"NPC0267","Garr Maren","field_medic","city_27","fixed_first_clear","frost","talk_to_battle","2089","dlg_npc0267","fixed_world_battle","true","route_city_dungeon","false"
"NPC0268","Hale Tor","storm_sailor","city_28","fixed_first_clear","metal","talk_to_battle","2106","dlg_npc0268","fixed_world_battle","true","route_city_dungeon","false"
"NPC0269","Ira Vale","archive_duelist","city_29","fixed_first_clear","shade","talk_to_battle","2123","dlg_npc0269","fixed_world_battle","true","route_city_dungeon","false"
"NPC0270","Juno Quill","postgame_master","city_30","fixed_first_clear","radiant","talk_to_battle","2140","dlg_npc0270","fixed_world_battle","true","route_city_dungeon","false"
"NPC0271","Kira Nox","route_binder","city_01","fixed_first_clear","mind","talk_to_battle","2157","dlg_npc0271","fixed_world_battle","true","route_city_dungeon","false"
"NPC0272","Lio Reed","city_binder","city_02","fixed_first_clear","echo","talk_to_battle","2174","dlg_npc0272","fixed_world_battle","true","route_city_dungeon","false"
"NPC0273","Mira Esh","arena_apprentice","city_03","fixed_first_clear","radiant","talk_to_battle","2191","dlg_npc0273","fixed_world_battle","true","route_city_dungeon","false"
"NPC0274","Nox Rusk","veyr_scout","city_04","fixed_first_clear","ember","talk_to_battle","2208","dlg_npc0274","fixed_world_battle","true","route_city_dungeon","false"
"NPC0275","Oren Voss","relic_hunter","city_05","fixed_first_clear","tide","talk_to_battle","2225","dlg_npc0275","fixed_world_battle","true","route_city_dungeon","false"
"NPC0276","Pax Rook","prism_student","city_06","fixed_first_clear","verdance","talk_to_battle","2242","dlg_npc0276","fixed_world_battle","true","route_city_dungeon","false"
"NPC0277","Quin Fenn","field_medic","city_07","fixed_first_clear","stone","talk_to_battle","2259","dlg_npc0277","fixed_world_battle","true","route_city_dungeon","false"
"NPC0278","Rhea Wren","storm_sailor","city_08","fixed_first_clear","gale","talk_to_battle","2276","dlg_npc0278","fixed_world_battle","true","route_city_dungeon","false"
"NPC0279","Senn Pell","archive_duelist","city_09","fixed_first_clear","spark","talk_to_battle","2293","dlg_npc0279","fixed_world_battle","true","route_city_dungeon","false"
"NPC0280","Talia Thane","postgame_master","city_10","fixed_first_clear","frost","talk_to_battle","2310","dlg_npc0280","fixed_world_battle","true","route_city_dungeon","false"
"NPC0281","Uma Silt","route_binder","city_11","fixed_first_clear","metal","talk_to_battle","2327","dlg_npc0281","fixed_world_battle","true","route_city_dungeon","false"
"NPC0282","Venn Keir","city_binder","city_12","fixed_first_clear","shade","talk_to_battle","2344","dlg_npc0282","fixed_world_battle","true","route_city_dungeon","false"
"NPC0283","Wren Noct","arena_apprentice","city_13","fixed_first_clear","radiant","talk_to_battle","2361","dlg_npc0283","fixed_world_battle","true","route_city_dungeon","false"
"NPC0284","Xara Arc","veyr_scout","city_14","fixed_first_clear","mind","talk_to_battle","2378","dlg_npc0284","fixed_world_battle","true","route_city_dungeon","false"
"NPC0285","Yven Holt","relic_hunter","city_15","fixed_first_clear","echo","talk_to_battle","2395","dlg_npc0285","fixed_world_battle","true","route_city_dungeon","false"
"NPC0286","Zale Sol","prism_student","city_16","fixed_first_clear","mind","talk_to_battle","2412","dlg_npc0286","fixed_world_battle","true","route_city_dungeon","false"
"NPC0287","Ari Maren","field_medic","city_17","fixed_first_clear","ember","talk_to_battle","2429","dlg_npc0287","fixed_world_battle","true","route_city_dungeon","false"
"NPC0288","Bela Tor","storm_sailor","city_18","fixed_first_clear","tide","talk_to_battle","2446","dlg_npc0288","fixed_world_battle","true","route_city_dungeon","false"
"NPC0289","Cato Vale","archive_duelist","city_19","fixed_first_clear","verdance","talk_to_battle","2463","dlg_npc0289","fixed_world_battle","true","route_city_dungeon","false"
"NPC0290","Dena Quill","postgame_master","city_20","fixed_first_clear","stone","talk_to_battle","2480","dlg_npc0290","fixed_world_battle","true","route_city_dungeon","false"
"NPC0291","Eron Nox","route_binder","city_21","fixed_first_clear","gale","talk_to_battle","2497","dlg_npc0291","fixed_world_battle","true","route_city_dungeon","false"
"NPC0292","Fia Reed","city_binder","city_22","fixed_first_clear","spark","talk_to_battle","2514","dlg_npc0292","fixed_world_battle","true","route_city_dungeon","false"
"NPC0293","Garr Esh","arena_apprentice","city_23","fixed_first_clear","frost","talk_to_battle","2531","dlg_npc0293","fixed_world_battle","true","route_city_dungeon","false"
"NPC0294","Hale Rusk","veyr_scout","city_24","fixed_first_clear","metal","talk_to_battle","2548","dlg_npc0294","fixed_world_battle","true","route_city_dungeon","false"
"NPC0295","Ira Voss","relic_hunter","city_25","fixed_first_clear","shade","talk_to_battle","65","dlg_npc0295","fixed_world_battle","true","route_city_dungeon","false"
"NPC0296","Juno Rook","prism_student","city_26","fixed_first_clear","radiant","talk_to_battle","82","dlg_npc0296","fixed_world_battle","true","route_city_dungeon","false"
"NPC0297","Kira Fenn","field_medic","city_27","fixed_first_clear","mind","talk_to_battle","99","dlg_npc0297","fixed_world_battle","true","route_city_dungeon","false"
"NPC0298","Lio Wren","storm_sailor","city_28","fixed_first_clear","echo","talk_to_battle","116","dlg_npc0298","fixed_world_battle","true","route_city_dungeon","false"
"NPC0299","Mira Pell","archive_duelist","city_29","fixed_first_clear","echo","talk_to_battle","133","dlg_npc0299","fixed_world_battle","true","route_city_dungeon","false"
"NPC0300","Nox Thane","postgame_master","city_30","fixed_first_clear","ember","talk_to_battle","150","dlg_npc0300","fixed_world_battle","true","route_city_dungeon","false"
"NPC0301","Oren Silt","route_binder","city_01","story_plus_party_scaled","tide","talk_to_battle","167","dlg_npc0301","fixed_world_battle","true","route_city_dungeon","false"
"NPC0302","Pax Keir","city_binder","city_02","story_plus_party_scaled","verdance","talk_to_battle","184","dlg_npc0302","fixed_world_battle","true","route_city_dungeon","false"
"NPC0303","Quin Noct","arena_apprentice","city_03","story_plus_party_scaled","stone","talk_to_battle","201","dlg_npc0303","fixed_world_battle","true","route_city_dungeon","false"
"NPC0304","Rhea Arc","veyr_scout","city_04","story_plus_party_scaled","gale","talk_to_battle","218","dlg_npc0304","fixed_world_battle","true","route_city_dungeon","false"
"NPC0305","Senn Holt","relic_hunter","city_05","story_plus_party_scaled","spark","talk_to_battle","235","dlg_npc0305","fixed_world_battle","true","route_city_dungeon","false"
"NPC0306","Talia Sol","prism_student","city_06","story_plus_party_scaled","frost","talk_to_battle","252","dlg_npc0306","fixed_world_battle","true","route_city_dungeon","false"
"NPC0307","Uma Maren","field_medic","city_07","story_plus_party_scaled","metal","talk_to_battle","269","dlg_npc0307","fixed_world_battle","true","route_city_dungeon","false"
"NPC0308","Venn Tor","storm_sailor","city_08","story_plus_party_scaled","shade","talk_to_battle","286","dlg_npc0308","fixed_world_battle","true","route_city_dungeon","false"
"NPC0309","Wren Vale","archive_duelist","city_09","story_plus_party_scaled","radiant","talk_to_battle","303","dlg_npc0309","fixed_world_battle","true","route_city_dungeon","false"
"NPC0310","Xara Quill","postgame_master","city_10","story_plus_party_scaled","mind","talk_to_battle","320","dlg_npc0310","fixed_world_battle","true","route_city_dungeon","false"
"NPC0311","Yven Nox","route_binder","city_11","story_plus_party_scaled","echo","talk_to_battle","337","dlg_npc0311","fixed_world_battle","true","route_city_dungeon","false"
"NPC0312","Zale Reed","city_binder","city_12","story_plus_party_scaled","shade","talk_to_battle","354","dlg_npc0312","fixed_world_battle","true","route_city_dungeon","false"
"NPC0313","Ari Esh","arena_apprentice","city_13","story_plus_party_scaled","ember","talk_to_battle","371","dlg_npc0313","fixed_world_battle","true","route_city_dungeon","false"
"NPC0314","Bela Rusk","veyr_scout","city_14","story_plus_party_scaled","tide","talk_to_battle","388","dlg_npc0314","fixed_world_battle","true","route_city_dungeon","false"
"NPC0315","Cato Voss","relic_hunter","city_15","story_plus_party_scaled","verdance","talk_to_battle","405","dlg_npc0315","fixed_world_battle","true","route_city_dungeon","false"
"NPC0316","Dena Rook","prism_student","city_16","story_plus_party_scaled","stone","talk_to_battle","422","dlg_npc0316","fixed_world_battle","true","route_city_dungeon","false"
"NPC0317","Eron Fenn","field_medic","city_17","story_plus_party_scaled","gale","talk_to_battle","439","dlg_npc0317","fixed_world_battle","true","route_city_dungeon","false"
"NPC0318","Fia Wren","storm_sailor","city_18","story_plus_party_scaled","spark","talk_to_battle","456","dlg_npc0318","fixed_world_battle","true","route_city_dungeon","false"
"NPC0319","Garr Pell","archive_duelist","city_19","story_plus_party_scaled","frost","talk_to_battle","473","dlg_npc0319","fixed_world_battle","true","route_city_dungeon","false"
"NPC0320","Hale Thane","postgame_master","city_20","story_plus_party_scaled","metal","talk_to_battle","490","dlg_npc0320","fixed_world_battle","true","route_city_dungeon","false"
"NPC0321","Ira Silt","route_binder","city_21","story_plus_party_scaled","shade","talk_to_battle","507","dlg_npc0321","fixed_world_battle","true","route_city_dungeon","false"
"NPC0322","Juno Keir","city_binder","city_22","story_plus_party_scaled","radiant","talk_to_battle","524","dlg_npc0322","fixed_world_battle","true","route_city_dungeon","false"
"NPC0323","Kira Noct","arena_apprentice","city_23","story_plus_party_scaled","mind","talk_to_battle","541","dlg_npc0323","fixed_world_battle","true","route_city_dungeon","false"
"NPC0324","Lio Arc","veyr_scout","city_24","story_plus_party_scaled","echo","talk_to_battle","558","dlg_npc0324","fixed_world_battle","true","route_city_dungeon","false"
"NPC0325","Mira Holt","relic_hunter","city_25","story_plus_party_scaled","radiant","talk_to_battle","575","dlg_npc0325","fixed_world_battle","true","route_city_dungeon","false"
"NPC0326","Nox Sol","prism_student","city_26","story_plus_party_scaled","ember","talk_to_battle","592","dlg_npc0326","fixed_world_battle","true","route_city_dungeon","false"
"NPC0327","Oren Maren","field_medic","city_27","story_plus_party_scaled","tide","talk_to_battle","609","dlg_npc0327","fixed_world_battle","true","route_city_dungeon","false"
"NPC0328","Pax Tor","storm_sailor","city_28","story_plus_party_scaled","verdance","talk_to_battle","626","dlg_npc0328","fixed_world_battle","true","route_city_dungeon","false"
"NPC0329","Quin Vale","archive_duelist","city_29","story_plus_party_scaled","stone","talk_to_battle","643","dlg_npc0329","fixed_world_battle","true","route_city_dungeon","false"
"NPC0330","Rhea Quill","postgame_master","city_30","story_plus_party_scaled","gale","talk_to_battle","660","dlg_npc0330","fixed_world_battle","true","route_city_dungeon","false"
"NPC0331","Senn Nox","route_binder","city_01","story_plus_party_scaled","spark","talk_to_battle","677","dlg_npc0331","fixed_world_battle","true","route_city_dungeon","false"
"NPC0332","Talia Reed","city_binder","city_02","story_plus_party_scaled","frost","talk_to_battle","694","dlg_npc0332","fixed_world_battle","true","route_city_dungeon","false"
"NPC0333","Uma Esh","arena_apprentice","city_03","story_plus_party_scaled","metal","talk_to_battle","711","dlg_npc0333","fixed_world_battle","true","route_city_dungeon","false"
"NPC0334","Venn Rusk","veyr_scout","city_04","story_plus_party_scaled","shade","talk_to_battle","728","dlg_npc0334","fixed_world_battle","true","route_city_dungeon","false"
"NPC0335","Wren Voss","relic_hunter","city_05","story_plus_party_scaled","radiant","talk_to_battle","745","dlg_npc0335","fixed_world_battle","true","route_city_dungeon","false"
"NPC0336","Xara Rook","prism_student","city_06","story_plus_party_scaled","mind","talk_to_battle","762","dlg_npc0336","fixed_world_battle","true","route_city_dungeon","false"
"NPC0337","Yven Fenn","field_medic","city_07","story_plus_party_scaled","echo","talk_to_battle","779","dlg_npc0337","fixed_world_battle","true","route_city_dungeon","false"
"NPC0338","Zale Wren","storm_sailor","city_08","story_plus_party_scaled","mind","talk_to_battle","796","dlg_npc0338","fixed_world_battle","true","route_city_dungeon","false"
"NPC0339","Ari Pell","archive_duelist","city_09","story_plus_party_scaled","ember","talk_to_battle","813","dlg_npc0339","fixed_world_battle","true","route_city_dungeon","false"
"NPC0340","Bela Thane","postgame_master","city_10","story_plus_party_scaled","tide","talk_to_battle","830","dlg_npc0340","fixed_world_battle","true","route_city_dungeon","false"
"NPC0341","Cato Silt","route_binder","city_11","story_plus_party_scaled","verdance","talk_to_battle","847","dlg_npc0341","fixed_world_battle","true","route_city_dungeon","false"
"NPC0342","Dena Keir","city_binder","city_12","story_plus_party_scaled","stone","talk_to_battle","864","dlg_npc0342","fixed_world_battle","true","route_city_dungeon","false"
"NPC0343","Eron Noct","arena_apprentice","city_13","story_plus_party_scaled","gale","talk_to_battle","881","dlg_npc0343","fixed_world_battle","true","route_city_dungeon","false"
"NPC0344","Fia Arc","veyr_scout","city_14","story_plus_party_scaled","spark","talk_to_battle","898","dlg_npc0344","fixed_world_battle","true","route_city_dungeon","false"
"NPC0345","Garr Holt","relic_hunter","city_15","story_plus_party_scaled","frost","talk_to_battle","915","dlg_npc0345","fixed_world_battle","true","route_city_dungeon","false"
"NPC0346","Hale Sol","prism_student","city_16","story_plus_party_scaled","metal","talk_to_battle","932","dlg_npc0346","fixed_world_battle","true","route_city_dungeon","false"
"NPC0347","Ira Maren","field_medic","city_17","story_plus_party_scaled","shade","talk_to_battle","949","dlg_npc0347","fixed_world_battle","true","route_city_dungeon","false"
"NPC0348","Juno Tor","storm_sailor","city_18","story_plus_party_scaled","radiant","talk_to_battle","966","dlg_npc0348","fixed_world_battle","true","route_city_dungeon","false"
"NPC0349","Kira Vale","archive_duelist","city_19","story_plus_party_scaled","mind","talk_to_battle","983","dlg_npc0349","fixed_world_battle","true","route_city_dungeon","false"
"NPC0350","Lio Quill","postgame_master","city_20","story_plus_party_scaled","echo","talk_to_battle","1000","dlg_npc0350","fixed_world_battle","true","route_city_dungeon","false"
"NPC0351","Mira Nox","route_binder","city_21","story_plus_party_scaled","echo","talk_to_battle","1017","dlg_npc0351","fixed_world_battle","true","route_city_dungeon","false"
"NPC0352","Nox Reed","city_binder","city_22","story_plus_party_scaled","ember","talk_to_battle","1034","dlg_npc0352","fixed_world_battle","true","route_city_dungeon","false"
"NPC0353","Oren Esh","arena_apprentice","city_23","story_plus_party_scaled","tide","talk_to_battle","1051","dlg_npc0353","fixed_world_battle","true","route_city_dungeon","false"
"NPC0354","Pax Rusk","veyr_scout","city_24","story_plus_party_scaled","verdance","talk_to_battle","1068","dlg_npc0354","fixed_world_battle","true","route_city_dungeon","false"
"NPC0355","Quin Voss","relic_hunter","city_25","story_plus_party_scaled","stone","talk_to_battle","1085","dlg_npc0355","fixed_world_battle","true","route_city_dungeon","false"
"NPC0356","Rhea Rook","prism_student","city_26","story_plus_party_scaled","gale","talk_to_battle","1102","dlg_npc0356","fixed_world_battle","true","route_city_dungeon","false"
"NPC0357","Senn Fenn","field_medic","city_27","story_plus_party_scaled","spark","talk_to_battle","1119","dlg_npc0357","fixed_world_battle","true","route_city_dungeon","false"
"NPC0358","Talia Wren","storm_sailor","city_28","story_plus_party_scaled","frost","talk_to_battle","1136","dlg_npc0358","fixed_world_battle","true","route_city_dungeon","false"
"NPC0359","Uma Pell","archive_duelist","city_29","story_plus_party_scaled","metal","talk_to_battle","1153","dlg_npc0359","fixed_world_battle","true","route_city_dungeon","false"
"NPC0360","Venn Thane","postgame_master","city_30","story_plus_party_scaled","shade","talk_to_battle","1170","dlg_npc0360","fixed_world_battle","true","route_city_dungeon","false"
"NPC0361","Wren Silt","route_binder","city_01","story_plus_party_scaled","radiant","talk_to_battle","1187","dlg_npc0361","fixed_world_battle","true","route_city_dungeon","false"
"NPC0362","Xara Keir","city_binder","city_02","story_plus_party_scaled","mind","talk_to_battle","1204","dlg_npc0362","fixed_world_battle","true","route_city_dungeon","false"
"NPC0363","Yven Noct","arena_apprentice","city_03","story_plus_party_scaled","echo","talk_to_battle","1221","dlg_npc0363","fixed_world_battle","true","route_city_dungeon","false"
"NPC0364","Zale Arc","veyr_scout","city_04","story_plus_party_scaled","shade","talk_to_battle","1238","dlg_npc0364","fixed_world_battle","true","route_city_dungeon","false"
"NPC0365","Ari Holt","relic_hunter","city_05","story_plus_party_scaled","ember","talk_to_battle","1255","dlg_npc0365","fixed_world_battle","true","route_city_dungeon","false"
"NPC0366","Bela Sol","prism_student","city_06","story_plus_party_scaled","tide","talk_to_battle","1272","dlg_npc0366","fixed_world_battle","true","route_city_dungeon","false"
"NPC0367","Cato Maren","field_medic","city_07","story_plus_party_scaled","verdance","talk_to_battle","1289","dlg_npc0367","fixed_world_battle","true","route_city_dungeon","false"
"NPC0368","Dena Tor","storm_sailor","city_08","story_plus_party_scaled","stone","talk_to_battle","1306","dlg_npc0368","fixed_world_battle","true","route_city_dungeon","false"
"NPC0369","Eron Vale","archive_duelist","city_09","story_plus_party_scaled","gale","talk_to_battle","1323","dlg_npc0369","fixed_world_battle","true","route_city_dungeon","false"
"NPC0370","Fia Quill","postgame_master","city_10","story_plus_party_scaled","spark","talk_to_battle","1340","dlg_npc0370","fixed_world_battle","true","route_city_dungeon","false"
"NPC0371","Garr Nox","route_binder","city_11","story_plus_party_scaled","frost","talk_to_battle","1357","dlg_npc0371","fixed_world_battle","true","route_city_dungeon","false"
"NPC0372","Hale Reed","city_binder","city_12","story_plus_party_scaled","metal","talk_to_battle","1374","dlg_npc0372","fixed_world_battle","true","route_city_dungeon","false"
"NPC0373","Ira Esh","arena_apprentice","city_13","story_plus_party_scaled","shade","talk_to_battle","1391","dlg_npc0373","fixed_world_battle","true","route_city_dungeon","false"
"NPC0374","Juno Rusk","veyr_scout","city_14","story_plus_party_scaled","radiant","talk_to_battle","1408","dlg_npc0374","fixed_world_battle","true","route_city_dungeon","false"
"NPC0375","Kira Voss","relic_hunter","city_15","story_plus_party_scaled","mind","talk_to_battle","1425","dlg_npc0375","fixed_world_battle","true","route_city_dungeon","false"
"NPC0376","Lio Rook","prism_student","city_16","story_plus_party_scaled","echo","talk_to_battle","1442","dlg_npc0376","fixed_world_battle","true","route_city_dungeon","false"
"NPC0377","Mira Fenn","field_medic","city_17","story_plus_party_scaled","radiant","talk_to_battle","1459","dlg_npc0377","fixed_world_battle","true","route_city_dungeon","false"
"NPC0378","Nox Wren","storm_sailor","city_18","story_plus_party_scaled","ember","talk_to_battle","1476","dlg_npc0378","fixed_world_battle","true","route_city_dungeon","false"
"NPC0379","Oren Pell","archive_duelist","city_19","story_plus_party_scaled","tide","talk_to_battle","1493","dlg_npc0379","fixed_world_battle","true","route_city_dungeon","false"
"NPC0380","Pax Thane","postgame_master","city_20","story_plus_party_scaled","verdance","talk_to_battle","1510","dlg_npc0380","fixed_world_battle","true","route_city_dungeon","false"
"NPC0381","Quin Silt","route_binder","city_21","story_plus_party_scaled","stone","talk_to_battle","1527","dlg_npc0381","fixed_world_battle","true","route_city_dungeon","false"
"NPC0382","Rhea Keir","city_binder","city_22","story_plus_party_scaled","gale","talk_to_battle","1544","dlg_npc0382","fixed_world_battle","true","route_city_dungeon","false"
"NPC0383","Senn Noct","arena_apprentice","city_23","story_plus_party_scaled","spark","talk_to_battle","1561","dlg_npc0383","fixed_world_battle","true","route_city_dungeon","false"
"NPC0384","Talia Arc","veyr_scout","city_24","story_plus_party_scaled","frost","talk_to_battle","1578","dlg_npc0384","fixed_world_battle","true","route_city_dungeon","false"
"NPC0385","Uma Holt","relic_hunter","city_25","story_plus_party_scaled","metal","talk_to_battle","1595","dlg_npc0385","fixed_world_battle","true","route_city_dungeon","false"
"NPC0386","Venn Sol","prism_student","city_26","story_plus_party_scaled","shade","talk_to_battle","1612","dlg_npc0386","fixed_world_battle","true","route_city_dungeon","false"
"NPC0387","Wren Maren","field_medic","city_27","story_plus_party_scaled","radiant","talk_to_battle","1629","dlg_npc0387","fixed_world_battle","true","route_city_dungeon","false"
"NPC0388","Xara Tor","storm_sailor","city_28","story_plus_party_scaled","mind","talk_to_battle","1646","dlg_npc0388","fixed_world_battle","true","route_city_dungeon","false"
"NPC0389","Yven Vale","archive_duelist","city_29","story_plus_party_scaled","echo","talk_to_battle","1663","dlg_npc0389","fixed_world_battle","true","route_city_dungeon","false"
"NPC0390","Zale Quill","postgame_master","city_30","story_plus_party_scaled","mind","talk_to_battle","1680","dlg_npc0390","fixed_world_battle","true","route_city_dungeon","false"
"NPC0391","Ari Nox","route_binder","city_01","story_plus_party_scaled","ember","talk_to_battle","1697","dlg_npc0391","fixed_world_battle","true","route_city_dungeon","false"
"NPC0392","Bela Reed","city_binder","city_02","story_plus_party_scaled","tide","talk_to_battle","1714","dlg_npc0392","fixed_world_battle","true","route_city_dungeon","false"
"NPC0393","Cato Esh","arena_apprentice","city_03","story_plus_party_scaled","verdance","talk_to_battle","1731","dlg_npc0393","fixed_world_battle","true","route_city_dungeon","false"
"NPC0394","Dena Rusk","veyr_scout","city_04","story_plus_party_scaled","stone","talk_to_battle","1748","dlg_npc0394","fixed_world_battle","true","route_city_dungeon","false"
"NPC0395","Eron Voss","relic_hunter","city_05","story_plus_party_scaled","gale","talk_to_battle","1765","dlg_npc0395","fixed_world_battle","true","route_city_dungeon","false"
"NPC0396","Fia Rook","prism_student","city_06","story_plus_party_scaled","spark","talk_to_battle","1782","dlg_npc0396","fixed_world_battle","true","route_city_dungeon","false"
"NPC0397","Garr Fenn","field_medic","city_07","story_plus_party_scaled","frost","talk_to_battle","1799","dlg_npc0397","fixed_world_battle","true","route_city_dungeon","false"
"NPC0398","Hale Wren","storm_sailor","city_08","story_plus_party_scaled","metal","talk_to_battle","1816","dlg_npc0398","fixed_world_battle","true","route_city_dungeon","false"
"NPC0399","Ira Pell","archive_duelist","city_09","story_plus_party_scaled","shade","talk_to_battle","1833","dlg_npc0399","fixed_world_battle","true","route_city_dungeon","false"
"NPC0400","Juno Thane","postgame_master","city_10","story_plus_party_scaled","radiant","talk_to_battle","1850","dlg_npc0400","fixed_world_battle","true","route_city_dungeon","false"
"NPC0401","Kira Silt","route_binder","city_11","story_plus_party_scaled","mind","talk_to_battle","1867","dlg_npc0401","fixed_world_battle","true","route_city_dungeon","false"
"NPC0402","Lio Keir","city_binder","city_12","story_plus_party_scaled","echo","talk_to_battle","1884","dlg_npc0402","fixed_world_battle","true","route_city_dungeon","false"
"NPC0403","Mira Noct","arena_apprentice","city_13","story_plus_party_scaled","echo","talk_to_battle","1901","dlg_npc0403","fixed_world_battle","true","route_city_dungeon","false"
"NPC0404","Nox Arc","veyr_scout","city_14","story_plus_party_scaled","ember","talk_to_battle","1918","dlg_npc0404","fixed_world_battle","true","route_city_dungeon","false"
"NPC0405","Oren Holt","relic_hunter","city_15","story_plus_party_scaled","tide","talk_to_battle","1935","dlg_npc0405","fixed_world_battle","true","route_city_dungeon","false"
"NPC0406","Pax Sol","prism_student","city_16","story_plus_party_scaled","verdance","talk_to_battle","1952","dlg_npc0406","fixed_world_battle","true","route_city_dungeon","false"
"NPC0407","Quin Maren","field_medic","city_17","story_plus_party_scaled","stone","talk_to_battle","1969","dlg_npc0407","fixed_world_battle","true","route_city_dungeon","false"
"NPC0408","Rhea Tor","storm_sailor","city_18","story_plus_party_scaled","gale","talk_to_battle","1986","dlg_npc0408","fixed_world_battle","true","route_city_dungeon","false"
"NPC0409","Senn Vale","archive_duelist","city_19","story_plus_party_scaled","spark","talk_to_battle","2003","dlg_npc0409","fixed_world_battle","true","route_city_dungeon","false"
"NPC0410","Talia Quill","postgame_master","city_20","story_plus_party_scaled","frost","talk_to_battle","2020","dlg_npc0410","fixed_world_battle","true","route_city_dungeon","false"
"NPC0411","Uma Nox","route_binder","city_21","story_plus_party_scaled","metal","talk_to_battle","2037","dlg_npc0411","fixed_world_battle","true","route_city_dungeon","false"
"NPC0412","Venn Reed","city_binder","city_22","story_plus_party_scaled","shade","talk_to_battle","2054","dlg_npc0412","fixed_world_battle","true","route_city_dungeon","false"
"NPC0413","Wren Esh","arena_apprentice","city_23","story_plus_party_scaled","radiant","talk_to_battle","2071","dlg_npc0413","fixed_world_battle","true","route_city_dungeon","false"
"NPC0414","Xara Rusk","veyr_scout","city_24","story_plus_party_scaled","mind","talk_to_battle","2088","dlg_npc0414","fixed_world_battle","true","route_city_dungeon","false"
"NPC0415","Yven Voss","relic_hunter","city_25","story_plus_party_scaled","echo","talk_to_battle","2105","dlg_npc0415","fixed_world_battle","true","route_city_dungeon","false"
"NPC0416","Zale Rook","prism_student","city_26","story_plus_party_scaled","shade","talk_to_battle","2122","dlg_npc0416","fixed_world_battle","true","route_city_dungeon","false"
"NPC0417","Ari Fenn","field_medic","city_27","story_plus_party_scaled","ember","talk_to_battle","2139","dlg_npc0417","fixed_world_battle","true","route_city_dungeon","false"
"NPC0418","Bela Wren","storm_sailor","city_28","story_plus_party_scaled","tide","talk_to_battle","2156","dlg_npc0418","fixed_world_battle","true","route_city_dungeon","false"
"NPC0419","Cato Pell","archive_duelist","city_29","story_plus_party_scaled","verdance","talk_to_battle","2173","dlg_npc0419","fixed_world_battle","true","route_city_dungeon","false"
"NPC0420","Dena Thane","postgame_master","city_30","story_plus_party_scaled","stone","talk_to_battle","2190","dlg_npc0420","fixed_world_battle","true","route_city_dungeon","false"
"NPC0421","Eron Silt","route_binder","city_01","story_plus_party_scaled","gale","talk_to_battle","2207","dlg_npc0421","fixed_world_battle","true","route_city_dungeon","false"
"NPC0422","Fia Keir","city_binder","city_02","story_plus_party_scaled","spark","talk_to_battle","2224","dlg_npc0422","fixed_world_battle","true","route_city_dungeon","false"
"NPC0423","Garr Noct","arena_apprentice","city_03","story_plus_party_scaled","frost","talk_to_battle","2241","dlg_npc0423","fixed_world_battle","true","route_city_dungeon","false"
"NPC0424","Hale Arc","veyr_scout","city_04","story_plus_party_scaled","metal","talk_to_battle","2258","dlg_npc0424","fixed_world_battle","true","route_city_dungeon","false"
"NPC0425","Ira Holt","relic_hunter","city_05","story_plus_party_scaled","shade","talk_to_battle","2275","dlg_npc0425","fixed_world_battle","true","route_city_dungeon","false"
"NPC0426","Juno Sol","prism_student","city_06","story_plus_party_scaled","radiant","talk_to_battle","2292","dlg_npc0426","fixed_world_battle","true","route_city_dungeon","false"
"NPC0427","Kira Maren","field_medic","city_07","story_plus_party_scaled","mind","talk_to_battle","2309","dlg_npc0427","fixed_world_battle","true","route_city_dungeon","false"
"NPC0428","Lio Tor","storm_sailor","city_08","story_plus_party_scaled","echo","talk_to_battle","2326","dlg_npc0428","fixed_world_battle","true","route_city_dungeon","false"
"NPC0429","Mira Vale","archive_duelist","city_09","story_plus_party_scaled","radiant","talk_to_battle","2343","dlg_npc0429","fixed_world_battle","true","route_city_dungeon","false"
"NPC0430","Nox Quill","postgame_master","city_10","story_plus_party_scaled","ember","talk_to_battle","2360","dlg_npc0430","fixed_world_battle","true","route_city_dungeon","false"
"NPC0431","Oren Nox","route_binder","city_11","story_plus_party_scaled","tide","talk_to_battle","2377","dlg_npc0431","fixed_world_battle","true","route_city_dungeon","false"
"NPC0432","Pax Reed","city_binder","city_12","story_plus_party_scaled","verdance","talk_to_battle","2394","dlg_npc0432","fixed_world_battle","true","route_city_dungeon","false"
"NPC0433","Quin Esh","arena_apprentice","city_13","story_plus_party_scaled","stone","talk_to_battle","2411","dlg_npc0433","fixed_world_battle","true","route_city_dungeon","false"
"NPC0434","Rhea Rusk","veyr_scout","city_14","story_plus_party_scaled","gale","talk_to_battle","2428","dlg_npc0434","fixed_world_battle","true","route_city_dungeon","false"
"NPC0435","Senn Voss","relic_hunter","city_15","story_plus_party_scaled","spark","talk_to_battle","2445","dlg_npc0435","fixed_world_battle","true","route_city_dungeon","false"
"NPC0436","Talia Rook","prism_student","city_16","story_plus_party_scaled","frost","talk_to_battle","2462","dlg_npc0436","fixed_world_battle","true","route_city_dungeon","false"
"NPC0437","Uma Fenn","field_medic","city_17","story_plus_party_scaled","metal","talk_to_battle","2479","dlg_npc0437","fixed_world_battle","true","route_city_dungeon","false"
"NPC0438","Venn Wren","storm_sailor","city_18","story_plus_party_scaled","shade","talk_to_battle","2496","dlg_npc0438","fixed_world_battle","true","route_city_dungeon","false"
"NPC0439","Wren Pell","archive_duelist","city_19","story_plus_party_scaled","radiant","talk_to_battle","2513","dlg_npc0439","fixed_world_battle","true","route_city_dungeon","false"
"NPC0440","Xara Thane","postgame_master","city_20","story_plus_party_scaled","mind","talk_to_battle","2530","dlg_npc0440","fixed_world_battle","true","route_city_dungeon","false"
"NPC0441","Yven Silt","route_binder","city_21","story_plus_party_scaled","echo","talk_to_battle","2547","dlg_npc0441","fixed_world_battle","true","route_city_dungeon","false"
"NPC0442","Zale Keir","city_binder","city_22","story_plus_party_scaled","mind","talk_to_battle","64","dlg_npc0442","fixed_world_battle","true","route_city_dungeon","false"
"NPC0443","Ari Noct","arena_apprentice","city_23","story_plus_party_scaled","ember","talk_to_battle","81","dlg_npc0443","fixed_world_battle","true","route_city_dungeon","false"
"NPC0444","Bela Arc","veyr_scout","city_24","story_plus_party_scaled","tide","talk_to_battle","98","dlg_npc0444","fixed_world_battle","true","route_city_dungeon","false"
"NPC0445","Cato Holt","relic_hunter","city_25","story_plus_party_scaled","verdance","talk_to_battle","115","dlg_npc0445","fixed_world_battle","true","route_city_dungeon","false"
"NPC0446","Dena Sol","prism_student","city_26","story_plus_party_scaled","stone","talk_to_battle","132","dlg_npc0446","fixed_world_battle","true","route_city_dungeon","false"
"NPC0447","Eron Maren","field_medic","city_27","story_plus_party_scaled","gale","talk_to_battle","149","dlg_npc0447","fixed_world_battle","true","route_city_dungeon","false"
"NPC0448","Fia Tor","storm_sailor","city_28","story_plus_party_scaled","spark","talk_to_battle","166","dlg_npc0448","fixed_world_battle","true","route_city_dungeon","false"
"NPC0449","Garr Vale","archive_duelist","city_29","story_plus_party_scaled","frost","talk_to_battle","183","dlg_npc0449","fixed_world_battle","true","route_city_dungeon","false"
"NPC0450","Hale Quill","postgame_master","city_30","story_plus_party_scaled","metal","talk_to_battle","200","dlg_npc0450","fixed_world_battle","true","route_city_dungeon","false"
"NPC0451","Ira Nox","route_binder","city_01","story_plus_party_scaled","shade","talk_to_battle","217","dlg_npc0451","fixed_world_battle","true","route_city_dungeon","false"
"NPC0452","Juno Reed","city_binder","city_02","story_plus_party_scaled","radiant","talk_to_battle","234","dlg_npc0452","fixed_world_battle","true","route_city_dungeon","false"
"NPC0453","Kira Esh","arena_apprentice","city_03","story_plus_party_scaled","mind","talk_to_battle","251","dlg_npc0453","fixed_world_battle","true","route_city_dungeon","false"
"NPC0454","Lio Rusk","veyr_scout","city_04","story_plus_party_scaled","echo","talk_to_battle","268","dlg_npc0454","fixed_world_battle","true","route_city_dungeon","false"
"NPC0455","Mira Voss","relic_hunter","city_05","story_plus_party_scaled","echo","talk_to_battle","285","dlg_npc0455","fixed_world_battle","true","route_city_dungeon","false"
"NPC0456","Nox Rook","prism_student","city_06","story_plus_party_scaled","ember","talk_to_battle","302","dlg_npc0456","fixed_world_battle","true","route_city_dungeon","false"
"NPC0457","Oren Fenn","field_medic","city_07","story_plus_party_scaled","tide","talk_to_battle","319","dlg_npc0457","fixed_world_battle","true","route_city_dungeon","false"
"NPC0458","Pax Wren","storm_sailor","city_08","story_plus_party_scaled","verdance","talk_to_battle","336","dlg_npc0458","fixed_world_battle","true","route_city_dungeon","false"
"NPC0459","Quin Pell","archive_duelist","city_09","story_plus_party_scaled","stone","talk_to_battle","353","dlg_npc0459","fixed_world_battle","true","route_city_dungeon","false"
"NPC0460","Rhea Thane","postgame_master","city_10","story_plus_party_scaled","gale","talk_to_battle","370","dlg_npc0460","fixed_world_battle","true","route_city_dungeon","false"
"NPC0461","Senn Silt","route_binder","city_11","story_plus_party_scaled","spark","talk_to_battle","387","dlg_npc0461","fixed_world_battle","true","route_city_dungeon","false"
"NPC0462","Talia Keir","city_binder","city_12","story_plus_party_scaled","frost","talk_to_battle","404","dlg_npc0462","fixed_world_battle","true","route_city_dungeon","false"
"NPC0463","Uma Noct","arena_apprentice","city_13","story_plus_party_scaled","metal","talk_to_battle","421","dlg_npc0463","fixed_world_battle","true","route_city_dungeon","false"
"NPC0464","Venn Arc","veyr_scout","city_14","story_plus_party_scaled","shade","talk_to_battle","438","dlg_npc0464","fixed_world_battle","true","route_city_dungeon","false"
"NPC0465","Wren Holt","relic_hunter","city_15","story_plus_party_scaled","radiant","talk_to_battle","455","dlg_npc0465","fixed_world_battle","true","route_city_dungeon","false"
"NPC0466","Xara Sol","prism_student","city_16","story_plus_party_scaled","mind","talk_to_battle","472","dlg_npc0466","fixed_world_battle","true","route_city_dungeon","false"
"NPC0467","Yven Maren","field_medic","city_17","story_plus_party_scaled","echo","talk_to_battle","489","dlg_npc0467","fixed_world_battle","true","route_city_dungeon","false"
"NPC0468","Zale Tor","storm_sailor","city_18","story_plus_party_scaled","shade","talk_to_battle","506","dlg_npc0468","fixed_world_battle","true","route_city_dungeon","false"
"NPC0469","Ari Vale","archive_duelist","city_19","story_plus_party_scaled","ember","talk_to_battle","523","dlg_npc0469","fixed_world_battle","true","route_city_dungeon","false"
"NPC0470","Bela Quill","postgame_master","city_20","story_plus_party_scaled","tide","talk_to_battle","540","dlg_npc0470","fixed_world_battle","true","route_city_dungeon","false"
"NPC0471","Cato Nox","route_binder","city_21","story_plus_party_scaled","verdance","talk_to_battle","557","dlg_npc0471","fixed_world_battle","true","route_city_dungeon","false"
"NPC0472","Dena Reed","city_binder","city_22","story_plus_party_scaled","stone","talk_to_battle","574","dlg_npc0472","fixed_world_battle","true","route_city_dungeon","false"
"NPC0473","Eron Esh","arena_apprentice","city_23","story_plus_party_scaled","gale","talk_to_battle","591","dlg_npc0473","fixed_world_battle","true","route_city_dungeon","false"
"NPC0474","Fia Rusk","veyr_scout","city_24","story_plus_party_scaled","spark","talk_to_battle","608","dlg_npc0474","fixed_world_battle","true","route_city_dungeon","false"
"NPC0475","Garr Voss","relic_hunter","city_25","story_plus_party_scaled","frost","talk_to_battle","625","dlg_npc0475","fixed_world_battle","true","route_city_dungeon","false"
"NPC0476","Hale Rook","prism_student","city_26","story_plus_party_scaled","metal","talk_to_battle","642","dlg_npc0476","fixed_world_battle","true","route_city_dungeon","false"
"NPC0477","Ira Fenn","field_medic","city_27","story_plus_party_scaled","shade","talk_to_battle","659","dlg_npc0477","fixed_world_battle","true","route_city_dungeon","false"
"NPC0478","Juno Wren","storm_sailor","city_28","story_plus_party_scaled","radiant","talk_to_battle","676","dlg_npc0478","fixed_world_battle","true","route_city_dungeon","false"
"NPC0479","Kira Pell","archive_duelist","city_29","story_plus_party_scaled","mind","talk_to_battle","693","dlg_npc0479","fixed_world_battle","true","route_city_dungeon","false"
"NPC0480","Lio Thane","postgame_master","city_30","story_plus_party_scaled","echo","talk_to_battle","710","dlg_npc0480","fixed_world_battle","true","route_city_dungeon","false"
"NPC0481","Mira Silt","route_binder","city_01","story_plus_party_scaled","radiant","talk_to_battle","727","dlg_npc0481","fixed_world_battle","true","route_city_dungeon","false"
"NPC0482","Nox Keir","city_binder","city_02","story_plus_party_scaled","ember","talk_to_battle","744","dlg_npc0482","fixed_world_battle","true","route_city_dungeon","false"
"NPC0483","Oren Noct","arena_apprentice","city_03","story_plus_party_scaled","tide","talk_to_battle","761","dlg_npc0483","fixed_world_battle","true","route_city_dungeon","false"
"NPC0484","Pax Arc","veyr_scout","city_04","story_plus_party_scaled","verdance","talk_to_battle","778","dlg_npc0484","fixed_world_battle","true","route_city_dungeon","false"
"NPC0485","Quin Holt","relic_hunter","city_05","story_plus_party_scaled","stone","talk_to_battle","795","dlg_npc0485","fixed_world_battle","true","route_city_dungeon","false"
"NPC0486","Rhea Sol","prism_student","city_06","story_plus_party_scaled","gale","talk_to_battle","812","dlg_npc0486","fixed_world_battle","true","route_city_dungeon","false"
"NPC0487","Senn Maren","field_medic","city_07","story_plus_party_scaled","spark","talk_to_battle","829","dlg_npc0487","fixed_world_battle","true","route_city_dungeon","false"
"NPC0488","Talia Tor","storm_sailor","city_08","story_plus_party_scaled","frost","talk_to_battle","846","dlg_npc0488","fixed_world_battle","true","route_city_dungeon","false"
"NPC0489","Uma Vale","archive_duelist","city_09","story_plus_party_scaled","metal","talk_to_battle","863","dlg_npc0489","fixed_world_battle","true","route_city_dungeon","false"
"NPC0490","Venn Quill","postgame_master","city_10","story_plus_party_scaled","shade","talk_to_battle","880","dlg_npc0490","fixed_world_battle","true","route_city_dungeon","false"
"NPC0491","Wren Nox","route_binder","city_11","story_plus_party_scaled","radiant","talk_to_battle","897","dlg_npc0491","fixed_world_battle","true","route_city_dungeon","false"
"NPC0492","Xara Reed","city_binder","city_12","story_plus_party_scaled","mind","talk_to_battle","914","dlg_npc0492","fixed_world_battle","true","route_city_dungeon","false"
"NPC0493","Yven Esh","arena_apprentice","city_13","story_plus_party_scaled","echo","talk_to_battle","931","dlg_npc0493","fixed_world_battle","true","route_city_dungeon","false"
"NPC0494","Zale Rusk","veyr_scout","city_14","story_plus_party_scaled","mind","talk_to_battle","948","dlg_npc0494","fixed_world_battle","true","route_city_dungeon","false"
"NPC0495","Ari Voss","relic_hunter","city_15","story_plus_party_scaled","ember","talk_to_battle","965","dlg_npc0495","fixed_world_battle","true","route_city_dungeon","false"
"NPC0496","Bela Rook","prism_student","city_16","story_plus_party_scaled","tide","talk_to_battle","982","dlg_npc0496","fixed_world_battle","true","route_city_dungeon","false"
"NPC0497","Cato Fenn","field_medic","city_17","story_plus_party_scaled","verdance","talk_to_battle","999","dlg_npc0497","fixed_world_battle","true","route_city_dungeon","false"
"NPC0498","Dena Wren","storm_sailor","city_18","story_plus_party_scaled","stone","talk_to_battle","1016","dlg_npc0498","fixed_world_battle","true","route_city_dungeon","false"
"NPC0499","Eron Pell","archive_duelist","city_19","story_plus_party_scaled","gale","talk_to_battle","1033","dlg_npc0499","fixed_world_battle","true","route_city_dungeon","false"
"NPC0500","Fia Thane","postgame_master","city_20","story_plus_party_scaled","spark","talk_to_battle","1050","dlg_npc0500","fixed_world_battle","true","route_city_dungeon","false"
"NPC0501","Garr Silt","route_binder","city_21","story_plus_party_scaled","frost","talk_to_battle","1067","dlg_npc0501","fixed_world_battle","true","route_city_dungeon","false"
"NPC0502","Hale Keir","city_binder","city_22","story_plus_party_scaled","metal","talk_to_battle","1084","dlg_npc0502","fixed_world_battle","true","route_city_dungeon","false"
"NPC0503","Ira Noct","arena_apprentice","city_23","story_plus_party_scaled","shade","talk_to_battle","1101","dlg_npc0503","fixed_world_battle","true","route_city_dungeon","false"
"NPC0504","Juno Arc","veyr_scout","city_24","story_plus_party_scaled","radiant","talk_to_battle","1118","dlg_npc0504","fixed_world_battle","true","route_city_dungeon","false"
"NPC0505","Kira Holt","relic_hunter","city_25","story_plus_party_scaled","mind","talk_to_battle","1135","dlg_npc0505","fixed_world_battle","true","route_city_dungeon","false"
"NPC0506","Lio Sol","prism_student","city_26","story_plus_party_scaled","echo","talk_to_battle","1152","dlg_npc0506","fixed_world_battle","true","route_city_dungeon","false"
"NPC0507","Mira Maren","field_medic","city_27","story_plus_party_scaled","echo","talk_to_battle","1169","dlg_npc0507","fixed_world_battle","true","route_city_dungeon","false"
"NPC0508","Nox Tor","storm_sailor","city_28","story_plus_party_scaled","ember","talk_to_battle","1186","dlg_npc0508","fixed_world_battle","true","route_city_dungeon","false"
"NPC0509","Oren Vale","archive_duelist","city_29","story_plus_party_scaled","tide","talk_to_battle","1203","dlg_npc0509","fixed_world_battle","true","route_city_dungeon","false"
"NPC0510","Pax Quill","postgame_master","city_30","story_plus_party_scaled","verdance","talk_to_battle","1220","dlg_npc0510","fixed_world_battle","true","route_city_dungeon","false"
"NPC0511","Quin Nox","route_binder","city_01","story_plus_party_scaled","stone","talk_to_battle","1237","dlg_npc0511","fixed_world_battle","true","route_city_dungeon","false"
"NPC0512","Rhea Reed","city_binder","city_02","story_plus_party_scaled","gale","talk_to_battle","1254","dlg_npc0512","fixed_world_battle","true","route_city_dungeon","false"
"NPC0513","Senn Esh","arena_apprentice","city_03","story_plus_party_scaled","spark","talk_to_battle","1271","dlg_npc0513","fixed_world_battle","true","route_city_dungeon","false"
"NPC0514","Talia Rusk","veyr_scout","city_04","story_plus_party_scaled","frost","talk_to_battle","1288","dlg_npc0514","fixed_world_battle","true","route_city_dungeon","false"
"NPC0515","Uma Voss","relic_hunter","city_05","story_plus_party_scaled","metal","talk_to_battle","1305","dlg_npc0515","fixed_world_battle","true","route_city_dungeon","false"
"NPC0516","Venn Rook","prism_student","city_06","story_plus_party_scaled","shade","talk_to_battle","1322","dlg_npc0516","fixed_world_battle","true","route_city_dungeon","false"
"NPC0517","Wren Fenn","field_medic","city_07","story_plus_party_scaled","radiant","talk_to_battle","1339","dlg_npc0517","fixed_world_battle","true","route_city_dungeon","false"
"NPC0518","Xara Wren","storm_sailor","city_08","story_plus_party_scaled","mind","talk_to_battle","1356","dlg_npc0518","fixed_world_battle","true","route_city_dungeon","false"
"NPC0519","Yven Pell","archive_duelist","city_09","story_plus_party_scaled","echo","talk_to_battle","1373","dlg_npc0519","fixed_world_battle","true","route_city_dungeon","false"
"NPC0520","Zale Thane","postgame_master","city_10","story_plus_party_scaled","shade","talk_to_battle","1390","dlg_npc0520","fixed_world_battle","true","route_city_dungeon","false"
"NPC0521","Ari Silt","route_binder","city_11","story_plus_party_scaled","ember","talk_to_battle","1407","dlg_npc0521","fixed_world_battle","true","route_city_dungeon","false"
"NPC0522","Bela Keir","city_binder","city_12","story_plus_party_scaled","tide","talk_to_battle","1424","dlg_npc0522","fixed_world_battle","true","route_city_dungeon","false"
"NPC0523","Cato Noct","arena_apprentice","city_13","story_plus_party_scaled","verdance","talk_to_battle","1441","dlg_npc0523","fixed_world_battle","true","route_city_dungeon","false"
"NPC0524","Dena Arc","veyr_scout","city_14","story_plus_party_scaled","stone","talk_to_battle","1458","dlg_npc0524","fixed_world_battle","true","route_city_dungeon","false"
"NPC0525","Eron Holt","relic_hunter","city_15","story_plus_party_scaled","gale","talk_to_battle","1475","dlg_npc0525","fixed_world_battle","true","route_city_dungeon","false"
"NPC0526","Fia Sol","prism_student","city_16","story_plus_party_scaled","spark","talk_to_battle","1492","dlg_npc0526","fixed_world_battle","true","route_city_dungeon","false"
"NPC0527","Garr Maren","field_medic","city_17","story_plus_party_scaled","frost","talk_to_battle","1509","dlg_npc0527","fixed_world_battle","true","route_city_dungeon","false"
"NPC0528","Hale Tor","storm_sailor","city_18","story_plus_party_scaled","metal","talk_to_battle","1526","dlg_npc0528","fixed_world_battle","true","route_city_dungeon","false"
"NPC0529","Ira Vale","archive_duelist","city_19","story_plus_party_scaled","shade","talk_to_battle","1543","dlg_npc0529","fixed_world_battle","true","route_city_dungeon","false"
"NPC0530","Juno Quill","postgame_master","city_20","story_plus_party_scaled","radiant","talk_to_battle","1560","dlg_npc0530","fixed_world_battle","true","route_city_dungeon","false"
"NPC0531","Kira Nox","route_binder","city_21","story_plus_party_scaled","mind","talk_to_battle","1577","dlg_npc0531","fixed_world_battle","true","route_city_dungeon","false"
"NPC0532","Lio Reed","city_binder","city_22","story_plus_party_scaled","echo","talk_to_battle","1594","dlg_npc0532","fixed_world_battle","true","route_city_dungeon","false"
"NPC0533","Mira Esh","arena_apprentice","city_23","story_plus_party_scaled","radiant","talk_to_battle","1611","dlg_npc0533","fixed_world_battle","true","route_city_dungeon","false"
"NPC0534","Nox Rusk","veyr_scout","city_24","story_plus_party_scaled","ember","talk_to_battle","1628","dlg_npc0534","fixed_world_battle","true","route_city_dungeon","false"
"NPC0535","Oren Voss","relic_hunter","city_25","story_plus_party_scaled","tide","talk_to_battle","1645","dlg_npc0535","fixed_world_battle","true","route_city_dungeon","false"
"NPC0536","Pax Rook","prism_student","city_26","story_plus_party_scaled","verdance","talk_to_battle","1662","dlg_npc0536","fixed_world_battle","true","route_city_dungeon","false"
"NPC0537","Quin Fenn","field_medic","city_27","story_plus_party_scaled","stone","talk_to_battle","1679","dlg_npc0537","fixed_world_battle","true","route_city_dungeon","false"
"NPC0538","Rhea Wren","storm_sailor","city_28","story_plus_party_scaled","gale","talk_to_battle","1696","dlg_npc0538","fixed_world_battle","true","route_city_dungeon","false"
"NPC0539","Senn Pell","archive_duelist","city_29","story_plus_party_scaled","spark","talk_to_battle","1713","dlg_npc0539","fixed_world_battle","true","route_city_dungeon","false"
"NPC0540","Talia Thane","postgame_master","city_30","story_plus_party_scaled","frost","talk_to_battle","1730","dlg_npc0540","fixed_world_battle","true","route_city_dungeon","false"
"NPC0541","Uma Silt","route_binder","city_01","story_plus_party_scaled","metal","talk_to_battle","1747","dlg_npc0541","fixed_world_battle","true","route_city_dungeon","false"
"NPC0542","Venn Keir","city_binder","city_02","story_plus_party_scaled","shade","talk_to_battle","1764","dlg_npc0542","fixed_world_battle","true","route_city_dungeon","false"
"NPC0543","Wren Noct","arena_apprentice","city_03","story_plus_party_scaled","radiant","talk_to_battle","1781","dlg_npc0543","fixed_world_battle","true","route_city_dungeon","false"
"NPC0544","Xara Arc","veyr_scout","city_04","story_plus_party_scaled","mind","talk_to_battle","1798","dlg_npc0544","fixed_world_battle","true","route_city_dungeon","false"
"NPC0545","Yven Holt","relic_hunter","city_05","story_plus_party_scaled","echo","talk_to_battle","1815","dlg_npc0545","fixed_world_battle","true","route_city_dungeon","false"
"NPC0546","Zale Sol","prism_student","city_06","story_plus_party_scaled","mind","talk_to_battle","1832","dlg_npc0546","fixed_world_battle","true","route_city_dungeon","false"
"NPC0547","Ari Maren","field_medic","city_07","story_plus_party_scaled","ember","talk_to_battle","1849","dlg_npc0547","fixed_world_battle","true","route_city_dungeon","false"
"NPC0548","Bela Tor","storm_sailor","city_08","story_plus_party_scaled","tide","talk_to_battle","1866","dlg_npc0548","fixed_world_battle","true","route_city_dungeon","false"
"NPC0549","Cato Vale","archive_duelist","city_09","story_plus_party_scaled","verdance","talk_to_battle","1883","dlg_npc0549","fixed_world_battle","true","route_city_dungeon","false"
"NPC0550","Dena Quill","postgame_master","city_10","story_plus_party_scaled","stone","talk_to_battle","1900","dlg_npc0550","fixed_world_battle","true","route_city_dungeon","false"
"NPC0551","Eron Nox","route_binder","city_11","story_plus_party_scaled","gale","talk_to_battle","1917","dlg_npc0551","fixed_world_battle","true","route_city_dungeon","false"
"NPC0552","Fia Reed","city_binder","city_12","story_plus_party_scaled","spark","talk_to_battle","1934","dlg_npc0552","fixed_world_battle","true","route_city_dungeon","false"
"NPC0553","Garr Esh","arena_apprentice","city_13","story_plus_party_scaled","frost","talk_to_battle","1951","dlg_npc0553","fixed_world_battle","true","route_city_dungeon","false"
"NPC0554","Hale Rusk","veyr_scout","city_14","story_plus_party_scaled","metal","talk_to_battle","1968","dlg_npc0554","fixed_world_battle","true","route_city_dungeon","false"
"NPC0555","Ira Voss","relic_hunter","city_15","story_plus_party_scaled","shade","talk_to_battle","1985","dlg_npc0555","fixed_world_battle","true","route_city_dungeon","false"
"NPC0556","Juno Rook","prism_student","city_16","story_plus_party_scaled","radiant","talk_to_battle","2002","dlg_npc0556","fixed_world_battle","true","route_city_dungeon","false"
"NPC0557","Kira Fenn","field_medic","city_17","story_plus_party_scaled","mind","talk_to_battle","2019","dlg_npc0557","fixed_world_battle","true","route_city_dungeon","false"
"NPC0558","Lio Wren","storm_sailor","city_18","story_plus_party_scaled","echo","talk_to_battle","2036","dlg_npc0558","fixed_world_battle","true","route_city_dungeon","false"
"NPC0559","Mira Pell","archive_duelist","city_19","story_plus_party_scaled","echo","talk_to_battle","2053","dlg_npc0559","fixed_world_battle","true","route_city_dungeon","false"
"NPC0560","Nox Thane","postgame_master","city_20","story_plus_party_scaled","ember","talk_to_battle","2070","dlg_npc0560","fixed_world_battle","true","route_city_dungeon","false"
"NPC0561","Oren Silt","route_binder","city_21","story_plus_party_scaled","tide","talk_to_battle","2087","dlg_npc0561","fixed_world_battle","true","route_city_dungeon","false"
"NPC0562","Pax Keir","city_binder","city_22","story_plus_party_scaled","verdance","talk_to_battle","2104","dlg_npc0562","fixed_world_battle","true","route_city_dungeon","false"
"NPC0563","Quin Noct","arena_apprentice","city_23","story_plus_party_scaled","stone","talk_to_battle","2121","dlg_npc0563","fixed_world_battle","true","route_city_dungeon","false"
"NPC0564","Rhea Arc","veyr_scout","city_24","story_plus_party_scaled","gale","talk_to_battle","2138","dlg_npc0564","fixed_world_battle","true","route_city_dungeon","false"
"NPC0565","Senn Holt","relic_hunter","city_25","story_plus_party_scaled","spark","talk_to_battle","2155","dlg_npc0565","fixed_world_battle","true","route_city_dungeon","false"
"NPC0566","Talia Sol","prism_student","city_26","story_plus_party_scaled","frost","talk_to_battle","2172","dlg_npc0566","fixed_world_battle","true","route_city_dungeon","false"
"NPC0567","Uma Maren","field_medic","city_27","story_plus_party_scaled","metal","talk_to_battle","2189","dlg_npc0567","fixed_world_battle","true","route_city_dungeon","false"
"NPC0568","Venn Tor","storm_sailor","city_28","story_plus_party_scaled","shade","talk_to_battle","2206","dlg_npc0568","fixed_world_battle","true","route_city_dungeon","false"
"NPC0569","Wren Vale","archive_duelist","city_29","story_plus_party_scaled","radiant","talk_to_battle","2223","dlg_npc0569","fixed_world_battle","true","route_city_dungeon","false"
"NPC0570","Xara Quill","postgame_master","city_30","story_plus_party_scaled","mind","talk_to_battle","2240","dlg_npc0570","fixed_world_battle","true","route_city_dungeon","false"
"NPC0571","Yven Nox","route_binder","city_01","story_plus_party_scaled","echo","talk_to_battle","2257","dlg_npc0571","fixed_world_battle","true","route_city_dungeon","false"
"NPC0572","Zale Reed","city_binder","city_02","story_plus_party_scaled","shade","talk_to_battle","2274","dlg_npc0572","fixed_world_battle","true","route_city_dungeon","false"
"NPC0573","Ari Esh","arena_apprentice","city_03","story_plus_party_scaled","ember","talk_to_battle","2291","dlg_npc0573","fixed_world_battle","true","route_city_dungeon","false"
"NPC0574","Bela Rusk","veyr_scout","city_04","story_plus_party_scaled","tide","talk_to_battle","2308","dlg_npc0574","fixed_world_battle","true","route_city_dungeon","false"
"NPC0575","Cato Voss","relic_hunter","city_05","story_plus_party_scaled","verdance","talk_to_battle","2325","dlg_npc0575","fixed_world_battle","true","route_city_dungeon","false"
"NPC0576","Dena Rook","prism_student","city_06","story_plus_party_scaled","stone","talk_to_battle","2342","dlg_npc0576","fixed_world_battle","true","route_city_dungeon","false"
"NPC0577","Eron Fenn","field_medic","city_07","story_plus_party_scaled","gale","talk_to_battle","2359","dlg_npc0577","fixed_world_battle","true","route_city_dungeon","false"
"NPC0578","Fia Wren","storm_sailor","city_08","story_plus_party_scaled","spark","talk_to_battle","2376","dlg_npc0578","fixed_world_battle","true","route_city_dungeon","false"
"NPC0579","Garr Pell","archive_duelist","city_09","story_plus_party_scaled","frost","talk_to_battle","2393","dlg_npc0579","fixed_world_battle","true","route_city_dungeon","false"
"NPC0580","Hale Thane","postgame_master","city_10","story_plus_party_scaled","metal","talk_to_battle","2410","dlg_npc0580","fixed_world_battle","true","route_city_dungeon","false"
"NPC0581","Ira Silt","route_binder","city_11","story_plus_party_scaled","shade","talk_to_battle","2427","dlg_npc0581","fixed_world_battle","true","route_city_dungeon","false"
"NPC0582","Juno Keir","city_binder","city_12","story_plus_party_scaled","radiant","talk_to_battle","2444","dlg_npc0582","fixed_world_battle","true","route_city_dungeon","false"
"NPC0583","Kira Noct","arena_apprentice","city_13","story_plus_party_scaled","mind","talk_to_battle","2461","dlg_npc0583","fixed_world_battle","true","route_city_dungeon","false"
"NPC0584","Lio Arc","veyr_scout","city_14","story_plus_party_scaled","echo","talk_to_battle","2478","dlg_npc0584","fixed_world_battle","true","route_city_dungeon","false"
"NPC0585","Mira Holt","relic_hunter","city_15","story_plus_party_scaled","radiant","talk_to_battle","2495","dlg_npc0585","fixed_world_battle","true","route_city_dungeon","false"
"NPC0586","Nox Sol","prism_student","city_16","story_plus_party_scaled","ember","talk_to_battle","2512","dlg_npc0586","fixed_world_battle","true","route_city_dungeon","false"
"NPC0587","Oren Maren","field_medic","city_17","story_plus_party_scaled","tide","talk_to_battle","2529","dlg_npc0587","fixed_world_battle","true","route_city_dungeon","false"
"NPC0588","Pax Tor","storm_sailor","city_18","story_plus_party_scaled","verdance","talk_to_battle","2546","dlg_npc0588","fixed_world_battle","true","route_city_dungeon","false"
"NPC0589","Quin Vale","archive_duelist","city_19","story_plus_party_scaled","stone","talk_to_battle","63","dlg_npc0589","fixed_world_battle","true","route_city_dungeon","false"
"NPC0590","Rhea Quill","postgame_master","city_20","story_plus_party_scaled","gale","talk_to_battle","80","dlg_npc0590","fixed_world_battle","true","route_city_dungeon","false"
"NPC0591","Senn Nox","route_binder","city_21","story_plus_party_scaled","spark","talk_to_battle","97","dlg_npc0591","fixed_world_battle","true","route_city_dungeon","false"
"NPC0592","Talia Reed","city_binder","city_22","story_plus_party_scaled","frost","talk_to_battle","114","dlg_npc0592","fixed_world_battle","true","route_city_dungeon","false"
"NPC0593","Uma Esh","arena_apprentice","city_23","story_plus_party_scaled","metal","talk_to_battle","131","dlg_npc0593","fixed_world_battle","true","route_city_dungeon","false"
"NPC0594","Venn Rusk","veyr_scout","city_24","story_plus_party_scaled","shade","talk_to_battle","148","dlg_npc0594","fixed_world_battle","true","route_city_dungeon","false"
"NPC0595","Wren Voss","relic_hunter","city_25","story_plus_party_scaled","radiant","talk_to_battle","165","dlg_npc0595","fixed_world_battle","true","route_city_dungeon","false"
"NPC0596","Xara Rook","prism_student","city_26","story_plus_party_scaled","mind","talk_to_battle","182","dlg_npc0596","fixed_world_battle","true","route_city_dungeon","false"
"NPC0597","Yven Fenn","field_medic","city_27","story_plus_party_scaled","echo","talk_to_battle","199","dlg_npc0597","fixed_world_battle","true","route_city_dungeon","false"
"NPC0598","Zale Wren","storm_sailor","city_28","story_plus_party_scaled","mind","talk_to_battle","216","dlg_npc0598","fixed_world_battle","true","route_city_dungeon","false"
"NPC0599","Ari Pell","archive_duelist","city_29","story_plus_party_scaled","ember","talk_to_battle","233","dlg_npc0599","fixed_world_battle","true","route_city_dungeon","false"
"NPC0600","Bela Thane","postgame_master","city_30","story_plus_party_scaled","tide","talk_to_battle","250","dlg_npc0600","fixed_world_battle","true","route_city_dungeon","false"
"NPC0601","Cato Silt","route_binder","city_01","story_plus_party_scaled","verdance","talk_to_battle","267","dlg_npc0601","fixed_world_battle","true","route_city_dungeon","false"
"NPC0602","Dena Keir","city_binder","city_02","story_plus_party_scaled","stone","talk_to_battle","284","dlg_npc0602","fixed_world_battle","true","route_city_dungeon","false"
"NPC0603","Eron Noct","arena_apprentice","city_03","story_plus_party_scaled","gale","talk_to_battle","301","dlg_npc0603","fixed_world_battle","true","route_city_dungeon","false"
"NPC0604","Fia Arc","veyr_scout","city_04","story_plus_party_scaled","spark","talk_to_battle","318","dlg_npc0604","fixed_world_battle","true","route_city_dungeon","false"
"NPC0605","Garr Holt","relic_hunter","city_05","story_plus_party_scaled","frost","talk_to_battle","335","dlg_npc0605","fixed_world_battle","true","route_city_dungeon","false"
"NPC0606","Hale Sol","prism_student","city_06","story_plus_party_scaled","metal","talk_to_battle","352","dlg_npc0606","fixed_world_battle","true","route_city_dungeon","false"
"NPC0607","Ira Maren","field_medic","city_07","story_plus_party_scaled","shade","talk_to_battle","369","dlg_npc0607","fixed_world_battle","true","route_city_dungeon","false"
"NPC0608","Juno Tor","storm_sailor","city_08","story_plus_party_scaled","radiant","talk_to_battle","386","dlg_npc0608","fixed_world_battle","true","route_city_dungeon","false"
"NPC0609","Kira Vale","archive_duelist","city_09","story_plus_party_scaled","mind","talk_to_battle","403","dlg_npc0609","fixed_world_battle","true","route_city_dungeon","false"
"NPC0610","Lio Quill","postgame_master","city_10","story_plus_party_scaled","echo","talk_to_battle","420","dlg_npc0610","fixed_world_battle","true","route_city_dungeon","false"
"NPC0611","Mira Nox","route_binder","city_11","story_plus_party_scaled","echo","talk_to_battle","437","dlg_npc0611","fixed_world_battle","true","route_city_dungeon","false"
"NPC0612","Nox Reed","city_binder","city_12","story_plus_party_scaled","ember","talk_to_battle","454","dlg_npc0612","fixed_world_battle","true","route_city_dungeon","false"
"NPC0613","Oren Esh","arena_apprentice","city_13","story_plus_party_scaled","tide","talk_to_battle","471","dlg_npc0613","fixed_world_battle","true","route_city_dungeon","false"
"NPC0614","Pax Rusk","veyr_scout","city_14","story_plus_party_scaled","verdance","talk_to_battle","488","dlg_npc0614","fixed_world_battle","true","route_city_dungeon","false"
"NPC0615","Quin Voss","relic_hunter","city_15","story_plus_party_scaled","stone","talk_to_battle","505","dlg_npc0615","fixed_world_battle","true","route_city_dungeon","false"
"NPC0616","Rhea Rook","prism_student","city_16","story_plus_party_scaled","gale","talk_to_battle","522","dlg_npc0616","fixed_world_battle","true","route_city_dungeon","false"
"NPC0617","Senn Fenn","field_medic","city_17","story_plus_party_scaled","spark","talk_to_battle","539","dlg_npc0617","fixed_world_battle","true","route_city_dungeon","false"
"NPC0618","Talia Wren","storm_sailor","city_18","story_plus_party_scaled","frost","talk_to_battle","556","dlg_npc0618","fixed_world_battle","true","route_city_dungeon","false"
"NPC0619","Uma Pell","archive_duelist","city_19","story_plus_party_scaled","metal","talk_to_battle","573","dlg_npc0619","fixed_world_battle","true","route_city_dungeon","false"
"NPC0620","Venn Thane","postgame_master","city_20","story_plus_party_scaled","shade","talk_to_battle","590","dlg_npc0620","fixed_world_battle","true","route_city_dungeon","false"
"NPC0621","Wren Silt","route_binder","city_21","story_plus_party_scaled","radiant","talk_to_battle","607","dlg_npc0621","fixed_world_battle","true","route_city_dungeon","false"
"NPC0622","Xara Keir","city_binder","city_22","story_plus_party_scaled","mind","talk_to_battle","624","dlg_npc0622","fixed_world_battle","true","route_city_dungeon","false"
"NPC0623","Yven Noct","arena_apprentice","city_23","story_plus_party_scaled","echo","talk_to_battle","641","dlg_npc0623","fixed_world_battle","true","route_city_dungeon","false"
"NPC0624","Zale Arc","veyr_scout","city_24","story_plus_party_scaled","shade","talk_to_battle","658","dlg_npc0624","fixed_world_battle","true","route_city_dungeon","false"
"NPC0625","Ari Holt","relic_hunter","city_25","story_plus_party_scaled","ember","talk_to_battle","675","dlg_npc0625","fixed_world_battle","true","route_city_dungeon","false"
"NPC0626","Bela Sol","prism_student","city_26","story_plus_party_scaled","tide","talk_to_battle","692","dlg_npc0626","fixed_world_battle","true","route_city_dungeon","false"
"NPC0627","Cato Maren","field_medic","city_27","story_plus_party_scaled","verdance","talk_to_battle","709","dlg_npc0627","fixed_world_battle","true","route_city_dungeon","false"
"NPC0628","Dena Tor","storm_sailor","city_28","story_plus_party_scaled","stone","talk_to_battle","726","dlg_npc0628","fixed_world_battle","true","route_city_dungeon","false"
"NPC0629","Eron Vale","archive_duelist","city_29","story_plus_party_scaled","gale","talk_to_battle","743","dlg_npc0629","fixed_world_battle","true","route_city_dungeon","false"
"NPC0630","Fia Quill","postgame_master","city_30","story_plus_party_scaled","spark","talk_to_battle","760","dlg_npc0630","fixed_world_battle","true","route_city_dungeon","false"
"NPC0631","Garr Nox","route_binder","city_01","story_plus_party_scaled","frost","talk_to_battle","777","dlg_npc0631","fixed_world_battle","true","route_city_dungeon","false"
"NPC0632","Hale Reed","city_binder","city_02","story_plus_party_scaled","metal","talk_to_battle","794","dlg_npc0632","fixed_world_battle","true","route_city_dungeon","false"
"NPC0633","Ira Esh","arena_apprentice","city_03","story_plus_party_scaled","shade","talk_to_battle","811","dlg_npc0633","fixed_world_battle","true","route_city_dungeon","false"
"NPC0634","Juno Rusk","veyr_scout","city_04","story_plus_party_scaled","radiant","talk_to_battle","828","dlg_npc0634","fixed_world_battle","true","route_city_dungeon","false"
"NPC0635","Kira Voss","relic_hunter","city_05","story_plus_party_scaled","mind","talk_to_battle","845","dlg_npc0635","fixed_world_battle","true","route_city_dungeon","false"
"NPC0636","Lio Rook","prism_student","city_06","story_plus_party_scaled","echo","talk_to_battle","862","dlg_npc0636","fixed_world_battle","true","route_city_dungeon","false"
"NPC0637","Mira Fenn","field_medic","city_07","story_plus_party_scaled","radiant","talk_to_battle","879","dlg_npc0637","fixed_world_battle","true","route_city_dungeon","false"
"NPC0638","Nox Wren","storm_sailor","city_08","story_plus_party_scaled","ember","talk_to_battle","896","dlg_npc0638","fixed_world_battle","true","route_city_dungeon","false"
"NPC0639","Oren Pell","archive_duelist","city_09","story_plus_party_scaled","tide","talk_to_battle","913","dlg_npc0639","fixed_world_battle","true","route_city_dungeon","false"
"NPC0640","Pax Thane","postgame_master","city_10","story_plus_party_scaled","verdance","talk_to_battle","930","dlg_npc0640","fixed_world_battle","true","route_city_dungeon","false"
"NPC0641","Quin Silt","route_binder","city_11","story_plus_party_scaled","stone","talk_to_battle","947","dlg_npc0641","fixed_world_battle","true","route_city_dungeon","false"
"NPC0642","Rhea Keir","city_binder","city_12","story_plus_party_scaled","gale","talk_to_battle","964","dlg_npc0642","fixed_world_battle","true","route_city_dungeon","false"
"NPC0643","Senn Noct","arena_apprentice","city_13","story_plus_party_scaled","spark","talk_to_battle","981","dlg_npc0643","fixed_world_battle","true","route_city_dungeon","false"
"NPC0644","Talia Arc","veyr_scout","city_14","story_plus_party_scaled","frost","talk_to_battle","998","dlg_npc0644","fixed_world_battle","true","route_city_dungeon","false"
"NPC0645","Uma Holt","relic_hunter","city_15","story_plus_party_scaled","metal","talk_to_battle","1015","dlg_npc0645","fixed_world_battle","true","route_city_dungeon","false"
"NPC0646","Venn Sol","prism_student","city_16","story_plus_party_scaled","shade","talk_to_battle","1032","dlg_npc0646","fixed_world_battle","true","route_city_dungeon","false"
"NPC0647","Wren Maren","field_medic","city_17","story_plus_party_scaled","radiant","talk_to_battle","1049","dlg_npc0647","fixed_world_battle","true","route_city_dungeon","false"
"NPC0648","Xara Tor","storm_sailor","city_18","story_plus_party_scaled","mind","talk_to_battle","1066","dlg_npc0648","fixed_world_battle","true","route_city_dungeon","false"
"NPC0649","Yven Vale","archive_duelist","city_19","story_plus_party_scaled","echo","talk_to_battle","1083","dlg_npc0649","fixed_world_battle","true","route_city_dungeon","false"
"NPC0650","Zale Quill","postgame_master","city_20","story_plus_party_scaled","mind","talk_to_battle","1100","dlg_npc0650","fixed_world_battle","true","route_city_dungeon","false"
"NPC0651","Ari Nox","route_binder","city_21","story_plus_party_scaled","ember","talk_to_battle","1117","dlg_npc0651","fixed_world_battle","true","route_city_dungeon","false"
"NPC0652","Bela Reed","city_binder","city_22","story_plus_party_scaled","tide","talk_to_battle","1134","dlg_npc0652","fixed_world_battle","true","route_city_dungeon","false"
"NPC0653","Cato Esh","arena_apprentice","city_23","story_plus_party_scaled","verdance","talk_to_battle","1151","dlg_npc0653","fixed_world_battle","true","route_city_dungeon","false"
"NPC0654","Dena Rusk","veyr_scout","city_24","story_plus_party_scaled","stone","talk_to_battle","1168","dlg_npc0654","fixed_world_battle","true","route_city_dungeon","false"
"NPC0655","Eron Voss","relic_hunter","city_25","story_plus_party_scaled","gale","talk_to_battle","1185","dlg_npc0655","fixed_world_battle","true","route_city_dungeon","false"
"NPC0656","Fia Rook","prism_student","city_26","story_plus_party_scaled","spark","talk_to_battle","1202","dlg_npc0656","fixed_world_battle","true","route_city_dungeon","false"
"NPC0657","Garr Fenn","field_medic","city_27","story_plus_party_scaled","frost","talk_to_battle","1219","dlg_npc0657","fixed_world_battle","true","route_city_dungeon","false"
"NPC0658","Hale Wren","storm_sailor","city_28","story_plus_party_scaled","metal","talk_to_battle","1236","dlg_npc0658","fixed_world_battle","true","route_city_dungeon","false"
"NPC0659","Ira Pell","archive_duelist","city_29","story_plus_party_scaled","shade","talk_to_battle","1253","dlg_npc0659","fixed_world_battle","true","route_city_dungeon","false"
"NPC0660","Juno Thane","postgame_master","city_30","story_plus_party_scaled","radiant","talk_to_battle","1270","dlg_npc0660","fixed_world_battle","true","route_city_dungeon","false"
"NPC0661","Kira Silt","route_binder","city_01","story_plus_party_scaled","mind","talk_to_battle","1287","dlg_npc0661","fixed_world_battle","true","route_city_dungeon","false"
"NPC0662","Lio Keir","city_binder","city_02","story_plus_party_scaled","echo","talk_to_battle","1304","dlg_npc0662","fixed_world_battle","true","route_city_dungeon","false"
"NPC0663","Mira Noct","arena_apprentice","city_03","story_plus_party_scaled","echo","talk_to_battle","1321","dlg_npc0663","fixed_world_battle","true","route_city_dungeon","false"
"NPC0664","Nox Arc","veyr_scout","city_04","story_plus_party_scaled","ember","talk_to_battle","1338","dlg_npc0664","fixed_world_battle","true","route_city_dungeon","false"
"NPC0665","Oren Holt","relic_hunter","city_05","story_plus_party_scaled","tide","talk_to_battle","1355","dlg_npc0665","fixed_world_battle","true","route_city_dungeon","false"
"NPC0666","Pax Sol","prism_student","city_06","story_plus_party_scaled","verdance","talk_to_battle","1372","dlg_npc0666","fixed_world_battle","true","route_city_dungeon","false"
"NPC0667","Quin Maren","field_medic","city_07","story_plus_party_scaled","stone","talk_to_battle","1389","dlg_npc0667","fixed_world_battle","true","route_city_dungeon","false"
"NPC0668","Rhea Tor","storm_sailor","city_08","story_plus_party_scaled","gale","talk_to_battle","1406","dlg_npc0668","fixed_world_battle","true","route_city_dungeon","false"
"NPC0669","Senn Vale","archive_duelist","city_09","story_plus_party_scaled","spark","talk_to_battle","1423","dlg_npc0669","fixed_world_battle","true","route_city_dungeon","false"
"NPC0670","Talia Quill","postgame_master","city_10","story_plus_party_scaled","frost","talk_to_battle","1440","dlg_npc0670","fixed_world_battle","true","route_city_dungeon","false"
"NPC0671","Uma Nox","route_binder","city_11","story_plus_party_scaled","metal","talk_to_battle","1457","dlg_npc0671","fixed_world_battle","true","route_city_dungeon","false"
"NPC0672","Venn Reed","city_binder","city_12","story_plus_party_scaled","shade","talk_to_battle","1474","dlg_npc0672","fixed_world_battle","true","route_city_dungeon","false"
"NPC0673","Wren Esh","arena_apprentice","city_13","story_plus_party_scaled","radiant","talk_to_battle","1491","dlg_npc0673","fixed_world_battle","true","route_city_dungeon","false"
"NPC0674","Xara Rusk","veyr_scout","city_14","story_plus_party_scaled","mind","talk_to_battle","1508","dlg_npc0674","fixed_world_battle","true","route_city_dungeon","false"
"NPC0675","Yven Voss","relic_hunter","city_15","story_plus_party_scaled","echo","talk_to_battle","1525","dlg_npc0675","fixed_world_battle","true","route_city_dungeon","false"
"NPC0676","Zale Rook","prism_student","city_16","story_plus_party_scaled","shade","talk_to_battle","1542","dlg_npc0676","fixed_world_battle","true","route_city_dungeon","false"
"NPC0677","Ari Fenn","field_medic","city_17","story_plus_party_scaled","ember","talk_to_battle","1559","dlg_npc0677","fixed_world_battle","true","route_city_dungeon","false"
"NPC0678","Bela Wren","storm_sailor","city_18","story_plus_party_scaled","tide","talk_to_battle","1576","dlg_npc0678","fixed_world_battle","true","route_city_dungeon","false"
"NPC0679","Cato Pell","archive_duelist","city_19","story_plus_party_scaled","verdance","talk_to_battle","1593","dlg_npc0679","fixed_world_battle","true","route_city_dungeon","false"
"NPC0680","Dena Thane","postgame_master","city_20","story_plus_party_scaled","stone","talk_to_battle","1610","dlg_npc0680","fixed_world_battle","true","route_city_dungeon","false"
"NPC0681","Eron Silt","route_binder","city_21","story_plus_party_scaled","gale","talk_to_battle","1627","dlg_npc0681","fixed_world_battle","true","route_city_dungeon","false"
"NPC0682","Fia Keir","city_binder","city_22","story_plus_party_scaled","spark","talk_to_battle","1644","dlg_npc0682","fixed_world_battle","true","route_city_dungeon","false"
"NPC0683","Garr Noct","arena_apprentice","city_23","story_plus_party_scaled","frost","talk_to_battle","1661","dlg_npc0683","fixed_world_battle","true","route_city_dungeon","false"
"NPC0684","Hale Arc","veyr_scout","city_24","story_plus_party_scaled","metal","talk_to_battle","1678","dlg_npc0684","fixed_world_battle","true","route_city_dungeon","false"
"NPC0685","Ira Holt","relic_hunter","city_25","story_plus_party_scaled","shade","talk_to_battle","1695","dlg_npc0685","fixed_world_battle","true","route_city_dungeon","false"
"NPC0686","Juno Sol","prism_student","city_26","story_plus_party_scaled","radiant","talk_to_battle","1712","dlg_npc0686","fixed_world_battle","true","route_city_dungeon","false"
"NPC0687","Kira Maren","field_medic","city_27","story_plus_party_scaled","mind","talk_to_battle","1729","dlg_npc0687","fixed_world_battle","true","route_city_dungeon","false"
"NPC0688","Lio Tor","storm_sailor","city_28","story_plus_party_scaled","echo","talk_to_battle","1746","dlg_npc0688","fixed_world_battle","true","route_city_dungeon","false"
"NPC0689","Mira Vale","archive_duelist","city_29","story_plus_party_scaled","radiant","talk_to_battle","1763","dlg_npc0689","fixed_world_battle","true","route_city_dungeon","false"
"NPC0690","Nox Quill","postgame_master","city_30","story_plus_party_scaled","ember","talk_to_battle","1780","dlg_npc0690","fixed_world_battle","true","route_city_dungeon","false"
"NPC0691","Oren Nox","route_binder","city_01","story_plus_party_scaled","tide","talk_to_battle","1797","dlg_npc0691","fixed_world_battle","true","route_city_dungeon","false"
"NPC0692","Pax Reed","city_binder","city_02","story_plus_party_scaled","verdance","talk_to_battle","1814","dlg_npc0692","fixed_world_battle","true","route_city_dungeon","false"
"NPC0693","Quin Esh","arena_apprentice","city_03","story_plus_party_scaled","stone","talk_to_battle","1831","dlg_npc0693","fixed_world_battle","true","route_city_dungeon","false"
"NPC0694","Rhea Rusk","veyr_scout","city_04","story_plus_party_scaled","gale","talk_to_battle","1848","dlg_npc0694","fixed_world_battle","true","route_city_dungeon","false"
"NPC0695","Senn Voss","relic_hunter","city_05","story_plus_party_scaled","spark","talk_to_battle","1865","dlg_npc0695","fixed_world_battle","true","route_city_dungeon","false"
"NPC0696","Talia Rook","prism_student","city_06","story_plus_party_scaled","frost","talk_to_battle","1882","dlg_npc0696","fixed_world_battle","true","route_city_dungeon","false"
"NPC0697","Uma Fenn","field_medic","city_07","story_plus_party_scaled","metal","talk_to_battle","1899","dlg_npc0697","fixed_world_battle","true","route_city_dungeon","false"
"NPC0698","Venn Wren","storm_sailor","city_08","story_plus_party_scaled","shade","talk_to_battle","1916","dlg_npc0698","fixed_world_battle","true","route_city_dungeon","false"
"NPC0699","Wren Pell","archive_duelist","city_09","story_plus_party_scaled","radiant","talk_to_battle","1933","dlg_npc0699","fixed_world_battle","true","route_city_dungeon","false"
"NPC0700","Xara Thane","postgame_master","city_10","story_plus_party_scaled","mind","talk_to_battle","1950","dlg_npc0700","fixed_world_battle","true","route_city_dungeon","false"
"NPC0701","Yven Silt","route_binder","city_11","story_plus_party_scaled","echo","talk_to_battle","1967","dlg_npc0701","optional_rematch_postgame","true","rematch_board_or_postgame_facility","false"
"NPC0702","Zale Keir","city_binder","city_12","story_plus_party_scaled","mind","talk_to_battle","1984","dlg_npc0702","optional_rematch_postgame","true","rematch_board_or_postgame_facility","false"
"NPC0703","Ari Noct","arena_apprentice","city_13","story_plus_party_scaled","ember","talk_to_battle","2001","dlg_npc0703","optional_rematch_postgame","true","rematch_board_or_postgame_facility","false"
"NPC0704","Bela Arc","veyr_scout","city_14","story_plus_party_scaled","tide","talk_to_battle","2018","dlg_npc0704","optional_rematch_postgame","true","rematch_board_or_postgame_facility","false"
"NPC0705","Cato Holt","relic_hunter","city_15","story_plus_party_scaled","verdance","talk_to_battle","2035","dlg_npc0705","optional_rematch_postgame","true","rematch_board_or_postgame_facility","false"
"NPC0706","Dena Sol","prism_student","city_16","story_plus_party_scaled","stone","talk_to_battle","2052","dlg_npc0706","optional_rematch_postgame","true","rematch_board_or_postgame_facility","false"
"NPC0707","Eron Maren","field_medic","city_17","story_plus_party_scaled","gale","talk_to_battle","2069","dlg_npc0707","optional_rematch_postgame","true","rematch_board_or_postgame_facility","false"
"NPC0708","Fia Tor","storm_sailor","city_18","story_plus_party_scaled","spark","talk_to_battle","2086","dlg_npc0708","optional_rematch_postgame","true","rematch_board_or_postgame_facility","false"
"NPC0709","Garr Vale","archive_duelist","city_19","story_plus_party_scaled","frost","talk_to_battle","2103","dlg_npc0709","optional_rematch_postgame","true","rematch_board_or_postgame_facility","false"
"NPC0710","Hale Quill","postgame_master","city_20","story_plus_party_scaled","metal","talk_to_battle","2120","dlg_npc0710","optional_rematch_postgame","true","rematch_board_or_postgame_facility","false"
"NPC0711","Ira Nox","route_binder","city_21","story_plus_party_scaled","shade","talk_to_battle","2137","dlg_npc0711","optional_rematch_postgame","true","rematch_board_or_postgame_facility","false"
"NPC0712","Juno Reed","city_binder","city_22","story_plus_party_scaled","radiant","talk_to_battle","2154","dlg_npc0712","optional_rematch_postgame","true","rematch_board_or_postgame_facility","false"
"NPC0713","Kira Esh","arena_apprentice","city_23","story_plus_party_scaled","mind","talk_to_battle","2171","dlg_npc0713","optional_rematch_postgame","true","rematch_board_or_postgame_facility","false"
"NPC0714","Lio Rusk","veyr_scout","city_24","story_plus_party_scaled","echo","talk_to_battle","2188","dlg_npc0714","optional_rematch_postgame","true","rematch_board_or_postgame_facility","false"
"NPC0715","Mira Voss","relic_hunter","city_25","story_plus_party_scaled","echo","talk_to_battle","2205","dlg_npc0715","optional_rematch_postgame","true","rematch_board_or_postgame_facility","false"
"NPC0716","Nox Rook","prism_student","city_26","story_plus_party_scaled","ember","talk_to_battle","2222","dlg_npc0716","optional_rematch_postgame","true","rematch_board_or_postgame_facility","false"
"NPC0717","Oren Fenn","field_medic","city_27","story_plus_party_scaled","tide","talk_to_battle","2239","dlg_npc0717","optional_rematch_postgame","true","rematch_board_or_postgame_facility","false"
"NPC0718","Pax Wren","storm_sailor","city_28","story_plus_party_scaled","verdance","talk_to_battle","2256","dlg_npc0718","optional_rematch_postgame","true","rematch_board_or_postgame_facility","false"
"NPC0719","Quin Pell","archive_duelist","city_29","story_plus_party_scaled","stone","talk_to_battle","2273","dlg_npc0719","optional_rematch_postgame","true","rematch_board_or_postgame_facility","false"
"NPC0720","Rhea Thane","postgame_master","city_30","story_plus_party_scaled","gale","talk_to_battle","2290","dlg_npc0720","optional_rematch_postgame","true","rematch_board_or_postgame_facility","false"
"NPC0721","Senn Silt","route_binder","city_01","story_plus_party_scaled","spark","talk_to_battle","2307","dlg_npc0721","optional_rematch_postgame","true","rematch_board_or_postgame_facility","false"
"NPC0722","Talia Keir","city_binder","city_02","story_plus_party_scaled","frost","talk_to_battle","2324","dlg_npc0722","optional_rematch_postgame","true","rematch_board_or_postgame_facility","false"
"NPC0723","Uma Noct","arena_apprentice","city_03","story_plus_party_scaled","metal","talk_to_battle","2341","dlg_npc0723","optional_rematch_postgame","true","rematch_board_or_postgame_facility","false"
"NPC0724","Venn Arc","veyr_scout","city_04","story_plus_party_scaled","shade","talk_to_battle","2358","dlg_npc0724","optional_rematch_postgame","true","rematch_board_or_postgame_facility","false"
"NPC0725","Wren Holt","relic_hunter","city_05","story_plus_party_scaled","radiant","talk_to_battle","2375","dlg_npc0725","optional_rematch_postgame","true","rematch_board_or_postgame_facility","false"
"NPC0726","Xara Sol","prism_student","city_06","story_plus_party_scaled","mind","talk_to_battle","2392","dlg_npc0726","optional_rematch_postgame","true","rematch_board_or_postgame_facility","false"
"NPC0727","Yven Maren","field_medic","city_07","story_plus_party_scaled","echo","talk_to_battle","2409","dlg_npc0727","optional_rematch_postgame","true","rematch_board_or_postgame_facility","false"
"NPC0728","Zale Tor","storm_sailor","city_08","story_plus_party_scaled","shade","talk_to_battle","2426","dlg_npc0728","optional_rematch_postgame","true","rematch_board_or_postgame_facility","false"
"NPC0729","Ari Vale","archive_duelist","city_09","story_plus_party_scaled","ember","talk_to_battle","2443","dlg_npc0729","optional_rematch_postgame","true","rematch_board_or_postgame_facility","false"
"NPC0730","Bela Quill","postgame_master","city_10","story_plus_party_scaled","tide","talk_to_battle","2460","dlg_npc0730","optional_rematch_postgame","true","rematch_board_or_postgame_facility","false"
"NPC0731","Cato Nox","route_binder","city_11","story_plus_party_scaled","verdance","talk_to_battle","2477","dlg_npc0731","optional_rematch_postgame","true","rematch_board_or_postgame_facility","false"
"NPC0732","Dena Reed","city_binder","city_12","story_plus_party_scaled","stone","talk_to_battle","2494","dlg_npc0732","optional_rematch_postgame","true","rematch_board_or_postgame_facility","false"
"NPC0733","Eron Esh","arena_apprentice","city_13","story_plus_party_scaled","gale","talk_to_battle","2511","dlg_npc0733","optional_rematch_postgame","true","rematch_board_or_postgame_facility","false"
"NPC0734","Fia Rusk","veyr_scout","city_14","story_plus_party_scaled","spark","talk_to_battle","2528","dlg_npc0734","optional_rematch_postgame","true","rematch_board_or_postgame_facility","false"
"NPC0735","Garr Voss","relic_hunter","city_15","story_plus_party_scaled","frost","talk_to_battle","2545","dlg_npc0735","optional_rematch_postgame","true","rematch_board_or_postgame_facility","false"
"NPC0736","Hale Rook","prism_student","city_16","story_plus_party_scaled","metal","talk_to_battle","62","dlg_npc0736","optional_rematch_postgame","true","rematch_board_or_postgame_facility","false"
"NPC0737","Ira Fenn","field_medic","city_17","story_plus_party_scaled","shade","talk_to_battle","79","dlg_npc0737","optional_rematch_postgame","true","rematch_board_or_postgame_facility","false"
"NPC0738","Juno Wren","storm_sailor","city_18","story_plus_party_scaled","radiant","talk_to_battle","96","dlg_npc0738","optional_rematch_postgame","true","rematch_board_or_postgame_facility","false"
"NPC0739","Kira Pell","archive_duelist","city_19","story_plus_party_scaled","mind","talk_to_battle","113","dlg_npc0739","optional_rematch_postgame","true","rematch_board_or_postgame_facility","false"
"NPC0740","Lio Thane","postgame_master","city_20","story_plus_party_scaled","echo","talk_to_battle","130","dlg_npc0740","optional_rematch_postgame","true","rematch_board_or_postgame_facility","false"
"NPC0741","Mira Silt","route_binder","city_21","story_plus_party_scaled","radiant","talk_to_battle","147","dlg_npc0741","optional_rematch_postgame","true","rematch_board_or_postgame_facility","false"
"NPC0742","Nox Keir","city_binder","city_22","story_plus_party_scaled","ember","talk_to_battle","164","dlg_npc0742","optional_rematch_postgame","true","rematch_board_or_postgame_facility","false"
"NPC0743","Oren Noct","arena_apprentice","city_23","story_plus_party_scaled","tide","talk_to_battle","181","dlg_npc0743","optional_rematch_postgame","true","rematch_board_or_postgame_facility","false"
"NPC0744","Pax Arc","veyr_scout","city_24","story_plus_party_scaled","verdance","talk_to_battle","198","dlg_npc0744","optional_rematch_postgame","true","rematch_board_or_postgame_facility","false"
"NPC0745","Quin Holt","relic_hunter","city_25","story_plus_party_scaled","stone","talk_to_battle","215","dlg_npc0745","optional_rematch_postgame","true","rematch_board_or_postgame_facility","false"
"NPC0746","Rhea Sol","prism_student","city_26","story_plus_party_scaled","gale","talk_to_battle","232","dlg_npc0746","optional_rematch_postgame","true","rematch_board_or_postgame_facility","false"
"NPC0747","Senn Maren","field_medic","city_27","story_plus_party_scaled","spark","talk_to_battle","249","dlg_npc0747","optional_rematch_postgame","true","rematch_board_or_postgame_facility","false"
"NPC0748","Talia Tor","storm_sailor","city_28","story_plus_party_scaled","frost","talk_to_battle","266","dlg_npc0748","optional_rematch_postgame","true","rematch_board_or_postgame_facility","false"
"NPC0749","Uma Vale","archive_duelist","city_29","story_plus_party_scaled","metal","talk_to_battle","283","dlg_npc0749","optional_rematch_postgame","true","rematch_board_or_postgame_facility","false"
"NPC0750","Venn Quill","postgame_master","city_30","story_plus_party_scaled","shade","talk_to_battle","300","dlg_npc0750","optional_rematch_postgame","true","rematch_board_or_postgame_facility","false"
"NPC0751","Wren Nox","route_binder","city_01","story_plus_party_scaled","radiant","talk_to_battle","317","dlg_npc0751","optional_rematch_postgame","true","rematch_board_or_postgame_facility","false"
"NPC0752","Xara Reed","city_binder","city_02","story_plus_party_scaled","mind","talk_to_battle","334","dlg_npc0752","optional_rematch_postgame","true","rematch_board_or_postgame_facility","false"
"NPC0753","Yven Esh","arena_apprentice","city_03","story_plus_party_scaled","echo","talk_to_battle","351","dlg_npc0753","optional_rematch_postgame","true","rematch_board_or_postgame_facility","false"
"NPC0754","Zale Rusk","veyr_scout","city_04","story_plus_party_scaled","mind","talk_to_battle","368","dlg_npc0754","optional_rematch_postgame","true","rematch_board_or_postgame_facility","false"
"NPC0755","Ari Voss","relic_hunter","city_05","story_plus_party_scaled","ember","talk_to_battle","385","dlg_npc0755","optional_rematch_postgame","true","rematch_board_or_postgame_facility","false"
"NPC0756","Bela Rook","prism_student","city_06","story_plus_party_scaled","tide","talk_to_battle","402","dlg_npc0756","optional_rematch_postgame","true","rematch_board_or_postgame_facility","false"
"NPC0757","Cato Fenn","field_medic","city_07","story_plus_party_scaled","verdance","talk_to_battle","419","dlg_npc0757","optional_rematch_postgame","true","rematch_board_or_postgame_facility","false"
"NPC0758","Dena Wren","storm_sailor","city_08","story_plus_party_scaled","stone","talk_to_battle","436","dlg_npc0758","optional_rematch_postgame","true","rematch_board_or_postgame_facility","false"
"NPC0759","Eron Pell","archive_duelist","city_09","story_plus_party_scaled","gale","talk_to_battle","453","dlg_npc0759","optional_rematch_postgame","true","rematch_board_or_postgame_facility","false"
"NPC0760","Fia Thane","postgame_master","city_10","story_plus_party_scaled","spark","talk_to_battle","470","dlg_npc0760","optional_rematch_postgame","true","rematch_board_or_postgame_facility","false"
"NPC0761","Garr Silt","route_binder","city_11","story_plus_party_scaled","frost","talk_to_battle","487","dlg_npc0761","optional_rematch_postgame","true","rematch_board_or_postgame_facility","false"
"NPC0762","Hale Keir","city_binder","city_12","story_plus_party_scaled","metal","talk_to_battle","504","dlg_npc0762","optional_rematch_postgame","true","rematch_board_or_postgame_facility","false"
"NPC0763","Ira Noct","arena_apprentice","city_13","story_plus_party_scaled","shade","talk_to_battle","521","dlg_npc0763","optional_rematch_postgame","true","rematch_board_or_postgame_facility","false"
"NPC0764","Juno Arc","veyr_scout","city_14","story_plus_party_scaled","radiant","talk_to_battle","538","dlg_npc0764","optional_rematch_postgame","true","rematch_board_or_postgame_facility","false"
"NPC0765","Kira Holt","relic_hunter","city_15","story_plus_party_scaled","mind","talk_to_battle","555","dlg_npc0765","optional_rematch_postgame","true","rematch_board_or_postgame_facility","false"
"NPC0766","Lio Sol","prism_student","city_16","story_plus_party_scaled","echo","talk_to_battle","572","dlg_npc0766","optional_rematch_postgame","true","rematch_board_or_postgame_facility","false"
"NPC0767","Mira Maren","field_medic","city_17","story_plus_party_scaled","echo","talk_to_battle","589","dlg_npc0767","optional_rematch_postgame","true","rematch_board_or_postgame_facility","false"
"NPC0768","Nox Tor","storm_sailor","city_18","story_plus_party_scaled","ember","talk_to_battle","606","dlg_npc0768","optional_rematch_postgame","true","rematch_board_or_postgame_facility","false"
"NPC0769","Oren Vale","archive_duelist","city_19","story_plus_party_scaled","tide","talk_to_battle","623","dlg_npc0769","optional_rematch_postgame","true","rematch_board_or_postgame_facility","false"
"NPC0770","Pax Quill","postgame_master","city_20","story_plus_party_scaled","verdance","talk_to_battle","640","dlg_npc0770","optional_rematch_postgame","true","rematch_board_or_postgame_facility","false"
"NPC0771","Quin Nox","route_binder","city_21","story_plus_party_scaled","stone","talk_to_battle","657","dlg_npc0771","optional_rematch_postgame","true","rematch_board_or_postgame_facility","false"
"NPC0772","Rhea Reed","city_binder","city_22","story_plus_party_scaled","gale","talk_to_battle","674","dlg_npc0772","optional_rematch_postgame","true","rematch_board_or_postgame_facility","false"
"NPC0773","Senn Esh","arena_apprentice","city_23","story_plus_party_scaled","spark","talk_to_battle","691","dlg_npc0773","optional_rematch_postgame","true","rematch_board_or_postgame_facility","false"
"NPC0774","Talia Rusk","veyr_scout","city_24","story_plus_party_scaled","frost","talk_to_battle","708","dlg_npc0774","optional_rematch_postgame","true","rematch_board_or_postgame_facility","false"
"NPC0775","Uma Voss","relic_hunter","city_25","story_plus_party_scaled","metal","talk_to_battle","725","dlg_npc0775","optional_rematch_postgame","true","rematch_board_or_postgame_facility","false"
"NPC0776","Venn Rook","prism_student","city_26","story_plus_party_scaled","shade","talk_to_battle","742","dlg_npc0776","optional_rematch_postgame","true","rematch_board_or_postgame_facility","false"
"NPC0777","Wren Fenn","field_medic","city_27","story_plus_party_scaled","radiant","talk_to_battle","759","dlg_npc0777","optional_rematch_postgame","true","rematch_board_or_postgame_facility","false"
"NPC0778","Xara Wren","storm_sailor","city_28","story_plus_party_scaled","mind","talk_to_battle","776","dlg_npc0778","optional_rematch_postgame","true","rematch_board_or_postgame_facility","false"
"NPC0779","Yven Pell","archive_duelist","city_29","story_plus_party_scaled","echo","talk_to_battle","793","dlg_npc0779","optional_rematch_postgame","true","rematch_board_or_postgame_facility","false"
"NPC0780","Zale Thane","postgame_master","city_30","story_plus_party_scaled","shade","talk_to_battle","810","dlg_npc0780","optional_rematch_postgame","true","rematch_board_or_postgame_facility","false"
"NPC0781","Ari Silt","route_binder","city_01","story_plus_party_scaled","ember","talk_to_battle","827","dlg_npc0781","optional_rematch_postgame","true","rematch_board_or_postgame_facility","false"
"NPC0782","Bela Keir","city_binder","city_02","story_plus_party_scaled","tide","talk_to_battle","844","dlg_npc0782","optional_rematch_postgame","true","rematch_board_or_postgame_facility","false"
"NPC0783","Cato Noct","arena_apprentice","city_03","story_plus_party_scaled","verdance","talk_to_battle","861","dlg_npc0783","optional_rematch_postgame","true","rematch_board_or_postgame_facility","false"
"NPC0784","Dena Arc","veyr_scout","city_04","story_plus_party_scaled","stone","talk_to_battle","878","dlg_npc0784","optional_rematch_postgame","true","rematch_board_or_postgame_facility","false"
"NPC0785","Eron Holt","relic_hunter","city_05","story_plus_party_scaled","gale","talk_to_battle","895","dlg_npc0785","optional_rematch_postgame","true","rematch_board_or_postgame_facility","false"
"NPC0786","Fia Sol","prism_student","city_06","story_plus_party_scaled","spark","talk_to_battle","912","dlg_npc0786","optional_rematch_postgame","true","rematch_board_or_postgame_facility","false"
"NPC0787","Garr Maren","field_medic","city_07","story_plus_party_scaled","frost","talk_to_battle","929","dlg_npc0787","optional_rematch_postgame","true","rematch_board_or_postgame_facility","false"
"NPC0788","Hale Tor","storm_sailor","city_08","story_plus_party_scaled","metal","talk_to_battle","946","dlg_npc0788","optional_rematch_postgame","true","rematch_board_or_postgame_facility","false"
"NPC0789","Ira Vale","archive_duelist","city_09","story_plus_party_scaled","shade","talk_to_battle","963","dlg_npc0789","optional_rematch_postgame","true","rematch_board_or_postgame_facility","false"
"NPC0790","Juno Quill","postgame_master","city_10","story_plus_party_scaled","radiant","talk_to_battle","980","dlg_npc0790","optional_rematch_postgame","true","rematch_board_or_postgame_facility","false"
"NPC0791","Kira Nox","route_binder","city_11","story_plus_party_scaled","mind","talk_to_battle","997","dlg_npc0791","optional_rematch_postgame","true","rematch_board_or_postgame_facility","false"
"NPC0792","Lio Reed","city_binder","city_12","story_plus_party_scaled","echo","talk_to_battle","1014","dlg_npc0792","optional_rematch_postgame","true","rematch_board_or_postgame_facility","false"
"NPC0793","Mira Esh","arena_apprentice","city_13","story_plus_party_scaled","radiant","talk_to_battle","1031","dlg_npc0793","optional_rematch_postgame","true","rematch_board_or_postgame_facility","false"
"NPC0794","Nox Rusk","veyr_scout","city_14","story_plus_party_scaled","ember","talk_to_battle","1048","dlg_npc0794","optional_rematch_postgame","true","rematch_board_or_postgame_facility","false"
"NPC0795","Oren Voss","relic_hunter","city_15","story_plus_party_scaled","tide","talk_to_battle","1065","dlg_npc0795","optional_rematch_postgame","true","rematch_board_or_postgame_facility","false"
"NPC0796","Pax Rook","prism_student","city_16","story_plus_party_scaled","verdance","talk_to_battle","1082","dlg_npc0796","optional_rematch_postgame","true","rematch_board_or_postgame_facility","false"
"NPC0797","Quin Fenn","field_medic","city_17","story_plus_party_scaled","stone","talk_to_battle","1099","dlg_npc0797","optional_rematch_postgame","true","rematch_board_or_postgame_facility","false"
"NPC0798","Rhea Wren","storm_sailor","city_18","story_plus_party_scaled","gale","talk_to_battle","1116","dlg_npc0798","optional_rematch_postgame","true","rematch_board_or_postgame_facility","false"
"NPC0799","Senn Pell","archive_duelist","city_19","story_plus_party_scaled","spark","talk_to_battle","1133","dlg_npc0799","optional_rematch_postgame","true","rematch_board_or_postgame_facility","false"
"NPC0800","Talia Thane","postgame_master","city_20","story_plus_party_scaled","frost","talk_to_battle","1150","dlg_npc0800","optional_rematch_postgame","true","rematch_board_or_postgame_facility","false"
"NPC0801","Uma Silt","route_binder","city_21","story_plus_party_scaled","metal","talk_to_battle","1167","dlg_npc0801","optional_rematch_postgame","true","rematch_board_or_postgame_facility","false"
"NPC0802","Venn Keir","city_binder","city_22","story_plus_party_scaled","shade","talk_to_battle","1184","dlg_npc0802","optional_rematch_postgame","true","rematch_board_or_postgame_facility","false"
"NPC0803","Wren Noct","arena_apprentice","city_23","story_plus_party_scaled","radiant","talk_to_battle","1201","dlg_npc0803","optional_rematch_postgame","true","rematch_board_or_postgame_facility","false"
"NPC0804","Xara Arc","veyr_scout","city_24","story_plus_party_scaled","mind","talk_to_battle","1218","dlg_npc0804","optional_rematch_postgame","true","rematch_board_or_postgame_facility","false"
"NPC0805","Yven Holt","relic_hunter","city_25","story_plus_party_scaled","echo","talk_to_battle","1235","dlg_npc0805","optional_rematch_postgame","true","rematch_board_or_postgame_facility","false"
"NPC0806","Zale Sol","prism_student","city_26","story_plus_party_scaled","mind","talk_to_battle","1252","dlg_npc0806","optional_rematch_postgame","true","rematch_board_or_postgame_facility","false"
"NPC0807","Ari Maren","field_medic","city_27","story_plus_party_scaled","ember","talk_to_battle","1269","dlg_npc0807","optional_rematch_postgame","true","rematch_board_or_postgame_facility","false"
"NPC0808","Bela Tor","storm_sailor","city_28","story_plus_party_scaled","tide","talk_to_battle","1286","dlg_npc0808","optional_rematch_postgame","true","rematch_board_or_postgame_facility","false"
"NPC0809","Cato Vale","archive_duelist","city_29","story_plus_party_scaled","verdance","talk_to_battle","1303","dlg_npc0809","optional_rematch_postgame","true","rematch_board_or_postgame_facility","false"
"NPC0810","Dena Quill","postgame_master","city_30","story_plus_party_scaled","stone","talk_to_battle","1320","dlg_npc0810","optional_rematch_postgame","true","rematch_board_or_postgame_facility","false"
"NPC0811","Eron Nox","route_binder","city_01","story_plus_party_scaled","gale","talk_to_battle","1337","dlg_npc0811","optional_rematch_postgame","true","rematch_board_or_postgame_facility","false"
"NPC0812","Fia Reed","city_binder","city_02","story_plus_party_scaled","spark","talk_to_battle","1354","dlg_npc0812","optional_rematch_postgame","true","rematch_board_or_postgame_facility","false"
"NPC0813","Garr Esh","arena_apprentice","city_03","story_plus_party_scaled","frost","talk_to_battle","1371","dlg_npc0813","optional_rematch_postgame","true","rematch_board_or_postgame_facility","false"
"NPC0814","Hale Rusk","veyr_scout","city_04","story_plus_party_scaled","metal","talk_to_battle","1388","dlg_npc0814","optional_rematch_postgame","true","rematch_board_or_postgame_facility","false"
"NPC0815","Ira Voss","relic_hunter","city_05","story_plus_party_scaled","shade","talk_to_battle","1405","dlg_npc0815","optional_rematch_postgame","true","rematch_board_or_postgame_facility","false"
"NPC0816","Juno Rook","prism_student","city_06","story_plus_party_scaled","radiant","talk_to_battle","1422","dlg_npc0816","optional_rematch_postgame","true","rematch_board_or_postgame_facility","false"
"NPC0817","Kira Fenn","field_medic","city_07","story_plus_party_scaled","mind","talk_to_battle","1439","dlg_npc0817","optional_rematch_postgame","true","rematch_board_or_postgame_facility","false"
"NPC0818","Lio Wren","storm_sailor","city_08","story_plus_party_scaled","echo","talk_to_battle","1456","dlg_npc0818","optional_rematch_postgame","true","rematch_board_or_postgame_facility","false"
"NPC0819","Mira Pell","archive_duelist","city_09","story_plus_party_scaled","echo","talk_to_battle","1473","dlg_npc0819","optional_rematch_postgame","true","rematch_board_or_postgame_facility","false"
"NPC0820","Nox Thane","postgame_master","city_10","story_plus_party_scaled","ember","talk_to_battle","1490","dlg_npc0820","optional_rematch_postgame","true","rematch_board_or_postgame_facility","false"
"NPC0821","Oren Silt","route_binder","city_11","story_plus_party_scaled","tide","talk_to_battle","1507","dlg_npc0821","optional_rematch_postgame","true","rematch_board_or_postgame_facility","false"
"NPC0822","Pax Keir","city_binder","city_12","story_plus_party_scaled","verdance","talk_to_battle","1524","dlg_npc0822","optional_rematch_postgame","true","rematch_board_or_postgame_facility","false"
"NPC0823","Quin Noct","arena_apprentice","city_13","story_plus_party_scaled","stone","talk_to_battle","1541","dlg_npc0823","optional_rematch_postgame","true","rematch_board_or_postgame_facility","false"
"NPC0824","Rhea Arc","veyr_scout","city_14","story_plus_party_scaled","gale","talk_to_battle","1558","dlg_npc0824","optional_rematch_postgame","true","rematch_board_or_postgame_facility","false"
"NPC0825","Senn Holt","relic_hunter","city_15","story_plus_party_scaled","spark","talk_to_battle","1575","dlg_npc0825","optional_rematch_postgame","true","rematch_board_or_postgame_facility","false"
"NPC0826","Talia Sol","prism_student","city_16","story_plus_party_scaled","frost","talk_to_battle","1592","dlg_npc0826","optional_rematch_postgame","true","rematch_board_or_postgame_facility","false"
"NPC0827","Uma Maren","field_medic","city_17","story_plus_party_scaled","metal","talk_to_battle","1609","dlg_npc0827","optional_rematch_postgame","true","rematch_board_or_postgame_facility","false"
"NPC0828","Venn Tor","storm_sailor","city_18","story_plus_party_scaled","shade","talk_to_battle","1626","dlg_npc0828","optional_rematch_postgame","true","rematch_board_or_postgame_facility","false"
"NPC0829","Wren Vale","archive_duelist","city_19","story_plus_party_scaled","radiant","talk_to_battle","1643","dlg_npc0829","optional_rematch_postgame","true","rematch_board_or_postgame_facility","false"
"NPC0830","Xara Quill","postgame_master","city_20","story_plus_party_scaled","mind","talk_to_battle","1660","dlg_npc0830","optional_rematch_postgame","true","rematch_board_or_postgame_facility","false"
"NPC0831","Yven Nox","route_binder","city_21","story_plus_party_scaled","echo","talk_to_battle","1677","dlg_npc0831","optional_rematch_postgame","true","rematch_board_or_postgame_facility","false"
"NPC0832","Zale Reed","city_binder","city_22","story_plus_party_scaled","shade","talk_to_battle","1694","dlg_npc0832","optional_rematch_postgame","true","rematch_board_or_postgame_facility","false"
"NPC0833","Ari Esh","arena_apprentice","city_23","story_plus_party_scaled","ember","talk_to_battle","1711","dlg_npc0833","optional_rematch_postgame","true","rematch_board_or_postgame_facility","false"
"NPC0834","Bela Rusk","veyr_scout","city_24","story_plus_party_scaled","tide","talk_to_battle","1728","dlg_npc0834","optional_rematch_postgame","true","rematch_board_or_postgame_facility","false"
"NPC0835","Cato Voss","relic_hunter","city_25","story_plus_party_scaled","verdance","talk_to_battle","1745","dlg_npc0835","optional_rematch_postgame","true","rematch_board_or_postgame_facility","false"
"NPC0836","Dena Rook","prism_student","city_26","story_plus_party_scaled","stone","talk_to_battle","1762","dlg_npc0836","optional_rematch_postgame","true","rematch_board_or_postgame_facility","false"
"NPC0837","Eron Fenn","field_medic","city_27","story_plus_party_scaled","gale","talk_to_battle","1779","dlg_npc0837","optional_rematch_postgame","true","rematch_board_or_postgame_facility","false"
"NPC0838","Fia Wren","storm_sailor","city_28","story_plus_party_scaled","spark","talk_to_battle","1796","dlg_npc0838","optional_rematch_postgame","true","rematch_board_or_postgame_facility","false"
"NPC0839","Garr Pell","archive_duelist","city_29","story_plus_party_scaled","frost","talk_to_battle","1813","dlg_npc0839","optional_rematch_postgame","true","rematch_board_or_postgame_facility","false"
"NPC0840","Hale Thane","postgame_master","city_30","story_plus_party_scaled","metal","talk_to_battle","1830","dlg_npc0840","optional_rematch_postgame","true","rematch_board_or_postgame_facility","false"
"NPC0841","Ira Silt","route_binder","city_01","story_plus_party_scaled","shade","talk_to_battle","1847","dlg_npc0841","optional_rematch_postgame","true","rematch_board_or_postgame_facility","false"
"NPC0842","Juno Keir","city_binder","city_02","story_plus_party_scaled","radiant","talk_to_battle","1864","dlg_npc0842","optional_rematch_postgame","true","rematch_board_or_postgame_facility","false"
"NPC0843","Kira Noct","arena_apprentice","city_03","story_plus_party_scaled","mind","talk_to_battle","1881","dlg_npc0843","optional_rematch_postgame","true","rematch_board_or_postgame_facility","false"
"NPC0844","Lio Arc","veyr_scout","city_04","story_plus_party_scaled","echo","talk_to_battle","1898","dlg_npc0844","optional_rematch_postgame","true","rematch_board_or_postgame_facility","false"
"NPC0845","Mira Holt","relic_hunter","city_05","story_plus_party_scaled","radiant","talk_to_battle","1915","dlg_npc0845","optional_rematch_postgame","true","rematch_board_or_postgame_facility","false"
"NPC0846","Nox Sol","prism_student","city_06","story_plus_party_scaled","ember","talk_to_battle","1932","dlg_npc0846","optional_rematch_postgame","true","rematch_board_or_postgame_facility","false"
"NPC0847","Oren Maren","field_medic","city_07","story_plus_party_scaled","tide","talk_to_battle","1949","dlg_npc0847","optional_rematch_postgame","true","rematch_board_or_postgame_facility","false"
"NPC0848","Pax Tor","storm_sailor","city_08","story_plus_party_scaled","verdance","talk_to_battle","1966","dlg_npc0848","optional_rematch_postgame","true","rematch_board_or_postgame_facility","false"
"NPC0849","Quin Vale","archive_duelist","city_09","story_plus_party_scaled","stone","talk_to_battle","1983","dlg_npc0849","optional_rematch_postgame","true","rematch_board_or_postgame_facility","false"
"NPC0850","Rhea Quill","postgame_master","city_10","story_plus_party_scaled","gale","talk_to_battle","2000","dlg_npc0850","optional_rematch_postgame","true","rematch_board_or_postgame_facility","false"
"NPC0851","Senn Nox","route_binder","city_11","story_plus_party_scaled","spark","talk_to_battle","2017","dlg_npc0851","optional_rematch_postgame","true","rematch_board_or_postgame_facility","false"
"NPC0852","Talia Reed","city_binder","city_12","story_plus_party_scaled","frost","talk_to_battle","2034","dlg_npc0852","optional_rematch_postgame","true","rematch_board_or_postgame_facility","false"
"NPC0853","Uma Esh","arena_apprentice","city_13","story_plus_party_scaled","metal","talk_to_battle","2051","dlg_npc0853","optional_rematch_postgame","true","rematch_board_or_postgame_facility","false"
"NPC0854","Venn Rusk","veyr_scout","city_14","story_plus_party_scaled","shade","talk_to_battle","2068","dlg_npc0854","optional_rematch_postgame","true","rematch_board_or_postgame_facility","false"
"NPC0855","Wren Voss","relic_hunter","city_15","story_plus_party_scaled","radiant","talk_to_battle","2085","dlg_npc0855","optional_rematch_postgame","true","rematch_board_or_postgame_facility","false"
"NPC0856","Xara Rook","prism_student","city_16","story_plus_party_scaled","mind","talk_to_battle","2102","dlg_npc0856","optional_rematch_postgame","true","rematch_board_or_postgame_facility","false"
"NPC0857","Yven Fenn","field_medic","city_17","story_plus_party_scaled","echo","talk_to_battle","2119","dlg_npc0857","optional_rematch_postgame","true","rematch_board_or_postgame_facility","false"
"NPC0858","Zale Wren","storm_sailor","city_18","story_plus_party_scaled","mind","talk_to_battle","2136","dlg_npc0858","optional_rematch_postgame","true","rematch_board_or_postgame_facility","false"
"NPC0859","Ari Pell","archive_duelist","city_19","story_plus_party_scaled","ember","talk_to_battle","2153","dlg_npc0859","optional_rematch_postgame","true","rematch_board_or_postgame_facility","false"
"NPC0860","Bela Thane","postgame_master","city_20","story_plus_party_scaled","tide","talk_to_battle","2170","dlg_npc0860","optional_rematch_postgame","true","rematch_board_or_postgame_facility","false"
"NPC0861","Cato Silt","route_binder","city_21","story_plus_party_scaled","verdance","talk_to_battle","2187","dlg_npc0861","optional_rematch_postgame","true","rematch_board_or_postgame_facility","false"
"NPC0862","Dena Keir","city_binder","city_22","story_plus_party_scaled","stone","talk_to_battle","2204","dlg_npc0862","optional_rematch_postgame","true","rematch_board_or_postgame_facility","false"
"NPC0863","Eron Noct","arena_apprentice","city_23","story_plus_party_scaled","gale","talk_to_battle","2221","dlg_npc0863","optional_rematch_postgame","true","rematch_board_or_postgame_facility","false"
"NPC0864","Fia Arc","veyr_scout","city_24","story_plus_party_scaled","spark","talk_to_battle","2238","dlg_npc0864","optional_rematch_postgame","true","rematch_board_or_postgame_facility","false"
"NPC0865","Garr Holt","relic_hunter","city_25","story_plus_party_scaled","frost","talk_to_battle","2255","dlg_npc0865","optional_rematch_postgame","true","rematch_board_or_postgame_facility","false"
"NPC0866","Hale Sol","prism_student","city_26","story_plus_party_scaled","metal","talk_to_battle","2272","dlg_npc0866","optional_rematch_postgame","true","rematch_board_or_postgame_facility","false"
"NPC0867","Ira Maren","field_medic","city_27","story_plus_party_scaled","shade","talk_to_battle","2289","dlg_npc0867","optional_rematch_postgame","true","rematch_board_or_postgame_facility","false"
"NPC0868","Juno Tor","storm_sailor","city_28","story_plus_party_scaled","radiant","talk_to_battle","2306","dlg_npc0868","optional_rematch_postgame","true","rematch_board_or_postgame_facility","false"
"NPC0869","Kira Vale","archive_duelist","city_29","story_plus_party_scaled","mind","talk_to_battle","2323","dlg_npc0869","optional_rematch_postgame","true","rematch_board_or_postgame_facility","false"
"NPC0870","Lio Quill","postgame_master","city_30","story_plus_party_scaled","echo","talk_to_battle","2340","dlg_npc0870","optional_rematch_postgame","true","rematch_board_or_postgame_facility","false"
"NPC0871","Mira Nox","route_binder","city_01","story_plus_party_scaled","echo","talk_to_battle","2357","dlg_npc0871","optional_rematch_postgame","true","rematch_board_or_postgame_facility","false"
"NPC0872","Nox Reed","city_binder","city_02","story_plus_party_scaled","ember","talk_to_battle","2374","dlg_npc0872","optional_rematch_postgame","true","rematch_board_or_postgame_facility","false"
"NPC0873","Oren Esh","arena_apprentice","city_03","story_plus_party_scaled","tide","talk_to_battle","2391","dlg_npc0873","optional_rematch_postgame","true","rematch_board_or_postgame_facility","false"
"NPC0874","Pax Rusk","veyr_scout","city_04","story_plus_party_scaled","verdance","talk_to_battle","2408","dlg_npc0874","optional_rematch_postgame","true","rematch_board_or_postgame_facility","false"
"NPC0875","Quin Voss","relic_hunter","city_05","story_plus_party_scaled","stone","talk_to_battle","2425","dlg_npc0875","optional_rematch_postgame","true","rematch_board_or_postgame_facility","false"
"NPC0876","Rhea Rook","prism_student","city_06","story_plus_party_scaled","gale","talk_to_battle","2442","dlg_npc0876","optional_rematch_postgame","true","rematch_board_or_postgame_facility","false"
"NPC0877","Senn Fenn","field_medic","city_07","story_plus_party_scaled","spark","talk_to_battle","2459","dlg_npc0877","optional_rematch_postgame","true","rematch_board_or_postgame_facility","false"
"NPC0878","Talia Wren","storm_sailor","city_08","story_plus_party_scaled","frost","talk_to_battle","2476","dlg_npc0878","optional_rematch_postgame","true","rematch_board_or_postgame_facility","false"
"NPC0879","Uma Pell","archive_duelist","city_09","story_plus_party_scaled","metal","talk_to_battle","2493","dlg_npc0879","optional_rematch_postgame","true","rematch_board_or_postgame_facility","false"
"NPC0880","Venn Thane","postgame_master","city_10","story_plus_party_scaled","shade","talk_to_battle","2510","dlg_npc0880","optional_rematch_postgame","true","rematch_board_or_postgame_facility","false"
"NPC0881","Wren Silt","route_binder","city_11","story_plus_party_scaled","radiant","talk_to_battle","2527","dlg_npc0881","optional_rematch_postgame","true","rematch_board_or_postgame_facility","false"
"NPC0882","Xara Keir","city_binder","city_12","story_plus_party_scaled","mind","talk_to_battle","2544","dlg_npc0882","optional_rematch_postgame","true","rematch_board_or_postgame_facility","false"
"NPC0883","Yven Noct","arena_apprentice","city_13","story_plus_party_scaled","echo","talk_to_battle","61","dlg_npc0883","optional_rematch_postgame","true","rematch_board_or_postgame_facility","false"
"NPC0884","Zale Arc","veyr_scout","city_14","story_plus_party_scaled","shade","talk_to_battle","78","dlg_npc0884","optional_rematch_postgame","true","rematch_board_or_postgame_facility","false"
"NPC0885","Ari Holt","relic_hunter","city_15","story_plus_party_scaled","ember","talk_to_battle","95","dlg_npc0885","optional_rematch_postgame","true","rematch_board_or_postgame_facility","false"
"NPC0886","Bela Sol","prism_student","city_16","story_plus_party_scaled","tide","talk_to_battle","112","dlg_npc0886","optional_rematch_postgame","true","rematch_board_or_postgame_facility","false"
"NPC0887","Cato Maren","field_medic","city_17","story_plus_party_scaled","verdance","talk_to_battle","129","dlg_npc0887","optional_rematch_postgame","true","rematch_board_or_postgame_facility","false"
"NPC0888","Dena Tor","storm_sailor","city_18","story_plus_party_scaled","stone","talk_to_battle","146","dlg_npc0888","optional_rematch_postgame","true","rematch_board_or_postgame_facility","false"
"NPC0889","Eron Vale","archive_duelist","city_19","story_plus_party_scaled","gale","talk_to_battle","163","dlg_npc0889","optional_rematch_postgame","true","rematch_board_or_postgame_facility","false"
"NPC0890","Fia Quill","postgame_master","city_20","story_plus_party_scaled","spark","talk_to_battle","180","dlg_npc0890","optional_rematch_postgame","true","rematch_board_or_postgame_facility","false"
"NPC0891","Garr Nox","route_binder","city_21","story_plus_party_scaled","frost","talk_to_battle","197","dlg_npc0891","optional_rematch_postgame","true","rematch_board_or_postgame_facility","false"
"NPC0892","Hale Reed","city_binder","city_22","story_plus_party_scaled","metal","talk_to_battle","214","dlg_npc0892","optional_rematch_postgame","true","rematch_board_or_postgame_facility","false"
"NPC0893","Ira Esh","arena_apprentice","city_23","story_plus_party_scaled","shade","talk_to_battle","231","dlg_npc0893","optional_rematch_postgame","true","rematch_board_or_postgame_facility","false"
"NPC0894","Juno Rusk","veyr_scout","city_24","story_plus_party_scaled","radiant","talk_to_battle","248","dlg_npc0894","optional_rematch_postgame","true","rematch_board_or_postgame_facility","false"
"NPC0895","Kira Voss","relic_hunter","city_25","story_plus_party_scaled","mind","talk_to_battle","265","dlg_npc0895","optional_rematch_postgame","true","rematch_board_or_postgame_facility","false"
"NPC0896","Lio Rook","prism_student","city_26","story_plus_party_scaled","echo","talk_to_battle","282","dlg_npc0896","optional_rematch_postgame","true","rematch_board_or_postgame_facility","false"
"NPC0897","Mira Fenn","field_medic","city_27","story_plus_party_scaled","radiant","talk_to_battle","299","dlg_npc0897","optional_rematch_postgame","true","rematch_board_or_postgame_facility","false"
"NPC0898","Nox Wren","storm_sailor","city_28","story_plus_party_scaled","ember","talk_to_battle","316","dlg_npc0898","optional_rematch_postgame","true","rematch_board_or_postgame_facility","false"
"NPC0899","Oren Pell","archive_duelist","city_29","story_plus_party_scaled","tide","talk_to_battle","333","dlg_npc0899","optional_rematch_postgame","true","rematch_board_or_postgame_facility","false"
"NPC0900","Pax Thane","postgame_master","city_30","story_plus_party_scaled","verdance","talk_to_battle","350","dlg_npc0900","optional_rematch_postgame","true","rematch_board_or_postgame_facility","false"
"NPC0901","Quin Silt","route_binder","city_01","story_plus_party_scaled","stone","talk_to_battle","367","dlg_npc0901","simulation_matrix_pool","false","generated_only","false"
"NPC0902","Rhea Keir","city_binder","city_02","story_plus_party_scaled","gale","talk_to_battle","384","dlg_npc0902","simulation_matrix_pool","false","generated_only","false"
"NPC0903","Senn Noct","arena_apprentice","city_03","story_plus_party_scaled","spark","talk_to_battle","401","dlg_npc0903","simulation_matrix_pool","false","generated_only","false"
"NPC0904","Talia Arc","veyr_scout","city_04","story_plus_party_scaled","frost","talk_to_battle","418","dlg_npc0904","simulation_matrix_pool","false","generated_only","false"
"NPC0905","Uma Holt","relic_hunter","city_05","story_plus_party_scaled","metal","talk_to_battle","435","dlg_npc0905","simulation_matrix_pool","false","generated_only","false"
"NPC0906","Venn Sol","prism_student","city_06","story_plus_party_scaled","shade","talk_to_battle","452","dlg_npc0906","simulation_matrix_pool","false","generated_only","false"
"NPC0907","Wren Maren","field_medic","city_07","story_plus_party_scaled","radiant","talk_to_battle","469","dlg_npc0907","simulation_matrix_pool","false","generated_only","false"
"NPC0908","Xara Tor","storm_sailor","city_08","story_plus_party_scaled","mind","talk_to_battle","486","dlg_npc0908","simulation_matrix_pool","false","generated_only","false"
"NPC0909","Yven Vale","archive_duelist","city_09","story_plus_party_scaled","echo","talk_to_battle","503","dlg_npc0909","simulation_matrix_pool","false","generated_only","false"
"NPC0910","Zale Quill","postgame_master","city_10","story_plus_party_scaled","mind","talk_to_battle","520","dlg_npc0910","simulation_matrix_pool","false","generated_only","false"
"NPC0911","Ari Nox","route_binder","city_11","story_plus_party_scaled","ember","talk_to_battle","537","dlg_npc0911","simulation_matrix_pool","false","generated_only","false"
"NPC0912","Bela Reed","city_binder","city_12","story_plus_party_scaled","tide","talk_to_battle","554","dlg_npc0912","simulation_matrix_pool","false","generated_only","false"
"NPC0913","Cato Esh","arena_apprentice","city_13","story_plus_party_scaled","verdance","talk_to_battle","571","dlg_npc0913","simulation_matrix_pool","false","generated_only","false"
"NPC0914","Dena Rusk","veyr_scout","city_14","story_plus_party_scaled","stone","talk_to_battle","588","dlg_npc0914","simulation_matrix_pool","false","generated_only","false"
"NPC0915","Eron Voss","relic_hunter","city_15","story_plus_party_scaled","gale","talk_to_battle","605","dlg_npc0915","simulation_matrix_pool","false","generated_only","false"
"NPC0916","Fia Rook","prism_student","city_16","story_plus_party_scaled","spark","talk_to_battle","622","dlg_npc0916","simulation_matrix_pool","false","generated_only","false"
"NPC0917","Garr Fenn","field_medic","city_17","story_plus_party_scaled","frost","talk_to_battle","639","dlg_npc0917","simulation_matrix_pool","false","generated_only","false"
"NPC0918","Hale Wren","storm_sailor","city_18","story_plus_party_scaled","metal","talk_to_battle","656","dlg_npc0918","simulation_matrix_pool","false","generated_only","false"
"NPC0919","Ira Pell","archive_duelist","city_19","story_plus_party_scaled","shade","talk_to_battle","673","dlg_npc0919","simulation_matrix_pool","false","generated_only","false"
"NPC0920","Juno Thane","postgame_master","city_20","story_plus_party_scaled","radiant","talk_to_battle","690","dlg_npc0920","simulation_matrix_pool","false","generated_only","false"
"NPC0921","Kira Silt","route_binder","city_21","story_plus_party_scaled","mind","talk_to_battle","707","dlg_npc0921","simulation_matrix_pool","false","generated_only","false"
"NPC0922","Lio Keir","city_binder","city_22","story_plus_party_scaled","echo","talk_to_battle","724","dlg_npc0922","simulation_matrix_pool","false","generated_only","false"
"NPC0923","Mira Noct","arena_apprentice","city_23","story_plus_party_scaled","echo","talk_to_battle","741","dlg_npc0923","simulation_matrix_pool","false","generated_only","false"
"NPC0924","Nox Arc","veyr_scout","city_24","story_plus_party_scaled","ember","talk_to_battle","758","dlg_npc0924","simulation_matrix_pool","false","generated_only","false"
"NPC0925","Oren Holt","relic_hunter","city_25","story_plus_party_scaled","tide","talk_to_battle","775","dlg_npc0925","simulation_matrix_pool","false","generated_only","false"
"NPC0926","Pax Sol","prism_student","city_26","story_plus_party_scaled","verdance","talk_to_battle","792","dlg_npc0926","simulation_matrix_pool","false","generated_only","false"
"NPC0927","Quin Maren","field_medic","city_27","story_plus_party_scaled","stone","talk_to_battle","809","dlg_npc0927","simulation_matrix_pool","false","generated_only","false"
"NPC0928","Rhea Tor","storm_sailor","city_28","story_plus_party_scaled","gale","talk_to_battle","826","dlg_npc0928","simulation_matrix_pool","false","generated_only","false"
"NPC0929","Senn Vale","archive_duelist","city_29","story_plus_party_scaled","spark","talk_to_battle","843","dlg_npc0929","simulation_matrix_pool","false","generated_only","false"
"NPC0930","Talia Quill","postgame_master","city_30","story_plus_party_scaled","frost","talk_to_battle","860","dlg_npc0930","simulation_matrix_pool","false","generated_only","false"
"NPC0931","Uma Nox","route_binder","city_01","story_plus_party_scaled","metal","talk_to_battle","877","dlg_npc0931","simulation_matrix_pool","false","generated_only","false"
"NPC0932","Venn Reed","city_binder","city_02","story_plus_party_scaled","shade","talk_to_battle","894","dlg_npc0932","simulation_matrix_pool","false","generated_only","false"
"NPC0933","Wren Esh","arena_apprentice","city_03","story_plus_party_scaled","radiant","talk_to_battle","911","dlg_npc0933","simulation_matrix_pool","false","generated_only","false"
"NPC0934","Xara Rusk","veyr_scout","city_04","story_plus_party_scaled","mind","talk_to_battle","928","dlg_npc0934","simulation_matrix_pool","false","generated_only","false"
"NPC0935","Yven Voss","relic_hunter","city_05","story_plus_party_scaled","echo","talk_to_battle","945","dlg_npc0935","simulation_matrix_pool","false","generated_only","false"
"NPC0936","Zale Rook","prism_student","city_06","story_plus_party_scaled","shade","talk_to_battle","962","dlg_npc0936","simulation_matrix_pool","false","generated_only","false"
"NPC0937","Ari Fenn","field_medic","city_07","story_plus_party_scaled","ember","talk_to_battle","979","dlg_npc0937","simulation_matrix_pool","false","generated_only","false"
"NPC0938","Bela Wren","storm_sailor","city_08","story_plus_party_scaled","tide","talk_to_battle","996","dlg_npc0938","simulation_matrix_pool","false","generated_only","false"
"NPC0939","Cato Pell","archive_duelist","city_09","story_plus_party_scaled","verdance","talk_to_battle","1013","dlg_npc0939","simulation_matrix_pool","false","generated_only","false"
"NPC0940","Dena Thane","postgame_master","city_10","story_plus_party_scaled","stone","talk_to_battle","1030","dlg_npc0940","simulation_matrix_pool","false","generated_only","false"
"NPC0941","Eron Silt","route_binder","city_11","story_plus_party_scaled","gale","talk_to_battle","1047","dlg_npc0941","simulation_matrix_pool","false","generated_only","false"
"NPC0942","Fia Keir","city_binder","city_12","story_plus_party_scaled","spark","talk_to_battle","1064","dlg_npc0942","simulation_matrix_pool","false","generated_only","false"
"NPC0943","Garr Noct","arena_apprentice","city_13","story_plus_party_scaled","frost","talk_to_battle","1081","dlg_npc0943","simulation_matrix_pool","false","generated_only","false"
"NPC0944","Hale Arc","veyr_scout","city_14","story_plus_party_scaled","metal","talk_to_battle","1098","dlg_npc0944","simulation_matrix_pool","false","generated_only","false"
"NPC0945","Ira Holt","relic_hunter","city_15","story_plus_party_scaled","shade","talk_to_battle","1115","dlg_npc0945","simulation_matrix_pool","false","generated_only","false"
"NPC0946","Juno Sol","prism_student","city_16","story_plus_party_scaled","radiant","talk_to_battle","1132","dlg_npc0946","simulation_matrix_pool","false","generated_only","false"
"NPC0947","Kira Maren","field_medic","city_17","story_plus_party_scaled","mind","talk_to_battle","1149","dlg_npc0947","simulation_matrix_pool","false","generated_only","false"
"NPC0948","Lio Tor","storm_sailor","city_18","story_plus_party_scaled","echo","talk_to_battle","1166","dlg_npc0948","simulation_matrix_pool","false","generated_only","false"
"NPC0949","Mira Vale","archive_duelist","city_19","story_plus_party_scaled","radiant","talk_to_battle","1183","dlg_npc0949","simulation_matrix_pool","false","generated_only","false"
"NPC0950","Nox Quill","postgame_master","city_20","story_plus_party_scaled","ember","talk_to_battle","1200","dlg_npc0950","simulation_matrix_pool","false","generated_only","false"
"NPC0951","Oren Nox","route_binder","city_21","story_plus_party_scaled","tide","talk_to_battle","1217","dlg_npc0951","simulation_matrix_pool","false","generated_only","false"
"NPC0952","Pax Reed","city_binder","city_22","story_plus_party_scaled","verdance","talk_to_battle","1234","dlg_npc0952","simulation_matrix_pool","false","generated_only","false"
"NPC0953","Quin Esh","arena_apprentice","city_23","story_plus_party_scaled","stone","talk_to_battle","1251","dlg_npc0953","simulation_matrix_pool","false","generated_only","false"
"NPC0954","Rhea Rusk","veyr_scout","city_24","story_plus_party_scaled","gale","talk_to_battle","1268","dlg_npc0954","simulation_matrix_pool","false","generated_only","false"
"NPC0955","Senn Voss","relic_hunter","city_25","story_plus_party_scaled","spark","talk_to_battle","1285","dlg_npc0955","simulation_matrix_pool","false","generated_only","false"
"NPC0956","Talia Rook","prism_student","city_26","story_plus_party_scaled","frost","talk_to_battle","1302","dlg_npc0956","simulation_matrix_pool","false","generated_only","false"
"NPC0957","Uma Fenn","field_medic","city_27","story_plus_party_scaled","metal","talk_to_battle","1319","dlg_npc0957","simulation_matrix_pool","false","generated_only","false"
"NPC0958","Venn Wren","storm_sailor","city_28","story_plus_party_scaled","shade","talk_to_battle","1336","dlg_npc0958","simulation_matrix_pool","false","generated_only","false"
"NPC0959","Wren Pell","archive_duelist","city_29","story_plus_party_scaled","radiant","talk_to_battle","1353","dlg_npc0959","simulation_matrix_pool","false","generated_only","false"
"NPC0960","Xara Thane","postgame_master","city_30","story_plus_party_scaled","mind","talk_to_battle","1370","dlg_npc0960","simulation_matrix_pool","false","generated_only","false"
"NPC0961","Yven Silt","route_binder","city_01","story_plus_party_scaled","echo","talk_to_battle","1387","dlg_npc0961","simulation_matrix_pool","false","generated_only","false"
"NPC0962","Zale Keir","city_binder","city_02","story_plus_party_scaled","mind","talk_to_battle","1404","dlg_npc0962","simulation_matrix_pool","false","generated_only","false"
"NPC0963","Ari Noct","arena_apprentice","city_03","story_plus_party_scaled","ember","talk_to_battle","1421","dlg_npc0963","simulation_matrix_pool","false","generated_only","false"
"NPC0964","Bela Arc","veyr_scout","city_04","story_plus_party_scaled","tide","talk_to_battle","1438","dlg_npc0964","simulation_matrix_pool","false","generated_only","false"
"NPC0965","Cato Holt","relic_hunter","city_05","story_plus_party_scaled","verdance","talk_to_battle","1455","dlg_npc0965","simulation_matrix_pool","false","generated_only","false"
"NPC0966","Dena Sol","prism_student","city_06","story_plus_party_scaled","stone","talk_to_battle","1472","dlg_npc0966","simulation_matrix_pool","false","generated_only","false"
"NPC0967","Eron Maren","field_medic","city_07","story_plus_party_scaled","gale","talk_to_battle","1489","dlg_npc0967","simulation_matrix_pool","false","generated_only","false"
"NPC0968","Fia Tor","storm_sailor","city_08","story_plus_party_scaled","spark","talk_to_battle","1506","dlg_npc0968","simulation_matrix_pool","false","generated_only","false"
"NPC0969","Garr Vale","archive_duelist","city_09","story_plus_party_scaled","frost","talk_to_battle","1523","dlg_npc0969","simulation_matrix_pool","false","generated_only","false"
"NPC0970","Hale Quill","postgame_master","city_10","story_plus_party_scaled","metal","talk_to_battle","1540","dlg_npc0970","simulation_matrix_pool","false","generated_only","false"
"NPC0971","Ira Nox","route_binder","city_11","story_plus_party_scaled","shade","talk_to_battle","1557","dlg_npc0971","simulation_matrix_pool","false","generated_only","false"
"NPC0972","Juno Reed","city_binder","city_12","story_plus_party_scaled","radiant","talk_to_battle","1574","dlg_npc0972","simulation_matrix_pool","false","generated_only","false"
"NPC0973","Kira Esh","arena_apprentice","city_13","story_plus_party_scaled","mind","talk_to_battle","1591","dlg_npc0973","simulation_matrix_pool","false","generated_only","false"
"NPC0974","Lio Rusk","veyr_scout","city_14","story_plus_party_scaled","echo","talk_to_battle","1608","dlg_npc0974","simulation_matrix_pool","false","generated_only","false"
"NPC0975","Mira Voss","relic_hunter","city_15","story_plus_party_scaled","echo","talk_to_battle","1625","dlg_npc0975","simulation_matrix_pool","false","generated_only","false"
"NPC0976","Nox Rook","prism_student","city_16","story_plus_party_scaled","ember","talk_to_battle","1642","dlg_npc0976","simulation_matrix_pool","false","generated_only","false"
"NPC0977","Oren Fenn","field_medic","city_17","story_plus_party_scaled","tide","talk_to_battle","1659","dlg_npc0977","simulation_matrix_pool","false","generated_only","false"
"NPC0978","Pax Wren","storm_sailor","city_18","story_plus_party_scaled","verdance","talk_to_battle","1676","dlg_npc0978","simulation_matrix_pool","false","generated_only","false"
"NPC0979","Quin Pell","archive_duelist","city_19","story_plus_party_scaled","stone","talk_to_battle","1693","dlg_npc0979","simulation_matrix_pool","false","generated_only","false"
"NPC0980","Rhea Thane","postgame_master","city_20","story_plus_party_scaled","gale","talk_to_battle","1710","dlg_npc0980","simulation_matrix_pool","false","generated_only","false"
"NPC0981","Senn Silt","route_binder","city_21","story_plus_party_scaled","spark","talk_to_battle","1727","dlg_npc0981","simulation_matrix_pool","false","generated_only","false"
"NPC0982","Talia Keir","city_binder","city_22","story_plus_party_scaled","frost","talk_to_battle","1744","dlg_npc0982","simulation_matrix_pool","false","generated_only","false"
"NPC0983","Uma Noct","arena_apprentice","city_23","story_plus_party_scaled","metal","talk_to_battle","1761","dlg_npc0983","simulation_matrix_pool","false","generated_only","false"
"NPC0984","Venn Arc","veyr_scout","city_24","story_plus_party_scaled","shade","talk_to_battle","1778","dlg_npc0984","simulation_matrix_pool","false","generated_only","false"
"NPC0985","Wren Holt","relic_hunter","city_25","story_plus_party_scaled","radiant","talk_to_battle","1795","dlg_npc0985","simulation_matrix_pool","false","generated_only","false"
"NPC0986","Xara Sol","prism_student","city_26","story_plus_party_scaled","mind","talk_to_battle","1812","dlg_npc0986","simulation_matrix_pool","false","generated_only","false"
"NPC0987","Yven Maren","field_medic","city_27","story_plus_party_scaled","echo","talk_to_battle","1829","dlg_npc0987","simulation_matrix_pool","false","generated_only","false"
"NPC0988","Zale Tor","storm_sailor","city_28","story_plus_party_scaled","shade","talk_to_battle","1846","dlg_npc0988","simulation_matrix_pool","false","generated_only","false"
"NPC0989","Ari Vale","archive_duelist","city_29","story_plus_party_scaled","ember","talk_to_battle","1863","dlg_npc0989","simulation_matrix_pool","false","generated_only","false"
"NPC0990","Bela Quill","postgame_master","city_30","story_plus_party_scaled","tide","talk_to_battle","1880","dlg_npc0990","simulation_matrix_pool","false","generated_only","false"
"NPC0991","Cato Nox","route_binder","city_01","story_plus_party_scaled","verdance","talk_to_battle","1897","dlg_npc0991","simulation_matrix_pool","false","generated_only","false"
"NPC0992","Dena Reed","city_binder","city_02","story_plus_party_scaled","stone","talk_to_battle","1914","dlg_npc0992","simulation_matrix_pool","false","generated_only","false"
"NPC0993","Eron Esh","arena_apprentice","city_03","story_plus_party_scaled","gale","talk_to_battle","1931","dlg_npc0993","simulation_matrix_pool","false","generated_only","false"
"NPC0994","Fia Rusk","veyr_scout","city_04","story_plus_party_scaled","spark","talk_to_battle","1948","dlg_npc0994","simulation_matrix_pool","false","generated_only","false"
"NPC0995","Garr Voss","relic_hunter","city_05","story_plus_party_scaled","frost","talk_to_battle","1965","dlg_npc0995","simulation_matrix_pool","false","generated_only","false"
"NPC0996","Hale Rook","prism_student","city_06","story_plus_party_scaled","metal","talk_to_battle","1982","dlg_npc0996","simulation_matrix_pool","false","generated_only","false"
"NPC0997","Ira Fenn","field_medic","city_07","story_plus_party_scaled","shade","talk_to_battle","1999","dlg_npc0997","simulation_matrix_pool","false","generated_only","false"
"NPC0998","Juno Wren","storm_sailor","city_08","story_plus_party_scaled","radiant","talk_to_battle","2016","dlg_npc0998","simulation_matrix_pool","false","generated_only","false"
"NPC0999","Kira Pell","archive_duelist","city_09","story_plus_party_scaled","mind","talk_to_battle","2033","dlg_npc0999","simulation_matrix_pool","false","generated_only","false"
"NPC1000","Lio Thane","postgame_master","city_10","story_plus_party_scaled","echo","talk_to_battle","2050","dlg_npc1000","simulation_matrix_pool","false","generated_only","false"
"NPC1001","Mira Silt","route_binder","city_11","story_plus_party_scaled","radiant","talk_to_battle","2067","dlg_npc1001","simulation_matrix_pool","false","generated_only","false"
"NPC1002","Nox Keir","city_binder","city_12","story_plus_party_scaled","ember","talk_to_battle","2084","dlg_npc1002","simulation_matrix_pool","false","generated_only","false"
"NPC1003","Oren Noct","arena_apprentice","city_13","story_plus_party_scaled","tide","talk_to_battle","2101","dlg_npc1003","simulation_matrix_pool","false","generated_only","false"
"NPC1004","Pax Arc","veyr_scout","city_14","story_plus_party_scaled","verdance","talk_to_battle","2118","dlg_npc1004","simulation_matrix_pool","false","generated_only","false"
"NPC1005","Quin Holt","relic_hunter","city_15","story_plus_party_scaled","stone","talk_to_battle","2135","dlg_npc1005","simulation_matrix_pool","false","generated_only","false"
"NPC1006","Rhea Sol","prism_student","city_16","story_plus_party_scaled","gale","talk_to_battle","2152","dlg_npc1006","simulation_matrix_pool","false","generated_only","false"
"NPC1007","Senn Maren","field_medic","city_17","story_plus_party_scaled","spark","talk_to_battle","2169","dlg_npc1007","simulation_matrix_pool","false","generated_only","false"
"NPC1008","Talia Tor","storm_sailor","city_18","story_plus_party_scaled","frost","talk_to_battle","2186","dlg_npc1008","simulation_matrix_pool","false","generated_only","false"
"NPC1009","Uma Vale","archive_duelist","city_19","story_plus_party_scaled","metal","talk_to_battle","2203","dlg_npc1009","simulation_matrix_pool","false","generated_only","false"
"NPC1010","Venn Quill","postgame_master","city_20","story_plus_party_scaled","shade","talk_to_battle","2220","dlg_npc1010","simulation_matrix_pool","false","generated_only","false"
"NPC1011","Wren Nox","route_binder","city_21","story_plus_party_scaled","radiant","talk_to_battle","2237","dlg_npc1011","simulation_matrix_pool","false","generated_only","false"
"NPC1012","Xara Reed","city_binder","city_22","story_plus_party_scaled","mind","talk_to_battle","2254","dlg_npc1012","simulation_matrix_pool","false","generated_only","false"
"NPC1013","Yven Esh","arena_apprentice","city_23","story_plus_party_scaled","echo","talk_to_battle","2271","dlg_npc1013","simulation_matrix_pool","false","generated_only","false"
"NPC1014","Zale Rusk","veyr_scout","city_24","story_plus_party_scaled","mind","talk_to_battle","2288","dlg_npc1014","simulation_matrix_pool","false","generated_only","false"
"NPC1015","Ari Voss","relic_hunter","city_25","story_plus_party_scaled","ember","talk_to_battle","2305","dlg_npc1015","simulation_matrix_pool","false","generated_only","false"
"NPC1016","Bela Rook","prism_student","city_26","story_plus_party_scaled","tide","talk_to_battle","2322","dlg_npc1016","simulation_matrix_pool","false","generated_only","false"
"NPC1017","Cato Fenn","field_medic","city_27","story_plus_party_scaled","verdance","talk_to_battle","2339","dlg_npc1017","simulation_matrix_pool","false","generated_only","false"
"NPC1018","Dena Wren","storm_sailor","city_28","story_plus_party_scaled","stone","talk_to_battle","2356","dlg_npc1018","simulation_matrix_pool","false","generated_only","false"
"NPC1019","Eron Pell","archive_duelist","city_29","story_plus_party_scaled","gale","talk_to_battle","2373","dlg_npc1019","simulation_matrix_pool","false","generated_only","false"
"NPC1020","Fia Thane","postgame_master","city_30","story_plus_party_scaled","spark","talk_to_battle","2390","dlg_npc1020","simulation_matrix_pool","false","generated_only","false"
"NPC1021","Garr Silt","route_binder","city_01","story_plus_party_scaled","frost","talk_to_battle","2407","dlg_npc1021","simulation_matrix_pool","false","generated_only","false"
"NPC1022","Hale Keir","city_binder","city_02","story_plus_party_scaled","metal","talk_to_battle","2424","dlg_npc1022","simulation_matrix_pool","false","generated_only","false"
"NPC1023","Ira Noct","arena_apprentice","city_03","story_plus_party_scaled","shade","talk_to_battle","2441","dlg_npc1023","simulation_matrix_pool","false","generated_only","false"
"NPC1024","Juno Arc","veyr_scout","city_04","story_plus_party_scaled","radiant","talk_to_battle","2458","dlg_npc1024","simulation_matrix_pool","false","generated_only","false"
"NPC1025","Kira Holt","relic_hunter","city_05","story_plus_party_scaled","mind","talk_to_battle","2475","dlg_npc1025","simulation_matrix_pool","false","generated_only","false"
"NPC1026","Lio Sol","prism_student","city_06","story_plus_party_scaled","echo","talk_to_battle","2492","dlg_npc1026","simulation_matrix_pool","false","generated_only","false"
"NPC1027","Mira Maren","field_medic","city_07","story_plus_party_scaled","echo","talk_to_battle","2509","dlg_npc1027","simulation_matrix_pool","false","generated_only","false"
"NPC1028","Nox Tor","storm_sailor","city_08","story_plus_party_scaled","ember","talk_to_battle","2526","dlg_npc1028","simulation_matrix_pool","false","generated_only","false"
"NPC1029","Oren Vale","archive_duelist","city_09","story_plus_party_scaled","tide","talk_to_battle","2543","dlg_npc1029","simulation_matrix_pool","false","generated_only","false"
"NPC1030","Pax Quill","postgame_master","city_10","story_plus_party_scaled","verdance","talk_to_battle","60","dlg_npc1030","simulation_matrix_pool","false","generated_only","false"
"NPC1031","Quin Nox","route_binder","city_11","story_plus_party_scaled","stone","talk_to_battle","77","dlg_npc1031","simulation_matrix_pool","false","generated_only","false"
"NPC1032","Rhea Reed","city_binder","city_12","story_plus_party_scaled","gale","talk_to_battle","94","dlg_npc1032","simulation_matrix_pool","false","generated_only","false"
"NPC1033","Senn Esh","arena_apprentice","city_13","story_plus_party_scaled","spark","talk_to_battle","111","dlg_npc1033","simulation_matrix_pool","false","generated_only","false"
"NPC1034","Talia Rusk","veyr_scout","city_14","story_plus_party_scaled","frost","talk_to_battle","128","dlg_npc1034","simulation_matrix_pool","false","generated_only","false"
"NPC1035","Uma Voss","relic_hunter","city_15","story_plus_party_scaled","metal","talk_to_battle","145","dlg_npc1035","simulation_matrix_pool","false","generated_only","false"
"NPC1036","Venn Rook","prism_student","city_16","story_plus_party_scaled","shade","talk_to_battle","162","dlg_npc1036","simulation_matrix_pool","false","generated_only","false"
"NPC1037","Wren Fenn","field_medic","city_17","story_plus_party_scaled","radiant","talk_to_battle","179","dlg_npc1037","simulation_matrix_pool","false","generated_only","false"
"NPC1038","Xara Wren","storm_sailor","city_18","story_plus_party_scaled","mind","talk_to_battle","196","dlg_npc1038","simulation_matrix_pool","false","generated_only","false"
"NPC1039","Yven Pell","archive_duelist","city_19","story_plus_party_scaled","echo","talk_to_battle","213","dlg_npc1039","simulation_matrix_pool","false","generated_only","false"
"NPC1040","Zale Thane","postgame_master","city_20","story_plus_party_scaled","shade","talk_to_battle","230","dlg_npc1040","simulation_matrix_pool","false","generated_only","false"
"NPC1041","Ari Silt","route_binder","city_21","story_plus_party_scaled","ember","talk_to_battle","247","dlg_npc1041","simulation_matrix_pool","false","generated_only","false"
"NPC1042","Bela Keir","city_binder","city_22","story_plus_party_scaled","tide","talk_to_battle","264","dlg_npc1042","simulation_matrix_pool","false","generated_only","false"
"NPC1043","Cato Noct","arena_apprentice","city_23","story_plus_party_scaled","verdance","talk_to_battle","281","dlg_npc1043","simulation_matrix_pool","false","generated_only","false"
"NPC1044","Dena Arc","veyr_scout","city_24","story_plus_party_scaled","stone","talk_to_battle","298","dlg_npc1044","simulation_matrix_pool","false","generated_only","false"
"NPC1045","Eron Holt","relic_hunter","city_25","story_plus_party_scaled","gale","talk_to_battle","315","dlg_npc1045","simulation_matrix_pool","false","generated_only","false"
"NPC1046","Fia Sol","prism_student","city_26","story_plus_party_scaled","spark","talk_to_battle","332","dlg_npc1046","simulation_matrix_pool","false","generated_only","false"
"NPC1047","Garr Maren","field_medic","city_27","story_plus_party_scaled","frost","talk_to_battle","349","dlg_npc1047","simulation_matrix_pool","false","generated_only","false"
"NPC1048","Hale Tor","storm_sailor","city_28","story_plus_party_scaled","metal","talk_to_battle","366","dlg_npc1048","simulation_matrix_pool","false","generated_only","false"
"NPC1049","Ira Vale","archive_duelist","city_29","story_plus_party_scaled","shade","talk_to_battle","383","dlg_npc1049","simulation_matrix_pool","false","generated_only","false"
"NPC1050","Juno Quill","postgame_master","city_30","story_plus_party_scaled","radiant","talk_to_battle","400","dlg_npc1050","simulation_matrix_pool","false","generated_only","false"
"NPC1051","Kira Nox","route_binder","city_01","story_plus_party_scaled","mind","talk_to_battle","417","dlg_npc1051","simulation_matrix_pool","false","generated_only","false"
"NPC1052","Lio Reed","city_binder","city_02","story_plus_party_scaled","echo","talk_to_battle","434","dlg_npc1052","simulation_matrix_pool","false","generated_only","false"
"NPC1053","Mira Esh","arena_apprentice","city_03","story_plus_party_scaled","radiant","talk_to_battle","451","dlg_npc1053","simulation_matrix_pool","false","generated_only","false"
"NPC1054","Nox Rusk","veyr_scout","city_04","story_plus_party_scaled","ember","talk_to_battle","468","dlg_npc1054","simulation_matrix_pool","false","generated_only","false"
"NPC1055","Oren Voss","relic_hunter","city_05","story_plus_party_scaled","tide","talk_to_battle","485","dlg_npc1055","simulation_matrix_pool","false","generated_only","false"
"NPC1056","Pax Rook","prism_student","city_06","story_plus_party_scaled","verdance","talk_to_battle","502","dlg_npc1056","simulation_matrix_pool","false","generated_only","false"
"NPC1057","Quin Fenn","field_medic","city_07","story_plus_party_scaled","stone","talk_to_battle","519","dlg_npc1057","simulation_matrix_pool","false","generated_only","false"
"NPC1058","Rhea Wren","storm_sailor","city_08","story_plus_party_scaled","gale","talk_to_battle","536","dlg_npc1058","simulation_matrix_pool","false","generated_only","false"
"NPC1059","Senn Pell","archive_duelist","city_09","story_plus_party_scaled","spark","talk_to_battle","553","dlg_npc1059","simulation_matrix_pool","false","generated_only","false"
"NPC1060","Talia Thane","postgame_master","city_10","story_plus_party_scaled","frost","talk_to_battle","570","dlg_npc1060","simulation_matrix_pool","false","generated_only","false"
"NPC1061","Uma Silt","route_binder","city_11","story_plus_party_scaled","metal","talk_to_battle","587","dlg_npc1061","simulation_matrix_pool","false","generated_only","false"
"NPC1062","Venn Keir","city_binder","city_12","story_plus_party_scaled","shade","talk_to_battle","604","dlg_npc1062","simulation_matrix_pool","false","generated_only","false"
"NPC1063","Wren Noct","arena_apprentice","city_13","story_plus_party_scaled","radiant","talk_to_battle","621","dlg_npc1063","simulation_matrix_pool","false","generated_only","false"
"NPC1064","Xara Arc","veyr_scout","city_14","story_plus_party_scaled","mind","talk_to_battle","638","dlg_npc1064","simulation_matrix_pool","false","generated_only","false"
"NPC1065","Yven Holt","relic_hunter","city_15","story_plus_party_scaled","echo","talk_to_battle","655","dlg_npc1065","simulation_matrix_pool","false","generated_only","false"
"NPC1066","Zale Sol","prism_student","city_16","story_plus_party_scaled","mind","talk_to_battle","672","dlg_npc1066","simulation_matrix_pool","false","generated_only","false"
"NPC1067","Ari Maren","field_medic","city_17","story_plus_party_scaled","ember","talk_to_battle","689","dlg_npc1067","simulation_matrix_pool","false","generated_only","false"
"NPC1068","Bela Tor","storm_sailor","city_18","story_plus_party_scaled","tide","talk_to_battle","706","dlg_npc1068","simulation_matrix_pool","false","generated_only","false"
"NPC1069","Cato Vale","archive_duelist","city_19","story_plus_party_scaled","verdance","talk_to_battle","723","dlg_npc1069","simulation_matrix_pool","false","generated_only","false"
"NPC1070","Dena Quill","postgame_master","city_20","story_plus_party_scaled","stone","talk_to_battle","740","dlg_npc1070","simulation_matrix_pool","false","generated_only","false"
"NPC1071","Eron Nox","route_binder","city_21","story_plus_party_scaled","gale","talk_to_battle","757","dlg_npc1071","simulation_matrix_pool","false","generated_only","false"
"NPC1072","Fia Reed","city_binder","city_22","story_plus_party_scaled","spark","talk_to_battle","774","dlg_npc1072","simulation_matrix_pool","false","generated_only","false"
"NPC1073","Garr Esh","arena_apprentice","city_23","story_plus_party_scaled","frost","talk_to_battle","791","dlg_npc1073","simulation_matrix_pool","false","generated_only","false"
"NPC1074","Hale Rusk","veyr_scout","city_24","story_plus_party_scaled","metal","talk_to_battle","808","dlg_npc1074","simulation_matrix_pool","false","generated_only","false"
"NPC1075","Ira Voss","relic_hunter","city_25","story_plus_party_scaled","shade","talk_to_battle","825","dlg_npc1075","simulation_matrix_pool","false","generated_only","false"
"NPC1076","Juno Rook","prism_student","city_26","story_plus_party_scaled","radiant","talk_to_battle","842","dlg_npc1076","simulation_matrix_pool","false","generated_only","false"
"NPC1077","Kira Fenn","field_medic","city_27","story_plus_party_scaled","mind","talk_to_battle","859","dlg_npc1077","simulation_matrix_pool","false","generated_only","false"
"NPC1078","Lio Wren","storm_sailor","city_28","story_plus_party_scaled","echo","talk_to_battle","876","dlg_npc1078","simulation_matrix_pool","false","generated_only","false"
"NPC1079","Mira Pell","archive_duelist","city_29","story_plus_party_scaled","echo","talk_to_battle","893","dlg_npc1079","simulation_matrix_pool","false","generated_only","false"
"NPC1080","Nox Thane","postgame_master","city_30","story_plus_party_scaled","ember","talk_to_battle","910","dlg_npc1080","simulation_matrix_pool","false","generated_only","false"
"NPC1081","Oren Silt","route_binder","city_01","story_plus_party_scaled","tide","talk_to_battle","927","dlg_npc1081","simulation_matrix_pool","false","generated_only","false"
"NPC1082","Pax Keir","city_binder","city_02","story_plus_party_scaled","verdance","talk_to_battle","944","dlg_npc1082","simulation_matrix_pool","false","generated_only","false"
"NPC1083","Quin Noct","arena_apprentice","city_03","story_plus_party_scaled","stone","talk_to_battle","961","dlg_npc1083","simulation_matrix_pool","false","generated_only","false"
"NPC1084","Rhea Arc","veyr_scout","city_04","story_plus_party_scaled","gale","talk_to_battle","978","dlg_npc1084","simulation_matrix_pool","false","generated_only","false"
"NPC1085","Senn Holt","relic_hunter","city_05","story_plus_party_scaled","spark","talk_to_battle","995","dlg_npc1085","simulation_matrix_pool","false","generated_only","false"
"NPC1086","Talia Sol","prism_student","city_06","story_plus_party_scaled","frost","talk_to_battle","1012","dlg_npc1086","simulation_matrix_pool","false","generated_only","false"
"NPC1087","Uma Maren","field_medic","city_07","story_plus_party_scaled","metal","talk_to_battle","1029","dlg_npc1087","simulation_matrix_pool","false","generated_only","false"
"NPC1088","Venn Tor","storm_sailor","city_08","story_plus_party_scaled","shade","talk_to_battle","1046","dlg_npc1088","simulation_matrix_pool","false","generated_only","false"
"NPC1089","Wren Vale","archive_duelist","city_09","story_plus_party_scaled","radiant","talk_to_battle","1063","dlg_npc1089","simulation_matrix_pool","false","generated_only","false"
"NPC1090","Xara Quill","postgame_master","city_10","story_plus_party_scaled","mind","talk_to_battle","1080","dlg_npc1090","simulation_matrix_pool","false","generated_only","false"
"NPC1091","Yven Nox","route_binder","city_11","story_plus_party_scaled","echo","talk_to_battle","1097","dlg_npc1091","simulation_matrix_pool","false","generated_only","false"
"NPC1092","Zale Reed","city_binder","city_12","story_plus_party_scaled","shade","talk_to_battle","1114","dlg_npc1092","simulation_matrix_pool","false","generated_only","false"
"NPC1093","Ari Esh","arena_apprentice","city_13","story_plus_party_scaled","ember","talk_to_battle","1131","dlg_npc1093","simulation_matrix_pool","false","generated_only","false"
"NPC1094","Bela Rusk","veyr_scout","city_14","story_plus_party_scaled","tide","talk_to_battle","1148","dlg_npc1094","simulation_matrix_pool","false","generated_only","false"
"NPC1095","Cato Voss","relic_hunter","city_15","story_plus_party_scaled","verdance","talk_to_battle","1165","dlg_npc1095","simulation_matrix_pool","false","generated_only","false"
"NPC1096","Dena Rook","prism_student","city_16","story_plus_party_scaled","stone","talk_to_battle","1182","dlg_npc1096","simulation_matrix_pool","false","generated_only","false"
"NPC1097","Eron Fenn","field_medic","city_17","story_plus_party_scaled","gale","talk_to_battle","1199","dlg_npc1097","simulation_matrix_pool","false","generated_only","false"
"NPC1098","Fia Wren","storm_sailor","city_18","story_plus_party_scaled","spark","talk_to_battle","1216","dlg_npc1098","simulation_matrix_pool","false","generated_only","false"
"NPC1099","Garr Pell","archive_duelist","city_19","story_plus_party_scaled","frost","talk_to_battle","1233","dlg_npc1099","simulation_matrix_pool","false","generated_only","false"
"NPC1100","Hale Thane","postgame_master","city_20","story_plus_party_scaled","metal","talk_to_battle","1250","dlg_npc1100","simulation_matrix_pool","false","generated_only","false"
"NPC1101","Ira Silt","route_binder","city_21","story_plus_party_scaled","shade","talk_to_battle","1267","dlg_npc1101","simulation_matrix_pool","false","generated_only","false"
"NPC1102","Juno Keir","city_binder","city_22","story_plus_party_scaled","radiant","talk_to_battle","1284","dlg_npc1102","simulation_matrix_pool","false","generated_only","false"
"NPC1103","Kira Noct","arena_apprentice","city_23","story_plus_party_scaled","mind","talk_to_battle","1301","dlg_npc1103","simulation_matrix_pool","false","generated_only","false"
"NPC1104","Lio Arc","veyr_scout","city_24","story_plus_party_scaled","echo","talk_to_battle","1318","dlg_npc1104","simulation_matrix_pool","false","generated_only","false"
"NPC1105","Mira Holt","relic_hunter","city_25","story_plus_party_scaled","radiant","talk_to_battle","1335","dlg_npc1105","simulation_matrix_pool","false","generated_only","false"
"NPC1106","Nox Sol","prism_student","city_26","story_plus_party_scaled","ember","talk_to_battle","1352","dlg_npc1106","simulation_matrix_pool","false","generated_only","false"
"NPC1107","Oren Maren","field_medic","city_27","story_plus_party_scaled","tide","talk_to_battle","1369","dlg_npc1107","simulation_matrix_pool","false","generated_only","false"
"NPC1108","Pax Tor","storm_sailor","city_28","story_plus_party_scaled","verdance","talk_to_battle","1386","dlg_npc1108","simulation_matrix_pool","false","generated_only","false"
"NPC1109","Quin Vale","archive_duelist","city_29","story_plus_party_scaled","stone","talk_to_battle","1403","dlg_npc1109","simulation_matrix_pool","false","generated_only","false"
"NPC1110","Rhea Quill","postgame_master","city_30","story_plus_party_scaled","gale","talk_to_battle","1420","dlg_npc1110","simulation_matrix_pool","false","generated_only","false"
"NPC1111","Senn Nox","route_binder","city_01","story_plus_party_scaled","spark","talk_to_battle","1437","dlg_npc1111","simulation_matrix_pool","false","generated_only","false"
"NPC1112","Talia Reed","city_binder","city_02","story_plus_party_scaled","frost","talk_to_battle","1454","dlg_npc1112","simulation_matrix_pool","false","generated_only","false"
"NPC1113","Uma Esh","arena_apprentice","city_03","story_plus_party_scaled","metal","talk_to_battle","1471","dlg_npc1113","simulation_matrix_pool","false","generated_only","false"
"NPC1114","Venn Rusk","veyr_scout","city_04","story_plus_party_scaled","shade","talk_to_battle","1488","dlg_npc1114","simulation_matrix_pool","false","generated_only","false"
"NPC1115","Wren Voss","relic_hunter","city_05","story_plus_party_scaled","radiant","talk_to_battle","1505","dlg_npc1115","simulation_matrix_pool","false","generated_only","false"
"NPC1116","Xara Rook","prism_student","city_06","story_plus_party_scaled","mind","talk_to_battle","1522","dlg_npc1116","simulation_matrix_pool","false","generated_only","false"
"NPC1117","Yven Fenn","field_medic","city_07","story_plus_party_scaled","echo","talk_to_battle","1539","dlg_npc1117","simulation_matrix_pool","false","generated_only","false"
"NPC1118","Zale Wren","storm_sailor","city_08","story_plus_party_scaled","mind","talk_to_battle","1556","dlg_npc1118","simulation_matrix_pool","false","generated_only","false"
"NPC1119","Ari Pell","archive_duelist","city_09","story_plus_party_scaled","ember","talk_to_battle","1573","dlg_npc1119","simulation_matrix_pool","false","generated_only","false"
"NPC1120","Bela Thane","postgame_master","city_10","story_plus_party_scaled","tide","talk_to_battle","1590","dlg_npc1120","simulation_matrix_pool","false","generated_only","false"
"NPC1121","Cato Silt","route_binder","city_11","story_plus_party_scaled","verdance","talk_to_battle","1607","dlg_npc1121","simulation_matrix_pool","false","generated_only","false"
"NPC1122","Dena Keir","city_binder","city_12","story_plus_party_scaled","stone","talk_to_battle","1624","dlg_npc1122","simulation_matrix_pool","false","generated_only","false"
"NPC1123","Eron Noct","arena_apprentice","city_13","story_plus_party_scaled","gale","talk_to_battle","1641","dlg_npc1123","simulation_matrix_pool","false","generated_only","false"
"NPC1124","Fia Arc","veyr_scout","city_14","story_plus_party_scaled","spark","talk_to_battle","1658","dlg_npc1124","simulation_matrix_pool","false","generated_only","false"
"NPC1125","Garr Holt","relic_hunter","city_15","story_plus_party_scaled","frost","talk_to_battle","1675","dlg_npc1125","simulation_matrix_pool","false","generated_only","false"
"NPC1126","Hale Sol","prism_student","city_16","story_plus_party_scaled","metal","talk_to_battle","1692","dlg_npc1126","simulation_matrix_pool","false","generated_only","false"
"NPC1127","Ira Maren","field_medic","city_17","story_plus_party_scaled","shade","talk_to_battle","1709","dlg_npc1127","simulation_matrix_pool","false","generated_only","false"
"NPC1128","Juno Tor","storm_sailor","city_18","story_plus_party_scaled","radiant","talk_to_battle","1726","dlg_npc1128","simulation_matrix_pool","false","generated_only","false"
"NPC1129","Kira Vale","archive_duelist","city_19","story_plus_party_scaled","mind","talk_to_battle","1743","dlg_npc1129","simulation_matrix_pool","false","generated_only","false"
"NPC1130","Lio Quill","postgame_master","city_20","story_plus_party_scaled","echo","talk_to_battle","1760","dlg_npc1130","simulation_matrix_pool","false","generated_only","false"
"NPC1131","Mira Nox","route_binder","city_21","story_plus_party_scaled","echo","talk_to_battle","1777","dlg_npc1131","simulation_matrix_pool","false","generated_only","false"
"NPC1132","Nox Reed","city_binder","city_22","story_plus_party_scaled","ember","talk_to_battle","1794","dlg_npc1132","simulation_matrix_pool","false","generated_only","false"
"NPC1133","Oren Esh","arena_apprentice","city_23","story_plus_party_scaled","tide","talk_to_battle","1811","dlg_npc1133","simulation_matrix_pool","false","generated_only","false"
"NPC1134","Pax Rusk","veyr_scout","city_24","story_plus_party_scaled","verdance","talk_to_battle","1828","dlg_npc1134","simulation_matrix_pool","false","generated_only","false"
"NPC1135","Quin Voss","relic_hunter","city_25","story_plus_party_scaled","stone","talk_to_battle","1845","dlg_npc1135","simulation_matrix_pool","false","generated_only","false"
"NPC1136","Rhea Rook","prism_student","city_26","story_plus_party_scaled","gale","talk_to_battle","1862","dlg_npc1136","simulation_matrix_pool","false","generated_only","false"
"NPC1137","Senn Fenn","field_medic","city_27","story_plus_party_scaled","spark","talk_to_battle","1879","dlg_npc1137","simulation_matrix_pool","false","generated_only","false"
"NPC1138","Talia Wren","storm_sailor","city_28","story_plus_party_scaled","frost","talk_to_battle","1896","dlg_npc1138","simulation_matrix_pool","false","generated_only","false"
"NPC1139","Uma Pell","archive_duelist","city_29","story_plus_party_scaled","metal","talk_to_battle","1913","dlg_npc1139","simulation_matrix_pool","false","generated_only","false"
"NPC1140","Venn Thane","postgame_master","city_30","story_plus_party_scaled","shade","talk_to_battle","1930","dlg_npc1140","simulation_matrix_pool","false","generated_only","false"
"NPC1141","Wren Silt","route_binder","city_01","story_plus_party_scaled","radiant","talk_to_battle","1947","dlg_npc1141","simulation_matrix_pool","false","generated_only","false"
"NPC1142","Xara Keir","city_binder","city_02","story_plus_party_scaled","mind","talk_to_battle","1964","dlg_npc1142","simulation_matrix_pool","false","generated_only","false"
"NPC1143","Yven Noct","arena_apprentice","city_03","story_plus_party_scaled","echo","talk_to_battle","1981","dlg_npc1143","simulation_matrix_pool","false","generated_only","false"
"NPC1144","Zale Arc","veyr_scout","city_04","story_plus_party_scaled","shade","talk_to_battle","1998","dlg_npc1144","simulation_matrix_pool","false","generated_only","false"
"NPC1145","Ari Holt","relic_hunter","city_05","story_plus_party_scaled","ember","talk_to_battle","2015","dlg_npc1145","simulation_matrix_pool","false","generated_only","false"
"NPC1146","Bela Sol","prism_student","city_06","story_plus_party_scaled","tide","talk_to_battle","2032","dlg_npc1146","simulation_matrix_pool","false","generated_only","false"
"NPC1147","Cato Maren","field_medic","city_07","story_plus_party_scaled","verdance","talk_to_battle","2049","dlg_npc1147","simulation_matrix_pool","false","generated_only","false"
"NPC1148","Dena Tor","storm_sailor","city_08","story_plus_party_scaled","stone","talk_to_battle","2066","dlg_npc1148","simulation_matrix_pool","false","generated_only","false"
"NPC1149","Eron Vale","archive_duelist","city_09","story_plus_party_scaled","gale","talk_to_battle","2083","dlg_npc1149","simulation_matrix_pool","false","generated_only","false"
"NPC1150","Fia Quill","postgame_master","city_10","story_plus_party_scaled","spark","talk_to_battle","2100","dlg_npc1150","simulation_matrix_pool","false","generated_only","false"
"NPC1151","Garr Nox","route_binder","city_11","story_plus_party_scaled","frost","talk_to_battle","2117","dlg_npc1151","simulation_matrix_pool","false","generated_only","false"
"NPC1152","Hale Reed","city_binder","city_12","story_plus_party_scaled","metal","talk_to_battle","2134","dlg_npc1152","simulation_matrix_pool","false","generated_only","false"
"NPC1153","Ira Esh","arena_apprentice","city_13","story_plus_party_scaled","shade","talk_to_battle","2151","dlg_npc1153","simulation_matrix_pool","false","generated_only","false"
"NPC1154","Juno Rusk","veyr_scout","city_14","story_plus_party_scaled","radiant","talk_to_battle","2168","dlg_npc1154","simulation_matrix_pool","false","generated_only","false"
"NPC1155","Kira Voss","relic_hunter","city_15","story_plus_party_scaled","mind","talk_to_battle","2185","dlg_npc1155","simulation_matrix_pool","false","generated_only","false"
"NPC1156","Lio Rook","prism_student","city_16","story_plus_party_scaled","echo","talk_to_battle","2202","dlg_npc1156","simulation_matrix_pool","false","generated_only","false"
"NPC1157","Mira Fenn","field_medic","city_17","story_plus_party_scaled","radiant","talk_to_battle","2219","dlg_npc1157","simulation_matrix_pool","false","generated_only","false"
"NPC1158","Nox Wren","storm_sailor","city_18","story_plus_party_scaled","ember","talk_to_battle","2236","dlg_npc1158","simulation_matrix_pool","false","generated_only","false"
"NPC1159","Oren Pell","archive_duelist","city_19","story_plus_party_scaled","tide","talk_to_battle","2253","dlg_npc1159","simulation_matrix_pool","false","generated_only","false"
"NPC1160","Pax Thane","postgame_master","city_20","story_plus_party_scaled","verdance","talk_to_battle","2270","dlg_npc1160","simulation_matrix_pool","false","generated_only","false"
"NPC1161","Quin Silt","route_binder","city_21","story_plus_party_scaled","stone","talk_to_battle","2287","dlg_npc1161","simulation_matrix_pool","false","generated_only","false"
"NPC1162","Rhea Keir","city_binder","city_22","story_plus_party_scaled","gale","talk_to_battle","2304","dlg_npc1162","simulation_matrix_pool","false","generated_only","false"
"NPC1163","Senn Noct","arena_apprentice","city_23","story_plus_party_scaled","spark","talk_to_battle","2321","dlg_npc1163","simulation_matrix_pool","false","generated_only","false"
"NPC1164","Talia Arc","veyr_scout","city_24","story_plus_party_scaled","frost","talk_to_battle","2338","dlg_npc1164","simulation_matrix_pool","false","generated_only","false"
"NPC1165","Uma Holt","relic_hunter","city_25","story_plus_party_scaled","metal","talk_to_battle","2355","dlg_npc1165","simulation_matrix_pool","false","generated_only","false"
"NPC1166","Venn Sol","prism_student","city_26","story_plus_party_scaled","shade","talk_to_battle","2372","dlg_npc1166","simulation_matrix_pool","false","generated_only","false"
"NPC1167","Wren Maren","field_medic","city_27","story_plus_party_scaled","radiant","talk_to_battle","2389","dlg_npc1167","simulation_matrix_pool","false","generated_only","false"
"NPC1168","Xara Tor","storm_sailor","city_28","story_plus_party_scaled","mind","talk_to_battle","2406","dlg_npc1168","simulation_matrix_pool","false","generated_only","false"
"NPC1169","Yven Vale","archive_duelist","city_29","story_plus_party_scaled","echo","talk_to_battle","2423","dlg_npc1169","simulation_matrix_pool","false","generated_only","false"
"NPC1170","Zale Quill","postgame_master","city_30","story_plus_party_scaled","mind","talk_to_battle","2440","dlg_npc1170","simulation_matrix_pool","false","generated_only","false"
"NPC1171","Ari Nox","route_binder","city_01","story_plus_party_scaled","ember","talk_to_battle","2457","dlg_npc1171","simulation_matrix_pool","false","generated_only","false"
"NPC1172","Bela Reed","city_binder","city_02","story_plus_party_scaled","tide","talk_to_battle","2474","dlg_npc1172","simulation_matrix_pool","false","generated_only","false"
"NPC1173","Cato Esh","arena_apprentice","city_03","story_plus_party_scaled","verdance","talk_to_battle","2491","dlg_npc1173","simulation_matrix_pool","false","generated_only","false"
"NPC1174","Dena Rusk","veyr_scout","city_04","story_plus_party_scaled","stone","talk_to_battle","2508","dlg_npc1174","simulation_matrix_pool","false","generated_only","false"
"NPC1175","Eron Voss","relic_hunter","city_05","story_plus_party_scaled","gale","talk_to_battle","2525","dlg_npc1175","simulation_matrix_pool","false","generated_only","false"
"NPC1176","Fia Rook","prism_student","city_06","story_plus_party_scaled","spark","talk_to_battle","2542","dlg_npc1176","simulation_matrix_pool","false","generated_only","false"
"NPC1177","Garr Fenn","field_medic","city_07","story_plus_party_scaled","frost","talk_to_battle","59","dlg_npc1177","simulation_matrix_pool","false","generated_only","false"
"NPC1178","Hale Wren","storm_sailor","city_08","story_plus_party_scaled","metal","talk_to_battle","76","dlg_npc1178","simulation_matrix_pool","false","generated_only","false"
"NPC1179","Ira Pell","archive_duelist","city_09","story_plus_party_scaled","shade","talk_to_battle","93","dlg_npc1179","simulation_matrix_pool","false","generated_only","false"
"NPC1180","Juno Thane","postgame_master","city_10","story_plus_party_scaled","radiant","talk_to_battle","110","dlg_npc1180","simulation_matrix_pool","false","generated_only","false"
"NPC1181","Kira Silt","route_binder","city_11","story_plus_party_scaled","mind","talk_to_battle","127","dlg_npc1181","simulation_matrix_pool","false","generated_only","false"
"NPC1182","Lio Keir","city_binder","city_12","story_plus_party_scaled","echo","talk_to_battle","144","dlg_npc1182","simulation_matrix_pool","false","generated_only","false"
"NPC1183","Mira Noct","arena_apprentice","city_13","story_plus_party_scaled","echo","talk_to_battle","161","dlg_npc1183","simulation_matrix_pool","false","generated_only","false"
"NPC1184","Nox Arc","veyr_scout","city_14","story_plus_party_scaled","ember","talk_to_battle","178","dlg_npc1184","simulation_matrix_pool","false","generated_only","false"
"NPC1185","Oren Holt","relic_hunter","city_15","story_plus_party_scaled","tide","talk_to_battle","195","dlg_npc1185","simulation_matrix_pool","false","generated_only","false"
"NPC1186","Pax Sol","prism_student","city_16","story_plus_party_scaled","verdance","talk_to_battle","212","dlg_npc1186","simulation_matrix_pool","false","generated_only","false"
"NPC1187","Quin Maren","field_medic","city_17","story_plus_party_scaled","stone","talk_to_battle","229","dlg_npc1187","simulation_matrix_pool","false","generated_only","false"
"NPC1188","Rhea Tor","storm_sailor","city_18","story_plus_party_scaled","gale","talk_to_battle","246","dlg_npc1188","simulation_matrix_pool","false","generated_only","false"
"NPC1189","Senn Vale","archive_duelist","city_19","story_plus_party_scaled","spark","talk_to_battle","263","dlg_npc1189","simulation_matrix_pool","false","generated_only","false"
"NPC1190","Talia Quill","postgame_master","city_20","story_plus_party_scaled","frost","talk_to_battle","280","dlg_npc1190","simulation_matrix_pool","false","generated_only","false"
"NPC1191","Uma Nox","route_binder","city_21","story_plus_party_scaled","metal","talk_to_battle","297","dlg_npc1191","simulation_matrix_pool","false","generated_only","false"
"NPC1192","Venn Reed","city_binder","city_22","story_plus_party_scaled","shade","talk_to_battle","314","dlg_npc1192","simulation_matrix_pool","false","generated_only","false"
"NPC1193","Wren Esh","arena_apprentice","city_23","story_plus_party_scaled","radiant","talk_to_battle","331","dlg_npc1193","simulation_matrix_pool","false","generated_only","false"
"NPC1194","Xara Rusk","veyr_scout","city_24","story_plus_party_scaled","mind","talk_to_battle","348","dlg_npc1194","simulation_matrix_pool","false","generated_only","false"
"NPC1195","Yven Voss","relic_hunter","city_25","story_plus_party_scaled","echo","talk_to_battle","365","dlg_npc1195","simulation_matrix_pool","false","generated_only","false"
"NPC1196","Zale Rook","prism_student","city_26","story_plus_party_scaled","shade","talk_to_battle","382","dlg_npc1196","simulation_matrix_pool","false","generated_only","false"
"NPC1197","Ari Fenn","field_medic","city_27","story_plus_party_scaled","ember","talk_to_battle","399","dlg_npc1197","simulation_matrix_pool","false","generated_only","false"
"NPC1198","Bela Wren","storm_sailor","city_28","story_plus_party_scaled","tide","talk_to_battle","416","dlg_npc1198","simulation_matrix_pool","false","generated_only","false"
"NPC1199","Cato Pell","archive_duelist","city_29","story_plus_party_scaled","verdance","talk_to_battle","433","dlg_npc1199","simulation_matrix_pool","false","generated_only","false"
"NPC1200","Dena Thane","postgame_master","city_30","story_plus_party_scaled","stone","talk_to_battle","450","dlg_npc1200","simulation_matrix_pool","false","generated_only","false"
"NPC1201","Eron Silt","route_binder","city_01","story_plus_party_scaled","gale","talk_to_battle","467","dlg_npc1201","simulation_matrix_pool","false","generated_only","false"
"NPC1202","Fia Keir","city_binder","city_02","story_plus_party_scaled","spark","talk_to_battle","484","dlg_npc1202","simulation_matrix_pool","false","generated_only","false"
"NPC1203","Garr Noct","arena_apprentice","city_03","story_plus_party_scaled","frost","talk_to_battle","501","dlg_npc1203","simulation_matrix_pool","false","generated_only","false"
"NPC1204","Hale Arc","veyr_scout","city_04","story_plus_party_scaled","metal","talk_to_battle","518","dlg_npc1204","simulation_matrix_pool","false","generated_only","false"
"NPC1205","Ira Holt","relic_hunter","city_05","story_plus_party_scaled","shade","talk_to_battle","535","dlg_npc1205","simulation_matrix_pool","false","generated_only","false"
"NPC1206","Juno Sol","prism_student","city_06","story_plus_party_scaled","radiant","talk_to_battle","552","dlg_npc1206","simulation_matrix_pool","false","generated_only","false"
"NPC1207","Kira Maren","field_medic","city_07","story_plus_party_scaled","mind","talk_to_battle","569","dlg_npc1207","simulation_matrix_pool","false","generated_only","false"
"NPC1208","Lio Tor","storm_sailor","city_08","story_plus_party_scaled","echo","talk_to_battle","586","dlg_npc1208","simulation_matrix_pool","false","generated_only","false"
"NPC1209","Mira Vale","archive_duelist","city_09","story_plus_party_scaled","radiant","talk_to_battle","603","dlg_npc1209","simulation_matrix_pool","false","generated_only","false"
"NPC1210","Nox Quill","postgame_master","city_10","story_plus_party_scaled","ember","talk_to_battle","620","dlg_npc1210","simulation_matrix_pool","false","generated_only","false"
"NPC1211","Oren Nox","route_binder","city_11","story_plus_party_scaled","tide","talk_to_battle","637","dlg_npc1211","simulation_matrix_pool","false","generated_only","false"
"NPC1212","Pax Reed","city_binder","city_12","story_plus_party_scaled","verdance","talk_to_battle","654","dlg_npc1212","simulation_matrix_pool","false","generated_only","false"
"NPC1213","Quin Esh","arena_apprentice","city_13","story_plus_party_scaled","stone","talk_to_battle","671","dlg_npc1213","simulation_matrix_pool","false","generated_only","false"
"NPC1214","Rhea Rusk","veyr_scout","city_14","story_plus_party_scaled","gale","talk_to_battle","688","dlg_npc1214","simulation_matrix_pool","false","generated_only","false"
"NPC1215","Senn Voss","relic_hunter","city_15","story_plus_party_scaled","spark","talk_to_battle","705","dlg_npc1215","simulation_matrix_pool","false","generated_only","false"
"NPC1216","Talia Rook","prism_student","city_16","story_plus_party_scaled","frost","talk_to_battle","722","dlg_npc1216","simulation_matrix_pool","false","generated_only","false"
"NPC1217","Uma Fenn","field_medic","city_17","story_plus_party_scaled","metal","talk_to_battle","739","dlg_npc1217","simulation_matrix_pool","false","generated_only","false"
"NPC1218","Venn Wren","storm_sailor","city_18","story_plus_party_scaled","shade","talk_to_battle","756","dlg_npc1218","simulation_matrix_pool","false","generated_only","false"
"NPC1219","Wren Pell","archive_duelist","city_19","story_plus_party_scaled","radiant","talk_to_battle","773","dlg_npc1219","simulation_matrix_pool","false","generated_only","false"
"NPC1220","Xara Thane","postgame_master","city_20","story_plus_party_scaled","mind","talk_to_battle","790","dlg_npc1220","simulation_matrix_pool","false","generated_only","false"
"NPC1221","Yven Silt","route_binder","city_21","story_plus_party_scaled","echo","talk_to_battle","807","dlg_npc1221","simulation_matrix_pool","false","generated_only","false"
"NPC1222","Zale Keir","city_binder","city_22","story_plus_party_scaled","mind","talk_to_battle","824","dlg_npc1222","simulation_matrix_pool","false","generated_only","false"
"NPC1223","Ari Noct","arena_apprentice","city_23","story_plus_party_scaled","ember","talk_to_battle","841","dlg_npc1223","simulation_matrix_pool","false","generated_only","false"
"NPC1224","Bela Arc","veyr_scout","city_24","story_plus_party_scaled","tide","talk_to_battle","858","dlg_npc1224","simulation_matrix_pool","false","generated_only","false"
"NPC1225","Cato Holt","relic_hunter","city_25","story_plus_party_scaled","verdance","talk_to_battle","875","dlg_npc1225","simulation_matrix_pool","false","generated_only","false"
"NPC1226","Dena Sol","prism_student","city_26","story_plus_party_scaled","stone","talk_to_battle","892","dlg_npc1226","simulation_matrix_pool","false","generated_only","false"
"NPC1227","Eron Maren","field_medic","city_27","story_plus_party_scaled","gale","talk_to_battle","909","dlg_npc1227","simulation_matrix_pool","false","generated_only","false"
"NPC1228","Fia Tor","storm_sailor","city_28","story_plus_party_scaled","spark","talk_to_battle","926","dlg_npc1228","simulation_matrix_pool","false","generated_only","false"
"NPC1229","Garr Vale","archive_duelist","city_29","story_plus_party_scaled","frost","talk_to_battle","943","dlg_npc1229","simulation_matrix_pool","false","generated_only","false"
"NPC1230","Hale Quill","postgame_master","city_30","story_plus_party_scaled","metal","talk_to_battle","960","dlg_npc1230","simulation_matrix_pool","false","generated_only","false"
"NPC1231","Ira Nox","route_binder","city_01","story_plus_party_scaled","shade","talk_to_battle","977","dlg_npc1231","simulation_matrix_pool","false","generated_only","false"
"NPC1232","Juno Reed","city_binder","city_02","story_plus_party_scaled","radiant","talk_to_battle","994","dlg_npc1232","simulation_matrix_pool","false","generated_only","false"
"NPC1233","Kira Esh","arena_apprentice","city_03","story_plus_party_scaled","mind","talk_to_battle","1011","dlg_npc1233","simulation_matrix_pool","false","generated_only","false"
"NPC1234","Lio Rusk","veyr_scout","city_04","story_plus_party_scaled","echo","talk_to_battle","1028","dlg_npc1234","simulation_matrix_pool","false","generated_only","false"
"NPC1235","Mira Voss","relic_hunter","city_05","story_plus_party_scaled","echo","talk_to_battle","1045","dlg_npc1235","simulation_matrix_pool","false","generated_only","false"
"NPC1236","Nox Rook","prism_student","city_06","story_plus_party_scaled","ember","talk_to_battle","1062","dlg_npc1236","simulation_matrix_pool","false","generated_only","false"
"NPC1237","Oren Fenn","field_medic","city_07","story_plus_party_scaled","tide","talk_to_battle","1079","dlg_npc1237","simulation_matrix_pool","false","generated_only","false"
"NPC1238","Pax Wren","storm_sailor","city_08","story_plus_party_scaled","verdance","talk_to_battle","1096","dlg_npc1238","simulation_matrix_pool","false","generated_only","false"
"NPC1239","Quin Pell","archive_duelist","city_09","story_plus_party_scaled","stone","talk_to_battle","1113","dlg_npc1239","simulation_matrix_pool","false","generated_only","false"
"NPC1240","Rhea Thane","postgame_master","city_10","story_plus_party_scaled","gale","talk_to_battle","1130","dlg_npc1240","simulation_matrix_pool","false","generated_only","false"
"NPC1241","Senn Silt","route_binder","city_11","story_plus_party_scaled","spark","talk_to_battle","1147","dlg_npc1241","simulation_matrix_pool","false","generated_only","false"
"NPC1242","Talia Keir","city_binder","city_12","story_plus_party_scaled","frost","talk_to_battle","1164","dlg_npc1242","simulation_matrix_pool","false","generated_only","false"
"NPC1243","Uma Noct","arena_apprentice","city_13","story_plus_party_scaled","metal","talk_to_battle","1181","dlg_npc1243","simulation_matrix_pool","false","generated_only","false"
"NPC1244","Venn Arc","veyr_scout","city_14","story_plus_party_scaled","shade","talk_to_battle","1198","dlg_npc1244","simulation_matrix_pool","false","generated_only","false"
"NPC1245","Wren Holt","relic_hunter","city_15","story_plus_party_scaled","radiant","talk_to_battle","1215","dlg_npc1245","simulation_matrix_pool","false","generated_only","false"
"NPC1246","Xara Sol","prism_student","city_16","story_plus_party_scaled","mind","talk_to_battle","1232","dlg_npc1246","simulation_matrix_pool","false","generated_only","false"
"NPC1247","Yven Maren","field_medic","city_17","story_plus_party_scaled","echo","talk_to_battle","1249","dlg_npc1247","simulation_matrix_pool","false","generated_only","false"
"NPC1248","Zale Tor","storm_sailor","city_18","story_plus_party_scaled","shade","talk_to_battle","1266","dlg_npc1248","simulation_matrix_pool","false","generated_only","false"
"NPC1249","Ari Vale","archive_duelist","city_19","story_plus_party_scaled","ember","talk_to_battle","1283","dlg_npc1249","simulation_matrix_pool","false","generated_only","false"
"NPC1250","Bela Quill","postgame_master","city_20","story_plus_party_scaled","tide","talk_to_battle","1300","dlg_npc1250","simulation_matrix_pool","false","generated_only","false"
"NPC1251","Cato Nox","route_binder","city_21","story_plus_party_scaled","verdance","talk_to_battle","1317","dlg_npc1251","simulation_matrix_pool","false","generated_only","false"
"NPC1252","Dena Reed","city_binder","city_22","story_plus_party_scaled","stone","talk_to_battle","1334","dlg_npc1252","simulation_matrix_pool","false","generated_only","false"
"NPC1253","Eron Esh","arena_apprentice","city_23","story_plus_party_scaled","gale","talk_to_battle","1351","dlg_npc1253","simulation_matrix_pool","false","generated_only","false"
"NPC1254","Fia Rusk","veyr_scout","city_24","story_plus_party_scaled","spark","talk_to_battle","1368","dlg_npc1254","simulation_matrix_pool","false","generated_only","false"
"NPC1255","Garr Voss","relic_hunter","city_25","story_plus_party_scaled","frost","talk_to_battle","1385","dlg_npc1255","simulation_matrix_pool","false","generated_only","false"
"NPC1256","Hale Rook","prism_student","city_26","story_plus_party_scaled","metal","talk_to_battle","1402","dlg_npc1256","simulation_matrix_pool","false","generated_only","false"
"NPC1257","Ira Fenn","field_medic","city_27","story_plus_party_scaled","shade","talk_to_battle","1419","dlg_npc1257","simulation_matrix_pool","false","generated_only","false"
"NPC1258","Juno Wren","storm_sailor","city_28","story_plus_party_scaled","radiant","talk_to_battle","1436","dlg_npc1258","simulation_matrix_pool","false","generated_only","false"
"NPC1259","Kira Pell","archive_duelist","city_29","story_plus_party_scaled","mind","talk_to_battle","1453","dlg_npc1259","simulation_matrix_pool","false","generated_only","false"
"NPC1260","Lio Thane","postgame_master","city_30","story_plus_party_scaled","echo","talk_to_battle","1470","dlg_npc1260","simulation_matrix_pool","false","generated_only","false"
"NPC1261","Mira Silt","route_binder","city_01","story_plus_party_scaled","radiant","talk_to_battle","1487","dlg_npc1261","simulation_matrix_pool","false","generated_only","false"
"NPC1262","Nox Keir","city_binder","city_02","story_plus_party_scaled","ember","talk_to_battle","1504","dlg_npc1262","simulation_matrix_pool","false","generated_only","false"
"NPC1263","Oren Noct","arena_apprentice","city_03","story_plus_party_scaled","tide","talk_to_battle","1521","dlg_npc1263","simulation_matrix_pool","false","generated_only","false"
"NPC1264","Pax Arc","veyr_scout","city_04","story_plus_party_scaled","verdance","talk_to_battle","1538","dlg_npc1264","simulation_matrix_pool","false","generated_only","false"
"NPC1265","Quin Holt","relic_hunter","city_05","story_plus_party_scaled","stone","talk_to_battle","1555","dlg_npc1265","simulation_matrix_pool","false","generated_only","false"
"NPC1266","Rhea Sol","prism_student","city_06","story_plus_party_scaled","gale","talk_to_battle","1572","dlg_npc1266","simulation_matrix_pool","false","generated_only","false"
"NPC1267","Senn Maren","field_medic","city_07","story_plus_party_scaled","spark","talk_to_battle","1589","dlg_npc1267","simulation_matrix_pool","false","generated_only","false"
"NPC1268","Talia Tor","storm_sailor","city_08","story_plus_party_scaled","frost","talk_to_battle","1606","dlg_npc1268","simulation_matrix_pool","false","generated_only","false"
"NPC1269","Uma Vale","archive_duelist","city_09","story_plus_party_scaled","metal","talk_to_battle","1623","dlg_npc1269","simulation_matrix_pool","false","generated_only","false"
"NPC1270","Venn Quill","postgame_master","city_10","story_plus_party_scaled","shade","talk_to_battle","1640","dlg_npc1270","simulation_matrix_pool","false","generated_only","false"
"NPC1271","Wren Nox","route_binder","city_11","story_plus_party_scaled","radiant","talk_to_battle","1657","dlg_npc1271","simulation_matrix_pool","false","generated_only","false"
"NPC1272","Xara Reed","city_binder","city_12","story_plus_party_scaled","mind","talk_to_battle","1674","dlg_npc1272","simulation_matrix_pool","false","generated_only","false"
"NPC1273","Yven Esh","arena_apprentice","city_13","story_plus_party_scaled","echo","talk_to_battle","1691","dlg_npc1273","simulation_matrix_pool","false","generated_only","false"
"NPC1274","Zale Rusk","veyr_scout","city_14","story_plus_party_scaled","mind","talk_to_battle","1708","dlg_npc1274","simulation_matrix_pool","false","generated_only","false"
"NPC1275","Ari Voss","relic_hunter","city_15","story_plus_party_scaled","ember","talk_to_battle","1725","dlg_npc1275","simulation_matrix_pool","false","generated_only","false"
"NPC1276","Bela Rook","prism_student","city_16","story_plus_party_scaled","tide","talk_to_battle","1742","dlg_npc1276","simulation_matrix_pool","false","generated_only","false"
"NPC1277","Cato Fenn","field_medic","city_17","story_plus_party_scaled","verdance","talk_to_battle","1759","dlg_npc1277","simulation_matrix_pool","false","generated_only","false"
"NPC1278","Dena Wren","storm_sailor","city_18","story_plus_party_scaled","stone","talk_to_battle","1776","dlg_npc1278","simulation_matrix_pool","false","generated_only","false"
"NPC1279","Eron Pell","archive_duelist","city_19","story_plus_party_scaled","gale","talk_to_battle","1793","dlg_npc1279","simulation_matrix_pool","false","generated_only","false"
"NPC1280","Fia Thane","postgame_master","city_20","story_plus_party_scaled","spark","talk_to_battle","1810","dlg_npc1280","simulation_matrix_pool","false","generated_only","false"
"NPC1281","Garr Silt","route_binder","city_21","story_plus_party_scaled","frost","talk_to_battle","1827","dlg_npc1281","simulation_matrix_pool","false","generated_only","false"
"NPC1282","Hale Keir","city_binder","city_22","story_plus_party_scaled","metal","talk_to_battle","1844","dlg_npc1282","simulation_matrix_pool","false","generated_only","false"
"NPC1283","Ira Noct","arena_apprentice","city_23","story_plus_party_scaled","shade","talk_to_battle","1861","dlg_npc1283","simulation_matrix_pool","false","generated_only","false"
"NPC1284","Juno Arc","veyr_scout","city_24","story_plus_party_scaled","radiant","talk_to_battle","1878","dlg_npc1284","simulation_matrix_pool","false","generated_only","false"
"NPC1285","Kira Holt","relic_hunter","city_25","story_plus_party_scaled","mind","talk_to_battle","1895","dlg_npc1285","simulation_matrix_pool","false","generated_only","false"
"NPC1286","Lio Sol","prism_student","city_26","story_plus_party_scaled","echo","talk_to_battle","1912","dlg_npc1286","simulation_matrix_pool","false","generated_only","false"
"NPC1287","Mira Maren","field_medic","city_27","story_plus_party_scaled","echo","talk_to_battle","1929","dlg_npc1287","simulation_matrix_pool","false","generated_only","false"
"NPC1288","Nox Tor","storm_sailor","city_28","story_plus_party_scaled","ember","talk_to_battle","1946","dlg_npc1288","simulation_matrix_pool","false","generated_only","false"
"NPC1289","Oren Vale","archive_duelist","city_29","story_plus_party_scaled","tide","talk_to_battle","1963","dlg_npc1289","simulation_matrix_pool","false","generated_only","false"
"NPC1290","Pax Quill","postgame_master","city_30","story_plus_party_scaled","verdance","talk_to_battle","1980","dlg_npc1290","simulation_matrix_pool","false","generated_only","false"
"NPC1291","Quin Nox","route_binder","city_01","story_plus_party_scaled","stone","talk_to_battle","1997","dlg_npc1291","simulation_matrix_pool","false","generated_only","false"
"NPC1292","Rhea Reed","city_binder","city_02","story_plus_party_scaled","gale","talk_to_battle","2014","dlg_npc1292","simulation_matrix_pool","false","generated_only","false"
"NPC1293","Senn Esh","arena_apprentice","city_03","story_plus_party_scaled","spark","talk_to_battle","2031","dlg_npc1293","simulation_matrix_pool","false","generated_only","false"
"NPC1294","Talia Rusk","veyr_scout","city_04","story_plus_party_scaled","frost","talk_to_battle","2048","dlg_npc1294","simulation_matrix_pool","false","generated_only","false"
"NPC1295","Uma Voss","relic_hunter","city_05","story_plus_party_scaled","metal","talk_to_battle","2065","dlg_npc1295","simulation_matrix_pool","false","generated_only","false"
"NPC1296","Venn Rook","prism_student","city_06","story_plus_party_scaled","shade","talk_to_battle","2082","dlg_npc1296","simulation_matrix_pool","false","generated_only","false"
"NPC1297","Wren Fenn","field_medic","city_07","story_plus_party_scaled","radiant","talk_to_battle","2099","dlg_npc1297","simulation_matrix_pool","false","generated_only","false"
"NPC1298","Xara Wren","storm_sailor","city_08","story_plus_party_scaled","mind","talk_to_battle","2116","dlg_npc1298","simulation_matrix_pool","false","generated_only","false"
"NPC1299","Yven Pell","archive_duelist","city_09","story_plus_party_scaled","echo","talk_to_battle","2133","dlg_npc1299","simulation_matrix_pool","false","generated_only","false"
"NPC1300","Zale Thane","postgame_master","city_10","story_plus_party_scaled","shade","talk_to_battle","2150","dlg_npc1300","simulation_matrix_pool","false","generated_only","false"
"NPC1301","Ari Silt","route_binder","city_11","story_plus_party_scaled","ember","talk_to_battle","2167","dlg_npc1301","simulation_matrix_pool","false","generated_only","false"
"NPC1302","Bela Keir","city_binder","city_12","story_plus_party_scaled","tide","talk_to_battle","2184","dlg_npc1302","simulation_matrix_pool","false","generated_only","false"
"NPC1303","Cato Noct","arena_apprentice","city_13","story_plus_party_scaled","verdance","talk_to_battle","2201","dlg_npc1303","simulation_matrix_pool","false","generated_only","false"
"NPC1304","Dena Arc","veyr_scout","city_14","story_plus_party_scaled","stone","talk_to_battle","2218","dlg_npc1304","simulation_matrix_pool","false","generated_only","false"
"NPC1305","Eron Holt","relic_hunter","city_15","story_plus_party_scaled","gale","talk_to_battle","2235","dlg_npc1305","simulation_matrix_pool","false","generated_only","false"
"NPC1306","Fia Sol","prism_student","city_16","story_plus_party_scaled","spark","talk_to_battle","2252","dlg_npc1306","simulation_matrix_pool","false","generated_only","false"
"NPC1307","Garr Maren","field_medic","city_17","story_plus_party_scaled","frost","talk_to_battle","2269","dlg_npc1307","simulation_matrix_pool","false","generated_only","false"
"NPC1308","Hale Tor","storm_sailor","city_18","story_plus_party_scaled","metal","talk_to_battle","2286","dlg_npc1308","simulation_matrix_pool","false","generated_only","false"
"NPC1309","Ira Vale","archive_duelist","city_19","story_plus_party_scaled","shade","talk_to_battle","2303","dlg_npc1309","simulation_matrix_pool","false","generated_only","false"
"NPC1310","Juno Quill","postgame_master","city_20","story_plus_party_scaled","radiant","talk_to_battle","2320","dlg_npc1310","simulation_matrix_pool","false","generated_only","false"
"NPC1311","Kira Nox","route_binder","city_21","story_plus_party_scaled","mind","talk_to_battle","2337","dlg_npc1311","simulation_matrix_pool","false","generated_only","false"
"NPC1312","Lio Reed","city_binder","city_22","story_plus_party_scaled","echo","talk_to_battle","2354","dlg_npc1312","simulation_matrix_pool","false","generated_only","false"
"NPC1313","Mira Esh","arena_apprentice","city_23","story_plus_party_scaled","radiant","talk_to_battle","2371","dlg_npc1313","simulation_matrix_pool","false","generated_only","false"
"NPC1314","Nox Rusk","veyr_scout","city_24","story_plus_party_scaled","ember","talk_to_battle","2388","dlg_npc1314","simulation_matrix_pool","false","generated_only","false"
"NPC1315","Oren Voss","relic_hunter","city_25","story_plus_party_scaled","tide","talk_to_battle","2405","dlg_npc1315","simulation_matrix_pool","false","generated_only","false"
"NPC1316","Pax Rook","prism_student","city_26","story_plus_party_scaled","verdance","talk_to_battle","2422","dlg_npc1316","simulation_matrix_pool","false","generated_only","false"
"NPC1317","Quin Fenn","field_medic","city_27","story_plus_party_scaled","stone","talk_to_battle","2439","dlg_npc1317","simulation_matrix_pool","false","generated_only","false"
"NPC1318","Rhea Wren","storm_sailor","city_28","story_plus_party_scaled","gale","talk_to_battle","2456","dlg_npc1318","simulation_matrix_pool","false","generated_only","false"
"NPC1319","Senn Pell","archive_duelist","city_29","story_plus_party_scaled","spark","talk_to_battle","2473","dlg_npc1319","simulation_matrix_pool","false","generated_only","false"
"NPC1320","Talia Thane","postgame_master","city_30","story_plus_party_scaled","frost","talk_to_battle","2490","dlg_npc1320","simulation_matrix_pool","false","generated_only","false"
"NPC1321","Uma Silt","route_binder","city_01","story_plus_party_scaled","metal","talk_to_battle","2507","dlg_npc1321","simulation_matrix_pool","false","generated_only","false"
"NPC1322","Venn Keir","city_binder","city_02","story_plus_party_scaled","shade","talk_to_battle","2524","dlg_npc1322","simulation_matrix_pool","false","generated_only","false"
"NPC1323","Wren Noct","arena_apprentice","city_03","story_plus_party_scaled","radiant","talk_to_battle","2541","dlg_npc1323","simulation_matrix_pool","false","generated_only","false"
"NPC1324","Xara Arc","veyr_scout","city_04","story_plus_party_scaled","mind","talk_to_battle","58","dlg_npc1324","simulation_matrix_pool","false","generated_only","false"
"NPC1325","Yven Holt","relic_hunter","city_05","story_plus_party_scaled","echo","talk_to_battle","75","dlg_npc1325","simulation_matrix_pool","false","generated_only","false"
"NPC1326","Zale Sol","prism_student","city_06","story_plus_party_scaled","mind","talk_to_battle","92","dlg_npc1326","simulation_matrix_pool","false","generated_only","false"
"NPC1327","Ari Maren","field_medic","city_07","story_plus_party_scaled","ember","talk_to_battle","109","dlg_npc1327","simulation_matrix_pool","false","generated_only","false"
"NPC1328","Bela Tor","storm_sailor","city_08","story_plus_party_scaled","tide","talk_to_battle","126","dlg_npc1328","simulation_matrix_pool","false","generated_only","false"
"NPC1329","Cato Vale","archive_duelist","city_09","story_plus_party_scaled","verdance","talk_to_battle","143","dlg_npc1329","simulation_matrix_pool","false","generated_only","false"
"NPC1330","Dena Quill","postgame_master","city_10","story_plus_party_scaled","stone","talk_to_battle","160","dlg_npc1330","simulation_matrix_pool","false","generated_only","false"
"NPC1331","Eron Nox","route_binder","city_11","story_plus_party_scaled","gale","talk_to_battle","177","dlg_npc1331","simulation_matrix_pool","false","generated_only","false"
"NPC1332","Fia Reed","city_binder","city_12","story_plus_party_scaled","spark","talk_to_battle","194","dlg_npc1332","simulation_matrix_pool","false","generated_only","false"
"NPC1333","Garr Esh","arena_apprentice","city_13","story_plus_party_scaled","frost","talk_to_battle","211","dlg_npc1333","simulation_matrix_pool","false","generated_only","false"
"NPC1334","Hale Rusk","veyr_scout","city_14","story_plus_party_scaled","metal","talk_to_battle","228","dlg_npc1334","simulation_matrix_pool","false","generated_only","false"
"NPC1335","Ira Voss","relic_hunter","city_15","story_plus_party_scaled","shade","talk_to_battle","245","dlg_npc1335","simulation_matrix_pool","false","generated_only","false"
"NPC1336","Juno Rook","prism_student","city_16","story_plus_party_scaled","radiant","talk_to_battle","262","dlg_npc1336","simulation_matrix_pool","false","generated_only","false"
"NPC1337","Kira Fenn","field_medic","city_17","story_plus_party_scaled","mind","talk_to_battle","279","dlg_npc1337","simulation_matrix_pool","false","generated_only","false"
"NPC1338","Lio Wren","storm_sailor","city_18","story_plus_party_scaled","echo","talk_to_battle","296","dlg_npc1338","simulation_matrix_pool","false","generated_only","false"
"NPC1339","Mira Pell","archive_duelist","city_19","story_plus_party_scaled","echo","talk_to_battle","313","dlg_npc1339","simulation_matrix_pool","false","generated_only","false"
"NPC1340","Nox Thane","postgame_master","city_20","story_plus_party_scaled","ember","talk_to_battle","330","dlg_npc1340","simulation_matrix_pool","false","generated_only","false"
"NPC1341","Oren Silt","route_binder","city_21","story_plus_party_scaled","tide","talk_to_battle","347","dlg_npc1341","simulation_matrix_pool","false","generated_only","false"
"NPC1342","Pax Keir","city_binder","city_22","story_plus_party_scaled","verdance","talk_to_battle","364","dlg_npc1342","simulation_matrix_pool","false","generated_only","false"
"NPC1343","Quin Noct","arena_apprentice","city_23","story_plus_party_scaled","stone","talk_to_battle","381","dlg_npc1343","simulation_matrix_pool","false","generated_only","false"
"NPC1344","Rhea Arc","veyr_scout","city_24","story_plus_party_scaled","gale","talk_to_battle","398","dlg_npc1344","simulation_matrix_pool","false","generated_only","false"
"NPC1345","Senn Holt","relic_hunter","city_25","story_plus_party_scaled","spark","talk_to_battle","415","dlg_npc1345","simulation_matrix_pool","false","generated_only","false"
"NPC1346","Talia Sol","prism_student","city_26","story_plus_party_scaled","frost","talk_to_battle","432","dlg_npc1346","simulation_matrix_pool","false","generated_only","false"
"NPC1347","Uma Maren","field_medic","city_27","story_plus_party_scaled","metal","talk_to_battle","449","dlg_npc1347","simulation_matrix_pool","false","generated_only","false"
"NPC1348","Venn Tor","storm_sailor","city_28","story_plus_party_scaled","shade","talk_to_battle","466","dlg_npc1348","simulation_matrix_pool","false","generated_only","false"
"NPC1349","Wren Vale","archive_duelist","city_29","story_plus_party_scaled","radiant","talk_to_battle","483","dlg_npc1349","simulation_matrix_pool","false","generated_only","false"
"NPC1350","Xara Quill","postgame_master","city_30","story_plus_party_scaled","mind","talk_to_battle","500","dlg_npc1350","simulation_matrix_pool","false","generated_only","false"
"NPC1351","Yven Nox","route_binder","city_01","story_plus_party_scaled","echo","talk_to_battle","517","dlg_npc1351","simulation_matrix_pool","false","generated_only","false"
"NPC1352","Zale Reed","city_binder","city_02","story_plus_party_scaled","shade","talk_to_battle","534","dlg_npc1352","simulation_matrix_pool","false","generated_only","false"
"NPC1353","Ari Esh","arena_apprentice","city_03","story_plus_party_scaled","ember","talk_to_battle","551","dlg_npc1353","simulation_matrix_pool","false","generated_only","false"
"NPC1354","Bela Rusk","veyr_scout","city_04","story_plus_party_scaled","tide","talk_to_battle","568","dlg_npc1354","simulation_matrix_pool","false","generated_only","false"
"NPC1355","Cato Voss","relic_hunter","city_05","story_plus_party_scaled","verdance","talk_to_battle","585","dlg_npc1355","simulation_matrix_pool","false","generated_only","false"
"NPC1356","Dena Rook","prism_student","city_06","story_plus_party_scaled","stone","talk_to_battle","602","dlg_npc1356","simulation_matrix_pool","false","generated_only","false"
"NPC1357","Eron Fenn","field_medic","city_07","story_plus_party_scaled","gale","talk_to_battle","619","dlg_npc1357","simulation_matrix_pool","false","generated_only","false"
"NPC1358","Fia Wren","storm_sailor","city_08","story_plus_party_scaled","spark","talk_to_battle","636","dlg_npc1358","simulation_matrix_pool","false","generated_only","false"
"NPC1359","Garr Pell","archive_duelist","city_09","story_plus_party_scaled","frost","talk_to_battle","653","dlg_npc1359","simulation_matrix_pool","false","generated_only","false"
"NPC1360","Hale Thane","postgame_master","city_10","story_plus_party_scaled","metal","talk_to_battle","670","dlg_npc1360","simulation_matrix_pool","false","generated_only","false"
"NPC1361","Ira Silt","route_binder","city_11","story_plus_party_scaled","shade","talk_to_battle","687","dlg_npc1361","simulation_matrix_pool","false","generated_only","false"
"NPC1362","Juno Keir","city_binder","city_12","story_plus_party_scaled","radiant","talk_to_battle","704","dlg_npc1362","simulation_matrix_pool","false","generated_only","false"
"NPC1363","Kira Noct","arena_apprentice","city_13","story_plus_party_scaled","mind","talk_to_battle","721","dlg_npc1363","simulation_matrix_pool","false","generated_only","false"
"NPC1364","Lio Arc","veyr_scout","city_14","story_plus_party_scaled","echo","talk_to_battle","738","dlg_npc1364","simulation_matrix_pool","false","generated_only","false"
"NPC1365","Mira Holt","relic_hunter","city_15","story_plus_party_scaled","radiant","talk_to_battle","755","dlg_npc1365","simulation_matrix_pool","false","generated_only","false"
"NPC1366","Nox Sol","prism_student","city_16","story_plus_party_scaled","ember","talk_to_battle","772","dlg_npc1366","simulation_matrix_pool","false","generated_only","false"
"NPC1367","Oren Maren","field_medic","city_17","story_plus_party_scaled","tide","talk_to_battle","789","dlg_npc1367","simulation_matrix_pool","false","generated_only","false"
"NPC1368","Pax Tor","storm_sailor","city_18","story_plus_party_scaled","verdance","talk_to_battle","806","dlg_npc1368","simulation_matrix_pool","false","generated_only","false"
"NPC1369","Quin Vale","archive_duelist","city_19","story_plus_party_scaled","stone","talk_to_battle","823","dlg_npc1369","simulation_matrix_pool","false","generated_only","false"
"NPC1370","Rhea Quill","postgame_master","city_20","story_plus_party_scaled","gale","talk_to_battle","840","dlg_npc1370","simulation_matrix_pool","false","generated_only","false"
"NPC1371","Senn Nox","route_binder","city_21","story_plus_party_scaled","spark","talk_to_battle","857","dlg_npc1371","simulation_matrix_pool","false","generated_only","false"
"NPC1372","Talia Reed","city_binder","city_22","story_plus_party_scaled","frost","talk_to_battle","874","dlg_npc1372","simulation_matrix_pool","false","generated_only","false"
"NPC1373","Uma Esh","arena_apprentice","city_23","story_plus_party_scaled","metal","talk_to_battle","891","dlg_npc1373","simulation_matrix_pool","false","generated_only","false"
"NPC1374","Venn Rusk","veyr_scout","city_24","story_plus_party_scaled","shade","talk_to_battle","908","dlg_npc1374","simulation_matrix_pool","false","generated_only","false"
"NPC1375","Wren Voss","relic_hunter","city_25","story_plus_party_scaled","radiant","talk_to_battle","925","dlg_npc1375","simulation_matrix_pool","false","generated_only","false"
"NPC1376","Xara Rook","prism_student","city_26","story_plus_party_scaled","mind","talk_to_battle","942","dlg_npc1376","simulation_matrix_pool","false","generated_only","false"
"NPC1377","Yven Fenn","field_medic","city_27","story_plus_party_scaled","echo","talk_to_battle","959","dlg_npc1377","simulation_matrix_pool","false","generated_only","false"
"NPC1378","Zale Wren","storm_sailor","city_28","story_plus_party_scaled","mind","talk_to_battle","976","dlg_npc1378","simulation_matrix_pool","false","generated_only","false"
"NPC1379","Ari Pell","archive_duelist","city_29","story_plus_party_scaled","ember","talk_to_battle","993","dlg_npc1379","simulation_matrix_pool","false","generated_only","false"
"NPC1380","Bela Thane","postgame_master","city_30","story_plus_party_scaled","tide","talk_to_battle","1010","dlg_npc1380","simulation_matrix_pool","false","generated_only","false"
"NPC1381","Cato Silt","route_binder","city_01","story_plus_party_scaled","verdance","talk_to_battle","1027","dlg_npc1381","simulation_matrix_pool","false","generated_only","false"
"NPC1382","Dena Keir","city_binder","city_02","story_plus_party_scaled","stone","talk_to_battle","1044","dlg_npc1382","simulation_matrix_pool","false","generated_only","false"
"NPC1383","Eron Noct","arena_apprentice","city_03","story_plus_party_scaled","gale","talk_to_battle","1061","dlg_npc1383","simulation_matrix_pool","false","generated_only","false"
"NPC1384","Fia Arc","veyr_scout","city_04","story_plus_party_scaled","spark","talk_to_battle","1078","dlg_npc1384","simulation_matrix_pool","false","generated_only","false"
"NPC1385","Garr Holt","relic_hunter","city_05","story_plus_party_scaled","frost","talk_to_battle","1095","dlg_npc1385","simulation_matrix_pool","false","generated_only","false"
"NPC1386","Hale Sol","prism_student","city_06","story_plus_party_scaled","metal","talk_to_battle","1112","dlg_npc1386","simulation_matrix_pool","false","generated_only","false"
"NPC1387","Ira Maren","field_medic","city_07","story_plus_party_scaled","shade","talk_to_battle","1129","dlg_npc1387","simulation_matrix_pool","false","generated_only","false"
"NPC1388","Juno Tor","storm_sailor","city_08","story_plus_party_scaled","radiant","talk_to_battle","1146","dlg_npc1388","simulation_matrix_pool","false","generated_only","false"
"NPC1389","Kira Vale","archive_duelist","city_09","story_plus_party_scaled","mind","talk_to_battle","1163","dlg_npc1389","simulation_matrix_pool","false","generated_only","false"
"NPC1390","Lio Quill","postgame_master","city_10","story_plus_party_scaled","echo","talk_to_battle","1180","dlg_npc1390","simulation_matrix_pool","false","generated_only","false"
"NPC1391","Mira Nox","route_binder","city_11","story_plus_party_scaled","echo","talk_to_battle","1197","dlg_npc1391","simulation_matrix_pool","false","generated_only","false"
"NPC1392","Nox Reed","city_binder","city_12","story_plus_party_scaled","ember","talk_to_battle","1214","dlg_npc1392","simulation_matrix_pool","false","generated_only","false"
"NPC1393","Oren Esh","arena_apprentice","city_13","story_plus_party_scaled","tide","talk_to_battle","1231","dlg_npc1393","simulation_matrix_pool","false","generated_only","false"
"NPC1394","Pax Rusk","veyr_scout","city_14","story_plus_party_scaled","verdance","talk_to_battle","1248","dlg_npc1394","simulation_matrix_pool","false","generated_only","false"
"NPC1395","Quin Voss","relic_hunter","city_15","story_plus_party_scaled","stone","talk_to_battle","1265","dlg_npc1395","simulation_matrix_pool","false","generated_only","false"
"NPC1396","Rhea Rook","prism_student","city_16","story_plus_party_scaled","gale","talk_to_battle","1282","dlg_npc1396","simulation_matrix_pool","false","generated_only","false"
"NPC1397","Senn Fenn","field_medic","city_17","story_plus_party_scaled","spark","talk_to_battle","1299","dlg_npc1397","simulation_matrix_pool","false","generated_only","false"
"NPC1398","Talia Wren","storm_sailor","city_18","story_plus_party_scaled","frost","talk_to_battle","1316","dlg_npc1398","simulation_matrix_pool","false","generated_only","false"
"NPC1399","Uma Pell","archive_duelist","city_19","story_plus_party_scaled","metal","talk_to_battle","1333","dlg_npc1399","simulation_matrix_pool","false","generated_only","false"
"NPC1400","Venn Thane","postgame_master","city_20","story_plus_party_scaled","shade","talk_to_battle","1350","dlg_npc1400","simulation_matrix_pool","false","generated_only","false"
"NPC1401","Wren Silt","route_binder","city_21","story_plus_party_scaled","radiant","talk_to_battle","1367","dlg_npc1401","simulation_matrix_pool","false","generated_only","false"
"NPC1402","Xara Keir","city_binder","city_22","story_plus_party_scaled","mind","talk_to_battle","1384","dlg_npc1402","simulation_matrix_pool","false","generated_only","false"
"NPC1403","Yven Noct","arena_apprentice","city_23","story_plus_party_scaled","echo","talk_to_battle","1401","dlg_npc1403","simulation_matrix_pool","false","generated_only","false"
"NPC1404","Zale Arc","veyr_scout","city_24","story_plus_party_scaled","shade","talk_to_battle","1418","dlg_npc1404","simulation_matrix_pool","false","generated_only","false"
"NPC1405","Ari Holt","relic_hunter","city_25","story_plus_party_scaled","ember","talk_to_battle","1435","dlg_npc1405","simulation_matrix_pool","false","generated_only","false"
"NPC1406","Bela Sol","prism_student","city_26","story_plus_party_scaled","tide","talk_to_battle","1452","dlg_npc1406","simulation_matrix_pool","false","generated_only","false"
"NPC1407","Cato Maren","field_medic","city_27","story_plus_party_scaled","verdance","talk_to_battle","1469","dlg_npc1407","simulation_matrix_pool","false","generated_only","false"
"NPC1408","Dena Tor","storm_sailor","city_28","story_plus_party_scaled","stone","talk_to_battle","1486","dlg_npc1408","simulation_matrix_pool","false","generated_only","false"
"NPC1409","Eron Vale","archive_duelist","city_29","story_plus_party_scaled","gale","talk_to_battle","1503","dlg_npc1409","simulation_matrix_pool","false","generated_only","false"
"NPC1410","Fia Quill","postgame_master","city_30","story_plus_party_scaled","spark","talk_to_battle","1520","dlg_npc1410","simulation_matrix_pool","false","generated_only","false"
"NPC1411","Garr Nox","route_binder","city_01","story_plus_party_scaled","frost","talk_to_battle","1537","dlg_npc1411","simulation_matrix_pool","false","generated_only","false"
"NPC1412","Hale Reed","city_binder","city_02","story_plus_party_scaled","metal","talk_to_battle","1554","dlg_npc1412","simulation_matrix_pool","false","generated_only","false"
"NPC1413","Ira Esh","arena_apprentice","city_03","story_plus_party_scaled","shade","talk_to_battle","1571","dlg_npc1413","simulation_matrix_pool","false","generated_only","false"
"NPC1414","Juno Rusk","veyr_scout","city_04","story_plus_party_scaled","radiant","talk_to_battle","1588","dlg_npc1414","simulation_matrix_pool","false","generated_only","false"
"NPC1415","Kira Voss","relic_hunter","city_05","story_plus_party_scaled","mind","talk_to_battle","1605","dlg_npc1415","simulation_matrix_pool","false","generated_only","false"
"NPC1416","Lio Rook","prism_student","city_06","story_plus_party_scaled","echo","talk_to_battle","1622","dlg_npc1416","simulation_matrix_pool","false","generated_only","false"
"NPC1417","Mira Fenn","field_medic","city_07","story_plus_party_scaled","radiant","talk_to_battle","1639","dlg_npc1417","simulation_matrix_pool","false","generated_only","false"
"NPC1418","Nox Wren","storm_sailor","city_08","story_plus_party_scaled","ember","talk_to_battle","1656","dlg_npc1418","simulation_matrix_pool","false","generated_only","false"
"NPC1419","Oren Pell","archive_duelist","city_09","story_plus_party_scaled","tide","talk_to_battle","1673","dlg_npc1419","simulation_matrix_pool","false","generated_only","false"
"NPC1420","Pax Thane","postgame_master","city_10","story_plus_party_scaled","verdance","talk_to_battle","1690","dlg_npc1420","simulation_matrix_pool","false","generated_only","false"
"NPC1421","Quin Silt","route_binder","city_11","story_plus_party_scaled","stone","talk_to_battle","1707","dlg_npc1421","simulation_matrix_pool","false","generated_only","false"
"NPC1422","Rhea Keir","city_binder","city_12","story_plus_party_scaled","gale","talk_to_battle","1724","dlg_npc1422","simulation_matrix_pool","false","generated_only","false"
"NPC1423","Senn Noct","arena_apprentice","city_13","story_plus_party_scaled","spark","talk_to_battle","1741","dlg_npc1423","simulation_matrix_pool","false","generated_only","false"
"NPC1424","Talia Arc","veyr_scout","city_14","story_plus_party_scaled","frost","talk_to_battle","1758","dlg_npc1424","simulation_matrix_pool","false","generated_only","false"
"NPC1425","Uma Holt","relic_hunter","city_15","story_plus_party_scaled","metal","talk_to_battle","1775","dlg_npc1425","simulation_matrix_pool","false","generated_only","false"
"NPC1426","Venn Sol","prism_student","city_16","story_plus_party_scaled","shade","talk_to_battle","1792","dlg_npc1426","simulation_matrix_pool","false","generated_only","false"
"NPC1427","Wren Maren","field_medic","city_17","story_plus_party_scaled","radiant","talk_to_battle","1809","dlg_npc1427","simulation_matrix_pool","false","generated_only","false"
"NPC1428","Xara Tor","storm_sailor","city_18","story_plus_party_scaled","mind","talk_to_battle","1826","dlg_npc1428","simulation_matrix_pool","false","generated_only","false"
"NPC1429","Yven Vale","archive_duelist","city_19","story_plus_party_scaled","echo","talk_to_battle","1843","dlg_npc1429","simulation_matrix_pool","false","generated_only","false"
"NPC1430","Zale Quill","postgame_master","city_20","story_plus_party_scaled","mind","talk_to_battle","1860","dlg_npc1430","simulation_matrix_pool","false","generated_only","false"
"NPC1431","Ari Nox","route_binder","city_21","story_plus_party_scaled","ember","talk_to_battle","1877","dlg_npc1431","simulation_matrix_pool","false","generated_only","false"
"NPC1432","Bela Reed","city_binder","city_22","story_plus_party_scaled","tide","talk_to_battle","1894","dlg_npc1432","simulation_matrix_pool","false","generated_only","false"
"NPC1433","Cato Esh","arena_apprentice","city_23","story_plus_party_scaled","verdance","talk_to_battle","1911","dlg_npc1433","simulation_matrix_pool","false","generated_only","false"
"NPC1434","Dena Rusk","veyr_scout","city_24","story_plus_party_scaled","stone","talk_to_battle","1928","dlg_npc1434","simulation_matrix_pool","false","generated_only","false"
"NPC1435","Eron Voss","relic_hunter","city_25","story_plus_party_scaled","gale","talk_to_battle","1945","dlg_npc1435","simulation_matrix_pool","false","generated_only","false"
"NPC1436","Fia Rook","prism_student","city_26","story_plus_party_scaled","spark","talk_to_battle","1962","dlg_npc1436","simulation_matrix_pool","false","generated_only","false"
"NPC1437","Garr Fenn","field_medic","city_27","story_plus_party_scaled","frost","talk_to_battle","1979","dlg_npc1437","simulation_matrix_pool","false","generated_only","false"
"NPC1438","Hale Wren","storm_sailor","city_28","story_plus_party_scaled","metal","talk_to_battle","1996","dlg_npc1438","simulation_matrix_pool","false","generated_only","false"
"NPC1439","Ira Pell","archive_duelist","city_29","story_plus_party_scaled","shade","talk_to_battle","2013","dlg_npc1439","simulation_matrix_pool","false","generated_only","false"
"NPC1440","Juno Thane","postgame_master","city_30","story_plus_party_scaled","radiant","talk_to_battle","2030","dlg_npc1440","simulation_matrix_pool","false","generated_only","false"
"NPC1441","Kira Silt","route_binder","city_01","story_plus_party_scaled","mind","talk_to_battle","2047","dlg_npc1441","simulation_matrix_pool","false","generated_only","false"
"NPC1442","Lio Keir","city_binder","city_02","story_plus_party_scaled","echo","talk_to_battle","2064","dlg_npc1442","simulation_matrix_pool","false","generated_only","false"
"NPC1443","Mira Noct","arena_apprentice","city_03","story_plus_party_scaled","echo","talk_to_battle","2081","dlg_npc1443","simulation_matrix_pool","false","generated_only","false"
"NPC1444","Nox Arc","veyr_scout","city_04","story_plus_party_scaled","ember","talk_to_battle","2098","dlg_npc1444","simulation_matrix_pool","false","generated_only","false"
"NPC1445","Oren Holt","relic_hunter","city_05","story_plus_party_scaled","tide","talk_to_battle","2115","dlg_npc1445","simulation_matrix_pool","false","generated_only","false"
"NPC1446","Pax Sol","prism_student","city_06","story_plus_party_scaled","verdance","talk_to_battle","2132","dlg_npc1446","simulation_matrix_pool","false","generated_only","false"
"NPC1447","Quin Maren","field_medic","city_07","story_plus_party_scaled","stone","talk_to_battle","2149","dlg_npc1447","simulation_matrix_pool","false","generated_only","false"
"NPC1448","Rhea Tor","storm_sailor","city_08","story_plus_party_scaled","gale","talk_to_battle","2166","dlg_npc1448","simulation_matrix_pool","false","generated_only","false"
"NPC1449","Senn Vale","archive_duelist","city_09","story_plus_party_scaled","spark","talk_to_battle","2183","dlg_npc1449","simulation_matrix_pool","false","generated_only","false"
"NPC1450","Talia Quill","postgame_master","city_10","story_plus_party_scaled","frost","talk_to_battle","2200","dlg_npc1450","simulation_matrix_pool","false","generated_only","false"
"NPC1451","Uma Nox","route_binder","city_11","story_plus_party_scaled","metal","talk_to_battle","2217","dlg_npc1451","simulation_matrix_pool","false","generated_only","false"
"NPC1452","Venn Reed","city_binder","city_12","story_plus_party_scaled","shade","talk_to_battle","2234","dlg_npc1452","simulation_matrix_pool","false","generated_only","false"
"NPC1453","Wren Esh","arena_apprentice","city_13","story_plus_party_scaled","radiant","talk_to_battle","2251","dlg_npc1453","simulation_matrix_pool","false","generated_only","false"
"NPC1454","Xara Rusk","veyr_scout","city_14","story_plus_party_scaled","mind","talk_to_battle","2268","dlg_npc1454","simulation_matrix_pool","false","generated_only","false"
"NPC1455","Yven Voss","relic_hunter","city_15","story_plus_party_scaled","echo","talk_to_battle","2285","dlg_npc1455","simulation_matrix_pool","false","generated_only","false"
"NPC1456","Zale Rook","prism_student","city_16","story_plus_party_scaled","shade","talk_to_battle","2302","dlg_npc1456","simulation_matrix_pool","false","generated_only","false"
"NPC1457","Ari Fenn","field_medic","city_17","story_plus_party_scaled","ember","talk_to_battle","2319","dlg_npc1457","simulation_matrix_pool","false","generated_only","false"
"NPC1458","Bela Wren","storm_sailor","city_18","story_plus_party_scaled","tide","talk_to_battle","2336","dlg_npc1458","simulation_matrix_pool","false","generated_only","false"
"NPC1459","Cato Pell","archive_duelist","city_19","story_plus_party_scaled","verdance","talk_to_battle","2353","dlg_npc1459","simulation_matrix_pool","false","generated_only","false"
"NPC1460","Dena Thane","postgame_master","city_20","story_plus_party_scaled","stone","talk_to_battle","2370","dlg_npc1460","simulation_matrix_pool","false","generated_only","false"
"NPC1461","Eron Silt","route_binder","city_21","story_plus_party_scaled","gale","talk_to_battle","2387","dlg_npc1461","simulation_matrix_pool","false","generated_only","false"
"NPC1462","Fia Keir","city_binder","city_22","story_plus_party_scaled","spark","talk_to_battle","2404","dlg_npc1462","simulation_matrix_pool","false","generated_only","false"
"NPC1463","Garr Noct","arena_apprentice","city_23","story_plus_party_scaled","frost","talk_to_battle","2421","dlg_npc1463","simulation_matrix_pool","false","generated_only","false"
"NPC1464","Hale Arc","veyr_scout","city_24","story_plus_party_scaled","metal","talk_to_battle","2438","dlg_npc1464","simulation_matrix_pool","false","generated_only","false"
"NPC1465","Ira Holt","relic_hunter","city_25","story_plus_party_scaled","shade","talk_to_battle","2455","dlg_npc1465","simulation_matrix_pool","false","generated_only","false"
"NPC1466","Juno Sol","prism_student","city_26","story_plus_party_scaled","radiant","talk_to_battle","2472","dlg_npc1466","simulation_matrix_pool","false","generated_only","false"
"NPC1467","Kira Maren","field_medic","city_27","story_plus_party_scaled","mind","talk_to_battle","2489","dlg_npc1467","simulation_matrix_pool","false","generated_only","false"
"NPC1468","Lio Tor","storm_sailor","city_28","story_plus_party_scaled","echo","talk_to_battle","2506","dlg_npc1468","simulation_matrix_pool","false","generated_only","false"
"NPC1469","Mira Vale","archive_duelist","city_29","story_plus_party_scaled","radiant","talk_to_battle","2523","dlg_npc1469","simulation_matrix_pool","false","generated_only","false"
"NPC1470","Nox Quill","postgame_master","city_30","story_plus_party_scaled","ember","talk_to_battle","2540","dlg_npc1470","simulation_matrix_pool","false","generated_only","false"
"NPC1471","Oren Nox","route_binder","city_01","story_plus_party_scaled","tide","talk_to_battle","57","dlg_npc1471","simulation_matrix_pool","false","generated_only","false"
"NPC1472","Pax Reed","city_binder","city_02","story_plus_party_scaled","verdance","talk_to_battle","74","dlg_npc1472","simulation_matrix_pool","false","generated_only","false"
"NPC1473","Quin Esh","arena_apprentice","city_03","story_plus_party_scaled","stone","talk_to_battle","91","dlg_npc1473","simulation_matrix_pool","false","generated_only","false"
"NPC1474","Rhea Rusk","veyr_scout","city_04","story_plus_party_scaled","gale","talk_to_battle","108","dlg_npc1474","simulation_matrix_pool","false","generated_only","false"
"NPC1475","Senn Voss","relic_hunter","city_05","story_plus_party_scaled","spark","talk_to_battle","125","dlg_npc1475","simulation_matrix_pool","false","generated_only","false"
"NPC1476","Talia Rook","prism_student","city_06","story_plus_party_scaled","frost","talk_to_battle","142","dlg_npc1476","simulation_matrix_pool","false","generated_only","false"
"NPC1477","Uma Fenn","field_medic","city_07","story_plus_party_scaled","metal","talk_to_battle","159","dlg_npc1477","simulation_matrix_pool","false","generated_only","false"
"NPC1478","Venn Wren","storm_sailor","city_08","story_plus_party_scaled","shade","talk_to_battle","176","dlg_npc1478","simulation_matrix_pool","false","generated_only","false"
"NPC1479","Wren Pell","archive_duelist","city_09","story_plus_party_scaled","radiant","talk_to_battle","193","dlg_npc1479","simulation_matrix_pool","false","generated_only","false"
"NPC1480","Xara Thane","postgame_master","city_10","story_plus_party_scaled","mind","talk_to_battle","210","dlg_npc1480","simulation_matrix_pool","false","generated_only","false"
"NPC1481","Yven Silt","route_binder","city_11","story_plus_party_scaled","echo","talk_to_battle","227","dlg_npc1481","simulation_matrix_pool","false","generated_only","false"
"NPC1482","Zale Keir","city_binder","city_12","story_plus_party_scaled","mind","talk_to_battle","244","dlg_npc1482","simulation_matrix_pool","false","generated_only","false"
"NPC1483","Ari Noct","arena_apprentice","city_13","story_plus_party_scaled","ember","talk_to_battle","261","dlg_npc1483","simulation_matrix_pool","false","generated_only","false"
"NPC1484","Bela Arc","veyr_scout","city_14","story_plus_party_scaled","tide","talk_to_battle","278","dlg_npc1484","simulation_matrix_pool","false","generated_only","false"
"NPC1485","Cato Holt","relic_hunter","city_15","story_plus_party_scaled","verdance","talk_to_battle","295","dlg_npc1485","simulation_matrix_pool","false","generated_only","false"
"NPC1486","Dena Sol","prism_student","city_16","story_plus_party_scaled","stone","talk_to_battle","312","dlg_npc1486","simulation_matrix_pool","false","generated_only","false"
"NPC1487","Eron Maren","field_medic","city_17","story_plus_party_scaled","gale","talk_to_battle","329","dlg_npc1487","simulation_matrix_pool","false","generated_only","false"
"NPC1488","Fia Tor","storm_sailor","city_18","story_plus_party_scaled","spark","talk_to_battle","346","dlg_npc1488","simulation_matrix_pool","false","generated_only","false"
"NPC1489","Garr Vale","archive_duelist","city_19","story_plus_party_scaled","frost","talk_to_battle","363","dlg_npc1489","simulation_matrix_pool","false","generated_only","false"
"NPC1490","Hale Quill","postgame_master","city_20","story_plus_party_scaled","metal","talk_to_battle","380","dlg_npc1490","simulation_matrix_pool","false","generated_only","false"
"NPC1491","Ira Nox","route_binder","city_21","story_plus_party_scaled","shade","talk_to_battle","397","dlg_npc1491","simulation_matrix_pool","false","generated_only","false"
"NPC1492","Juno Reed","city_binder","city_22","story_plus_party_scaled","radiant","talk_to_battle","414","dlg_npc1492","simulation_matrix_pool","false","generated_only","false"
"NPC1493","Kira Esh","arena_apprentice","city_23","story_plus_party_scaled","mind","talk_to_battle","431","dlg_npc1493","simulation_matrix_pool","false","generated_only","false"
"NPC1494","Lio Rusk","veyr_scout","city_24","story_plus_party_scaled","echo","talk_to_battle","448","dlg_npc1494","simulation_matrix_pool","false","generated_only","false"
"NPC1495","Mira Voss","relic_hunter","city_25","story_plus_party_scaled","echo","talk_to_battle","465","dlg_npc1495","simulation_matrix_pool","false","generated_only","false"
"NPC1496","Nox Rook","prism_student","city_26","story_plus_party_scaled","ember","talk_to_battle","482","dlg_npc1496","simulation_matrix_pool","false","generated_only","false"
"NPC1497","Oren Fenn","field_medic","city_27","story_plus_party_scaled","tide","talk_to_battle","499","dlg_npc1497","simulation_matrix_pool","false","generated_only","false"
"NPC1498","Pax Wren","storm_sailor","city_28","story_plus_party_scaled","verdance","talk_to_battle","516","dlg_npc1498","simulation_matrix_pool","false","generated_only","false"
"NPC1499","Quin Pell","archive_duelist","city_29","story_plus_party_scaled","stone","talk_to_battle","533","dlg_npc1499","simulation_matrix_pool","false","generated_only","false"
"NPC1500","Rhea Thane","postgame_master","city_30","story_plus_party_scaled","gale","talk_to_battle","550","dlg_npc1500","simulation_matrix_pool","false","generated_only","false"
"NPC1501","Senn Silt","route_binder","city_01","story_plus_party_scaled","spark","talk_to_battle","567","dlg_npc1501","simulation_matrix_pool","false","generated_only","false"
"NPC1502","Talia Keir","city_binder","city_02","story_plus_party_scaled","frost","talk_to_battle","584","dlg_npc1502","simulation_matrix_pool","false","generated_only","false"
"NPC1503","Uma Noct","arena_apprentice","city_03","story_plus_party_scaled","metal","talk_to_battle","601","dlg_npc1503","simulation_matrix_pool","false","generated_only","false"
"NPC1504","Venn Arc","veyr_scout","city_04","story_plus_party_scaled","shade","talk_to_battle","618","dlg_npc1504","simulation_matrix_pool","false","generated_only","false"
"NPC1505","Wren Holt","relic_hunter","city_05","story_plus_party_scaled","radiant","talk_to_battle","635","dlg_npc1505","simulation_matrix_pool","false","generated_only","false"
"NPC1506","Xara Sol","prism_student","city_06","story_plus_party_scaled","mind","talk_to_battle","652","dlg_npc1506","simulation_matrix_pool","false","generated_only","false"
"NPC1507","Yven Maren","field_medic","city_07","story_plus_party_scaled","echo","talk_to_battle","669","dlg_npc1507","simulation_matrix_pool","false","generated_only","false"
"NPC1508","Zale Tor","storm_sailor","city_08","story_plus_party_scaled","shade","talk_to_battle","686","dlg_npc1508","simulation_matrix_pool","false","generated_only","false"
"NPC1509","Ari Vale","archive_duelist","city_09","story_plus_party_scaled","ember","talk_to_battle","703","dlg_npc1509","simulation_matrix_pool","false","generated_only","false"
"NPC1510","Bela Quill","postgame_master","city_10","story_plus_party_scaled","tide","talk_to_battle","720","dlg_npc1510","simulation_matrix_pool","false","generated_only","false"
"NPC1511","Cato Nox","route_binder","city_11","story_plus_party_scaled","verdance","talk_to_battle","737","dlg_npc1511","simulation_matrix_pool","false","generated_only","false"
"NPC1512","Dena Reed","city_binder","city_12","story_plus_party_scaled","stone","talk_to_battle","754","dlg_npc1512","simulation_matrix_pool","false","generated_only","false"
"NPC1513","Eron Esh","arena_apprentice","city_13","story_plus_party_scaled","gale","talk_to_battle","771","dlg_npc1513","simulation_matrix_pool","false","generated_only","false"
"NPC1514","Fia Rusk","veyr_scout","city_14","story_plus_party_scaled","spark","talk_to_battle","788","dlg_npc1514","simulation_matrix_pool","false","generated_only","false"
"NPC1515","Garr Voss","relic_hunter","city_15","story_plus_party_scaled","frost","talk_to_battle","805","dlg_npc1515","simulation_matrix_pool","false","generated_only","false"
"NPC1516","Hale Rook","prism_student","city_16","story_plus_party_scaled","metal","talk_to_battle","822","dlg_npc1516","simulation_matrix_pool","false","generated_only","false"
"NPC1517","Ira Fenn","field_medic","city_17","story_plus_party_scaled","shade","talk_to_battle","839","dlg_npc1517","simulation_matrix_pool","false","generated_only","false"
"NPC1518","Juno Wren","storm_sailor","city_18","story_plus_party_scaled","radiant","talk_to_battle","856","dlg_npc1518","simulation_matrix_pool","false","generated_only","false"
"NPC1519","Kira Pell","archive_duelist","city_19","story_plus_party_scaled","mind","talk_to_battle","873","dlg_npc1519","simulation_matrix_pool","false","generated_only","false"
"NPC1520","Lio Thane","postgame_master","city_20","story_plus_party_scaled","echo","talk_to_battle","890","dlg_npc1520","simulation_matrix_pool","false","generated_only","false"
"NPC1521","Mira Silt","route_binder","city_21","story_plus_party_scaled","radiant","talk_to_battle","907","dlg_npc1521","simulation_matrix_pool","false","generated_only","false"
"NPC1522","Nox Keir","city_binder","city_22","story_plus_party_scaled","ember","talk_to_battle","924","dlg_npc1522","simulation_matrix_pool","false","generated_only","false"
"NPC1523","Oren Noct","arena_apprentice","city_23","story_plus_party_scaled","tide","talk_to_battle","941","dlg_npc1523","simulation_matrix_pool","false","generated_only","false"
"NPC1524","Pax Arc","veyr_scout","city_24","story_plus_party_scaled","verdance","talk_to_battle","958","dlg_npc1524","simulation_matrix_pool","false","generated_only","false"
"NPC1525","Quin Holt","relic_hunter","city_25","story_plus_party_scaled","stone","talk_to_battle","975","dlg_npc1525","simulation_matrix_pool","false","generated_only","false"
"NPC1526","Rhea Sol","prism_student","city_26","story_plus_party_scaled","gale","talk_to_battle","992","dlg_npc1526","simulation_matrix_pool","false","generated_only","false"
"NPC1527","Senn Maren","field_medic","city_27","story_plus_party_scaled","spark","talk_to_battle","1009","dlg_npc1527","simulation_matrix_pool","false","generated_only","false"
"NPC1528","Talia Tor","storm_sailor","city_28","story_plus_party_scaled","frost","talk_to_battle","1026","dlg_npc1528","simulation_matrix_pool","false","generated_only","false"
"NPC1529","Uma Vale","archive_duelist","city_29","story_plus_party_scaled","metal","talk_to_battle","1043","dlg_npc1529","simulation_matrix_pool","false","generated_only","false"
"NPC1530","Venn Quill","postgame_master","city_30","story_plus_party_scaled","shade","talk_to_battle","1060","dlg_npc1530","simulation_matrix_pool","false","generated_only","false"
"NPC1531","Wren Nox","route_binder","city_01","story_plus_party_scaled","radiant","talk_to_battle","1077","dlg_npc1531","simulation_matrix_pool","false","generated_only","false"
"NPC1532","Xara Reed","city_binder","city_02","story_plus_party_scaled","mind","talk_to_battle","1094","dlg_npc1532","simulation_matrix_pool","false","generated_only","false"
"NPC1533","Yven Esh","arena_apprentice","city_03","story_plus_party_scaled","echo","talk_to_battle","1111","dlg_npc1533","simulation_matrix_pool","false","generated_only","false"
"NPC1534","Zale Rusk","veyr_scout","city_04","story_plus_party_scaled","mind","talk_to_battle","1128","dlg_npc1534","simulation_matrix_pool","false","generated_only","false"
"NPC1535","Ari Voss","relic_hunter","city_05","story_plus_party_scaled","ember","talk_to_battle","1145","dlg_npc1535","simulation_matrix_pool","false","generated_only","false"
"NPC1536","Bela Rook","prism_student","city_06","story_plus_party_scaled","tide","talk_to_battle","1162","dlg_npc1536","simulation_matrix_pool","false","generated_only","false"
"NPC1537","Cato Fenn","field_medic","city_07","story_plus_party_scaled","verdance","talk_to_battle","1179","dlg_npc1537","simulation_matrix_pool","false","generated_only","false"
"NPC1538","Dena Wren","storm_sailor","city_08","story_plus_party_scaled","stone","talk_to_battle","1196","dlg_npc1538","simulation_matrix_pool","false","generated_only","false"
"NPC1539","Eron Pell","archive_duelist","city_09","story_plus_party_scaled","gale","talk_to_battle","1213","dlg_npc1539","simulation_matrix_pool","false","generated_only","false"
"NPC1540","Fia Thane","postgame_master","city_10","story_plus_party_scaled","spark","talk_to_battle","1230","dlg_npc1540","simulation_matrix_pool","false","generated_only","false"
"NPC1541","Garr Silt","route_binder","city_11","story_plus_party_scaled","frost","talk_to_battle","1247","dlg_npc1541","simulation_matrix_pool","false","generated_only","false"
"NPC1542","Hale Keir","city_binder","city_12","story_plus_party_scaled","metal","talk_to_battle","1264","dlg_npc1542","simulation_matrix_pool","false","generated_only","false"
"NPC1543","Ira Noct","arena_apprentice","city_13","story_plus_party_scaled","shade","talk_to_battle","1281","dlg_npc1543","simulation_matrix_pool","false","generated_only","false"
"NPC1544","Juno Arc","veyr_scout","city_14","story_plus_party_scaled","radiant","talk_to_battle","1298","dlg_npc1544","simulation_matrix_pool","false","generated_only","false"
"NPC1545","Kira Holt","relic_hunter","city_15","story_plus_party_scaled","mind","talk_to_battle","1315","dlg_npc1545","simulation_matrix_pool","false","generated_only","false"
"NPC1546","Lio Sol","prism_student","city_16","story_plus_party_scaled","echo","talk_to_battle","1332","dlg_npc1546","simulation_matrix_pool","false","generated_only","false"
"NPC1547","Mira Maren","field_medic","city_17","story_plus_party_scaled","echo","talk_to_battle","1349","dlg_npc1547","simulation_matrix_pool","false","generated_only","false"
"NPC1548","Nox Tor","storm_sailor","city_18","story_plus_party_scaled","ember","talk_to_battle","1366","dlg_npc1548","simulation_matrix_pool","false","generated_only","false"
"NPC1549","Oren Vale","archive_duelist","city_19","story_plus_party_scaled","tide","talk_to_battle","1383","dlg_npc1549","simulation_matrix_pool","false","generated_only","false"
"NPC1550","Pax Quill","postgame_master","city_20","story_plus_party_scaled","verdance","talk_to_battle","1400","dlg_npc1550","simulation_matrix_pool","false","generated_only","false"
"NPC1551","Quin Nox","route_binder","city_21","story_plus_party_scaled","stone","talk_to_battle","1417","dlg_npc1551","simulation_matrix_pool","false","generated_only","false"
"NPC1552","Rhea Reed","city_binder","city_22","story_plus_party_scaled","gale","talk_to_battle","1434","dlg_npc1552","simulation_matrix_pool","false","generated_only","false"
"NPC1553","Senn Esh","arena_apprentice","city_23","story_plus_party_scaled","spark","talk_to_battle","1451","dlg_npc1553","simulation_matrix_pool","false","generated_only","false"
"NPC1554","Talia Rusk","veyr_scout","city_24","story_plus_party_scaled","frost","talk_to_battle","1468","dlg_npc1554","simulation_matrix_pool","false","generated_only","false"
"NPC1555","Uma Voss","relic_hunter","city_25","story_plus_party_scaled","metal","talk_to_battle","1485","dlg_npc1555","simulation_matrix_pool","false","generated_only","false"
"NPC1556","Venn Rook","prism_student","city_26","story_plus_party_scaled","shade","talk_to_battle","1502","dlg_npc1556","simulation_matrix_pool","false","generated_only","false"
"NPC1557","Wren Fenn","field_medic","city_27","story_plus_party_scaled","radiant","talk_to_battle","1519","dlg_npc1557","simulation_matrix_pool","false","generated_only","false"
"NPC1558","Xara Wren","storm_sailor","city_28","story_plus_party_scaled","mind","talk_to_battle","1536","dlg_npc1558","simulation_matrix_pool","false","generated_only","false"
"NPC1559","Yven Pell","archive_duelist","city_29","story_plus_party_scaled","echo","talk_to_battle","1553","dlg_npc1559","simulation_matrix_pool","false","generated_only","false"
"NPC1560","Zale Thane","postgame_master","city_30","story_plus_party_scaled","shade","talk_to_battle","1570","dlg_npc1560","simulation_matrix_pool","false","generated_only","false"
"NPC1561","Ari Silt","route_binder","city_01","story_plus_party_scaled","ember","talk_to_battle","1587","dlg_npc1561","simulation_matrix_pool","false","generated_only","false"
"NPC1562","Bela Keir","city_binder","city_02","story_plus_party_scaled","tide","talk_to_battle","1604","dlg_npc1562","simulation_matrix_pool","false","generated_only","false"
"NPC1563","Cato Noct","arena_apprentice","city_03","story_plus_party_scaled","verdance","talk_to_battle","1621","dlg_npc1563","simulation_matrix_pool","false","generated_only","false"
"NPC1564","Dena Arc","veyr_scout","city_04","story_plus_party_scaled","stone","talk_to_battle","1638","dlg_npc1564","simulation_matrix_pool","false","generated_only","false"
"NPC1565","Eron Holt","relic_hunter","city_05","story_plus_party_scaled","gale","talk_to_battle","1655","dlg_npc1565","simulation_matrix_pool","false","generated_only","false"
"NPC1566","Fia Sol","prism_student","city_06","story_plus_party_scaled","spark","talk_to_battle","1672","dlg_npc1566","simulation_matrix_pool","false","generated_only","false"
"NPC1567","Garr Maren","field_medic","city_07","story_plus_party_scaled","frost","talk_to_battle","1689","dlg_npc1567","simulation_matrix_pool","false","generated_only","false"
"NPC1568","Hale Tor","storm_sailor","city_08","story_plus_party_scaled","metal","talk_to_battle","1706","dlg_npc1568","simulation_matrix_pool","false","generated_only","false"
"NPC1569","Ira Vale","archive_duelist","city_09","story_plus_party_scaled","shade","talk_to_battle","1723","dlg_npc1569","simulation_matrix_pool","false","generated_only","false"
"NPC1570","Juno Quill","postgame_master","city_10","story_plus_party_scaled","radiant","talk_to_battle","1740","dlg_npc1570","simulation_matrix_pool","false","generated_only","false"
"NPC1571","Kira Nox","route_binder","city_11","story_plus_party_scaled","mind","talk_to_battle","1757","dlg_npc1571","simulation_matrix_pool","false","generated_only","false"
"NPC1572","Lio Reed","city_binder","city_12","story_plus_party_scaled","echo","talk_to_battle","1774","dlg_npc1572","simulation_matrix_pool","false","generated_only","false"
"NPC1573","Mira Esh","arena_apprentice","city_13","story_plus_party_scaled","radiant","talk_to_battle","1791","dlg_npc1573","simulation_matrix_pool","false","generated_only","false"
"NPC1574","Nox Rusk","veyr_scout","city_14","story_plus_party_scaled","ember","talk_to_battle","1808","dlg_npc1574","simulation_matrix_pool","false","generated_only","false"
"NPC1575","Oren Voss","relic_hunter","city_15","story_plus_party_scaled","tide","talk_to_battle","1825","dlg_npc1575","simulation_matrix_pool","false","generated_only","false"
"NPC1576","Pax Rook","prism_student","city_16","story_plus_party_scaled","verdance","talk_to_battle","1842","dlg_npc1576","simulation_matrix_pool","false","generated_only","false"
"NPC1577","Quin Fenn","field_medic","city_17","story_plus_party_scaled","stone","talk_to_battle","1859","dlg_npc1577","simulation_matrix_pool","false","generated_only","false"
"NPC1578","Rhea Wren","storm_sailor","city_18","story_plus_party_scaled","gale","talk_to_battle","1876","dlg_npc1578","simulation_matrix_pool","false","generated_only","false"
"NPC1579","Senn Pell","archive_duelist","city_19","story_plus_party_scaled","spark","talk_to_battle","1893","dlg_npc1579","simulation_matrix_pool","false","generated_only","false"
"NPC1580","Talia Thane","postgame_master","city_20","story_plus_party_scaled","frost","talk_to_battle","1910","dlg_npc1580","simulation_matrix_pool","false","generated_only","false"
"NPC1581","Uma Silt","route_binder","city_21","story_plus_party_scaled","metal","talk_to_battle","1927","dlg_npc1581","simulation_matrix_pool","false","generated_only","false"
"NPC1582","Venn Keir","city_binder","city_22","story_plus_party_scaled","shade","talk_to_battle","1944","dlg_npc1582","simulation_matrix_pool","false","generated_only","false"
"NPC1583","Wren Noct","arena_apprentice","city_23","story_plus_party_scaled","radiant","talk_to_battle","1961","dlg_npc1583","simulation_matrix_pool","false","generated_only","false"
"NPC1584","Xara Arc","veyr_scout","city_24","story_plus_party_scaled","mind","talk_to_battle","1978","dlg_npc1584","simulation_matrix_pool","false","generated_only","false"
"NPC1585","Yven Holt","relic_hunter","city_25","story_plus_party_scaled","echo","talk_to_battle","1995","dlg_npc1585","simulation_matrix_pool","false","generated_only","false"
"NPC1586","Zale Sol","prism_student","city_26","story_plus_party_scaled","mind","talk_to_battle","2012","dlg_npc1586","simulation_matrix_pool","false","generated_only","false"
"NPC1587","Ari Maren","field_medic","city_27","story_plus_party_scaled","ember","talk_to_battle","2029","dlg_npc1587","simulation_matrix_pool","false","generated_only","false"
"NPC1588","Bela Tor","storm_sailor","city_28","story_plus_party_scaled","tide","talk_to_battle","2046","dlg_npc1588","simulation_matrix_pool","false","generated_only","false"
"NPC1589","Cato Vale","archive_duelist","city_29","story_plus_party_scaled","verdance","talk_to_battle","2063","dlg_npc1589","simulation_matrix_pool","false","generated_only","false"
"NPC1590","Dena Quill","postgame_master","city_30","story_plus_party_scaled","stone","talk_to_battle","2080","dlg_npc1590","simulation_matrix_pool","false","generated_only","false"
"NPC1591","Eron Nox","route_binder","city_01","story_plus_party_scaled","gale","talk_to_battle","2097","dlg_npc1591","simulation_matrix_pool","false","generated_only","false"
"NPC1592","Fia Reed","city_binder","city_02","story_plus_party_scaled","spark","talk_to_battle","2114","dlg_npc1592","simulation_matrix_pool","false","generated_only","false"
"NPC1593","Garr Esh","arena_apprentice","city_03","story_plus_party_scaled","frost","talk_to_battle","2131","dlg_npc1593","simulation_matrix_pool","false","generated_only","false"
"NPC1594","Hale Rusk","veyr_scout","city_04","story_plus_party_scaled","metal","talk_to_battle","2148","dlg_npc1594","simulation_matrix_pool","false","generated_only","false"
"NPC1595","Ira Voss","relic_hunter","city_05","story_plus_party_scaled","shade","talk_to_battle","2165","dlg_npc1595","simulation_matrix_pool","false","generated_only","false"
"NPC1596","Juno Rook","prism_student","city_06","story_plus_party_scaled","radiant","talk_to_battle","2182","dlg_npc1596","simulation_matrix_pool","false","generated_only","false"
"NPC1597","Kira Fenn","field_medic","city_07","story_plus_party_scaled","mind","talk_to_battle","2199","dlg_npc1597","simulation_matrix_pool","false","generated_only","false"
"NPC1598","Lio Wren","storm_sailor","city_08","story_plus_party_scaled","echo","talk_to_battle","2216","dlg_npc1598","simulation_matrix_pool","false","generated_only","false"
"NPC1599","Mira Pell","archive_duelist","city_09","story_plus_party_scaled","echo","talk_to_battle","2233","dlg_npc1599","simulation_matrix_pool","false","generated_only","false"
"NPC1600","Nox Thane","postgame_master","city_10","story_plus_party_scaled","ember","talk_to_battle","2250","dlg_npc1600","simulation_matrix_pool","false","generated_only","false"
"NPC1601","Oren Silt","route_binder","city_11","postgame_scaled","tide","talk_to_battle","2267","dlg_npc1601","simulation_matrix_pool","false","generated_only","false"
"NPC1602","Pax Keir","city_binder","city_12","postgame_scaled","verdance","talk_to_battle","2284","dlg_npc1602","simulation_matrix_pool","false","generated_only","false"
"NPC1603","Quin Noct","arena_apprentice","city_13","postgame_scaled","stone","talk_to_battle","2301","dlg_npc1603","simulation_matrix_pool","false","generated_only","false"
"NPC1604","Rhea Arc","veyr_scout","city_14","postgame_scaled","gale","talk_to_battle","2318","dlg_npc1604","simulation_matrix_pool","false","generated_only","false"
"NPC1605","Senn Holt","relic_hunter","city_15","postgame_scaled","spark","talk_to_battle","2335","dlg_npc1605","simulation_matrix_pool","false","generated_only","false"
"NPC1606","Talia Sol","prism_student","city_16","postgame_scaled","frost","talk_to_battle","2352","dlg_npc1606","simulation_matrix_pool","false","generated_only","false"
"NPC1607","Uma Maren","field_medic","city_17","postgame_scaled","metal","talk_to_battle","2369","dlg_npc1607","simulation_matrix_pool","false","generated_only","false"
"NPC1608","Venn Tor","storm_sailor","city_18","postgame_scaled","shade","talk_to_battle","2386","dlg_npc1608","simulation_matrix_pool","false","generated_only","false"
"NPC1609","Wren Vale","archive_duelist","city_19","postgame_scaled","radiant","talk_to_battle","2403","dlg_npc1609","simulation_matrix_pool","false","generated_only","false"
"NPC1610","Xara Quill","postgame_master","city_20","postgame_scaled","mind","talk_to_battle","2420","dlg_npc1610","simulation_matrix_pool","false","generated_only","false"
"NPC1611","Yven Nox","route_binder","city_21","postgame_scaled","echo","talk_to_battle","2437","dlg_npc1611","simulation_matrix_pool","false","generated_only","false"
"NPC1612","Zale Reed","city_binder","city_22","postgame_scaled","shade","talk_to_battle","2454","dlg_npc1612","simulation_matrix_pool","false","generated_only","false"
"NPC1613","Ari Esh","arena_apprentice","city_23","postgame_scaled","ember","talk_to_battle","2471","dlg_npc1613","simulation_matrix_pool","false","generated_only","false"
"NPC1614","Bela Rusk","veyr_scout","city_24","postgame_scaled","tide","talk_to_battle","2488","dlg_npc1614","simulation_matrix_pool","false","generated_only","false"
"NPC1615","Cato Voss","relic_hunter","city_25","postgame_scaled","verdance","talk_to_battle","2505","dlg_npc1615","simulation_matrix_pool","false","generated_only","false"
"NPC1616","Dena Rook","prism_student","city_26","postgame_scaled","stone","talk_to_battle","2522","dlg_npc1616","simulation_matrix_pool","false","generated_only","false"
"NPC1617","Eron Fenn","field_medic","city_27","postgame_scaled","gale","talk_to_battle","2539","dlg_npc1617","simulation_matrix_pool","false","generated_only","false"
"NPC1618","Fia Wren","storm_sailor","city_28","postgame_scaled","spark","talk_to_battle","56","dlg_npc1618","simulation_matrix_pool","false","generated_only","false"
"NPC1619","Garr Pell","archive_duelist","city_29","postgame_scaled","frost","talk_to_battle","73","dlg_npc1619","simulation_matrix_pool","false","generated_only","false"
"NPC1620","Hale Thane","postgame_master","city_30","postgame_scaled","metal","talk_to_battle","90","dlg_npc1620","simulation_matrix_pool","false","generated_only","false"
"NPC1621","Ira Silt","route_binder","city_01","postgame_scaled","shade","talk_to_battle","107","dlg_npc1621","simulation_matrix_pool","false","generated_only","false"
"NPC1622","Juno Keir","city_binder","city_02","postgame_scaled","radiant","talk_to_battle","124","dlg_npc1622","simulation_matrix_pool","false","generated_only","false"
"NPC1623","Kira Noct","arena_apprentice","city_03","postgame_scaled","mind","talk_to_battle","141","dlg_npc1623","simulation_matrix_pool","false","generated_only","false"
"NPC1624","Lio Arc","veyr_scout","city_04","postgame_scaled","echo","talk_to_battle","158","dlg_npc1624","simulation_matrix_pool","false","generated_only","false"
"NPC1625","Mira Holt","relic_hunter","city_05","postgame_scaled","radiant","talk_to_battle","175","dlg_npc1625","simulation_matrix_pool","false","generated_only","false"
"NPC1626","Nox Sol","prism_student","city_06","postgame_scaled","ember","talk_to_battle","192","dlg_npc1626","simulation_matrix_pool","false","generated_only","false"
"NPC1627","Oren Maren","field_medic","city_07","postgame_scaled","tide","talk_to_battle","209","dlg_npc1627","simulation_matrix_pool","false","generated_only","false"
"NPC1628","Pax Tor","storm_sailor","city_08","postgame_scaled","verdance","talk_to_battle","226","dlg_npc1628","simulation_matrix_pool","false","generated_only","false"
"NPC1629","Quin Vale","archive_duelist","city_09","postgame_scaled","stone","talk_to_battle","243","dlg_npc1629","simulation_matrix_pool","false","generated_only","false"
"NPC1630","Rhea Quill","postgame_master","city_10","postgame_scaled","gale","talk_to_battle","260","dlg_npc1630","simulation_matrix_pool","false","generated_only","false"
"NPC1631","Senn Nox","route_binder","city_11","postgame_scaled","spark","talk_to_battle","277","dlg_npc1631","simulation_matrix_pool","false","generated_only","false"
"NPC1632","Talia Reed","city_binder","city_12","postgame_scaled","frost","talk_to_battle","294","dlg_npc1632","simulation_matrix_pool","false","generated_only","false"
"NPC1633","Uma Esh","arena_apprentice","city_13","postgame_scaled","metal","talk_to_battle","311","dlg_npc1633","simulation_matrix_pool","false","generated_only","false"
"NPC1634","Venn Rusk","veyr_scout","city_14","postgame_scaled","shade","talk_to_battle","328","dlg_npc1634","simulation_matrix_pool","false","generated_only","false"
"NPC1635","Wren Voss","relic_hunter","city_15","postgame_scaled","radiant","talk_to_battle","345","dlg_npc1635","simulation_matrix_pool","false","generated_only","false"
"NPC1636","Xara Rook","prism_student","city_16","postgame_scaled","mind","talk_to_battle","362","dlg_npc1636","simulation_matrix_pool","false","generated_only","false"
"NPC1637","Yven Fenn","field_medic","city_17","postgame_scaled","echo","talk_to_battle","379","dlg_npc1637","simulation_matrix_pool","false","generated_only","false"
"NPC1638","Zale Wren","storm_sailor","city_18","postgame_scaled","mind","talk_to_battle","396","dlg_npc1638","simulation_matrix_pool","false","generated_only","false"
"NPC1639","Ari Pell","archive_duelist","city_19","postgame_scaled","ember","talk_to_battle","413","dlg_npc1639","simulation_matrix_pool","false","generated_only","false"
"NPC1640","Bela Thane","postgame_master","city_20","postgame_scaled","tide","talk_to_battle","430","dlg_npc1640","simulation_matrix_pool","false","generated_only","false"
"NPC1641","Cato Silt","route_binder","city_21","postgame_scaled","verdance","talk_to_battle","447","dlg_npc1641","simulation_matrix_pool","false","generated_only","false"
"NPC1642","Dena Keir","city_binder","city_22","postgame_scaled","stone","talk_to_battle","464","dlg_npc1642","simulation_matrix_pool","false","generated_only","false"
"NPC1643","Eron Noct","arena_apprentice","city_23","postgame_scaled","gale","talk_to_battle","481","dlg_npc1643","simulation_matrix_pool","false","generated_only","false"
"NPC1644","Fia Arc","veyr_scout","city_24","postgame_scaled","spark","talk_to_battle","498","dlg_npc1644","simulation_matrix_pool","false","generated_only","false"
"NPC1645","Garr Holt","relic_hunter","city_25","postgame_scaled","frost","talk_to_battle","515","dlg_npc1645","simulation_matrix_pool","false","generated_only","false"
"NPC1646","Hale Sol","prism_student","city_26","postgame_scaled","metal","talk_to_battle","532","dlg_npc1646","simulation_matrix_pool","false","generated_only","false"
"NPC1647","Ira Maren","field_medic","city_27","postgame_scaled","shade","talk_to_battle","549","dlg_npc1647","simulation_matrix_pool","false","generated_only","false"
"NPC1648","Juno Tor","storm_sailor","city_28","postgame_scaled","radiant","talk_to_battle","566","dlg_npc1648","simulation_matrix_pool","false","generated_only","false"
"NPC1649","Kira Vale","archive_duelist","city_29","postgame_scaled","mind","talk_to_battle","583","dlg_npc1649","simulation_matrix_pool","false","generated_only","false"
"NPC1650","Lio Quill","postgame_master","city_30","postgame_scaled","echo","talk_to_battle","600","dlg_npc1650","simulation_matrix_pool","false","generated_only","false"
"NPC1651","Mira Nox","route_binder","city_01","postgame_scaled","echo","talk_to_battle","617","dlg_npc1651","simulation_matrix_pool","false","generated_only","false"
"NPC1652","Nox Reed","city_binder","city_02","postgame_scaled","ember","talk_to_battle","634","dlg_npc1652","simulation_matrix_pool","false","generated_only","false"
"NPC1653","Oren Esh","arena_apprentice","city_03","postgame_scaled","tide","talk_to_battle","651","dlg_npc1653","simulation_matrix_pool","false","generated_only","false"
"NPC1654","Pax Rusk","veyr_scout","city_04","postgame_scaled","verdance","talk_to_battle","668","dlg_npc1654","simulation_matrix_pool","false","generated_only","false"
"NPC1655","Quin Voss","relic_hunter","city_05","postgame_scaled","stone","talk_to_battle","685","dlg_npc1655","simulation_matrix_pool","false","generated_only","false"
"NPC1656","Rhea Rook","prism_student","city_06","postgame_scaled","gale","talk_to_battle","702","dlg_npc1656","simulation_matrix_pool","false","generated_only","false"
"NPC1657","Senn Fenn","field_medic","city_07","postgame_scaled","spark","talk_to_battle","719","dlg_npc1657","simulation_matrix_pool","false","generated_only","false"
"NPC1658","Talia Wren","storm_sailor","city_08","postgame_scaled","frost","talk_to_battle","736","dlg_npc1658","simulation_matrix_pool","false","generated_only","false"
"NPC1659","Uma Pell","archive_duelist","city_09","postgame_scaled","metal","talk_to_battle","753","dlg_npc1659","simulation_matrix_pool","false","generated_only","false"
"NPC1660","Venn Thane","postgame_master","city_10","postgame_scaled","shade","talk_to_battle","770","dlg_npc1660","simulation_matrix_pool","false","generated_only","false"
"NPC1661","Wren Silt","route_binder","city_11","postgame_scaled","radiant","talk_to_battle","787","dlg_npc1661","simulation_matrix_pool","false","generated_only","false"
"NPC1662","Xara Keir","city_binder","city_12","postgame_scaled","mind","talk_to_battle","804","dlg_npc1662","simulation_matrix_pool","false","generated_only","false"
"NPC1663","Yven Noct","arena_apprentice","city_13","postgame_scaled","echo","talk_to_battle","821","dlg_npc1663","simulation_matrix_pool","false","generated_only","false"
"NPC1664","Zale Arc","veyr_scout","city_14","postgame_scaled","shade","talk_to_battle","838","dlg_npc1664","simulation_matrix_pool","false","generated_only","false"
"NPC1665","Ari Holt","relic_hunter","city_15","postgame_scaled","ember","talk_to_battle","855","dlg_npc1665","simulation_matrix_pool","false","generated_only","false"
"NPC1666","Bela Sol","prism_student","city_16","postgame_scaled","tide","talk_to_battle","872","dlg_npc1666","simulation_matrix_pool","false","generated_only","false"
"NPC1667","Cato Maren","field_medic","city_17","postgame_scaled","verdance","talk_to_battle","889","dlg_npc1667","simulation_matrix_pool","false","generated_only","false"
"NPC1668","Dena Tor","storm_sailor","city_18","postgame_scaled","stone","talk_to_battle","906","dlg_npc1668","simulation_matrix_pool","false","generated_only","false"
"NPC1669","Eron Vale","archive_duelist","city_19","postgame_scaled","gale","talk_to_battle","923","dlg_npc1669","simulation_matrix_pool","false","generated_only","false"
"NPC1670","Fia Quill","postgame_master","city_20","postgame_scaled","spark","talk_to_battle","940","dlg_npc1670","simulation_matrix_pool","false","generated_only","false"
"NPC1671","Garr Nox","route_binder","city_21","postgame_scaled","frost","talk_to_battle","957","dlg_npc1671","simulation_matrix_pool","false","generated_only","false"
"NPC1672","Hale Reed","city_binder","city_22","postgame_scaled","metal","talk_to_battle","974","dlg_npc1672","simulation_matrix_pool","false","generated_only","false"
"NPC1673","Ira Esh","arena_apprentice","city_23","postgame_scaled","shade","talk_to_battle","991","dlg_npc1673","simulation_matrix_pool","false","generated_only","false"
"NPC1674","Juno Rusk","veyr_scout","city_24","postgame_scaled","radiant","talk_to_battle","1008","dlg_npc1674","simulation_matrix_pool","false","generated_only","false"
"NPC1675","Kira Voss","relic_hunter","city_25","postgame_scaled","mind","talk_to_battle","1025","dlg_npc1675","simulation_matrix_pool","false","generated_only","false"
"NPC1676","Lio Rook","prism_student","city_26","postgame_scaled","echo","talk_to_battle","1042","dlg_npc1676","simulation_matrix_pool","false","generated_only","false"
"NPC1677","Mira Fenn","field_medic","city_27","postgame_scaled","radiant","talk_to_battle","1059","dlg_npc1677","simulation_matrix_pool","false","generated_only","false"
"NPC1678","Nox Wren","storm_sailor","city_28","postgame_scaled","ember","talk_to_battle","1076","dlg_npc1678","simulation_matrix_pool","false","generated_only","false"
"NPC1679","Oren Pell","archive_duelist","city_29","postgame_scaled","tide","talk_to_battle","1093","dlg_npc1679","simulation_matrix_pool","false","generated_only","false"
"NPC1680","Pax Thane","postgame_master","city_30","postgame_scaled","verdance","talk_to_battle","1110","dlg_npc1680","simulation_matrix_pool","false","generated_only","false"
"NPC1681","Quin Silt","route_binder","city_01","postgame_scaled","stone","talk_to_battle","1127","dlg_npc1681","simulation_matrix_pool","false","generated_only","false"
"NPC1682","Rhea Keir","city_binder","city_02","postgame_scaled","gale","talk_to_battle","1144","dlg_npc1682","simulation_matrix_pool","false","generated_only","false"
"NPC1683","Senn Noct","arena_apprentice","city_03","postgame_scaled","spark","talk_to_battle","1161","dlg_npc1683","simulation_matrix_pool","false","generated_only","false"
"NPC1684","Talia Arc","veyr_scout","city_04","postgame_scaled","frost","talk_to_battle","1178","dlg_npc1684","simulation_matrix_pool","false","generated_only","false"
"NPC1685","Uma Holt","relic_hunter","city_05","postgame_scaled","metal","talk_to_battle","1195","dlg_npc1685","simulation_matrix_pool","false","generated_only","false"
"NPC1686","Venn Sol","prism_student","city_06","postgame_scaled","shade","talk_to_battle","1212","dlg_npc1686","simulation_matrix_pool","false","generated_only","false"
"NPC1687","Wren Maren","field_medic","city_07","postgame_scaled","radiant","talk_to_battle","1229","dlg_npc1687","simulation_matrix_pool","false","generated_only","false"
"NPC1688","Xara Tor","storm_sailor","city_08","postgame_scaled","mind","talk_to_battle","1246","dlg_npc1688","simulation_matrix_pool","false","generated_only","false"
"NPC1689","Yven Vale","archive_duelist","city_09","postgame_scaled","echo","talk_to_battle","1263","dlg_npc1689","simulation_matrix_pool","false","generated_only","false"
"NPC1690","Zale Quill","postgame_master","city_10","postgame_scaled","mind","talk_to_battle","1280","dlg_npc1690","simulation_matrix_pool","false","generated_only","false"
"NPC1691","Ari Nox","route_binder","city_11","postgame_scaled","ember","talk_to_battle","1297","dlg_npc1691","simulation_matrix_pool","false","generated_only","false"
"NPC1692","Bela Reed","city_binder","city_12","postgame_scaled","tide","talk_to_battle","1314","dlg_npc1692","simulation_matrix_pool","false","generated_only","false"
"NPC1693","Cato Esh","arena_apprentice","city_13","postgame_scaled","verdance","talk_to_battle","1331","dlg_npc1693","simulation_matrix_pool","false","generated_only","false"
"NPC1694","Dena Rusk","veyr_scout","city_14","postgame_scaled","stone","talk_to_battle","1348","dlg_npc1694","simulation_matrix_pool","false","generated_only","false"
"NPC1695","Eron Voss","relic_hunter","city_15","postgame_scaled","gale","talk_to_battle","1365","dlg_npc1695","simulation_matrix_pool","false","generated_only","false"
"NPC1696","Fia Rook","prism_student","city_16","postgame_scaled","spark","talk_to_battle","1382","dlg_npc1696","simulation_matrix_pool","false","generated_only","false"
"NPC1697","Garr Fenn","field_medic","city_17","postgame_scaled","frost","talk_to_battle","1399","dlg_npc1697","simulation_matrix_pool","false","generated_only","false"
"NPC1698","Hale Wren","storm_sailor","city_18","postgame_scaled","metal","talk_to_battle","1416","dlg_npc1698","simulation_matrix_pool","false","generated_only","false"
"NPC1699","Ira Pell","archive_duelist","city_19","postgame_scaled","shade","talk_to_battle","1433","dlg_npc1699","simulation_matrix_pool","false","generated_only","false"
"NPC1700","Juno Thane","postgame_master","city_20","postgame_scaled","radiant","talk_to_battle","1450","dlg_npc1700","simulation_matrix_pool","false","generated_only","false"
"NPC1701","Kira Silt","route_binder","city_21","postgame_scaled","mind","talk_to_battle","1467","dlg_npc1701","simulation_matrix_pool","false","generated_only","false"
"NPC1702","Lio Keir","city_binder","city_22","postgame_scaled","echo","talk_to_battle","1484","dlg_npc1702","simulation_matrix_pool","false","generated_only","false"
"NPC1703","Mira Noct","arena_apprentice","city_23","postgame_scaled","echo","talk_to_battle","1501","dlg_npc1703","simulation_matrix_pool","false","generated_only","false"
"NPC1704","Nox Arc","veyr_scout","city_24","postgame_scaled","ember","talk_to_battle","1518","dlg_npc1704","simulation_matrix_pool","false","generated_only","false"
"NPC1705","Oren Holt","relic_hunter","city_25","postgame_scaled","tide","talk_to_battle","1535","dlg_npc1705","simulation_matrix_pool","false","generated_only","false"
"NPC1706","Pax Sol","prism_student","city_26","postgame_scaled","verdance","talk_to_battle","1552","dlg_npc1706","simulation_matrix_pool","false","generated_only","false"
"NPC1707","Quin Maren","field_medic","city_27","postgame_scaled","stone","talk_to_battle","1569","dlg_npc1707","simulation_matrix_pool","false","generated_only","false"
"NPC1708","Rhea Tor","storm_sailor","city_28","postgame_scaled","gale","talk_to_battle","1586","dlg_npc1708","simulation_matrix_pool","false","generated_only","false"
"NPC1709","Senn Vale","archive_duelist","city_29","postgame_scaled","spark","talk_to_battle","1603","dlg_npc1709","simulation_matrix_pool","false","generated_only","false"
"NPC1710","Talia Quill","postgame_master","city_30","postgame_scaled","frost","talk_to_battle","1620","dlg_npc1710","simulation_matrix_pool","false","generated_only","false"
"NPC1711","Uma Nox","route_binder","city_01","postgame_scaled","metal","talk_to_battle","1637","dlg_npc1711","simulation_matrix_pool","false","generated_only","false"
"NPC1712","Venn Reed","city_binder","city_02","postgame_scaled","shade","talk_to_battle","1654","dlg_npc1712","simulation_matrix_pool","false","generated_only","false"
"NPC1713","Wren Esh","arena_apprentice","city_03","postgame_scaled","radiant","talk_to_battle","1671","dlg_npc1713","simulation_matrix_pool","false","generated_only","false"
"NPC1714","Xara Rusk","veyr_scout","city_04","postgame_scaled","mind","talk_to_battle","1688","dlg_npc1714","simulation_matrix_pool","false","generated_only","false"
"NPC1715","Yven Voss","relic_hunter","city_05","postgame_scaled","echo","talk_to_battle","1705","dlg_npc1715","simulation_matrix_pool","false","generated_only","false"
"NPC1716","Zale Rook","prism_student","city_06","postgame_scaled","shade","talk_to_battle","1722","dlg_npc1716","simulation_matrix_pool","false","generated_only","false"
"NPC1717","Ari Fenn","field_medic","city_07","postgame_scaled","ember","talk_to_battle","1739","dlg_npc1717","simulation_matrix_pool","false","generated_only","false"
"NPC1718","Bela Wren","storm_sailor","city_08","postgame_scaled","tide","talk_to_battle","1756","dlg_npc1718","simulation_matrix_pool","false","generated_only","false"
"NPC1719","Cato Pell","archive_duelist","city_09","postgame_scaled","verdance","talk_to_battle","1773","dlg_npc1719","simulation_matrix_pool","false","generated_only","false"
"NPC1720","Dena Thane","postgame_master","city_10","postgame_scaled","stone","talk_to_battle","1790","dlg_npc1720","simulation_matrix_pool","false","generated_only","false"
"NPC1721","Eron Silt","route_binder","city_11","postgame_scaled","gale","talk_to_battle","1807","dlg_npc1721","simulation_matrix_pool","false","generated_only","false"
"NPC1722","Fia Keir","city_binder","city_12","postgame_scaled","spark","talk_to_battle","1824","dlg_npc1722","simulation_matrix_pool","false","generated_only","false"
"NPC1723","Garr Noct","arena_apprentice","city_13","postgame_scaled","frost","talk_to_battle","1841","dlg_npc1723","simulation_matrix_pool","false","generated_only","false"
"NPC1724","Hale Arc","veyr_scout","city_14","postgame_scaled","metal","talk_to_battle","1858","dlg_npc1724","simulation_matrix_pool","false","generated_only","false"
"NPC1725","Ira Holt","relic_hunter","city_15","postgame_scaled","shade","talk_to_battle","1875","dlg_npc1725","simulation_matrix_pool","false","generated_only","false"
"NPC1726","Juno Sol","prism_student","city_16","postgame_scaled","radiant","talk_to_battle","1892","dlg_npc1726","simulation_matrix_pool","false","generated_only","false"
"NPC1727","Kira Maren","field_medic","city_17","postgame_scaled","mind","talk_to_battle","1909","dlg_npc1727","simulation_matrix_pool","false","generated_only","false"
"NPC1728","Lio Tor","storm_sailor","city_18","postgame_scaled","echo","talk_to_battle","1926","dlg_npc1728","simulation_matrix_pool","false","generated_only","false"
"NPC1729","Mira Vale","archive_duelist","city_19","postgame_scaled","radiant","talk_to_battle","1943","dlg_npc1729","simulation_matrix_pool","false","generated_only","false"
"NPC1730","Nox Quill","postgame_master","city_20","postgame_scaled","ember","talk_to_battle","1960","dlg_npc1730","simulation_matrix_pool","false","generated_only","false"
"NPC1731","Oren Nox","route_binder","city_21","postgame_scaled","tide","talk_to_battle","1977","dlg_npc1731","simulation_matrix_pool","false","generated_only","false"
"NPC1732","Pax Reed","city_binder","city_22","postgame_scaled","verdance","talk_to_battle","1994","dlg_npc1732","simulation_matrix_pool","false","generated_only","false"
"NPC1733","Quin Esh","arena_apprentice","city_23","postgame_scaled","stone","talk_to_battle","2011","dlg_npc1733","simulation_matrix_pool","false","generated_only","false"
"NPC1734","Rhea Rusk","veyr_scout","city_24","postgame_scaled","gale","talk_to_battle","2028","dlg_npc1734","simulation_matrix_pool","false","generated_only","false"
"NPC1735","Senn Voss","relic_hunter","city_25","postgame_scaled","spark","talk_to_battle","2045","dlg_npc1735","simulation_matrix_pool","false","generated_only","false"
"NPC1736","Talia Rook","prism_student","city_26","postgame_scaled","frost","talk_to_battle","2062","dlg_npc1736","simulation_matrix_pool","false","generated_only","false"
"NPC1737","Uma Fenn","field_medic","city_27","postgame_scaled","metal","talk_to_battle","2079","dlg_npc1737","simulation_matrix_pool","false","generated_only","false"
"NPC1738","Venn Wren","storm_sailor","city_28","postgame_scaled","shade","talk_to_battle","2096","dlg_npc1738","simulation_matrix_pool","false","generated_only","false"
"NPC1739","Wren Pell","archive_duelist","city_29","postgame_scaled","radiant","talk_to_battle","2113","dlg_npc1739","simulation_matrix_pool","false","generated_only","false"
"NPC1740","Xara Thane","postgame_master","city_30","postgame_scaled","mind","talk_to_battle","2130","dlg_npc1740","simulation_matrix_pool","false","generated_only","false"
"NPC1741","Yven Silt","route_binder","city_01","postgame_scaled","echo","talk_to_battle","2147","dlg_npc1741","simulation_matrix_pool","false","generated_only","false"
"NPC1742","Zale Keir","city_binder","city_02","postgame_scaled","mind","talk_to_battle","2164","dlg_npc1742","simulation_matrix_pool","false","generated_only","false"
"NPC1743","Ari Noct","arena_apprentice","city_03","postgame_scaled","ember","talk_to_battle","2181","dlg_npc1743","simulation_matrix_pool","false","generated_only","false"
"NPC1744","Bela Arc","veyr_scout","city_04","postgame_scaled","tide","talk_to_battle","2198","dlg_npc1744","simulation_matrix_pool","false","generated_only","false"
"NPC1745","Cato Holt","relic_hunter","city_05","postgame_scaled","verdance","talk_to_battle","2215","dlg_npc1745","simulation_matrix_pool","false","generated_only","false"
"NPC1746","Dena Sol","prism_student","city_06","postgame_scaled","stone","talk_to_battle","2232","dlg_npc1746","simulation_matrix_pool","false","generated_only","false"
"NPC1747","Eron Maren","field_medic","city_07","postgame_scaled","gale","talk_to_battle","2249","dlg_npc1747","simulation_matrix_pool","false","generated_only","false"
"NPC1748","Fia Tor","storm_sailor","city_08","postgame_scaled","spark","talk_to_battle","2266","dlg_npc1748","simulation_matrix_pool","false","generated_only","false"
"NPC1749","Garr Vale","archive_duelist","city_09","postgame_scaled","frost","talk_to_battle","2283","dlg_npc1749","simulation_matrix_pool","false","generated_only","false"
"NPC1750","Hale Quill","postgame_master","city_10","postgame_scaled","metal","talk_to_battle","2300","dlg_npc1750","simulation_matrix_pool","false","generated_only","false"
"NPC1751","Ira Nox","route_binder","city_11","postgame_scaled","shade","talk_to_battle","2317","dlg_npc1751","simulation_matrix_pool","false","generated_only","false"
"NPC1752","Juno Reed","city_binder","city_12","postgame_scaled","radiant","talk_to_battle","2334","dlg_npc1752","simulation_matrix_pool","false","generated_only","false"
"NPC1753","Kira Esh","arena_apprentice","city_13","postgame_scaled","mind","talk_to_battle","2351","dlg_npc1753","simulation_matrix_pool","false","generated_only","false"
"NPC1754","Lio Rusk","veyr_scout","city_14","postgame_scaled","echo","talk_to_battle","2368","dlg_npc1754","simulation_matrix_pool","false","generated_only","false"
"NPC1755","Mira Voss","relic_hunter","city_15","postgame_scaled","echo","talk_to_battle","2385","dlg_npc1755","simulation_matrix_pool","false","generated_only","false"
"NPC1756","Nox Rook","prism_student","city_16","postgame_scaled","ember","talk_to_battle","2402","dlg_npc1756","simulation_matrix_pool","false","generated_only","false"
"NPC1757","Oren Fenn","field_medic","city_17","postgame_scaled","tide","talk_to_battle","2419","dlg_npc1757","simulation_matrix_pool","false","generated_only","false"
"NPC1758","Pax Wren","storm_sailor","city_18","postgame_scaled","verdance","talk_to_battle","2436","dlg_npc1758","simulation_matrix_pool","false","generated_only","false"
"NPC1759","Quin Pell","archive_duelist","city_19","postgame_scaled","stone","talk_to_battle","2453","dlg_npc1759","simulation_matrix_pool","false","generated_only","false"
"NPC1760","Rhea Thane","postgame_master","city_20","postgame_scaled","gale","talk_to_battle","2470","dlg_npc1760","simulation_matrix_pool","false","generated_only","false"
"NPC1761","Senn Silt","route_binder","city_21","postgame_scaled","spark","talk_to_battle","2487","dlg_npc1761","simulation_matrix_pool","false","generated_only","false"
"NPC1762","Talia Keir","city_binder","city_22","postgame_scaled","frost","talk_to_battle","2504","dlg_npc1762","simulation_matrix_pool","false","generated_only","false"
"NPC1763","Uma Noct","arena_apprentice","city_23","postgame_scaled","metal","talk_to_battle","2521","dlg_npc1763","simulation_matrix_pool","false","generated_only","false"
"NPC1764","Venn Arc","veyr_scout","city_24","postgame_scaled","shade","talk_to_battle","2538","dlg_npc1764","simulation_matrix_pool","false","generated_only","false"
"NPC1765","Wren Holt","relic_hunter","city_25","postgame_scaled","radiant","talk_to_battle","55","dlg_npc1765","simulation_matrix_pool","false","generated_only","false"
"NPC1766","Xara Sol","prism_student","city_26","postgame_scaled","mind","talk_to_battle","72","dlg_npc1766","simulation_matrix_pool","false","generated_only","false"
"NPC1767","Yven Maren","field_medic","city_27","postgame_scaled","echo","talk_to_battle","89","dlg_npc1767","simulation_matrix_pool","false","generated_only","false"
"NPC1768","Zale Tor","storm_sailor","city_28","postgame_scaled","shade","talk_to_battle","106","dlg_npc1768","simulation_matrix_pool","false","generated_only","false"
"NPC1769","Ari Vale","archive_duelist","city_29","postgame_scaled","ember","talk_to_battle","123","dlg_npc1769","simulation_matrix_pool","false","generated_only","false"
"NPC1770","Bela Quill","postgame_master","city_30","postgame_scaled","tide","talk_to_battle","140","dlg_npc1770","simulation_matrix_pool","false","generated_only","false"
"NPC1771","Cato Nox","route_binder","city_01","postgame_scaled","verdance","talk_to_battle","157","dlg_npc1771","simulation_matrix_pool","false","generated_only","false"
"NPC1772","Dena Reed","city_binder","city_02","postgame_scaled","stone","talk_to_battle","174","dlg_npc1772","simulation_matrix_pool","false","generated_only","false"
"NPC1773","Eron Esh","arena_apprentice","city_03","postgame_scaled","gale","talk_to_battle","191","dlg_npc1773","simulation_matrix_pool","false","generated_only","false"
"NPC1774","Fia Rusk","veyr_scout","city_04","postgame_scaled","spark","talk_to_battle","208","dlg_npc1774","simulation_matrix_pool","false","generated_only","false"
"NPC1775","Garr Voss","relic_hunter","city_05","postgame_scaled","frost","talk_to_battle","225","dlg_npc1775","simulation_matrix_pool","false","generated_only","false"
"NPC1776","Hale Rook","prism_student","city_06","postgame_scaled","metal","talk_to_battle","242","dlg_npc1776","simulation_matrix_pool","false","generated_only","false"
"NPC1777","Ira Fenn","field_medic","city_07","postgame_scaled","shade","talk_to_battle","259","dlg_npc1777","simulation_matrix_pool","false","generated_only","false"
"NPC1778","Juno Wren","storm_sailor","city_08","postgame_scaled","radiant","talk_to_battle","276","dlg_npc1778","simulation_matrix_pool","false","generated_only","false"
"NPC1779","Kira Pell","archive_duelist","city_09","postgame_scaled","mind","talk_to_battle","293","dlg_npc1779","simulation_matrix_pool","false","generated_only","false"
"NPC1780","Lio Thane","postgame_master","city_10","postgame_scaled","echo","talk_to_battle","310","dlg_npc1780","simulation_matrix_pool","false","generated_only","false"
"NPC1781","Mira Silt","route_binder","city_11","postgame_scaled","radiant","talk_to_battle","327","dlg_npc1781","simulation_matrix_pool","false","generated_only","false"
"NPC1782","Nox Keir","city_binder","city_12","postgame_scaled","ember","talk_to_battle","344","dlg_npc1782","simulation_matrix_pool","false","generated_only","false"
"NPC1783","Oren Noct","arena_apprentice","city_13","postgame_scaled","tide","talk_to_battle","361","dlg_npc1783","simulation_matrix_pool","false","generated_only","false"
"NPC1784","Pax Arc","veyr_scout","city_14","postgame_scaled","verdance","talk_to_battle","378","dlg_npc1784","simulation_matrix_pool","false","generated_only","false"
"NPC1785","Quin Holt","relic_hunter","city_15","postgame_scaled","stone","talk_to_battle","395","dlg_npc1785","simulation_matrix_pool","false","generated_only","false"
"NPC1786","Rhea Sol","prism_student","city_16","postgame_scaled","gale","talk_to_battle","412","dlg_npc1786","simulation_matrix_pool","false","generated_only","false"
"NPC1787","Senn Maren","field_medic","city_17","postgame_scaled","spark","talk_to_battle","429","dlg_npc1787","simulation_matrix_pool","false","generated_only","false"
"NPC1788","Talia Tor","storm_sailor","city_18","postgame_scaled","frost","talk_to_battle","446","dlg_npc1788","simulation_matrix_pool","false","generated_only","false"
"NPC1789","Uma Vale","archive_duelist","city_19","postgame_scaled","metal","talk_to_battle","463","dlg_npc1789","simulation_matrix_pool","false","generated_only","false"
"NPC1790","Venn Quill","postgame_master","city_20","postgame_scaled","shade","talk_to_battle","480","dlg_npc1790","simulation_matrix_pool","false","generated_only","false"
"NPC1791","Wren Nox","route_binder","city_21","postgame_scaled","radiant","talk_to_battle","497","dlg_npc1791","simulation_matrix_pool","false","generated_only","false"
"NPC1792","Xara Reed","city_binder","city_22","postgame_scaled","mind","talk_to_battle","514","dlg_npc1792","simulation_matrix_pool","false","generated_only","false"
"NPC1793","Yven Esh","arena_apprentice","city_23","postgame_scaled","echo","talk_to_battle","531","dlg_npc1793","simulation_matrix_pool","false","generated_only","false"
"NPC1794","Zale Rusk","veyr_scout","city_24","postgame_scaled","mind","talk_to_battle","548","dlg_npc1794","simulation_matrix_pool","false","generated_only","false"
"NPC1795","Ari Voss","relic_hunter","city_25","postgame_scaled","ember","talk_to_battle","565","dlg_npc1795","simulation_matrix_pool","false","generated_only","false"
"NPC1796","Bela Rook","prism_student","city_26","postgame_scaled","tide","talk_to_battle","582","dlg_npc1796","simulation_matrix_pool","false","generated_only","false"
"NPC1797","Cato Fenn","field_medic","city_27","postgame_scaled","verdance","talk_to_battle","599","dlg_npc1797","simulation_matrix_pool","false","generated_only","false"
"NPC1798","Dena Wren","storm_sailor","city_28","postgame_scaled","stone","talk_to_battle","616","dlg_npc1798","simulation_matrix_pool","false","generated_only","false"
"NPC1799","Eron Pell","archive_duelist","city_29","postgame_scaled","gale","talk_to_battle","633","dlg_npc1799","simulation_matrix_pool","false","generated_only","false"
"NPC1800","Fia Thane","postgame_master","city_30","postgame_scaled","spark","talk_to_battle","650","dlg_npc1800","simulation_matrix_pool","false","generated_only","false"
"NPC1801","Garr Silt","route_binder","city_01","postgame_scaled","frost","talk_to_battle","667","dlg_npc1801","simulation_matrix_pool","false","generated_only","false"
"NPC1802","Hale Keir","city_binder","city_02","postgame_scaled","metal","talk_to_battle","684","dlg_npc1802","simulation_matrix_pool","false","generated_only","false"
"NPC1803","Ira Noct","arena_apprentice","city_03","postgame_scaled","shade","talk_to_battle","701","dlg_npc1803","simulation_matrix_pool","false","generated_only","false"
"NPC1804","Juno Arc","veyr_scout","city_04","postgame_scaled","radiant","talk_to_battle","718","dlg_npc1804","simulation_matrix_pool","false","generated_only","false"
"NPC1805","Kira Holt","relic_hunter","city_05","postgame_scaled","mind","talk_to_battle","735","dlg_npc1805","simulation_matrix_pool","false","generated_only","false"
"NPC1806","Lio Sol","prism_student","city_06","postgame_scaled","echo","talk_to_battle","752","dlg_npc1806","simulation_matrix_pool","false","generated_only","false"
"NPC1807","Mira Maren","field_medic","city_07","postgame_scaled","echo","talk_to_battle","769","dlg_npc1807","simulation_matrix_pool","false","generated_only","false"
"NPC1808","Nox Tor","storm_sailor","city_08","postgame_scaled","ember","talk_to_battle","786","dlg_npc1808","simulation_matrix_pool","false","generated_only","false"
"NPC1809","Oren Vale","archive_duelist","city_09","postgame_scaled","tide","talk_to_battle","803","dlg_npc1809","simulation_matrix_pool","false","generated_only","false"
"NPC1810","Pax Quill","postgame_master","city_10","postgame_scaled","verdance","talk_to_battle","820","dlg_npc1810","simulation_matrix_pool","false","generated_only","false"
"NPC1811","Quin Nox","route_binder","city_11","postgame_scaled","stone","talk_to_battle","837","dlg_npc1811","simulation_matrix_pool","false","generated_only","false"
"NPC1812","Rhea Reed","city_binder","city_12","postgame_scaled","gale","talk_to_battle","854","dlg_npc1812","simulation_matrix_pool","false","generated_only","false"
"NPC1813","Senn Esh","arena_apprentice","city_13","postgame_scaled","spark","talk_to_battle","871","dlg_npc1813","simulation_matrix_pool","false","generated_only","false"
"NPC1814","Talia Rusk","veyr_scout","city_14","postgame_scaled","frost","talk_to_battle","888","dlg_npc1814","simulation_matrix_pool","false","generated_only","false"
"NPC1815","Uma Voss","relic_hunter","city_15","postgame_scaled","metal","talk_to_battle","905","dlg_npc1815","simulation_matrix_pool","false","generated_only","false"
"NPC1816","Venn Rook","prism_student","city_16","postgame_scaled","shade","talk_to_battle","922","dlg_npc1816","simulation_matrix_pool","false","generated_only","false"
"NPC1817","Wren Fenn","field_medic","city_17","postgame_scaled","radiant","talk_to_battle","939","dlg_npc1817","simulation_matrix_pool","false","generated_only","false"
"NPC1818","Xara Wren","storm_sailor","city_18","postgame_scaled","mind","talk_to_battle","956","dlg_npc1818","simulation_matrix_pool","false","generated_only","false"
"NPC1819","Yven Pell","archive_duelist","city_19","postgame_scaled","echo","talk_to_battle","973","dlg_npc1819","simulation_matrix_pool","false","generated_only","false"
"NPC1820","Zale Thane","postgame_master","city_20","postgame_scaled","shade","talk_to_battle","990","dlg_npc1820","simulation_matrix_pool","false","generated_only","false"
"NPC1821","Ari Silt","route_binder","city_21","postgame_scaled","ember","talk_to_battle","1007","dlg_npc1821","simulation_matrix_pool","false","generated_only","false"
"NPC1822","Bela Keir","city_binder","city_22","postgame_scaled","tide","talk_to_battle","1024","dlg_npc1822","simulation_matrix_pool","false","generated_only","false"
"NPC1823","Cato Noct","arena_apprentice","city_23","postgame_scaled","verdance","talk_to_battle","1041","dlg_npc1823","simulation_matrix_pool","false","generated_only","false"
"NPC1824","Dena Arc","veyr_scout","city_24","postgame_scaled","stone","talk_to_battle","1058","dlg_npc1824","simulation_matrix_pool","false","generated_only","false"
"NPC1825","Eron Holt","relic_hunter","city_25","postgame_scaled","gale","talk_to_battle","1075","dlg_npc1825","simulation_matrix_pool","false","generated_only","false"
"NPC1826","Fia Sol","prism_student","city_26","postgame_scaled","spark","talk_to_battle","1092","dlg_npc1826","simulation_matrix_pool","false","generated_only","false"
"NPC1827","Garr Maren","field_medic","city_27","postgame_scaled","frost","talk_to_battle","1109","dlg_npc1827","simulation_matrix_pool","false","generated_only","false"
"NPC1828","Hale Tor","storm_sailor","city_28","postgame_scaled","metal","talk_to_battle","1126","dlg_npc1828","simulation_matrix_pool","false","generated_only","false"
"NPC1829","Ira Vale","archive_duelist","city_29","postgame_scaled","shade","talk_to_battle","1143","dlg_npc1829","simulation_matrix_pool","false","generated_only","false"
"NPC1830","Juno Quill","postgame_master","city_30","postgame_scaled","radiant","talk_to_battle","1160","dlg_npc1830","simulation_matrix_pool","false","generated_only","false"
"NPC1831","Kira Nox","route_binder","city_01","postgame_scaled","mind","talk_to_battle","1177","dlg_npc1831","simulation_matrix_pool","false","generated_only","false"
"NPC1832","Lio Reed","city_binder","city_02","postgame_scaled","echo","talk_to_battle","1194","dlg_npc1832","simulation_matrix_pool","false","generated_only","false"
"NPC1833","Mira Esh","arena_apprentice","city_03","postgame_scaled","radiant","talk_to_battle","1211","dlg_npc1833","simulation_matrix_pool","false","generated_only","false"
"NPC1834","Nox Rusk","veyr_scout","city_04","postgame_scaled","ember","talk_to_battle","1228","dlg_npc1834","simulation_matrix_pool","false","generated_only","false"
"NPC1835","Oren Voss","relic_hunter","city_05","postgame_scaled","tide","talk_to_battle","1245","dlg_npc1835","simulation_matrix_pool","false","generated_only","false"
"NPC1836","Pax Rook","prism_student","city_06","postgame_scaled","verdance","talk_to_battle","1262","dlg_npc1836","simulation_matrix_pool","false","generated_only","false"
"NPC1837","Quin Fenn","field_medic","city_07","postgame_scaled","stone","talk_to_battle","1279","dlg_npc1837","simulation_matrix_pool","false","generated_only","false"
"NPC1838","Rhea Wren","storm_sailor","city_08","postgame_scaled","gale","talk_to_battle","1296","dlg_npc1838","simulation_matrix_pool","false","generated_only","false"
"NPC1839","Senn Pell","archive_duelist","city_09","postgame_scaled","spark","talk_to_battle","1313","dlg_npc1839","simulation_matrix_pool","false","generated_only","false"
"NPC1840","Talia Thane","postgame_master","city_10","postgame_scaled","frost","talk_to_battle","1330","dlg_npc1840","simulation_matrix_pool","false","generated_only","false"
"NPC1841","Uma Silt","route_binder","city_11","postgame_scaled","metal","talk_to_battle","1347","dlg_npc1841","simulation_matrix_pool","false","generated_only","false"
"NPC1842","Venn Keir","city_binder","city_12","postgame_scaled","shade","talk_to_battle","1364","dlg_npc1842","simulation_matrix_pool","false","generated_only","false"
"NPC1843","Wren Noct","arena_apprentice","city_13","postgame_scaled","radiant","talk_to_battle","1381","dlg_npc1843","simulation_matrix_pool","false","generated_only","false"
"NPC1844","Xara Arc","veyr_scout","city_14","postgame_scaled","mind","talk_to_battle","1398","dlg_npc1844","simulation_matrix_pool","false","generated_only","false"
"NPC1845","Yven Holt","relic_hunter","city_15","postgame_scaled","echo","talk_to_battle","1415","dlg_npc1845","simulation_matrix_pool","false","generated_only","false"
"NPC1846","Zale Sol","prism_student","city_16","postgame_scaled","mind","talk_to_battle","1432","dlg_npc1846","simulation_matrix_pool","false","generated_only","false"
"NPC1847","Ari Maren","field_medic","city_17","postgame_scaled","ember","talk_to_battle","1449","dlg_npc1847","simulation_matrix_pool","false","generated_only","false"
"NPC1848","Bela Tor","storm_sailor","city_18","postgame_scaled","tide","talk_to_battle","1466","dlg_npc1848","simulation_matrix_pool","false","generated_only","false"
"NPC1849","Cato Vale","archive_duelist","city_19","postgame_scaled","verdance","talk_to_battle","1483","dlg_npc1849","simulation_matrix_pool","false","generated_only","false"
"NPC1850","Dena Quill","postgame_master","city_20","postgame_scaled","stone","talk_to_battle","1500","dlg_npc1850","simulation_matrix_pool","false","generated_only","false"
"NPC1851","Eron Nox","route_binder","city_21","postgame_scaled","gale","talk_to_battle","1517","dlg_npc1851","simulation_matrix_pool","false","generated_only","false"
"NPC1852","Fia Reed","city_binder","city_22","postgame_scaled","spark","talk_to_battle","1534","dlg_npc1852","simulation_matrix_pool","false","generated_only","false"
"NPC1853","Garr Esh","arena_apprentice","city_23","postgame_scaled","frost","talk_to_battle","1551","dlg_npc1853","simulation_matrix_pool","false","generated_only","false"
"NPC1854","Hale Rusk","veyr_scout","city_24","postgame_scaled","metal","talk_to_battle","1568","dlg_npc1854","simulation_matrix_pool","false","generated_only","false"
"NPC1855","Ira Voss","relic_hunter","city_25","postgame_scaled","shade","talk_to_battle","1585","dlg_npc1855","simulation_matrix_pool","false","generated_only","false"
"NPC1856","Juno Rook","prism_student","city_26","postgame_scaled","radiant","talk_to_battle","1602","dlg_npc1856","simulation_matrix_pool","false","generated_only","false"
"NPC1857","Kira Fenn","field_medic","city_27","postgame_scaled","mind","talk_to_battle","1619","dlg_npc1857","simulation_matrix_pool","false","generated_only","false"
"NPC1858","Lio Wren","storm_sailor","city_28","postgame_scaled","echo","talk_to_battle","1636","dlg_npc1858","simulation_matrix_pool","false","generated_only","false"
"NPC1859","Mira Pell","archive_duelist","city_29","postgame_scaled","echo","talk_to_battle","1653","dlg_npc1859","simulation_matrix_pool","false","generated_only","false"
"NPC1860","Nox Thane","postgame_master","city_30","postgame_scaled","ember","talk_to_battle","1670","dlg_npc1860","simulation_matrix_pool","false","generated_only","false"
"NPC1861","Oren Silt","route_binder","city_01","postgame_scaled","tide","talk_to_battle","1687","dlg_npc1861","simulation_matrix_pool","false","generated_only","false"
"NPC1862","Pax Keir","city_binder","city_02","postgame_scaled","verdance","talk_to_battle","1704","dlg_npc1862","simulation_matrix_pool","false","generated_only","false"
"NPC1863","Quin Noct","arena_apprentice","city_03","postgame_scaled","stone","talk_to_battle","1721","dlg_npc1863","simulation_matrix_pool","false","generated_only","false"
"NPC1864","Rhea Arc","veyr_scout","city_04","postgame_scaled","gale","talk_to_battle","1738","dlg_npc1864","simulation_matrix_pool","false","generated_only","false"
"NPC1865","Senn Holt","relic_hunter","city_05","postgame_scaled","spark","talk_to_battle","1755","dlg_npc1865","simulation_matrix_pool","false","generated_only","false"
"NPC1866","Talia Sol","prism_student","city_06","postgame_scaled","frost","talk_to_battle","1772","dlg_npc1866","simulation_matrix_pool","false","generated_only","false"
"NPC1867","Uma Maren","field_medic","city_07","postgame_scaled","metal","talk_to_battle","1789","dlg_npc1867","simulation_matrix_pool","false","generated_only","false"
"NPC1868","Venn Tor","storm_sailor","city_08","postgame_scaled","shade","talk_to_battle","1806","dlg_npc1868","simulation_matrix_pool","false","generated_only","false"
"NPC1869","Wren Vale","archive_duelist","city_09","postgame_scaled","radiant","talk_to_battle","1823","dlg_npc1869","simulation_matrix_pool","false","generated_only","false"
"NPC1870","Xara Quill","postgame_master","city_10","postgame_scaled","mind","talk_to_battle","1840","dlg_npc1870","simulation_matrix_pool","false","generated_only","false"
"NPC1871","Yven Nox","route_binder","city_11","postgame_scaled","echo","talk_to_battle","1857","dlg_npc1871","simulation_matrix_pool","false","generated_only","false"
"NPC1872","Zale Reed","city_binder","city_12","postgame_scaled","shade","talk_to_battle","1874","dlg_npc1872","simulation_matrix_pool","false","generated_only","false"
"NPC1873","Ari Esh","arena_apprentice","city_13","postgame_scaled","ember","talk_to_battle","1891","dlg_npc1873","simulation_matrix_pool","false","generated_only","false"
"NPC1874","Bela Rusk","veyr_scout","city_14","postgame_scaled","tide","talk_to_battle","1908","dlg_npc1874","simulation_matrix_pool","false","generated_only","false"
"NPC1875","Cato Voss","relic_hunter","city_15","postgame_scaled","verdance","talk_to_battle","1925","dlg_npc1875","simulation_matrix_pool","false","generated_only","false"
"NPC1876","Dena Rook","prism_student","city_16","postgame_scaled","stone","talk_to_battle","1942","dlg_npc1876","simulation_matrix_pool","false","generated_only","false"
"NPC1877","Eron Fenn","field_medic","city_17","postgame_scaled","gale","talk_to_battle","1959","dlg_npc1877","simulation_matrix_pool","false","generated_only","false"
"NPC1878","Fia Wren","storm_sailor","city_18","postgame_scaled","spark","talk_to_battle","1976","dlg_npc1878","simulation_matrix_pool","false","generated_only","false"
"NPC1879","Garr Pell","archive_duelist","city_19","postgame_scaled","frost","talk_to_battle","1993","dlg_npc1879","simulation_matrix_pool","false","generated_only","false"
"NPC1880","Hale Thane","postgame_master","city_20","postgame_scaled","metal","talk_to_battle","2010","dlg_npc1880","simulation_matrix_pool","false","generated_only","false"
"NPC1881","Ira Silt","route_binder","city_21","postgame_scaled","shade","talk_to_battle","2027","dlg_npc1881","simulation_matrix_pool","false","generated_only","false"
"NPC1882","Juno Keir","city_binder","city_22","postgame_scaled","radiant","talk_to_battle","2044","dlg_npc1882","simulation_matrix_pool","false","generated_only","false"
"NPC1883","Kira Noct","arena_apprentice","city_23","postgame_scaled","mind","talk_to_battle","2061","dlg_npc1883","simulation_matrix_pool","false","generated_only","false"
"NPC1884","Lio Arc","veyr_scout","city_24","postgame_scaled","echo","talk_to_battle","2078","dlg_npc1884","simulation_matrix_pool","false","generated_only","false"
"NPC1885","Mira Holt","relic_hunter","city_25","postgame_scaled","radiant","talk_to_battle","2095","dlg_npc1885","simulation_matrix_pool","false","generated_only","false"
"NPC1886","Nox Sol","prism_student","city_26","postgame_scaled","ember","talk_to_battle","2112","dlg_npc1886","simulation_matrix_pool","false","generated_only","false"
"NPC1887","Oren Maren","field_medic","city_27","postgame_scaled","tide","talk_to_battle","2129","dlg_npc1887","simulation_matrix_pool","false","generated_only","false"
"NPC1888","Pax Tor","storm_sailor","city_28","postgame_scaled","verdance","talk_to_battle","2146","dlg_npc1888","simulation_matrix_pool","false","generated_only","false"
"NPC1889","Quin Vale","archive_duelist","city_29","postgame_scaled","stone","talk_to_battle","2163","dlg_npc1889","simulation_matrix_pool","false","generated_only","false"
"NPC1890","Rhea Quill","postgame_master","city_30","postgame_scaled","gale","talk_to_battle","2180","dlg_npc1890","simulation_matrix_pool","false","generated_only","false"
"NPC1891","Senn Nox","route_binder","city_01","postgame_scaled","spark","talk_to_battle","2197","dlg_npc1891","simulation_matrix_pool","false","generated_only","false"
"NPC1892","Talia Reed","city_binder","city_02","postgame_scaled","frost","talk_to_battle","2214","dlg_npc1892","simulation_matrix_pool","false","generated_only","false"
"NPC1893","Uma Esh","arena_apprentice","city_03","postgame_scaled","metal","talk_to_battle","2231","dlg_npc1893","simulation_matrix_pool","false","generated_only","false"
"NPC1894","Venn Rusk","veyr_scout","city_04","postgame_scaled","shade","talk_to_battle","2248","dlg_npc1894","simulation_matrix_pool","false","generated_only","false"
"NPC1895","Wren Voss","relic_hunter","city_05","postgame_scaled","radiant","talk_to_battle","2265","dlg_npc1895","simulation_matrix_pool","false","generated_only","false"
"NPC1896","Xara Rook","prism_student","city_06","postgame_scaled","mind","talk_to_battle","2282","dlg_npc1896","simulation_matrix_pool","false","generated_only","false"
"NPC1897","Yven Fenn","field_medic","city_07","postgame_scaled","echo","talk_to_battle","2299","dlg_npc1897","simulation_matrix_pool","false","generated_only","false"
"NPC1898","Zale Wren","storm_sailor","city_08","postgame_scaled","mind","talk_to_battle","2316","dlg_npc1898","simulation_matrix_pool","false","generated_only","false"
"NPC1899","Ari Pell","archive_duelist","city_09","postgame_scaled","ember","talk_to_battle","2333","dlg_npc1899","simulation_matrix_pool","false","generated_only","false"
"NPC1900","Bela Thane","postgame_master","city_10","postgame_scaled","tide","talk_to_battle","2350","dlg_npc1900","simulation_matrix_pool","false","generated_only","false"
"NPC1901","Cato Silt","route_binder","city_11","postgame_scaled","verdance","talk_to_battle","2367","dlg_npc1901","simulation_matrix_pool","false","generated_only","false"
"NPC1902","Dena Keir","city_binder","city_12","postgame_scaled","stone","talk_to_battle","2384","dlg_npc1902","simulation_matrix_pool","false","generated_only","false"
"NPC1903","Eron Noct","arena_apprentice","city_13","postgame_scaled","gale","talk_to_battle","2401","dlg_npc1903","simulation_matrix_pool","false","generated_only","false"
"NPC1904","Fia Arc","veyr_scout","city_14","postgame_scaled","spark","talk_to_battle","2418","dlg_npc1904","simulation_matrix_pool","false","generated_only","false"
"NPC1905","Garr Holt","relic_hunter","city_15","postgame_scaled","frost","talk_to_battle","2435","dlg_npc1905","simulation_matrix_pool","false","generated_only","false"
"NPC1906","Hale Sol","prism_student","city_16","postgame_scaled","metal","talk_to_battle","2452","dlg_npc1906","simulation_matrix_pool","false","generated_only","false"
"NPC1907","Ira Maren","field_medic","city_17","postgame_scaled","shade","talk_to_battle","2469","dlg_npc1907","simulation_matrix_pool","false","generated_only","false"
"NPC1908","Juno Tor","storm_sailor","city_18","postgame_scaled","radiant","talk_to_battle","2486","dlg_npc1908","simulation_matrix_pool","false","generated_only","false"
"NPC1909","Kira Vale","archive_duelist","city_19","postgame_scaled","mind","talk_to_battle","2503","dlg_npc1909","simulation_matrix_pool","false","generated_only","false"
"NPC1910","Lio Quill","postgame_master","city_20","postgame_scaled","echo","talk_to_battle","2520","dlg_npc1910","simulation_matrix_pool","false","generated_only","false"
"NPC1911","Mira Nox","route_binder","city_21","postgame_scaled","echo","talk_to_battle","2537","dlg_npc1911","simulation_matrix_pool","false","generated_only","false"
"NPC1912","Nox Reed","city_binder","city_22","postgame_scaled","ember","talk_to_battle","54","dlg_npc1912","simulation_matrix_pool","false","generated_only","false"
"NPC1913","Oren Esh","arena_apprentice","city_23","postgame_scaled","tide","talk_to_battle","71","dlg_npc1913","simulation_matrix_pool","false","generated_only","false"
"NPC1914","Pax Rusk","veyr_scout","city_24","postgame_scaled","verdance","talk_to_battle","88","dlg_npc1914","simulation_matrix_pool","false","generated_only","false"
"NPC1915","Quin Voss","relic_hunter","city_25","postgame_scaled","stone","talk_to_battle","105","dlg_npc1915","simulation_matrix_pool","false","generated_only","false"
"NPC1916","Rhea Rook","prism_student","city_26","postgame_scaled","gale","talk_to_battle","122","dlg_npc1916","simulation_matrix_pool","false","generated_only","false"
"NPC1917","Senn Fenn","field_medic","city_27","postgame_scaled","spark","talk_to_battle","139","dlg_npc1917","simulation_matrix_pool","false","generated_only","false"
"NPC1918","Talia Wren","storm_sailor","city_28","postgame_scaled","frost","talk_to_battle","156","dlg_npc1918","simulation_matrix_pool","false","generated_only","false"
"NPC1919","Uma Pell","archive_duelist","city_29","postgame_scaled","metal","talk_to_battle","173","dlg_npc1919","simulation_matrix_pool","false","generated_only","false"
"NPC1920","Venn Thane","postgame_master","city_30","postgame_scaled","shade","talk_to_battle","190","dlg_npc1920","simulation_matrix_pool","false","generated_only","false"
"NPC1921","Wren Silt","route_binder","city_01","postgame_scaled","radiant","talk_to_battle","207","dlg_npc1921","simulation_matrix_pool","false","generated_only","false"
"NPC1922","Xara Keir","city_binder","city_02","postgame_scaled","mind","talk_to_battle","224","dlg_npc1922","simulation_matrix_pool","false","generated_only","false"
"NPC1923","Yven Noct","arena_apprentice","city_03","postgame_scaled","echo","talk_to_battle","241","dlg_npc1923","simulation_matrix_pool","false","generated_only","false"
"NPC1924","Zale Arc","veyr_scout","city_04","postgame_scaled","shade","talk_to_battle","258","dlg_npc1924","simulation_matrix_pool","false","generated_only","false"
"NPC1925","Ari Holt","relic_hunter","city_05","postgame_scaled","ember","talk_to_battle","275","dlg_npc1925","simulation_matrix_pool","false","generated_only","false"
"NPC1926","Bela Sol","prism_student","city_06","postgame_scaled","tide","talk_to_battle","292","dlg_npc1926","simulation_matrix_pool","false","generated_only","false"
"NPC1927","Cato Maren","field_medic","city_07","postgame_scaled","verdance","talk_to_battle","309","dlg_npc1927","simulation_matrix_pool","false","generated_only","false"
"NPC1928","Dena Tor","storm_sailor","city_08","postgame_scaled","stone","talk_to_battle","326","dlg_npc1928","simulation_matrix_pool","false","generated_only","false"
"NPC1929","Eron Vale","archive_duelist","city_09","postgame_scaled","gale","talk_to_battle","343","dlg_npc1929","simulation_matrix_pool","false","generated_only","false"
"NPC1930","Fia Quill","postgame_master","city_10","postgame_scaled","spark","talk_to_battle","360","dlg_npc1930","simulation_matrix_pool","false","generated_only","false"
"NPC1931","Garr Nox","route_binder","city_11","postgame_scaled","frost","talk_to_battle","377","dlg_npc1931","simulation_matrix_pool","false","generated_only","false"
"NPC1932","Hale Reed","city_binder","city_12","postgame_scaled","metal","talk_to_battle","394","dlg_npc1932","simulation_matrix_pool","false","generated_only","false"
"NPC1933","Ira Esh","arena_apprentice","city_13","postgame_scaled","shade","talk_to_battle","411","dlg_npc1933","simulation_matrix_pool","false","generated_only","false"
"NPC1934","Juno Rusk","veyr_scout","city_14","postgame_scaled","radiant","talk_to_battle","428","dlg_npc1934","simulation_matrix_pool","false","generated_only","false"
"NPC1935","Kira Voss","relic_hunter","city_15","postgame_scaled","mind","talk_to_battle","445","dlg_npc1935","simulation_matrix_pool","false","generated_only","false"
"NPC1936","Lio Rook","prism_student","city_16","postgame_scaled","echo","talk_to_battle","462","dlg_npc1936","simulation_matrix_pool","false","generated_only","false"
"NPC1937","Mira Fenn","field_medic","city_17","postgame_scaled","radiant","talk_to_battle","479","dlg_npc1937","simulation_matrix_pool","false","generated_only","false"
"NPC1938","Nox Wren","storm_sailor","city_18","postgame_scaled","ember","talk_to_battle","496","dlg_npc1938","simulation_matrix_pool","false","generated_only","false"
"NPC1939","Oren Pell","archive_duelist","city_19","postgame_scaled","tide","talk_to_battle","513","dlg_npc1939","simulation_matrix_pool","false","generated_only","false"
"NPC1940","Pax Thane","postgame_master","city_20","postgame_scaled","verdance","talk_to_battle","530","dlg_npc1940","simulation_matrix_pool","false","generated_only","false"
"NPC1941","Quin Silt","route_binder","city_21","postgame_scaled","stone","talk_to_battle","547","dlg_npc1941","simulation_matrix_pool","false","generated_only","false"
"NPC1942","Rhea Keir","city_binder","city_22","postgame_scaled","gale","talk_to_battle","564","dlg_npc1942","simulation_matrix_pool","false","generated_only","false"
"NPC1943","Senn Noct","arena_apprentice","city_23","postgame_scaled","spark","talk_to_battle","581","dlg_npc1943","simulation_matrix_pool","false","generated_only","false"
"NPC1944","Talia Arc","veyr_scout","city_24","postgame_scaled","frost","talk_to_battle","598","dlg_npc1944","simulation_matrix_pool","false","generated_only","false"
"NPC1945","Uma Holt","relic_hunter","city_25","postgame_scaled","metal","talk_to_battle","615","dlg_npc1945","simulation_matrix_pool","false","generated_only","false"
"NPC1946","Venn Sol","prism_student","city_26","postgame_scaled","shade","talk_to_battle","632","dlg_npc1946","simulation_matrix_pool","false","generated_only","false"
"NPC1947","Wren Maren","field_medic","city_27","postgame_scaled","radiant","talk_to_battle","649","dlg_npc1947","simulation_matrix_pool","false","generated_only","false"
"NPC1948","Xara Tor","storm_sailor","city_28","postgame_scaled","mind","talk_to_battle","666","dlg_npc1948","simulation_matrix_pool","false","generated_only","false"
"NPC1949","Yven Vale","archive_duelist","city_29","postgame_scaled","echo","talk_to_battle","683","dlg_npc1949","simulation_matrix_pool","false","generated_only","false"
"NPC1950","Zale Quill","postgame_master","city_30","postgame_scaled","mind","talk_to_battle","700","dlg_npc1950","simulation_matrix_pool","false","generated_only","false"
"NPC1951","Ari Nox","route_binder","city_01","postgame_scaled","ember","talk_to_battle","717","dlg_npc1951","simulation_matrix_pool","false","generated_only","false"
"NPC1952","Bela Reed","city_binder","city_02","postgame_scaled","tide","talk_to_battle","734","dlg_npc1952","simulation_matrix_pool","false","generated_only","false"
"NPC1953","Cato Esh","arena_apprentice","city_03","postgame_scaled","verdance","talk_to_battle","751","dlg_npc1953","simulation_matrix_pool","false","generated_only","false"
"NPC1954","Dena Rusk","veyr_scout","city_04","postgame_scaled","stone","talk_to_battle","768","dlg_npc1954","simulation_matrix_pool","false","generated_only","false"
"NPC1955","Eron Voss","relic_hunter","city_05","postgame_scaled","gale","talk_to_battle","785","dlg_npc1955","simulation_matrix_pool","false","generated_only","false"
"NPC1956","Fia Rook","prism_student","city_06","postgame_scaled","spark","talk_to_battle","802","dlg_npc1956","simulation_matrix_pool","false","generated_only","false"
"NPC1957","Garr Fenn","field_medic","city_07","postgame_scaled","frost","talk_to_battle","819","dlg_npc1957","simulation_matrix_pool","false","generated_only","false"
"NPC1958","Hale Wren","storm_sailor","city_08","postgame_scaled","metal","talk_to_battle","836","dlg_npc1958","simulation_matrix_pool","false","generated_only","false"
"NPC1959","Ira Pell","archive_duelist","city_09","postgame_scaled","shade","talk_to_battle","853","dlg_npc1959","simulation_matrix_pool","false","generated_only","false"
"NPC1960","Juno Thane","postgame_master","city_10","postgame_scaled","radiant","talk_to_battle","870","dlg_npc1960","simulation_matrix_pool","false","generated_only","false"
"NPC1961","Kira Silt","route_binder","city_11","postgame_scaled","mind","talk_to_battle","887","dlg_npc1961","simulation_matrix_pool","false","generated_only","false"
"NPC1962","Lio Keir","city_binder","city_12","postgame_scaled","echo","talk_to_battle","904","dlg_npc1962","simulation_matrix_pool","false","generated_only","false"
"NPC1963","Mira Noct","arena_apprentice","city_13","postgame_scaled","echo","talk_to_battle","921","dlg_npc1963","simulation_matrix_pool","false","generated_only","false"
"NPC1964","Nox Arc","veyr_scout","city_14","postgame_scaled","ember","talk_to_battle","938","dlg_npc1964","simulation_matrix_pool","false","generated_only","false"
"NPC1965","Oren Holt","relic_hunter","city_15","postgame_scaled","tide","talk_to_battle","955","dlg_npc1965","simulation_matrix_pool","false","generated_only","false"
"NPC1966","Pax Sol","prism_student","city_16","postgame_scaled","verdance","talk_to_battle","972","dlg_npc1966","simulation_matrix_pool","false","generated_only","false"
"NPC1967","Quin Maren","field_medic","city_17","postgame_scaled","stone","talk_to_battle","989","dlg_npc1967","simulation_matrix_pool","false","generated_only","false"
"NPC1968","Rhea Tor","storm_sailor","city_18","postgame_scaled","gale","talk_to_battle","1006","dlg_npc1968","simulation_matrix_pool","false","generated_only","false"
"NPC1969","Senn Vale","archive_duelist","city_19","postgame_scaled","spark","talk_to_battle","1023","dlg_npc1969","simulation_matrix_pool","false","generated_only","false"
"NPC1970","Talia Quill","postgame_master","city_20","postgame_scaled","frost","talk_to_battle","1040","dlg_npc1970","simulation_matrix_pool","false","generated_only","false"
"NPC1971","Uma Nox","route_binder","city_21","postgame_scaled","metal","talk_to_battle","1057","dlg_npc1971","simulation_matrix_pool","false","generated_only","false"
"NPC1972","Venn Reed","city_binder","city_22","postgame_scaled","shade","talk_to_battle","1074","dlg_npc1972","simulation_matrix_pool","false","generated_only","false"
"NPC1973","Wren Esh","arena_apprentice","city_23","postgame_scaled","radiant","talk_to_battle","1091","dlg_npc1973","simulation_matrix_pool","false","generated_only","false"
"NPC1974","Xara Rusk","veyr_scout","city_24","postgame_scaled","mind","talk_to_battle","1108","dlg_npc1974","simulation_matrix_pool","false","generated_only","false"
"NPC1975","Yven Voss","relic_hunter","city_25","postgame_scaled","echo","talk_to_battle","1125","dlg_npc1975","simulation_matrix_pool","false","generated_only","false"
"NPC1976","Zale Rook","prism_student","city_26","postgame_scaled","shade","talk_to_battle","1142","dlg_npc1976","simulation_matrix_pool","false","generated_only","false"
"NPC1977","Ari Fenn","field_medic","city_27","postgame_scaled","ember","talk_to_battle","1159","dlg_npc1977","simulation_matrix_pool","false","generated_only","false"
"NPC1978","Bela Wren","storm_sailor","city_28","postgame_scaled","tide","talk_to_battle","1176","dlg_npc1978","simulation_matrix_pool","false","generated_only","false"
"NPC1979","Cato Pell","archive_duelist","city_29","postgame_scaled","verdance","talk_to_battle","1193","dlg_npc1979","simulation_matrix_pool","false","generated_only","false"
"NPC1980","Dena Thane","postgame_master","city_30","postgame_scaled","stone","talk_to_battle","1210","dlg_npc1980","simulation_matrix_pool","false","generated_only","false"
"NPC1981","Eron Silt","route_binder","city_01","postgame_scaled","gale","talk_to_battle","1227","dlg_npc1981","simulation_matrix_pool","false","generated_only","false"
"NPC1982","Fia Keir","city_binder","city_02","postgame_scaled","spark","talk_to_battle","1244","dlg_npc1982","simulation_matrix_pool","false","generated_only","false"
"NPC1983","Garr Noct","arena_apprentice","city_03","postgame_scaled","frost","talk_to_battle","1261","dlg_npc1983","simulation_matrix_pool","false","generated_only","false"
"NPC1984","Hale Arc","veyr_scout","city_04","postgame_scaled","metal","talk_to_battle","1278","dlg_npc1984","simulation_matrix_pool","false","generated_only","false"
"NPC1985","Ira Holt","relic_hunter","city_05","postgame_scaled","shade","talk_to_battle","1295","dlg_npc1985","simulation_matrix_pool","false","generated_only","false"
"NPC1986","Juno Sol","prism_student","city_06","postgame_scaled","radiant","talk_to_battle","1312","dlg_npc1986","simulation_matrix_pool","false","generated_only","false"
"NPC1987","Kira Maren","field_medic","city_07","postgame_scaled","mind","talk_to_battle","1329","dlg_npc1987","simulation_matrix_pool","false","generated_only","false"
"NPC1988","Lio Tor","storm_sailor","city_08","postgame_scaled","echo","talk_to_battle","1346","dlg_npc1988","simulation_matrix_pool","false","generated_only","false"
"NPC1989","Mira Vale","archive_duelist","city_09","postgame_scaled","radiant","talk_to_battle","1363","dlg_npc1989","simulation_matrix_pool","false","generated_only","false"
"NPC1990","Nox Quill","postgame_master","city_10","postgame_scaled","ember","talk_to_battle","1380","dlg_npc1990","simulation_matrix_pool","false","generated_only","false"
"NPC1991","Oren Nox","route_binder","city_11","postgame_scaled","tide","talk_to_battle","1397","dlg_npc1991","simulation_matrix_pool","false","generated_only","false"
"NPC1992","Pax Reed","city_binder","city_12","postgame_scaled","verdance","talk_to_battle","1414","dlg_npc1992","simulation_matrix_pool","false","generated_only","false"
"NPC1993","Quin Esh","arena_apprentice","city_13","postgame_scaled","stone","talk_to_battle","1431","dlg_npc1993","simulation_matrix_pool","false","generated_only","false"
"NPC1994","Rhea Rusk","veyr_scout","city_14","postgame_scaled","gale","talk_to_battle","1448","dlg_npc1994","simulation_matrix_pool","false","generated_only","false"
"NPC1995","Senn Voss","relic_hunter","city_15","postgame_scaled","spark","talk_to_battle","1465","dlg_npc1995","simulation_matrix_pool","false","generated_only","false"
"NPC1996","Talia Rook","prism_student","city_16","postgame_scaled","frost","talk_to_battle","1482","dlg_npc1996","simulation_matrix_pool","false","generated_only","false"
"NPC1997","Uma Fenn","field_medic","city_17","postgame_scaled","metal","talk_to_battle","1499","dlg_npc1997","simulation_matrix_pool","false","generated_only","false"
"NPC1998","Venn Wren","storm_sailor","city_18","postgame_scaled","shade","talk_to_battle","1516","dlg_npc1998","simulation_matrix_pool","false","generated_only","false"
"NPC1999","Wren Pell","archive_duelist","city_19","postgame_scaled","radiant","talk_to_battle","1533","dlg_npc1999","simulation_matrix_pool","false","generated_only","false"
"NPC2000","Xara Thane","postgame_master","city_20","postgame_scaled","mind","talk_to_battle","1550","dlg_npc2000","simulation_matrix_pool","false","generated_only","false"
